Analyst name,Analyst name (humanized),Ranking,URL
lvan Tuerkcan,empty,-1,empty
Richard Close,empty,-1,empty
Reif Ehrlich,empty,-1,empty
Jeff Van,empty,-1,empty
Jeffrey Zekaukas,empty,-1,empty
Q3 Marketplace,empty,-1,empty
Q3 EPS,empty,-1,empty
Pérez Mora,empty,-1,empty
Puneet Souda,empty,-1,empty
Christopher LaFemina,empty,-1,empty
Piyush Avasthy,empty,-1,empty
Philipp Häßler,empty,-1,empty
Jennifer Swanson,empty,-1,empty
Benjamin Burnett,empty,-1,empty
Jessica Reif,empty,-1,empty
Jim Kelleher,empty,-1,empty
Pete Skibitski,empty,-1,empty
Paul Kearney,empty,-1,empty
Paul Adams,empty,-1,empty
Patrick Tyler,empty,-1,empty
Joao Pedro,empty,-1,empty
David Arcaro,empty,-1,empty
Omar Sheikh,empty,-1,empty
Bin Kim,empty,-1,empty
John Eade,empty,-1,empty
Noah Poponak,empty,-1,empty
John Edelman,John Edelman,-1,https://stockanalysis.com/analysts/John-Edelman/
Bob Drbul,empty,-1,empty
Richard Ramsden,empty,-1,empty
David Mak,empty,-1,empty
David Motemeden,empty,-1,empty
David Paige,empty,-1,empty
Sergey Glinyanov,empty,-1,empty
Dimple Gosa,empty,-1,empty
Andrew Polkowitz,empty,-1,empty
Jakob Bluestone,empty,-1,empty
Derik De,empty,-1,empty
Scott Marks,empty,-1,empty
Andrew Weisel,empty,-1,empty
Scott Buck,empty,-1,empty
André Uggedal,empty,-1,empty
James Molloy,empty,-1,empty
Sanjit Singh,empty,-1,empty
Angel Castillo,empty,-1,empty
Ryan Meyers,empty,-1,empty
Bob Jian,empty,-1,empty
James Yaro,empty,-1,empty
Anojja Shah,empty,-1,empty
Janco Venter,empty,-1,empty
De Bruin,empty,-1,empty
Rowland Mayor,empty,-1,empty
Anthony Powell,empty,-1,empty
David Toung,empty,-1,empty
Ronald J,empty,-1,empty
David Seigerman,empty,-1,empty
Arnon Shirazi,empty,-1,empty
Jasper Bibb,empty,-1,empty
Robyn Karnauskas,empty,-1,empty
Robert Moskow,empty,-1,empty
Jed Dorsheimer,empty,-1,empty
Ryan Kenny,empty,-1,empty
Daria Nasledysheva,empty,-1,empty
Nicole Miller,empty,-1,empty
Boobalan Pachaiyappan,empty,-1,empty
Justin Kim,empty,-1,empty
Cameron Doerksen,empty,-1,empty
Cameron Mansson,empty,-1,empty
Carlos De,empty,-1,empty
Max Hopkins,empty,-1,empty
Matthew Summerville,empty,-1,empty
Matthew Keller,empty,-1,empty
Casey Ryan,empty,-1,empty
Kelly Shi,empty,-1,empty
Matt Niknam,empty,-1,empty
Mathew Blackman,empty,-1,empty
Colleen Kusy,empty,-1,empty
Market Perform,empty,-1,empty
C J,empty,-1,empty
Kenneth Lee,empty,-1,empty
Chris Graja,empty,-1,empty
Mark Devries,empty,-1,empty
Marie Thibault,empty,-1,empty
Marc Torrente,empty,-1,empty
Clark Lampen,empty,-1,empty
Chris Raymond,empty,-1,empty
Ki Bin,empty,-1,empty
Louthan IV,empty,-1,empty
Louis Miscioscia,empty,-1,empty
Kieran De,empty,-1,empty
Lisa Clive,empty,-1,empty
Kristine Liwag,empty,-1,empty
Kyle Voigt,empty,-1,empty
Kenneth Shiu,empty,-1,empty
Sharon Zackfia,empty,-1,empty
Burrows Szczupak,empty,-1,empty
Cristina Fernández,empty,-1,empty
Boonie Herzog,empty,-1,empty
Nick Del,empty,-1,empty
John Young,empty,-1,empty
Nichola Holowko,empty,-1,empty
Bradley Sills,empty,-1,empty
Neil Mehta,empty,-1,empty
Nathan Stein,empty,-1,empty
Brendan Sproules,empty,-1,empty
Narumi Nakagiri,empty,-1,empty
Jonathan Lee,empty,-1,empty
Ming Hsun,empty,-1,empty
Brett Simpson,empty,-1,empty
Jordan Bender,empty,-1,empty
Judith Elliott,empty,-1,empty
Mike Cyprys,empty,-1,empty
Michael Wiederhorn,empty,-1,empty
Brian McKenna,empty,-1,empty
Dan Ives,empty,-1,empty
Dan Brennan,empty,-1,empty
del Valle,empty,-1,empty
Michael Minchak,empty,-1,empty
Bruce Chan,empty,-1,empty
Dailey Fairbanks,empty,-1,empty
Michael Jalonen,empty,-1,empty
Dae Gon,empty,-1,empty
Da Wei,empty,-1,empty
Joshua Tilton,empty,-1,empty
Michael Feniger,empty,-1,empty
Brian Drab,empty,-1,empty
Dimple Gosai,empty,-1,empty
Ben Klieve,empty,-1,empty
Yi Fu,empty,-1,empty
Henry Meyer,empty,-1,empty
Evan David,empty,-1,empty
Fedor Shabalin,empty,-1,empty
Douglas Harter,empty,-1,empty
Sung Ji,empty,-1,empty
Zixiao Yang,empty,-1,empty
Steven Sheeckutz,empty,-1,empty
Greg Harrison,empty,-1,empty
Alexander Platt,empty,-1,empty
Stephen Tusa,empty,-1,empty
Wei Fang,empty,-1,empty
Uy Ear,empty,-1,empty
Eric Des,empty,-1,empty
Eva Fortea,empty,-1,empty
Frank Takkinen,empty,-1,empty
Zhijing Liu,empty,-1,empty
Van Sinderen,empty,-1,empty
Fu Lee,empty,-1,empty
Griffin Boss,empty,-1,empty
Harry Read,empty,-1,empty
Tate Sullivan,empty,-1,empty
Gregory Peters,empty,-1,empty
William Grippin,empty,-1,empty
Ellie Jiang,empty,-1,empty
Ally Yseen,empty,-1,empty
Thomas Burlton,empty,-1,empty
Glenn Mattson,empty,-1,empty
Toni Kaplan,empty,-1,empty
Ananda Baruah,empty,-1,empty
Simeon Siegel,empty,-1,empty
Stephen Glagola,empty,-1,empty
Soe Naing,empty,-1,empty
Trevor Williams,empty,-1,empty
Floris Van,empty,-1,empty
de Angele,empty,-1,empty
Ingo Wermann,empty,-1,empty
Jack Vander,empty,-1,empty
Duffy Fischer,empty,-1,empty
Tiago Fauth,empty,-1,empty
Tim Savageaux,empty,-1,empty
Tsin Huang,empty,-1,empty
Andrew Carter,empty,-1,empty
Strong Buy,empty,-1,empty
Weng Chen,empty,-1,empty
Tyler Brown,empty,-1,empty
Hoang Nguyen,empty,-1,empty
Xavier Bouvignies,empty,-1,empty
Gerard Cassidy,empty,-1,empty
Tycho Peterson,Tycho Peterson,1,https://stockanalysis.com/analysts/Tycho-Peterson/
John Todaro,John Todaro,2,https://stockanalysis.com/analysts/John-Todaro/
Michael Leshock,Michael Leshock,3,https://stockanalysis.com/analysts/Michael-Leshock/
Trevor Walsh,Trevor Walsh,4,https://stockanalysis.com/analysts/Trevor-Walsh/
Daniel Arias,Daniel Arias,5,https://stockanalysis.com/analysts/Daniel-Arias/
Josh Sullivan,Josh Sullivan,6,https://stockanalysis.com/analysts/Josh-Sullivan/
William Stein,William Stein,7,https://stockanalysis.com/analysts/William-Stein/
Jay McCanless,Jay McCanless,8,https://stockanalysis.com/analysts/Jay-McCanless/
Aaron Rakers,Aaron Rakers,9,https://stockanalysis.com/analysts/Aaron-Rakers/
Cody Acree,Cody Acree,10,https://stockanalysis.com/analysts/Cody-Acree/
Justin Post,Justin Post,11,https://stockanalysis.com/analysts/Justin-Post/
Ruben Roy,Ruben Roy,12,https://stockanalysis.com/analysts/Ruben-Roy/
Seth Seifman,Seth Seifman,13,https://stockanalysis.com/analysts/Seth-Seifman/
Peter Arment,Peter Arment,14,https://stockanalysis.com/analysts/Peter-Arment/
William Power,William Power,15,https://stockanalysis.com/analysts/William-Power/
Jason Gursky,Jason Gursky,16,https://stockanalysis.com/analysts/Jason-Gursky/
Alexander Paris,Alexander Paris,17,https://stockanalysis.com/analysts/Alexander-Paris/
Asiya Merchant,Asiya Merchant,18,https://stockanalysis.com/analysts/Asiya-Merchant/
Patrick Moley,Patrick Moley,19,https://stockanalysis.com/analysts/Patrick-Moley/
Matt Bryson,Matt Bryson,20,https://stockanalysis.com/analysts/Matt-Bryson/
Harsh Kumar,Harsh Kumar,21,https://stockanalysis.com/analysts/Harsh-Kumar/
Lloyd Walmsley,Lloyd Walmsley,22,https://stockanalysis.com/analysts/Lloyd-Walmsley/
Michael Ciarmoli,Michael Ciarmoli,23,https://stockanalysis.com/analysts/Michael-Ciarmoli/
Andres Sheppard,Andres Sheppard,24,https://stockanalysis.com/analysts/Andres-Sheppard/
Rohit Kulkarni,Rohit Kulkarni,25,https://stockanalysis.com/analysts/Rohit-Kulkarni/
Ross Seymore,Ross Seymore,26,https://stockanalysis.com/analysts/Ross-Seymore/
Andrew Kaplowitz,Andrew Kaplowitz,27,https://stockanalysis.com/analysts/Andrew-Kaplowitz/
Andres Coello,Andres Coello,28,https://stockanalysis.com/analysts/Andres-Coello/
Christopher Glynn,Christopher Glynn,29,https://stockanalysis.com/analysts/Christopher-Glynn/
Atif Malik,Atif Malik,30,https://stockanalysis.com/analysts/Atif-Malik/
Rudy Li,Rudy Li,31,https://stockanalysis.com/analysts/Rudy-Li/
Scott Deuschle,Scott Deuschle,33,https://stockanalysis.com/analysts/Scott-Deuschle/
Mark Kelley,Mark Kelley,34,https://stockanalysis.com/analysts/Mark-Kelley/
Doug Anmuth,Doug Anmuth,35,https://stockanalysis.com/analysts/Doug-Anmuth/
Amit Daryanani,Amit Daryanani,36,https://stockanalysis.com/analysts/Amit-Daryanani/
Brent Thielman,Brent Thielman,37,https://stockanalysis.com/analysts/Brent-Thielman/
Matthew Prisco,Matthew Prisco,38,https://stockanalysis.com/analysts/Matthew-Prisco/
Joseph Osha,Joseph Osha,39,https://stockanalysis.com/analysts/Joseph-Osha/
Hans Mosesmann,Hans Mosesmann,40,https://stockanalysis.com/analysts/Hans-Mosesmann/
Philip Gibbs,Philip Gibbs,41,https://stockanalysis.com/analysts/Philip-Gibbs/
Timothy Arcuri,Timothy Arcuri,42,https://stockanalysis.com/analysts/Timothy-Arcuri/
Martin Yang,Martin Yang,43,https://stockanalysis.com/analysts/Martin-Yang/
Michael Schmidt,Michael Schmidt,44,https://stockanalysis.com/analysts/Michael-Schmidt/
Richard Shannon,Richard Shannon,45,https://stockanalysis.com/analysts/Richard-Shannon/
Mike Colonnese,Mike Colonnese,46,https://stockanalysis.com/analysts/Mike-Colonnese/
Paul Golding,Paul Golding,47,https://stockanalysis.com/analysts/Paul-Golding/
Jon Arfstrom,Jon Arfstrom,48,https://stockanalysis.com/analysts/Jon-Arfstrom/
Rick Schafer,Rick Schafer,49,https://stockanalysis.com/analysts/Rick-Schafer/
Ken Newman,Ken Newman,50,https://stockanalysis.com/analysts/Ken-Newman/
Tommy Moll,Tommy Moll,51,https://stockanalysis.com/analysts/Tommy-Moll/
Harlan Sur,Harlan Sur,52,https://stockanalysis.com/analysts/Harlan-Sur/
Vivek Arya,Vivek Arya,53,https://stockanalysis.com/analysts/Vivek-Arya/
Brian Brophy,Brian Brophy,55,https://stockanalysis.com/analysts/Brian-Brophy/
Mike Crawford,Mike Crawford,56,https://stockanalysis.com/analysts/Mike-Crawford/
Joseph Quatrochi,Joseph Quatrochi,57,https://stockanalysis.com/analysts/Joseph-Quatrochi/
George Wang,George Wang,58,https://stockanalysis.com/analysts/George-Wang/
Brian Chin,Brian Chin,59,https://stockanalysis.com/analysts/Brian-Chin/
Andrew Wittmann,Andrew Wittmann,60,https://stockanalysis.com/analysts/Andrew-Wittmann/
Colin Sebastian,Colin Sebastian,62,https://stockanalysis.com/analysts/Colin-Sebastian/
Chris Kotowski,Chris Kotowski,63,https://stockanalysis.com/analysts/Chris-Kotowski/
Nick Giles,Nick Giles,64,https://stockanalysis.com/analysts/Nick-Giles/
Alex Rygiel,Alex Rygiel,65,https://stockanalysis.com/analysts/Alex-Rygiel/
Wamsi Mohan,Wamsi Mohan,66,https://stockanalysis.com/analysts/Wamsi-Mohan/
Matthew Carletti,Matthew Carletti,67,https://stockanalysis.com/analysts/Matthew-Carletti/
Taz Koujalgi,Taz Koujalgi,68,https://stockanalysis.com/analysts/Taz-Koujalgi/
Eric Heath,Eric Heath,69,https://stockanalysis.com/analysts/Eric-Heath/
Anita Soni,Anita Soni,70,https://stockanalysis.com/analysts/Anita-Soni/
Mark Hughes,Mark Hughes,71,https://stockanalysis.com/analysts/Mark-Hughes/
Kevin Cassidy,Kevin Cassidy,72,https://stockanalysis.com/analysts/Kevin-Cassidy/
Devin Ryan,Devin Ryan,73,https://stockanalysis.com/analysts/Devin-Ryan/
Rob Owens,Rob Owens,74,https://stockanalysis.com/analysts/Rob-Owens/
Christopher Danely,Christopher Danely,75,https://stockanalysis.com/analysts/Christopher-Danely/
Christopher Stathoulopoulos,Christopher Stathoulopoulos,76,https://stockanalysis.com/analysts/Christopher-Stathoulopoulos/
Craig Ellis,Craig Ellis,77,https://stockanalysis.com/analysts/Craig-Ellis/
Bradley Thomas,Bradley Thomas,78,https://stockanalysis.com/analysts/Bradley-Thomas/
Daniel Ives,Daniel Ives,79,https://stockanalysis.com/analysts/Daniel-Ives/
Mike Genovese,Mike Genovese,80,https://stockanalysis.com/analysts/Mike-Genovese/
Patrick R. Trucchio,Patrick R. Trucchio,81,https://stockanalysis.com/analysts/Patrick-R.-Trucchio/
Daniil Gataulin,Daniil Gataulin,82,https://stockanalysis.com/analysts/Daniil-Gataulin/
Quinn Bolton,Quinn Bolton,83,https://stockanalysis.com/analysts/Quinn-Bolton/
Michael Morris,Michael Morris,84,https://stockanalysis.com/analysts/Michael-Morris/
James Thalacker,James Thalacker,85,https://stockanalysis.com/analysts/James-Thalacker/
Trey Grooms,Trey Grooms,86,https://stockanalysis.com/analysts/Trey-Grooms/
Fatima Boolani,Fatima Boolani,87,https://stockanalysis.com/analysts/Fatima-Boolani/
Mark Mahaney,Mark Mahaney,88,https://stockanalysis.com/analysts/Mark-Mahaney/
Brandon King,Brandon King,89,https://stockanalysis.com/analysts/Brandon-King/
Mark Palmer,Mark Palmer,91,https://stockanalysis.com/analysts/Mark-Palmer/
Toshiya Hari,Toshiya Hari,92,https://stockanalysis.com/analysts/Toshiya-Hari/
Andre Madrid,Andre Madrid,93,https://stockanalysis.com/analysts/Andre-Madrid/
Adam Borg,Adam Borg,94,https://stockanalysis.com/analysts/Adam-Borg/
Matthew Cost,Matthew Cost,95,https://stockanalysis.com/analysts/Matthew-Cost/
Matthew Sheerin,Matthew Sheerin,96,https://stockanalysis.com/analysts/Matthew-Sheerin/
Vamil Divan,Vamil Divan,97,https://stockanalysis.com/analysts/Vamil-Divan/
James Lee,James Lee,98,https://stockanalysis.com/analysts/James-Lee/
Tore Svanberg,Tore Svanberg,99,https://stockanalysis.com/analysts/Tore-Svanberg/
Jesse Sobelson,Jesse Sobelson,100,https://stockanalysis.com/analysts/Jesse-Sobelson/
Daniel Major,Daniel Major,101,https://stockanalysis.com/analysts/Daniel-Major/
William Appicelli,William Appicelli,102,https://stockanalysis.com/analysts/William-Appicelli/
Joon Lee,Joon Lee,103,https://stockanalysis.com/analysts/Joon-Lee/
David Amsellem,David Amsellem,104,https://stockanalysis.com/analysts/David-Amsellem/
Tom O Malley,Tom O'Malley,105,https://stockanalysis.com/analysts/Tom-O-Malley/
Martin Fan,Martin Fan,106,https://stockanalysis.com/analysts/Martin-Fan/
Colin Canfield,Colin Canfield,107,https://stockanalysis.com/analysts/Colin-Canfield/
Sangita Jain,Sangita Jain,108,https://stockanalysis.com/analysts/Sangita-Jain/
Ken Herbert,Ken Herbert,109,https://stockanalysis.com/analysts/Ken-Herbert/
Chris Brendler,Chris Brendler,110,https://stockanalysis.com/analysts/Chris-Brendler/
John Hodulik,John Hodulik,112,https://stockanalysis.com/analysts/John-Hodulik/
Greg Melich,Greg Melich,114,https://stockanalysis.com/analysts/Greg-Melich/
Richard Eastman,Richard Eastman,115,https://stockanalysis.com/analysts/Richard-Eastman/
Nathan Jones,Nathan Jones,116,https://stockanalysis.com/analysts/Nathan-Jones/
Nicholas Jones,Nicholas Jones,117,https://stockanalysis.com/analysts/Nicholas-Jones/
James Ricchiuti,James Ricchiuti,118,https://stockanalysis.com/analysts/James-Ricchiuti/
Youssef Squali,Youssef Squali,119,https://stockanalysis.com/analysts/Youssef-Squali/
Ben Reitzes,Ben Reitzes,120,https://stockanalysis.com/analysts/Ben-Reitzes/
Kyle Menges,Kyle Menges,121,https://stockanalysis.com/analysts/Kyle-Menges/
Allison Bratzel,Allison Bratzel,122,https://stockanalysis.com/analysts/Allison-Bratzel/
Paul Treiber,Paul Treiber,123,https://stockanalysis.com/analysts/Paul-Treiber/
Keith Hughes,Keith Hughes,124,https://stockanalysis.com/analysts/Keith-Hughes/
Suji Desilva,Suji Desilva,125,https://stockanalysis.com/analysts/Suji-Desilva/
Ryan Levine,Ryan Levine,127,https://stockanalysis.com/analysts/Ryan-Levine/
George Notter,George Notter,128,https://stockanalysis.com/analysts/George-Notter/
Gray Powell,Gray Powell,131,https://stockanalysis.com/analysts/Gray-Powell/
Scott Devitt,Scott Devitt,132,https://stockanalysis.com/analysts/Scott-Devitt/
Kelsey Goodwin,Kelsey Goodwin,133,https://stockanalysis.com/analysts/Kelsey-Goodwin/
Michael Lasser,Michael Lasser,134,https://stockanalysis.com/analysts/Michael-Lasser/
Fadi Chamoun,Fadi Chamoun,135,https://stockanalysis.com/analysts/Fadi-Chamoun/
Karl Keirstead,Karl Keirstead,136,https://stockanalysis.com/analysts/Karl-Keirstead/
Tal Liani,Tal Liani,137,https://stockanalysis.com/analysts/Tal-Liani/
Ben Kallo,Ben Kallo,138,https://stockanalysis.com/analysts/Ben-Kallo/
Drew Chamberlain,Drew Chamberlain,139,https://stockanalysis.com/analysts/Drew-Chamberlain/
David Raso,David Raso,140,https://stockanalysis.com/analysts/David-Raso/
Mario Saric,Mario Saric,141,https://stockanalysis.com/analysts/Mario-Saric/
Peter Levine,Peter Levine,142,https://stockanalysis.com/analysts/Peter-Levine/
Bobby Brooks,Bobby Brooks,143,https://stockanalysis.com/analysts/Bobby-Brooks/
Trung Huynh,Trung Huynh,144,https://stockanalysis.com/analysts/Trung-Huynh/
Michael McGovern,Michael McGovern,145,https://stockanalysis.com/analysts/Michael-McGovern/
Chris Snyder,Chris Snyder,146,https://stockanalysis.com/analysts/Chris-Snyder/
Seamus Fernandez,Seamus Fernandez,147,https://stockanalysis.com/analysts/Seamus-Fernandez/
David Williams,David Williams,149,https://stockanalysis.com/analysts/David-Williams/
Ken Goldman,Ken Goldman,150,https://stockanalysis.com/analysts/Ken-Goldman/
Deepak Mathivanan,Deepak Mathivanan,151,https://stockanalysis.com/analysts/Deepak-Mathivanan/
Christian Schwab,Christian Schwab,152,https://stockanalysis.com/analysts/Christian-Schwab/
Matt Summerville,Matt Summerville,153,https://stockanalysis.com/analysts/Matt-Summerville/
Mircea Dobre,Mircea Dobre,154,https://stockanalysis.com/analysts/Mircea-Dobre/
Sam Darkatsh,Sam Darkatsh,155,https://stockanalysis.com/analysts/Sam-Darkatsh/
Jason Helfstein,Jason Helfstein,156,https://stockanalysis.com/analysts/Jason-Helfstein/
Ryan Deschner,Ryan Deschner,157,https://stockanalysis.com/analysts/Ryan-Deschner/
Saket Kalia,Saket Kalia,158,https://stockanalysis.com/analysts/Saket-Kalia/
David Manthey,David Manthey,159,https://stockanalysis.com/analysts/David-Manthey/
Yun Kim,Yun Kim,160,https://stockanalysis.com/analysts/Yun-Kim/
Daniel Kurnos,Daniel Kurnos,161,https://stockanalysis.com/analysts/Daniel-Kurnos/
Alexander Potter,Alexander Potter,162,https://stockanalysis.com/analysts/Alexander-Potter/
Gabe Hajde,Gabe Hajde,163,https://stockanalysis.com/analysts/Gabe-Hajde/
Lance Vitanza,Lance Vitanza,164,https://stockanalysis.com/analysts/Lance-Vitanza/
Vijay Rakesh,Vijay Rakesh,165,https://stockanalysis.com/analysts/Vijay-Rakesh/
Melissa Fairbanks,Melissa Fairbanks,166,https://stockanalysis.com/analysts/Melissa-Fairbanks/
Zachary Fadem,Zachary Fadem,167,https://stockanalysis.com/analysts/Zachary-Fadem/
George Sutton,George Sutton,168,https://stockanalysis.com/analysts/George-Sutton/
Tristan Gerra,Tristan Gerra,169,https://stockanalysis.com/analysts/Tristan-Gerra/
Brett Knoblauch,Brett Knoblauch,170,https://stockanalysis.com/analysts/Brett-Knoblauch/
Keith Bachman,Keith Bachman,171,https://stockanalysis.com/analysts/Keith-Bachman/
Mike Grondahl,Mike Grondahl,172,https://stockanalysis.com/analysts/Mike-Grondahl/
Lucas Pipes,Lucas Pipes,173,https://stockanalysis.com/analysts/Lucas-Pipes/
Mark Miller,Mark Miller,174,https://stockanalysis.com/analysts/Mark-Miller/
Ghansham Panjabi,Ghansham Panjabi,175,https://stockanalysis.com/analysts/Ghansham-Panjabi/
Jonathan Siegmann,Jonathan Siegmann,176,https://stockanalysis.com/analysts/Jonathan-Siegmann/
Hamed Khorsand,Hamed Khorsand,177,https://stockanalysis.com/analysts/Hamed-Khorsand/
Hal Goetsch,Hal Goetsch,178,https://stockanalysis.com/analysts/Hal-Goetsch/
Mark Lipacis,Mark Lipacis,179,https://stockanalysis.com/analysts/Mark-Lipacis/
Sheila Kahyaoglu,Sheila Kahyaoglu,181,https://stockanalysis.com/analysts/Sheila-Kahyaoglu/
Mark Delaney,Mark Delaney,182,https://stockanalysis.com/analysts/Mark-Delaney/
Shrenik Kothari,Shrenik Kothari,183,https://stockanalysis.com/analysts/Shrenik-Kothari/
Joseph Vafi,Joseph Vafi,184,https://stockanalysis.com/analysts/Joseph-Vafi/
Scott Searle,Scott Searle,185,https://stockanalysis.com/analysts/Scott-Searle/
Brian MacArthur,Brian MacArthur,186,https://stockanalysis.com/analysts/Brian-MacArthur/
Hamza Fodderwala,Hamza Fodderwala,187,https://stockanalysis.com/analysts/Hamza-Fodderwala/
Debjit Chattopadhyay,Debjit Chattopadhyay,188,https://stockanalysis.com/analysts/Debjit-Chattopadhyay/
Brian Vaccaro,Brian Vaccaro,190,https://stockanalysis.com/analysts/Brian-Vaccaro/
Nicholas Amicucci,Nicholas Amicucci,191,https://stockanalysis.com/analysts/Nicholas-Amicucci/
Tim Anderson,Tim Anderson,192,https://stockanalysis.com/analysts/Tim-Anderson/
Robert Ohmes,Robert Ohmes,193,https://stockanalysis.com/analysts/Robert-Ohmes/
Joel Fishbein,Joel Fishbein,194,https://stockanalysis.com/analysts/Joel-Fishbein/
Christopher Rolland,Christopher Rolland,195,https://stockanalysis.com/analysts/Christopher-Rolland/
Gary Tenner,Gary Tenner,196,https://stockanalysis.com/analysts/Gary-Tenner/
David Konrad,David Konrad,197,https://stockanalysis.com/analysts/David-Konrad/
David George,David George,198,https://stockanalysis.com/analysts/David-George/
Jonathan Ruykhaver,Jonathan Ruykhaver,199,https://stockanalysis.com/analysts/Jonathan-Ruykhaver/
Tom Forte,Tom Forte,200,https://stockanalysis.com/analysts/Tom-Forte/
Rick Patel,Rick Patel,202,https://stockanalysis.com/analysts/Rick-Patel/
Omar Dessouky,Omar Dessouky,206,https://stockanalysis.com/analysts/Omar-Dessouky/
Joe Ritchie,Joe Ritchie,207,https://stockanalysis.com/analysts/Joe-Ritchie/
Reginald Smith,Reginald Smith,208,https://stockanalysis.com/analysts/Reginald-Smith/
Michael Ward,Michael Ward,209,https://stockanalysis.com/analysts/Michael-Ward/
Steve Frankel,Steve Frankel,210,https://stockanalysis.com/analysts/Steve-Frankel/
Jeff Johnson,Jeff Johnson,211,https://stockanalysis.com/analysts/Jeff-Johnson/
Jason Butler,Jason Butler,212,https://stockanalysis.com/analysts/Jason-Butler/
Joseph Gallo,Joseph Gallo,214,https://stockanalysis.com/analysts/Joseph-Gallo/
Joe Vruwink,Joe Vruwink,216,https://stockanalysis.com/analysts/Joe-Vruwink/
Eric Handler,Eric Handler,217,https://stockanalysis.com/analysts/Eric-Handler/
Nathan Martin,Nathan Martin,219,https://stockanalysis.com/analysts/Nathan-Martin/
Josh Beck,Josh Beck,220,https://stockanalysis.com/analysts/Josh-Beck/
Matthew Caufield,Matthew Caufield,221,https://stockanalysis.com/analysts/Matthew-Caufield/
Gregory Lewis,Gregory Lewis,222,https://stockanalysis.com/analysts/Gregory-Lewis/
Heiko Ihle,Heiko Ihle,223,https://stockanalysis.com/analysts/Heiko-Ihle/
Chris Dankert,Chris Dankert,224,https://stockanalysis.com/analysts/Chris-Dankert/
Keith Horowitz,Keith Horowitz,225,https://stockanalysis.com/analysts/Keith-Horowitz/
Michael Baker,Michael Baker,226,https://stockanalysis.com/analysts/Michael-Baker/
John Ransom,John Ransom,228,https://stockanalysis.com/analysts/John-Ransom/
Craig Siegenthaler,Craig Siegenthaler,229,https://stockanalysis.com/analysts/Craig-Siegenthaler/
Michael Ulz,Michael Ulz,230,https://stockanalysis.com/analysts/Michael-Ulz/
Mark Murphy,Mark Murphy,231,https://stockanalysis.com/analysts/Mark-Murphy/
Eric Sheridan,Eric Sheridan,232,https://stockanalysis.com/analysts/Eric-Sheridan/
David Karnovsky,David Karnovsky,234,https://stockanalysis.com/analysts/David-Karnovsky/
Justin Jenkins,Justin Jenkins,235,https://stockanalysis.com/analysts/Justin-Jenkins/
Ken Gawrelski,Ken Gawrelski,238,https://stockanalysis.com/analysts/Ken-Gawrelski/
Brian Gesuale,Brian Gesuale,239,https://stockanalysis.com/analysts/Brian-Gesuale/
Naved Khan,Naved Khan,240,https://stockanalysis.com/analysts/Naved-Khan/
Joseph Stauff,Joseph Stauff,241,https://stockanalysis.com/analysts/Joseph-Stauff/
Mayank Mamtani,Mayank Mamtani,242,https://stockanalysis.com/analysts/Mayank-Mamtani/
Andrew Liesch,Andrew Liesch,243,https://stockanalysis.com/analysts/Andrew-Liesch/
Andrew Steinerman,Andrew Steinerman,244,https://stockanalysis.com/analysts/Andrew-Steinerman/
Alicia Reese,Alicia Reese,245,https://stockanalysis.com/analysts/Alicia-Reese/
Erik Woodring,Erik Woodring,246,https://stockanalysis.com/analysts/Erik-Woodring/
Andrew Obin,Andrew Obin,247,https://stockanalysis.com/analysts/Andrew-Obin/
Roy Buchanan,Roy Buchanan,248,https://stockanalysis.com/analysts/Roy-Buchanan/
Benjamin Budish,Benjamin Budish,249,https://stockanalysis.com/analysts/Benjamin-Budish/
Brent Thill,Brent Thill,250,https://stockanalysis.com/analysts/Brent-Thill/
Yanan Zhu,Yanan Zhu,251,https://stockanalysis.com/analysts/Yanan-Zhu/
Alex Markgraff,Alex Markgraff,252,https://stockanalysis.com/analysts/Alex-Markgraff/
Mark Massaro,Mark Massaro,253,https://stockanalysis.com/analysts/Mark-Massaro/
Paul Newsome,Paul Newsome,255,https://stockanalysis.com/analysts/Paul-Newsome/
Samik Chatterjee,Samik Chatterjee,256,https://stockanalysis.com/analysts/Samik-Chatterjee/
Jeff Lick,Jeff Lick,258,https://stockanalysis.com/analysts/Jeff-Lick/
Tom Narayan,Tom Narayan,259,https://stockanalysis.com/analysts/Tom-Narayan/
Spiro Dounis,Spiro Dounis,260,https://stockanalysis.com/analysts/Spiro-Dounis/
Whitney Ijem,Whitney Ijem,261,https://stockanalysis.com/analysts/Whitney-Ijem/
Steven Fisher,Steven Fisher,262,https://stockanalysis.com/analysts/Steven-Fisher/
David Joyce,David Joyce,263,https://stockanalysis.com/analysts/David-Joyce/
Chase Knickerbocker,Chase Knickerbocker,265,https://stockanalysis.com/analysts/Chase-Knickerbocker/
George Gianarikas,George Gianarikas,266,https://stockanalysis.com/analysts/George-Gianarikas/
Leland Gershell,Leland Gershell,267,https://stockanalysis.com/analysts/Leland-Gershell/
Justin Crowley,Justin Crowley,268,https://stockanalysis.com/analysts/Justin-Crowley/
Theresa Chen,Theresa Chen,269,https://stockanalysis.com/analysts/Theresa-Chen/
Brandon Couillard,Brandon Couillard,270,https://stockanalysis.com/analysts/Brandon-Couillard/
Steve Barger,Steve Barger,271,https://stockanalysis.com/analysts/Steve-Barger/
Michael Ng,Michael Ng,272,https://stockanalysis.com/analysts/Michael-Ng/
Andrew Boone,Andrew Boone,273,https://stockanalysis.com/analysts/Andrew-Boone/
Geulah Livshits,Geulah Livshits,274,https://stockanalysis.com/analysts/Geulah-Livshits/
Joe Reagor,Joe Reagor,275,https://stockanalysis.com/analysts/Joe-Reagor/
Joel Beatty,Joel Beatty,276,https://stockanalysis.com/analysts/Joel-Beatty/
John McDonald,John McDonald,277,https://stockanalysis.com/analysts/John-McDonald/
Brian Mullan,Brian Mullan,278,https://stockanalysis.com/analysts/Brian-Mullan/
Blayne Curtis,Blayne Curtis,279,https://stockanalysis.com/analysts/Blayne-Curtis/
Joseph Moore,Joseph Moore,280,https://stockanalysis.com/analysts/Joseph-Moore/
David Westenberg,David Westenberg,281,https://stockanalysis.com/analysts/David-Westenberg/
Neil Kalton,Neil Kalton,283,https://stockanalysis.com/analysts/Neil-Kalton/
Michael Rollins,Michael Rollins,284,https://stockanalysis.com/analysts/Michael-Rollins/
Andrew Percoco,Andrew Percoco,285,https://stockanalysis.com/analysts/Andrew-Percoco/
Mike Hickey,Mike Hickey,286,https://stockanalysis.com/analysts/Mike-Hickey/
Mickey Legg,Mickey Legg,287,https://stockanalysis.com/analysts/Mickey-Legg/
Nathan Race,Nathan Race,289,https://stockanalysis.com/analysts/Nathan-Race/
Rachel Vatnsdal,Rachel Vatnsdal,290,https://stockanalysis.com/analysts/Rachel-Vatnsdal/
Mark Fitzgibbon,Mark Fitzgibbon,291,https://stockanalysis.com/analysts/Mark-Fitzgibbon/
Brian Pitz,Brian Pitz,292,https://stockanalysis.com/analysts/Brian-Pitz/
Rob Sanderson,Rob Sanderson,293,https://stockanalysis.com/analysts/Rob-Sanderson/
Rajat Gupta,Rajat Gupta,294,https://stockanalysis.com/analysts/Rajat-Gupta/
Serge Belanger,Serge Belanger,295,https://stockanalysis.com/analysts/Serge-Belanger/
Kevin Dede,Kevin Dede,296,https://stockanalysis.com/analysts/Kevin-Dede/
Christopher Allen,Christopher Allen,297,https://stockanalysis.com/analysts/Christopher-Allen/
Jeffrey Hammond,Jeffrey Hammond,299,https://stockanalysis.com/analysts/Jeffrey-Hammond/
Justin Clare,Justin Clare,300,https://stockanalysis.com/analysts/Justin-Clare/
Jackson Ader,Jackson Ader,301,https://stockanalysis.com/analysts/Jackson-Ader/
Brad Reback,Brad Reback,302,https://stockanalysis.com/analysts/Brad-Reback/
Gary Mobley,Gary Mobley,303,https://stockanalysis.com/analysts/Gary-Mobley/
Jiong Shao,Jiong Shao,304,https://stockanalysis.com/analysts/Jiong-Shao/
David Strauss,David Strauss,305,https://stockanalysis.com/analysts/David-Strauss/
Amit Mehrotra,Amit Mehrotra,307,https://stockanalysis.com/analysts/Amit-Mehrotra/
Manan Gosalia,Manan Gosalia,308,https://stockanalysis.com/analysts/Manan-Gosalia/
Mark Strouse,Mark Strouse,309,https://stockanalysis.com/analysts/Mark-Strouse/
Joseph Stringer,Joseph Stringer,310,https://stockanalysis.com/analysts/Joseph-Stringer/
Scott Siefers,Scott Siefers,311,https://stockanalysis.com/analysts/Scott-Siefers/
Konark Gupta,Konark Gupta,312,https://stockanalysis.com/analysts/Konark-Gupta/
Jonathan Wolleben,Jonathan Wolleben,313,https://stockanalysis.com/analysts/Jonathan-Wolleben/
James West,James West,314,https://stockanalysis.com/analysts/James-West/
Andreas Argyrides,Andreas Argyrides,315,https://stockanalysis.com/analysts/Andreas-Argyrides/
Anthony Pettinari,Anthony Pettinari,316,https://stockanalysis.com/analysts/Anthony-Pettinari/
Jonathan Block,Jonathan Block,317,https://stockanalysis.com/analysts/Jonathan-Block/
Robert Kad,Robert Kad,318,https://stockanalysis.com/analysts/Robert-Kad/
Blair Abernethy,Blair Abernethy,319,https://stockanalysis.com/analysts/Blair-Abernethy/
Jason Bazinet,Jason Bazinet,320,https://stockanalysis.com/analysts/Jason-Bazinet/
Simon Leopold,Simon Leopold,321,https://stockanalysis.com/analysts/Simon-Leopold/
John Vinh,John Vinh,322,https://stockanalysis.com/analysts/John-Vinh/
Erin Wright,Erin Wright,324,https://stockanalysis.com/analysts/Erin-Wright/
Benjamin Swinburne,Benjamin Swinburne,325,https://stockanalysis.com/analysts/Benjamin-Swinburne/
Tami Zakaria,Tami Zakaria,326,https://stockanalysis.com/analysts/Tami-Zakaria/
Devin McDermott,Devin McDermott,327,https://stockanalysis.com/analysts/Devin-McDermott/
Krish Sankar,Krish Sankar,328,https://stockanalysis.com/analysts/Krish-Sankar/
Erik Rasmussen,Erik Rasmussen,329,https://stockanalysis.com/analysts/Erik-Rasmussen/
Kristen Kluska,Kristen Kluska,331,https://stockanalysis.com/analysts/Kristen-Kluska/
Devin Dodge,Devin Dodge,332,https://stockanalysis.com/analysts/Devin-Dodge/
Ann Hynes,Ann Hynes,333,https://stockanalysis.com/analysts/Ann-Hynes/
Kirk Materne,Kirk Materne,334,https://stockanalysis.com/analysts/Kirk-Materne/
Ronald Josey,Ronald Josey,335,https://stockanalysis.com/analysts/Ronald-Josey/
Laura Martin,Laura Martin,336,https://stockanalysis.com/analysts/Laura-Martin/
Ryan Koontz,Ryan Koontz,337,https://stockanalysis.com/analysts/Ryan-Koontz/
Eddie Hickman,Eddie Hickman,338,https://stockanalysis.com/analysts/Eddie-Hickman/
Mehdi Hosseini,Mehdi Hosseini,339,https://stockanalysis.com/analysts/Mehdi-Hosseini/
Christopher Horvers,Christopher Horvers,340,https://stockanalysis.com/analysts/Christopher-Horvers/
Peter Weed,Peter Weed,341,https://stockanalysis.com/analysts/Peter-Weed/
Keith Weiss,Keith Weiss,342,https://stockanalysis.com/analysts/Keith-Weiss/
Noah Kaye,Noah Kaye,343,https://stockanalysis.com/analysts/Noah-Kaye/
Ivan Feinseth,Ivan Feinseth,344,https://stockanalysis.com/analysts/Ivan-Feinseth/
Jessica Fye,Jessica Fye,345,https://stockanalysis.com/analysts/Jessica-Fye/
Andrew Fein,Andrew Fein,346,https://stockanalysis.com/analysts/Andrew-Fein/
Thomas Diffely,Thomas Diffely,347,https://stockanalysis.com/analysts/Thomas-Diffely/
Stephen Ju,Stephen Ju,348,https://stockanalysis.com/analysts/Stephen-Ju/
Fawne Jiang,Fawne Jiang,349,https://stockanalysis.com/analysts/Fawne-Jiang/
Maria Ripps,Maria Ripps,350,https://stockanalysis.com/analysts/Maria-Ripps/
David Koning,David Koning,352,https://stockanalysis.com/analysts/David-Koning/
Jon Windham,Jon Windham,353,https://stockanalysis.com/analysts/Jon-Windham/
Gus Richard,Gus Richard,354,https://stockanalysis.com/analysts/Gus-Richard/
Yatin Suneja,Yatin Suneja,355,https://stockanalysis.com/analysts/Yatin-Suneja/
Kurt Yinger,Kurt Yinger,356,https://stockanalysis.com/analysts/Kurt-Yinger/
Manav Patnaik,Manav Patnaik,357,https://stockanalysis.com/analysts/Manav-Patnaik/
Ken Wong,Ken Wong,358,https://stockanalysis.com/analysts/Ken-Wong/
Kenneth Zener,Kenneth Zener,359,https://stockanalysis.com/analysts/Kenneth-Zener/
Thomas Champion,Thomas Champion,360,https://stockanalysis.com/analysts/Thomas-Champion/
Peter Heckmann,Peter Heckmann,361,https://stockanalysis.com/analysts/Peter-Heckmann/
Mike Cikos,Mike Cikos,362,https://stockanalysis.com/analysts/Mike-Cikos/
Derrick Wood,Derrick Wood,363,https://stockanalysis.com/analysts/Derrick-Wood/
Andy Chen,Andy Chen,364,https://stockanalysis.com/analysts/Andy-Chen/
Lloyd Byrne,Lloyd Byrne,365,https://stockanalysis.com/analysts/Lloyd-Byrne/
Michael Latimore,Michael Latimore,366,https://stockanalysis.com/analysts/Michael-Latimore/
Faisal Khurshid,Faisal Khurshid,367,https://stockanalysis.com/analysts/Faisal-Khurshid/
Brian Bedell,Brian Bedell,368,https://stockanalysis.com/analysts/Brian-Bedell/
David Smith,David Smith,369,https://stockanalysis.com/analysts/David-Smith/
Donald Fandetti,Donald Fandetti,370,https://stockanalysis.com/analysts/Donald-Fandetti/
Brad Erickson,Brad Erickson,371,https://stockanalysis.com/analysts/Brad-Erickson/
Jaeson Schmidt,Jaeson Schmidt,372,https://stockanalysis.com/analysts/Jaeson-Schmidt/
Geoff Meacham,Geoff Meacham,373,https://stockanalysis.com/analysts/Geoff-Meacham/
Thomas Wadewitz,Thomas Wadewitz,375,https://stockanalysis.com/analysts/Thomas-Wadewitz/
Timothy Horan,Timothy Horan,376,https://stockanalysis.com/analysts/Timothy-Horan/
Chip Moore,Chip Moore,377,https://stockanalysis.com/analysts/Chip-Moore/
Andrew Sherman,Andrew Sherman,378,https://stockanalysis.com/analysts/Andrew-Sherman/
Matthew Hedberg,Matthew Hedberg,379,https://stockanalysis.com/analysts/Matthew-Hedberg/
Reuben Garner,Reuben Garner,380,https://stockanalysis.com/analysts/Reuben-Garner/
Tim Thein,Tim Thein,381,https://stockanalysis.com/analysts/Tim-Thein/
Ashish Sabadra,Ashish Sabadra,383,https://stockanalysis.com/analysts/Ashish-Sabadra/
Selman Akyol,Selman Akyol,384,https://stockanalysis.com/analysts/Selman-Akyol/
Cory Kasimov,Cory Kasimov,385,https://stockanalysis.com/analysts/Cory-Kasimov/
Todd Weller,Todd Weller,387,https://stockanalysis.com/analysts/Todd-Weller/
Matt Olney,Matt Olney,388,https://stockanalysis.com/analysts/Matt-Olney/
Rick Wise,Rick Wise,389,https://stockanalysis.com/analysts/Rick-Wise/
Ittai Kidron,Ittai Kidron,390,https://stockanalysis.com/analysts/Ittai-Kidron/
Catherine Schulte,Catherine Schulte,391,https://stockanalysis.com/analysts/Catherine-Schulte/
John Freeman,John Freeman,393,https://stockanalysis.com/analysts/John-Freeman/
Matthew Galinko,Matthew Galinko,394,https://stockanalysis.com/analysts/Matthew-Galinko/
Charles Duncan,Charles Duncan,395,https://stockanalysis.com/analysts/Charles-Duncan/
Brad Canino,Brad Canino,396,https://stockanalysis.com/analysts/Brad-Canino/
Brett Linzey,Brett Linzey,397,https://stockanalysis.com/analysts/Brett-Linzey/
Jamie Cook,Jamie Cook,398,https://stockanalysis.com/analysts/Jamie-Cook/
Rudy Kessinger,Rudy Kessinger,399,https://stockanalysis.com/analysts/Rudy-Kessinger/
Michael Pachter,Michael Pachter,400,https://stockanalysis.com/analysts/Michael-Pachter/
Ami Fadia,Ami Fadia,401,https://stockanalysis.com/analysts/Ami-Fadia/
Mohit Bansal,Mohit Bansal,402,https://stockanalysis.com/analysts/Mohit-Bansal/
Tobey Sommer,Tobey Sommer,403,https://stockanalysis.com/analysts/Tobey-Sommer/
Jade Rahmani,Jade Rahmani,404,https://stockanalysis.com/analysts/Jade-Rahmani/
Christian Wetherbee,Christian Wetherbee,405,https://stockanalysis.com/analysts/Christian-Wetherbee/
Meta Marshall,Meta Marshall,406,https://stockanalysis.com/analysts/Meta-Marshall/
Brent Bracelin,Brent Bracelin,407,https://stockanalysis.com/analysts/Brent-Bracelin/
Zach Cummins,Zach Cummins,409,https://stockanalysis.com/analysts/Zach-Cummins/
Stephen Scouten,Stephen Scouten,410,https://stockanalysis.com/analysts/Stephen-Scouten/
Glenn Schorr,Glenn Schorr,411,https://stockanalysis.com/analysts/Glenn-Schorr/
Joanne Wuensch,Joanne Wuensch,412,https://stockanalysis.com/analysts/Joanne-Wuensch/
Michael Halloran,Michael Halloran,413,https://stockanalysis.com/analysts/Michael-Halloran/
Matthew Gillmor,Matthew Gillmor,414,https://stockanalysis.com/analysts/Matthew-Gillmor/
Jason Tilchen,Jason Tilchen,416,https://stockanalysis.com/analysts/Jason-Tilchen/
Ike Boruchow,Ike Boruchow,417,https://stockanalysis.com/analysts/Ike-Boruchow/
Patrick Trucchio,Patrick Trucchio,418,https://stockanalysis.com/analysts/Patrick-Trucchio/
Kevin Kopelman,Kevin Kopelman,419,https://stockanalysis.com/analysts/Kevin-Kopelman/
Peter Keith,Peter Keith,420,https://stockanalysis.com/analysts/Peter-Keith/
Rupesh Parikh,Rupesh Parikh,421,https://stockanalysis.com/analysts/Rupesh-Parikh/
Julian Mitchell,Julian Mitchell,423,https://stockanalysis.com/analysts/Julian-Mitchell/
Peter Winter,Peter Winter,424,https://stockanalysis.com/analysts/Peter-Winter/
Brennan Hawken,Brennan Hawken,425,https://stockanalysis.com/analysts/Brennan-Hawken/
Bobby Griffin,Bobby Griffin,426,https://stockanalysis.com/analysts/Bobby-Griffin/
Bryan Blair,Bryan Blair,427,https://stockanalysis.com/analysts/Bryan-Blair/
Gary Prestopino,Gary Prestopino,428,https://stockanalysis.com/analysts/Gary-Prestopino/
Rafe Jadrosich,Rafe Jadrosich,430,https://stockanalysis.com/analysts/Rafe-Jadrosich/
Jordan Alliger,Jordan Alliger,432,https://stockanalysis.com/analysts/Jordan-Alliger/
Greg Miller,Greg Miller,433,https://stockanalysis.com/analysts/Greg-Miller/
Marvin Fong,Marvin Fong,434,https://stockanalysis.com/analysts/Marvin-Fong/
Jacob Stephan,Jacob Stephan,435,https://stockanalysis.com/analysts/Jacob-Stephan/
Jeffrey Silber,Jeffrey Silber,437,https://stockanalysis.com/analysts/Jeffrey-Silber/
Gabriela Borges,Gabriela Borges,438,https://stockanalysis.com/analysts/Gabriela-Borges/
Orest Wowkodaw,Orest Wowkodaw,439,https://stockanalysis.com/analysts/Orest-Wowkodaw/
Luca Issi,Luca Issi,440,https://stockanalysis.com/analysts/Luca-Issi/
Keay Nakae,Keay Nakae,441,https://stockanalysis.com/analysts/Keay-Nakae/
Amit Dayal,Amit Dayal,442,https://stockanalysis.com/analysts/Amit-Dayal/
Sean Lee,Sean Lee,443,https://stockanalysis.com/analysts/Sean-Lee/
Lee Horowitz,Lee Horowitz,444,https://stockanalysis.com/analysts/Lee-Horowitz/
Nicholas Campanella,Nicholas Campanella,445,https://stockanalysis.com/analysts/Nicholas-Campanella/
John Ivankoe,John Ivankoe,446,https://stockanalysis.com/analysts/John-Ivankoe/
Jed Kelly,Jed Kelly,447,https://stockanalysis.com/analysts/Jed-Kelly/
Biju Perincheril,Biju Perincheril,448,https://stockanalysis.com/analysts/Biju-Perincheril/
Maheep Mandloi,Maheep Mandloi,449,https://stockanalysis.com/analysts/Maheep-Mandloi/
Ricky Goldwasser,Ricky Goldwasser,450,https://stockanalysis.com/analysts/Ricky-Goldwasser/
Ross Fowler,Ross Fowler,451,https://stockanalysis.com/analysts/Ross-Fowler/
Meyer Shields,Meyer Shields,452,https://stockanalysis.com/analysts/Meyer-Shields/
Bryan Keane,Bryan Keane,453,https://stockanalysis.com/analysts/Bryan-Keane/
Brian Essex,Brian Essex,454,https://stockanalysis.com/analysts/Brian-Essex/
Josh Schimmer,Josh Schimmer,455,https://stockanalysis.com/analysts/Josh-Schimmer/
Alexei Gogolev,Alexei Gogolev,457,https://stockanalysis.com/analysts/Alexei-Gogolev/
Tim Long,Tim Long,458,https://stockanalysis.com/analysts/Tim-Long/
Curtis Shauger,Curtis Shauger,459,https://stockanalysis.com/analysts/Curtis-Shauger/
Brett Huff,Brett Huff,460,https://stockanalysis.com/analysts/Brett-Huff/
Tessa Romero,Tessa Romero,461,https://stockanalysis.com/analysts/Tessa-Romero/
Catherine Mealor,Catherine Mealor,462,https://stockanalysis.com/analysts/Catherine-Mealor/
Megan Alexander,Megan Alexander,463,https://stockanalysis.com/analysts/Megan-Alexander/
Subbu Nambi,Subbu Nambi,464,https://stockanalysis.com/analysts/Subbu-Nambi/
Scot Ciccarelli,Scot Ciccarelli,465,https://stockanalysis.com/analysts/Scot-Ciccarelli/
Nehal Chokshi,Nehal Chokshi,466,https://stockanalysis.com/analysts/Nehal-Chokshi/
Daniel Stauder,Daniel Stauder,467,https://stockanalysis.com/analysts/Daniel-Stauder/
Ashwin Shirvaikar,Ashwin Shirvaikar,468,https://stockanalysis.com/analysts/Ashwin-Shirvaikar/
Michael Rehaut,Michael Rehaut,469,https://stockanalysis.com/analysts/Michael-Rehaut/
Joshua Shanker,Joshua Shanker,470,https://stockanalysis.com/analysts/Joshua-Shanker/
Mike Dahl,Mike Dahl,471,https://stockanalysis.com/analysts/Mike-Dahl/
Derek Soderberg,Derek Soderberg,472,https://stockanalysis.com/analysts/Derek-Soderberg/
Wood Lay,Wood Lay,473,https://stockanalysis.com/analysts/Wood-Lay/
Ronald Epstein,Ronald Epstein,474,https://stockanalysis.com/analysts/Ronald-Epstein/
Mike Mayo,Mike Mayo,475,https://stockanalysis.com/analysts/Mike-Mayo/
Shyam Patil,Shyam Patil,476,https://stockanalysis.com/analysts/Shyam-Patil/
Charles Shi,Charles Shi,477,https://stockanalysis.com/analysts/Charles-Shi/
Timothy Switzer,Timothy Switzer,478,https://stockanalysis.com/analysts/Timothy-Switzer/
Kelly Bania,Kelly Bania,479,https://stockanalysis.com/analysts/Kelly-Bania/
Luke Junk,Luke Junk,480,https://stockanalysis.com/analysts/Luke-Junk/
Andrew Nowinski,Andrew Nowinski,481,https://stockanalysis.com/analysts/Andrew-Nowinski/
Steven Wieczynski,Steven Wieczynski,482,https://stockanalysis.com/analysts/Steven-Wieczynski/
Ed Arce,Ed Arce,483,https://stockanalysis.com/analysts/Ed-Arce/
Eric Beaumont,Eric Beaumont,484,https://stockanalysis.com/analysts/Eric-Beaumont/
Brian Meredith,Brian Meredith,485,https://stockanalysis.com/analysts/Brian-Meredith/
Steven Enders,Steven Enders,486,https://stockanalysis.com/analysts/Steven-Enders/
Garik Shmois,Garik Shmois,487,https://stockanalysis.com/analysts/Garik-Shmois/
John Lovallo,John Lovallo,488,https://stockanalysis.com/analysts/John-Lovallo/
John Mackay,John Mackay,489,https://stockanalysis.com/analysts/John-Mackay/
Thomas Blakey,Thomas Blakey,490,https://stockanalysis.com/analysts/Thomas-Blakey/
Kevin Caliendo,Kevin Caliendo,491,https://stockanalysis.com/analysts/Kevin-Caliendo/
Ariel Rosa,Ariel Rosa,494,https://stockanalysis.com/analysts/Ariel-Rosa/
Raimo Lenschow,Raimo Lenschow,495,https://stockanalysis.com/analysts/Raimo-Lenschow/
David Nierengarten,David Nierengarten,496,https://stockanalysis.com/analysts/David-Nierengarten/
Jay Olson,Jay Olson,497,https://stockanalysis.com/analysts/Jay-Olson/
Yaron Kinar,Yaron Kinar,498,https://stockanalysis.com/analysts/Yaron-Kinar/
Jay Sole,Jay Sole,499,https://stockanalysis.com/analysts/Jay-Sole/
Daniel Imbro,Daniel Imbro,500,https://stockanalysis.com/analysts/Daniel-Imbro/
Alan Gould,Alan Gould,501,https://stockanalysis.com/analysts/Alan-Gould/
Richard Newitter,Richard Newitter,502,https://stockanalysis.com/analysts/Richard-Newitter/
Colin Rusch,Colin Rusch,503,https://stockanalysis.com/analysts/Colin-Rusch/
Gregg Moskowitz,Gregg Moskowitz,504,https://stockanalysis.com/analysts/Gregg-Moskowitz/
Brad Sills,Brad Sills,505,https://stockanalysis.com/analysts/Brad-Sills/
David Tarantino,David Tarantino,506,https://stockanalysis.com/analysts/David-Tarantino/
Michael Blum,Michael Blum,507,https://stockanalysis.com/analysts/Michael-Blum/
Dara Mohsenian,Dara Mohsenian,508,https://stockanalysis.com/analysts/Dara-Mohsenian/
Tyler Radke,Tyler Radke,509,https://stockanalysis.com/analysts/Tyler-Radke/
John Barnidge,John Barnidge,510,https://stockanalysis.com/analysts/John-Barnidge/
Leonid Timashev,Leonid Timashev,512,https://stockanalysis.com/analysts/Leonid-Timashev/
John Roberts,John Roberts,513,https://stockanalysis.com/analysts/John-Roberts/
David Scharf,David Scharf,514,https://stockanalysis.com/analysts/David-Scharf/
Richard Sunderland,Richard Sunderland,515,https://stockanalysis.com/analysts/Richard-Sunderland/
Sean Laaman,Sean Laaman,516,https://stockanalysis.com/analysts/Sean-Laaman/
Gavin Parsons,Gavin Parsons,517,https://stockanalysis.com/analysts/Gavin-Parsons/
Roger Boyd,Roger Boyd,518,https://stockanalysis.com/analysts/Roger-Boyd/
Shlomo Rosenbaum,Shlomo Rosenbaum,519,https://stockanalysis.com/analysts/Shlomo-Rosenbaum/
Brian Tanquilut,Brian Tanquilut,520,https://stockanalysis.com/analysts/Brian-Tanquilut/
Stephen Kim,Stephen Kim,521,https://stockanalysis.com/analysts/Stephen-Kim/
James Fish,James Fish,522,https://stockanalysis.com/analysts/James-Fish/
Michael Legg,Michael Legg,523,https://stockanalysis.com/analysts/Michael-Legg/
David MacDonald,David Macdonald,524,https://stockanalysis.com/analysts/David-MacDonald/
Alexander Blostein,Alexander Blostein,525,https://stockanalysis.com/analysts/Alexander-Blostein/
Jon Tower,Jon Tower,526,https://stockanalysis.com/analysts/Jon-Tower/
Bill Sutherland,Bill Sutherland,527,https://stockanalysis.com/analysts/Bill-Sutherland/
Andres Maldonado,Andres Maldonado,528,https://stockanalysis.com/analysts/Andres-Maldonado/
Christopher McGratty,Christopher Mcgratty,529,https://stockanalysis.com/analysts/Christopher-McGratty/
Deane Dray,Deane Dray,530,https://stockanalysis.com/analysts/Deane-Dray/
Ross Sandler,Ross Sandler,531,https://stockanalysis.com/analysts/Ross-Sandler/
Brian Peterson,Brian Peterson,532,https://stockanalysis.com/analysts/Brian-Peterson/
Steve Moss,Steve Moss,533,https://stockanalysis.com/analysts/Steve-Moss/
Ben Gerlinger,Ben Gerlinger,534,https://stockanalysis.com/analysts/Ben-Gerlinger/
Yasmeen Rahimi,Yasmeen Rahimi,535,https://stockanalysis.com/analysts/Yasmeen-Rahimi/
Brad Zelnick,Brad Zelnick,536,https://stockanalysis.com/analysts/Brad-Zelnick/
Julian Harrison,Julian Harrison,537,https://stockanalysis.com/analysts/Julian-Harrison/
Bose George,Bose George,539,https://stockanalysis.com/analysts/Bose-George/
Patrick Scholes,Patrick Scholes,540,https://stockanalysis.com/analysts/Patrick-Scholes/
Bill Katz,Bill Katz,541,https://stockanalysis.com/analysts/Bill-Katz/
Alex Kramm,Alex Kramm,542,https://stockanalysis.com/analysts/Alex-Kramm/
David Feaster,David Feaster,543,https://stockanalysis.com/analysts/David-Feaster/
Alexander Hacking,Alexander Hacking,544,https://stockanalysis.com/analysts/Alexander-Hacking/
Doug Leggate,Doug Leggate,545,https://stockanalysis.com/analysts/Doug-Leggate/
Casey Alexander,Casey Alexander,546,https://stockanalysis.com/analysts/Casey-Alexander/
Michael Cyprys,Michael Cyprys,547,https://stockanalysis.com/analysts/Michael-Cyprys/
Batya Levi,Batya Levi,548,https://stockanalysis.com/analysts/Batya-Levi/
Omar Nokta,Omar Nokta,549,https://stockanalysis.com/analysts/Omar-Nokta/
Nat Schindler,Nat Schindler,550,https://stockanalysis.com/analysts/Nat-Schindler/
Derek Archila,Derek Archila,551,https://stockanalysis.com/analysts/Derek-Archila/
Jonathan Chappell,Jonathan Chappell,553,https://stockanalysis.com/analysts/Jonathan-Chappell/
Terence Flynn,Terence Flynn,554,https://stockanalysis.com/analysts/Terence-Flynn/
David Grossman,David Grossman,555,https://stockanalysis.com/analysts/David-Grossman/
Nathan Feather,Nathan Feather,557,https://stockanalysis.com/analysts/Nathan-Feather/
Gary Nachman,Gary Nachman,558,https://stockanalysis.com/analysts/Gary-Nachman/
Ebrahim Poonawala,Ebrahim Poonawala,559,https://stockanalysis.com/analysts/Ebrahim-Poonawala/
Barton Crockett,Barton Crockett,560,https://stockanalysis.com/analysts/Barton-Crockett/
Elyse Greenspan,Elyse Greenspan,561,https://stockanalysis.com/analysts/Elyse-Greenspan/
Michael Lewis,Michael Lewis,562,https://stockanalysis.com/analysts/Michael-Lewis/
Bernie McTernan,Bernie McTernan,563,https://stockanalysis.com/analysts/Bernie-McTernan/
Gabriel Moreen,Gabriel Moreen,564,https://stockanalysis.com/analysts/Gabriel-Moreen/
Terry McEvoy,Terry McEvoy,565,https://stockanalysis.com/analysts/Terry-McEvoy/
Edward Nash,Edward Nash,566,https://stockanalysis.com/analysts/Edward-Nash/
George Kelly,George Kelly,567,https://stockanalysis.com/analysts/George-Kelly/
John DiFucci,John Difucci,568,https://stockanalysis.com/analysts/John-DiFucci/
Gil Luria,Gil Luria,569,https://stockanalysis.com/analysts/Gil-Luria/
Kelly Motta,Kelly Motta,570,https://stockanalysis.com/analysts/Kelly-Motta/
Steve Powers,Steve Powers,571,https://stockanalysis.com/analysts/Steve-Powers/
David Lebowitz,David Lebowitz,572,https://stockanalysis.com/analysts/David-Lebowitz/
Nigel Dally,Nigel Dally,573,https://stockanalysis.com/analysts/Nigel-Dally/
Troy Jensen,Troy Jensen,576,https://stockanalysis.com/analysts/Troy-Jensen/
Timna Tanners,Timna Tanners,577,https://stockanalysis.com/analysts/Timna-Tanners/
Brian Nowak,Brian Nowak,578,https://stockanalysis.com/analysts/Brian-Nowak/
Curry Baker,Curry Baker,579,https://stockanalysis.com/analysts/Curry-Baker/
John Kernan,John Kernan,580,https://stockanalysis.com/analysts/John-Kernan/
Moshe Orenbuch,Moshe Orenbuch,581,https://stockanalysis.com/analysts/Moshe-Orenbuch/
Matthew Bouley,Matthew Bouley,582,https://stockanalysis.com/analysts/Matthew-Bouley/
Shweta Khajuria,Shweta Khajuria,584,https://stockanalysis.com/analysts/Shweta-Khajuria/
Christopher Schoell,Christopher Schoell,585,https://stockanalysis.com/analysts/Christopher-Schoell/
Christopher Dendrinos,Christopher Dendrinos,586,https://stockanalysis.com/analysts/Christopher-Dendrinos/
Michael Carrier,Michael Carrier,590,https://stockanalysis.com/analysts/Michael-Carrier/
Kevin Fischbeck,Kevin Fischbeck,591,https://stockanalysis.com/analysts/Kevin-Fischbeck/
Judah Frommer,Judah Frommer,592,https://stockanalysis.com/analysts/Judah-Frommer/
Anthony Stoss,Anthony Stoss,593,https://stockanalysis.com/analysts/Anthony-Stoss/
Dan Leonard,Dan Leonard,595,https://stockanalysis.com/analysts/Dan-Leonard/
Brian Ossenbeck,Brian Ossenbeck,596,https://stockanalysis.com/analysts/Brian-Ossenbeck/
Catharine Trebnick,Catharine Trebnick,597,https://stockanalysis.com/analysts/Catharine-Trebnick/
Srini Pajjuri,Srini Pajjuri,598,https://stockanalysis.com/analysts/Srini-Pajjuri/
Chris Caso,Chris Caso,599,https://stockanalysis.com/analysts/Chris-Caso/
Rob Brown,Rob Brown,600,https://stockanalysis.com/analysts/Rob-Brown/
Simeon Gutman,Simeon Gutman,601,https://stockanalysis.com/analysts/Simeon-Gutman/
Eric Luebchow,Eric Luebchow,602,https://stockanalysis.com/analysts/Eric-Luebchow/
Ryan Zimmerman,Ryan Zimmerman,603,https://stockanalysis.com/analysts/Ryan-Zimmerman/
Arthur He,Arthur He,604,https://stockanalysis.com/analysts/Arthur-He/
Leo Mariani,Leo Mariani,605,https://stockanalysis.com/analysts/Leo-Mariani/
Jeffrey Meuler,Jeffrey Meuler,606,https://stockanalysis.com/analysts/Jeffrey-Meuler/
Michael Rose,Michael Rose,607,https://stockanalysis.com/analysts/Michael-Rose/
Buck Horne,Buck Horne,608,https://stockanalysis.com/analysts/Buck-Horne/
John Blackledge,John Blackledge,610,https://stockanalysis.com/analysts/John-Blackledge/
Ryan Krueger,Ryan Krueger,611,https://stockanalysis.com/analysts/Ryan-Krueger/
Michael Cherny,Michael Cherny,612,https://stockanalysis.com/analysts/Michael-Cherny/
Olivia Tong,Olivia Tong,613,https://stockanalysis.com/analysts/Olivia-Tong/
Jake Bartlett,Jake Bartlett,614,https://stockanalysis.com/analysts/Jake-Bartlett/
Dan Dolev,Dan Dolev,615,https://stockanalysis.com/analysts/Dan-Dolev/
Stephen Willey,Stephen Willey,616,https://stockanalysis.com/analysts/Stephen-Willey/
Kate McShane,Kate McShane,618,https://stockanalysis.com/analysts/Kate-McShane/
Mark Schappel,Mark Schappel,619,https://stockanalysis.com/analysts/Mark-Schappel/
Eric Gonzalez,Eric Gonzalez,620,https://stockanalysis.com/analysts/Eric-Gonzalez/
Justin Patterson,Justin Patterson,621,https://stockanalysis.com/analysts/Justin-Patterson/
Thomas Chong,Thomas Chong,622,https://stockanalysis.com/analysts/Thomas-Chong/
Kyle Joseph,Kyle Joseph,624,https://stockanalysis.com/analysts/Kyle-Joseph/
Greg Pardy,Greg Pardy,625,https://stockanalysis.com/analysts/Greg-Pardy/
Douglas Tsao,Douglas Tsao,626,https://stockanalysis.com/analysts/Douglas-Tsao/
Russell Gunther,Russell Gunther,627,https://stockanalysis.com/analysts/Russell-Gunther/
Owen Lau,Owen Lau,628,https://stockanalysis.com/analysts/Owen-Lau/
Damian Karas,Damian Karas,629,https://stockanalysis.com/analysts/Damian-Karas/
Jim Duffy,Jim Duffy,630,https://stockanalysis.com/analysts/Jim-Duffy/
Savanthi Syth,Savanthi Syth,631,https://stockanalysis.com/analysts/Savanthi-Syth/
Steven Delaney,Steven Delaney,632,https://stockanalysis.com/analysts/Steven-Delaney/
Jason Mills,Jason Mills,634,https://stockanalysis.com/analysts/Jason-Mills/
Anthony Crowdell,Anthony Crowdell,635,https://stockanalysis.com/analysts/Anthony-Crowdell/
Michael Binetti,Michael Binetti,636,https://stockanalysis.com/analysts/Michael-Binetti/
Ian Zaffino,Ian Zaffino,637,https://stockanalysis.com/analysts/Ian-Zaffino/
Peter Christiansen,Peter Christiansen,638,https://stockanalysis.com/analysts/Peter-Christiansen/
Jason Zemansky,Jason Zemansky,640,https://stockanalysis.com/analysts/Jason-Zemansky/
Daniel Markowitz,Daniel Markowitz,641,https://stockanalysis.com/analysts/Daniel-Markowitz/
Gautam Khanna,Gautam Khanna,643,https://stockanalysis.com/analysts/Gautam-Khanna/
Ruplu Bhattacharya,Ruplu Bhattacharya,645,https://stockanalysis.com/analysts/Ruplu-Bhattacharya/
Adam Hotchkiss,Adam Hotchkiss,646,https://stockanalysis.com/analysts/Adam-Hotchkiss/
Josh Baer,Josh Baer,647,https://stockanalysis.com/analysts/Josh-Baer/
Evan Seigerman,Evan Seigerman,648,https://stockanalysis.com/analysts/Evan-Seigerman/
Swayampakula Ramakanth,Swayampakula Ramakanth,650,https://stockanalysis.com/analysts/Swayampakula-Ramakanth/
Tanya Jakusconek,Tanya Jakusconek,651,https://stockanalysis.com/analysts/Tanya-Jakusconek/
Robert Mason,Robert Mason,652,https://stockanalysis.com/analysts/Robert-Mason/
Kevin Garrigan,Kevin Garrigan,653,https://stockanalysis.com/analysts/Kevin-Garrigan/
Ryan Todd,Ryan Todd,654,https://stockanalysis.com/analysts/Ryan-Todd/
David Long,David Long,655,https://stockanalysis.com/analysts/David-Long/
Alicia Yap,Alicia Yap,656,https://stockanalysis.com/analysts/Alicia-Yap/
Jeremy Tonet,Jeremy Tonet,658,https://stockanalysis.com/analysts/Jeremy-Tonet/
Sam Reid,Sam Reid,660,https://stockanalysis.com/analysts/Sam-Reid/
Alex Straton,Alex Straton,661,https://stockanalysis.com/analysts/Alex-Straton/
Michael Lavery,Michael Lavery,662,https://stockanalysis.com/analysts/Michael-Lavery/
Robin Farley,Robin Farley,664,https://stockanalysis.com/analysts/Robin-Farley/
Alex Zukin,Alex Zukin,665,https://stockanalysis.com/analysts/Alex-Zukin/
Steven Cahall,Steven Cahall,666,https://stockanalysis.com/analysts/Steven-Cahall/
Alec Brondolo,Alec Brondolo,667,https://stockanalysis.com/analysts/Alec-Brondolo/
Louie DiPalma,Louie DiPalma,668,https://stockanalysis.com/analysts/Louie-DiPalma/
Shaul Eyal,Shaul Eyal,669,https://stockanalysis.com/analysts/Shaul-Eyal/
Nicole Deblase,Nicole Deblase,670,https://stockanalysis.com/analysts/Nicole-Deblase/
Jason Gabelman,Jason Gabelman,672,https://stockanalysis.com/analysts/Jason-Gabelman/
Edward Kelly,Edward Kelly,673,https://stockanalysis.com/analysts/Edward-Kelly/
Vladimir Bystricky,Vladimir Bystricky,674,https://stockanalysis.com/analysts/Vladimir-Bystricky/
Jeffrey Hung,Jeffrey Hung,675,https://stockanalysis.com/analysts/Jeffrey-Hung/
Stephanie Moore,Stephanie Moore,677,https://stockanalysis.com/analysts/Stephanie-Moore/
Kingsley Crane,Kingsley Crane,680,https://stockanalysis.com/analysts/Kingsley-Crane/
Mark Altschwager,Mark Altschwager,681,https://stockanalysis.com/analysts/Mark-Altschwager/
Danielle Brill,Danielle Brill,682,https://stockanalysis.com/analysts/Danielle-Brill/
Darren Aftahi,Darren Aftahi,683,https://stockanalysis.com/analysts/Darren-Aftahi/
Ovais Habib,Ovais Habib,684,https://stockanalysis.com/analysts/Ovais-Habib/
Dave Kang,Dave Kang,685,https://stockanalysis.com/analysts/Dave-Kang/
Myles Walton,Myles Walton,687,https://stockanalysis.com/analysts/Myles-Walton/
Alexandria Hammond,Alexandria Hammond,688,https://stockanalysis.com/analysts/Alexandria-Hammond/
Kash Rangan,Kash Rangan,689,https://stockanalysis.com/analysts/Kash-Rangan/
Adrienne Yih,Adrienne Yih,690,https://stockanalysis.com/analysts/Adrienne-Yih/
Miller Jump,Miller Jump,691,https://stockanalysis.com/analysts/Miller-Jump/
Stephen Trent,Stephen Trent,692,https://stockanalysis.com/analysts/Stephen-Trent/
Joseph Altobello,Joseph Altobello,693,https://stockanalysis.com/analysts/Joseph-Altobello/
Gil Blum,Gil Blum,694,https://stockanalysis.com/analysts/Gil-Blum/
Scott Fidel,Scott Fidel,695,https://stockanalysis.com/analysts/Scott-Fidel/
Mark Shmulik,Mark Shmulik,696,https://stockanalysis.com/analysts/Mark-Shmulik/
Andrew Terrell,Andrew Terrell,697,https://stockanalysis.com/analysts/Andrew-Terrell/
Stephen Grambling,Stephen Grambling,698,https://stockanalysis.com/analysts/Stephen-Grambling/
Michael Brown,Michael Brown,699,https://stockanalysis.com/analysts/Michael-Brown/
Stephen Gengaro,Stephen Gengaro,700,https://stockanalysis.com/analysts/Stephen-Gengaro/
Anthony Vendetti,Anthony Vendetti,701,https://stockanalysis.com/analysts/Anthony-Vendetti/
Mark DeVries,Mark Devries,703,https://stockanalysis.com/analysts/Mark-DeVries/
Richard Choe,Richard Choe,704,https://stockanalysis.com/analysts/Richard-Choe/
Richard Shane,Richard Shane,705,https://stockanalysis.com/analysts/Richard-Shane/
Erika Najarian,Erika Najarian,706,https://stockanalysis.com/analysts/Erika-Najarian/
Robbie Marcus,Robbie Marcus,707,https://stockanalysis.com/analysts/Robbie-Marcus/
Suraj Kalia,Suraj Kalia,708,https://stockanalysis.com/analysts/Suraj-Kalia/
Anthony Paolone,Anthony Paolone,710,https://stockanalysis.com/analysts/Anthony-Paolone/
Gregory Francfort,Gregory Francfort,711,https://stockanalysis.com/analysts/Gregory-Francfort/
David Vogt,David Vogt,712,https://stockanalysis.com/analysts/David-Vogt/
Michael Harrison,Michael Harrison,713,https://stockanalysis.com/analysts/Michael-Harrison/
Jayson Bedford,Jayson Bedford,715,https://stockanalysis.com/analysts/Jayson-Bedford/
Ashley Helgans,Ashley Helgans,716,https://stockanalysis.com/analysts/Ashley-Helgans/
Eric Coldwell,Eric Coldwell,717,https://stockanalysis.com/analysts/Eric-Coldwell/
John Staszak,John Staszak,718,https://stockanalysis.com/analysts/John-Staszak/
Peter Benedict,Peter Benedict,719,https://stockanalysis.com/analysts/Peter-Benedict/
Shneur Gershuni,Shneur Gershuni,720,https://stockanalysis.com/analysts/Shneur-Gershuni/
Erik Suppiger,Erik Suppiger,721,https://stockanalysis.com/analysts/Erik-Suppiger/
Chris Kuntarich,Chris Kuntarich,722,https://stockanalysis.com/analysts/Chris-Kuntarich/
Joe Quatrochi,Joe Quatrochi,723,https://stockanalysis.com/analysts/Joe-Quatrochi/
Ryan Nash,Ryan Nash,724,https://stockanalysis.com/analysts/Ryan-Nash/
Anthony Petrone,Anthony Petrone,725,https://stockanalysis.com/analysts/Anthony-Petrone/
James Hardiman,James Hardiman,726,https://stockanalysis.com/analysts/James-Hardiman/
Sameer Joshi,Sameer Joshi,728,https://stockanalysis.com/analysts/Sameer-Joshi/
Raj Kumar,Raj Kumar,729,https://stockanalysis.com/analysts/Raj-Kumar/
Ananda Ghosh,Ananda Ghosh,730,https://stockanalysis.com/analysts/Ananda-Ghosh/
Walter Spracklin,Walter Spracklin,731,https://stockanalysis.com/analysts/Walter-Spracklin/
Matthew Boss,Matthew Boss,732,https://stockanalysis.com/analysts/Matthew-Boss/
Scott Schneeberger,Scott Schneeberger,733,https://stockanalysis.com/analysts/Scott-Schneeberger/
Jared Shaw,Jared Shaw,734,https://stockanalysis.com/analysts/Jared-Shaw/
Brady Gailey,Brady Gailey,736,https://stockanalysis.com/analysts/Brady-Gailey/
Vincent Andrews,Vincent Andrews,738,https://stockanalysis.com/analysts/Vincent-Andrews/
David Chiaverini,David Chiaverini,739,https://stockanalysis.com/analysts/David-Chiaverini/
Michael Zaremski,Michael Zaremski,740,https://stockanalysis.com/analysts/Michael-Zaremski/
Adam Tindle,Adam Tindle,741,https://stockanalysis.com/analysts/Adam-Tindle/
Joseph Feldman,Joseph Feldman,742,https://stockanalysis.com/analysts/Joseph-Feldman/
Yi Chen,Yi Chen,743,https://stockanalysis.com/analysts/Yi-Chen/
Eric Schmidt,Eric Schmidt,744,https://stockanalysis.com/analysts/Eric-Schmidt/
Brian Foran,Brian Foran,746,https://stockanalysis.com/analysts/Brian-Foran/
Charles Minervino,Charles Minervino,747,https://stockanalysis.com/analysts/Charles-Minervino/
Ygal Arounian,Ygal Arounian,748,https://stockanalysis.com/analysts/Ygal-Arounian/
Brian Lee,Brian Lee,749,https://stockanalysis.com/analysts/Brian-Lee/
Anthony Bonadio,Anthony Bonadio,750,https://stockanalysis.com/analysts/Anthony-Bonadio/
Robert Brown,Robert Brown,751,https://stockanalysis.com/analysts/Robert-Brown/
Eric Wold,Eric Wold,752,https://stockanalysis.com/analysts/Eric-Wold/
James Heaney,James Heaney,753,https://stockanalysis.com/analysts/James-Heaney/
Matt Miksic,Matt Miksic,754,https://stockanalysis.com/analysts/Matt-Miksic/
Matthew Clark,Matthew Clark,755,https://stockanalysis.com/analysts/Matthew-Clark/
Patrick Donnelly,Patrick Donnelly,756,https://stockanalysis.com/analysts/Patrick-Donnelly/
Susan Anderson,Susan Anderson,757,https://stockanalysis.com/analysts/Susan-Anderson/
Paul Zimbardo,Paul Zimbardo,758,https://stockanalysis.com/analysts/Paul-Zimbardo/
Gautam Chhugani,Gautam Chhugani,759,https://stockanalysis.com/analysts/Gautam-Chhugani/
Bryan Kraft,Bryan Kraft,760,https://stockanalysis.com/analysts/Bryan-Kraft/
Paul Johnson,Paul Johnson,761,https://stockanalysis.com/analysts/Paul-Johnson/
Tao Qiu,Tao Qiu,762,https://stockanalysis.com/analysts/Tao-Qiu/
Mark Carden,Mark Carden,763,https://stockanalysis.com/analysts/Mark-Carden/
Stacy Rasgon,Stacy Rasgon,764,https://stockanalysis.com/analysts/Stacy-Rasgon/
Jason Gerberry,Jason Gerberry,765,https://stockanalysis.com/analysts/Jason-Gerberry/
Brooke Roach,Brooke Roach,766,https://stockanalysis.com/analysts/Brooke-Roach/
Manav Gupta,Manav Gupta,767,https://stockanalysis.com/analysts/Manav-Gupta/
Janine Stichter,Janine Stichter,768,https://stockanalysis.com/analysts/Janine-Stichter/
Nicole Germino,Nicole Germino,770,https://stockanalysis.com/analysts/Nicole-Germino/
Jason Haas,Jason Haas,772,https://stockanalysis.com/analysts/Jason-Haas/
Suneet Kamath,Suneet Kamath,775,https://stockanalysis.com/analysts/Suneet-Kamath/
Stephen Biggar,Stephen Biggar,776,https://stockanalysis.com/analysts/Stephen-Biggar/
Leah Jordan,Leah Jordan,777,https://stockanalysis.com/analysts/Leah-Jordan/
Sanjay Sakhrani,Sanjay Sakhrani,778,https://stockanalysis.com/analysts/Sanjay-Sakhrani/
Chris Parkinson,Chris Parkinson,780,https://stockanalysis.com/analysts/Chris-Parkinson/
David Motemaden,David Motemaden,781,https://stockanalysis.com/analysts/David-Motemaden/
John Colantuoni,John Colantuoni,782,https://stockanalysis.com/analysts/John-Colantuoni/
Dominick Gabriele,Dominick Gabriele,784,https://stockanalysis.com/analysts/Dominick-Gabriele/
Laurence Alexander,Laurence Alexander,786,https://stockanalysis.com/analysts/Laurence-Alexander/
Andrew Mok,Andrew Mok,787,https://stockanalysis.com/analysts/Andrew-Mok/
Carter Gould,Carter Gould,788,https://stockanalysis.com/analysts/Carter-Gould/
Brian Skorney,Brian Skorney,789,https://stockanalysis.com/analysts/Brian-Skorney/
Edward Woo,Edward Woo,790,https://stockanalysis.com/analysts/Edward-Woo/
Chris Schott,Chris Schott,791,https://stockanalysis.com/analysts/Chris-Schott/
John Pancari,John Pancari,792,https://stockanalysis.com/analysts/John-Pancari/
Curt Woodworth,Curt Woodworth,793,https://stockanalysis.com/analysts/Curt-Woodworth/
Anupam Rama,Anupam Rama,794,https://stockanalysis.com/analysts/Anupam-Rama/
Durgesh Chopra,Durgesh Chopra,796,https://stockanalysis.com/analysts/Durgesh-Chopra/
Patrick Jones,Patrick Jones,797,https://stockanalysis.com/analysts/Patrick-Jones/
Jonathan Reeder,Jonathan Reeder,798,https://stockanalysis.com/analysts/Jonathan-Reeder/
Silvan Tuerkcan,Silvan Tuerkcan,799,https://stockanalysis.com/analysts/Silvan-Tuerkcan/
Chris LaFemina,Chris LaFemina,801,https://stockanalysis.com/analysts/Chris-LaFemina/
David Rodgers,David Rodgers,802,https://stockanalysis.com/analysts/David-Rodgers/
Paul Lejuez,Paul Lejuez,803,https://stockanalysis.com/analysts/Paul-Lejuez/
Lorraine Hutchinson,Lorraine Hutchinson,804,https://stockanalysis.com/analysts/Lorraine-Hutchinson/
Frank Lee,Frank Lee,805,https://stockanalysis.com/analysts/Frank-Lee/
Jeffrey Zekauskas,Jeffrey Zekauskas,806,https://stockanalysis.com/analysts/Jeffrey-Zekauskas/
Robert Drbul,Robert Drbul,807,https://stockanalysis.com/analysts/Robert-Drbul/
Jimmy Bhullar,Jimmy Bhullar,808,https://stockanalysis.com/analysts/Jimmy-Bhullar/
Kevin Steinke,Kevin Steinke,809,https://stockanalysis.com/analysts/Kevin-Steinke/
Mayank Tandon,Mayank Tandon,810,https://stockanalysis.com/analysts/Mayank-Tandon/
Matt Koranda,Matt Koranda,811,https://stockanalysis.com/analysts/Matt-Koranda/
Andrew Jeffrey,Andrew Jeffrey,813,https://stockanalysis.com/analysts/Andrew-Jeffrey/
Doug Schenkel,Doug Schenkel,814,https://stockanalysis.com/analysts/Doug-Schenkel/
Benjamin Black,Benjamin Black,815,https://stockanalysis.com/analysts/Benjamin-Black/
Bill Selesky,Bill Selesky,816,https://stockanalysis.com/analysts/Bill-Selesky/
James Faucette,James Faucette,817,https://stockanalysis.com/analysts/James-Faucette/
Jamie Baker,Jamie Baker,818,https://stockanalysis.com/analysts/Jamie-Baker/
Liisa Bayko,Liisa Bayko,819,https://stockanalysis.com/analysts/Liisa-Bayko/
Steven Zaccone,Steven Zaccone,821,https://stockanalysis.com/analysts/Steven-Zaccone/
John Heinbockel,John Heinbockel,822,https://stockanalysis.com/analysts/John-Heinbockel/
Jonathan Komp,Jonathan Komp,823,https://stockanalysis.com/analysts/Jonathan-Komp/
Michael Linenberg,Michael Linenberg,825,https://stockanalysis.com/analysts/Michael-Linenberg/
Michael Carroll,Michael Carroll,826,https://stockanalysis.com/analysts/Michael-Carroll/
Joseph Giordano,Joseph Giordano,827,https://stockanalysis.com/analysts/Joseph-Giordano/
Larry Biegelsen,Larry Biegelsen,828,https://stockanalysis.com/analysts/Larry-Biegelsen/
Lauren Silberman,Lauren Silberman,829,https://stockanalysis.com/analysts/Lauren-Silberman/
Stephen Volkmann,Stephen Volkmann,830,https://stockanalysis.com/analysts/Stephen-Volkmann/
Paul Choi,Paul Choi,831,https://stockanalysis.com/analysts/Paul-Choi/
Brandt Montour,Brandt Montour,832,https://stockanalysis.com/analysts/Brandt-Montour/
Steven Seedhouse,Steven Seedhouse,833,https://stockanalysis.com/analysts/Steven-Seedhouse/
Julien Blouin,Julien Blouin,834,https://stockanalysis.com/analysts/Julien-Blouin/
Pooran Sharma,Pooran Sharma,835,https://stockanalysis.com/analysts/Pooran-Sharma/
John Dunn,John Dunn,836,https://stockanalysis.com/analysts/John-Dunn/
Wyatt Swanson,Wyatt Swanson,837,https://stockanalysis.com/analysts/Wyatt-Swanson/
David Windley,David Windley,838,https://stockanalysis.com/analysts/David-Windley/
Bascome Majors,Bascome Majors,840,https://stockanalysis.com/analysts/Bascome-Majors/
Timur Braziler,Timur Braziler,841,https://stockanalysis.com/analysts/Timur-Braziler/
Pinjalim Bora,Pinjalim Bora,842,https://stockanalysis.com/analysts/Pinjalim-Bora/
Graig Suvannavejh,Graig Suvannavejh,843,https://stockanalysis.com/analysts/Graig-Suvannavejh/
Raghuram Selvaraju,Raghuram Selvaraju,844,https://stockanalysis.com/analysts/Raghuram-Selvaraju/
Joseph Bonner,Joseph Bonner,846,https://stockanalysis.com/analysts/Joseph-Bonner/
Duane Pfennigwerth,Duane Pfennigwerth,847,https://stockanalysis.com/analysts/Duane-Pfennigwerth/
Aidan Hall,Aidan Hall,848,https://stockanalysis.com/analysts/Aidan-Hall/
Steven Shemesh,Steven Shemesh,849,https://stockanalysis.com/analysts/Steven-Shemesh/
Sabahat Khan,Sabahat Khan,850,https://stockanalysis.com/analysts/Sabahat-Khan/
David Risinger,David Risinger,851,https://stockanalysis.com/analysts/David-Risinger/
Michael Walkley,Michael Walkley,852,https://stockanalysis.com/analysts/Michael-Walkley/
Steven Forbes,Steven Forbes,853,https://stockanalysis.com/analysts/Steven-Forbes/
Andrew Strelzik,Andrew Strelzik,855,https://stockanalysis.com/analysts/Andrew-Strelzik/
Danielle Antalffy,Danielle Antalffy,856,https://stockanalysis.com/analysts/Danielle-Antalffy/
Ryan MacDonald,Ryan MacDonald,857,https://stockanalysis.com/analysts/Ryan-MacDonald/
Mark Moerdler,Mark Moerdler,858,https://stockanalysis.com/analysts/Mark-Moerdler/
Arren Cyganovich,Arren Cyganovich,859,https://stockanalysis.com/analysts/Arren-Cyganovich/
Stanley Elliott,Stanley Elliott,861,https://stockanalysis.com/analysts/Stanley-Elliott/
Adrian Huerta,Adrian Huerta,862,https://stockanalysis.com/analysts/Adrian-Huerta/
Brian Kinstlinger,Brian Kinstlinger,865,https://stockanalysis.com/analysts/Brian-Kinstlinger/
Andrew Charles,Andrew Charles,866,https://stockanalysis.com/analysts/Andrew-Charles/
Andrew Marok,Andrew Marok,867,https://stockanalysis.com/analysts/Andrew-Marok/
Harry Fong,Harry Fong,868,https://stockanalysis.com/analysts/Harry-Fong/
Steven Chubak,Steven Chubak,869,https://stockanalysis.com/analysts/Steven-Chubak/
Michael Montani,Michael Montani,871,https://stockanalysis.com/analysts/Michael-Montani/
James Fotheringham,James Fotheringham,872,https://stockanalysis.com/analysts/James-Fotheringham/
Aaron Kessler,Aaron Kessler,873,https://stockanalysis.com/analysts/Aaron-Kessler/
Simon Yarmak,Simon Yarmak,874,https://stockanalysis.com/analysts/Simon-Yarmak/
Liam Burke,Liam Burke,875,https://stockanalysis.com/analysts/Liam-Burke/
Barry Jonas,Barry Jonas,876,https://stockanalysis.com/analysts/Barry-Jonas/
Stephen Laszczyk,Stephen Laszczyk,877,https://stockanalysis.com/analysts/Stephen-Laszczyk/
Josh Wolfson,Josh Wolfson,880,https://stockanalysis.com/analysts/Josh-Wolfson/
Jeffrey Bernstein,Jeffrey Bernstein,882,https://stockanalysis.com/analysts/Jeffrey-Bernstein/
Lizzie Dove,Lizzie Dove,883,https://stockanalysis.com/analysts/Lizzie-Dove/
Matt McGinley,Matt McGinley,884,https://stockanalysis.com/analysts/Matt-McGinley/
Sebastiano Petti,Sebastiano Petti,886,https://stockanalysis.com/analysts/Sebastiano-Petti/
Jeff Martin,Jeff Martin,887,https://stockanalysis.com/analysts/Jeff-Martin/
Brian Bittner,Brian Bittner,888,https://stockanalysis.com/analysts/Brian-Bittner/
Bryan Spillane,Bryan Spillane,889,https://stockanalysis.com/analysts/Bryan-Spillane/
Vincent Colicchio,Vincent Colicchio,890,https://stockanalysis.com/analysts/Vincent-Colicchio/
Michael Shlisky,Michael Shlisky,891,https://stockanalysis.com/analysts/Michael-Shlisky/
Saul Martinez,Saul Martinez,892,https://stockanalysis.com/analysts/Saul-Martinez/
John Glass,John Glass,893,https://stockanalysis.com/analysts/John-Glass/
David Vernon,David Vernon,895,https://stockanalysis.com/analysts/David-Vernon/
William Crow,William Crow,896,https://stockanalysis.com/analysts/William-Crow/
Edward Yang,Edward Yang,897,https://stockanalysis.com/analysts/Edward-Yang/
Ken Hoexter,Ken Hoexter,899,https://stockanalysis.com/analysts/Ken-Hoexter/
Ben Hendrix,Ben Hendrix,900,https://stockanalysis.com/analysts/Ben-Hendrix/
Daniel Politzer,Daniel Politzer,901,https://stockanalysis.com/analysts/Daniel-Politzer/
Christopher Kuhn,Christopher Kuhn,902,https://stockanalysis.com/analysts/Christopher-Kuhn/
Gregory Renza,Gregory Renza,904,https://stockanalysis.com/analysts/Gregory-Renza/
Greg Palm,Greg Palm,906,https://stockanalysis.com/analysts/Greg-Palm/
Annabel Samimy,Annabel Samimy,907,https://stockanalysis.com/analysts/Annabel-Samimy/
Patrick Colville,Patrick Colville,908,https://stockanalysis.com/analysts/Patrick-Colville/
John Baumgartner,John Baumgartner,909,https://stockanalysis.com/analysts/John-Baumgartner/
Laura Chico,Laura Chico,910,https://stockanalysis.com/analysts/Laura-Chico/
Pito Chickering,Pito Chickering,911,https://stockanalysis.com/analysts/Pito-Chickering/
Jeff Grampp,Jeff Grampp,913,https://stockanalysis.com/analysts/Jeff-Grampp/
Thomas Shrader,Thomas Shrader,914,https://stockanalysis.com/analysts/Thomas-Shrader/
David Hynes,David Hynes,916,https://stockanalysis.com/analysts/David-Hynes/
Roger Song,Roger Song,917,https://stockanalysis.com/analysts/Roger-Song/
Dana Telsey,Dana Telsey,918,https://stockanalysis.com/analysts/Dana-Telsey/
Daniel Jester,Daniel Jester,920,https://stockanalysis.com/analysts/Daniel-Jester/
Brian Fitzgerald,Brian Fitzgerald,921,https://stockanalysis.com/analysts/Brian-Fitzgerald/
Timothy Wojs,Timothy Wojs,922,https://stockanalysis.com/analysts/Timothy-Wojs/
Douglas Miehm,Douglas Miehm,923,https://stockanalysis.com/analysts/Douglas-Miehm/
Alexander Sklar,Alexander Sklar,924,https://stockanalysis.com/analysts/Alexander-Sklar/
Daniel Ford,Daniel Ford,925,https://stockanalysis.com/analysts/Daniel-Ford/
Oliver Wintermantel,Oliver Wintermantel,926,https://stockanalysis.com/analysts/Oliver-Wintermantel/
Steven Valiquette,Steven Valiquette,927,https://stockanalysis.com/analysts/Steven-Valiquette/
Lisa Gill,Lisa Gill,929,https://stockanalysis.com/analysts/Lisa-Gill/
Timothy Chiodo,Timothy Chiodo,930,https://stockanalysis.com/analysts/Timothy-Chiodo/
Matthew Smith,Matthew Smith,931,https://stockanalysis.com/analysts/Matthew-Smith/
William Plovanic,William Plovanic,932,https://stockanalysis.com/analysts/William-Plovanic/
Lawson Winder,Lawson Winder,933,https://stockanalysis.com/analysts/Lawson-Winder/
Ryan MacWilliams,Ryan Macwilliams,934,https://stockanalysis.com/analysts/Ryan-MacWilliams/
Ryan Macwilliams,Ryan Macwilliams,934,https://stockanalysis.com/analysts/Ryan-Macwilliams/
Adam Jonas,Adam Jonas,937,https://stockanalysis.com/analysts/Adam-Jonas/
Maher Yaghi,Maher Yaghi,938,https://stockanalysis.com/analysts/Maher-Yaghi/
Rob Oliver,Rob Oliver,939,https://stockanalysis.com/analysts/Rob-Oliver/
Brandon Oglenski,Brandon Oglenski,940,https://stockanalysis.com/analysts/Brandon-Oglenski/
Alex Scott,Alex Scott,941,https://stockanalysis.com/analysts/Alex-Scott/
Jeremy Hamblin,Jeremy Hamblin,944,https://stockanalysis.com/analysts/Jeremy-Hamblin/
Sachin Salgaonkar,Sachin Salgaonkar,945,https://stockanalysis.com/analysts/Sachin-Salgaonkar/
David Anderson,David Anderson,946,https://stockanalysis.com/analysts/David-Anderson/
Siti Panigrahi,Siti Panigrahi,947,https://stockanalysis.com/analysts/Siti-Panigrahi/
Tazeen Ahmad,Tazeen Ahmad,948,https://stockanalysis.com/analysts/Tazeen-Ahmad/
Etzer Darout,Etzer Darout,949,https://stockanalysis.com/analysts/Etzer-Darout/
Prakhar Agrawal,Prakhar Agrawal,950,https://stockanalysis.com/analysts/Prakhar-Agrawal/
Daniel Fannon,Daniel Fannon,952,https://stockanalysis.com/analysts/Daniel-Fannon/
Gerry Sweeney,Gerry Sweeney,953,https://stockanalysis.com/analysts/Gerry-Sweeney/
Roger Read,Roger Read,954,https://stockanalysis.com/analysts/Roger-Read/
Stephen Richardson,Stephen Richardson,955,https://stockanalysis.com/analysts/Stephen-Richardson/
Matthew Harrison,Matthew Harrison,956,https://stockanalysis.com/analysts/Matthew-Harrison/
Sophie Karp,Sophie Karp,959,https://stockanalysis.com/analysts/Sophie-Karp/
Anna Andreeva,Anna Andreeva,961,https://stockanalysis.com/analysts/Anna-Andreeva/
Eliana Merle,Eliana Merle,962,https://stockanalysis.com/analysts/Eliana-Merle/
Michael Swartz,Michael Swartz,963,https://stockanalysis.com/analysts/Michael-Swartz/
Debanjana Chatterjee,Debanjana Chatterjee,964,https://stockanalysis.com/analysts/Debanjana-Chatterjee/
Kyle Bauser,Kyle Bauser,965,https://stockanalysis.com/analysts/Kyle-Bauser/
Bryan Bergin,Bryan Bergin,966,https://stockanalysis.com/analysts/Bryan-Bergin/
Praneeth Satish,Praneeth Satish,967,https://stockanalysis.com/analysts/Praneeth-Satish/
Subash Chandra,Subash Chandra,968,https://stockanalysis.com/analysts/Subash-Chandra/
Gena Wang,Gena Wang,969,https://stockanalysis.com/analysts/Gena-Wang/
Craig Kennison,Craig Kennison,970,https://stockanalysis.com/analysts/Craig-Kennison/
David Lebovitz,David Lebovitz,971,https://stockanalysis.com/analysts/David-Lebovitz/
Drew Crum,Drew Crum,972,https://stockanalysis.com/analysts/Drew-Crum/
Jonathan Matuszewski,Jonathan Matuszewski,973,https://stockanalysis.com/analysts/Jonathan-Matuszewski/
Ashwani Verma,Ashwani Verma,974,https://stockanalysis.com/analysts/Ashwani-Verma/
Gaurav Jain,Gaurav Jain,975,https://stockanalysis.com/analysts/Gaurav-Jain/
Darrin Peller,Darrin Peller,977,https://stockanalysis.com/analysts/Darrin-Peller/
Derek Podhaizer,Derek Podhaizer,978,https://stockanalysis.com/analysts/Derek-Podhaizer/
Scott Stember,Scott Stember,979,https://stockanalysis.com/analysts/Scott-Stember/
Tito Labarta,Tito Labarta,980,https://stockanalysis.com/analysts/Tito-Labarta/
Joe Feldman,Joe Feldman,981,https://stockanalysis.com/analysts/Joe-Feldman/
John McNulty,John McNulty,982,https://stockanalysis.com/analysts/John-McNulty/
Koji Ikeda,Koji Ikeda,983,https://stockanalysis.com/analysts/Koji-Ikeda/
Scott Gruber,Scott Gruber,984,https://stockanalysis.com/analysts/Scott-Gruber/
Patrick Walravens,Patrick Walravens,985,https://stockanalysis.com/analysts/Patrick-Walravens/
Mario Lu,Mario Lu,986,https://stockanalysis.com/analysts/Mario-Lu/
Pablo Monsivais,Pablo Monsivais,987,https://stockanalysis.com/analysts/Pablo-Monsivais/
Jason Celino,Jason Celino,988,https://stockanalysis.com/analysts/Jason-Celino/
Trevor Young,Trevor Young,989,https://stockanalysis.com/analysts/Trevor-Young/
Damon Delmonte,Damon Delmonte,990,https://stockanalysis.com/analysts/Damon-Delmonte/
Todd Thomas,Todd Thomas,991,https://stockanalysis.com/analysts/Todd-Thomas/
Connor Siversky,Connor Siversky,992,https://stockanalysis.com/analysts/Connor-Siversky/
Peter Supino,Peter Supino,993,https://stockanalysis.com/analysts/Peter-Supino/
Tomohiko Sano,Tomohiko Sano,995,https://stockanalysis.com/analysts/Tomohiko-Sano/
Eddie Leung,Eddie Leung,996,https://stockanalysis.com/analysts/Eddie-Leung/
Richard Anderson,Richard Anderson,997,https://stockanalysis.com/analysts/Richard-Anderson/
Ronald Kamdem,Ronald Kamdem,998,https://stockanalysis.com/analysts/Ronald-Kamdem/
Betsy Graseck,Betsy Graseck,999,https://stockanalysis.com/analysts/Betsy-Graseck/
Mike Polark,Mike Polark,1000,https://stockanalysis.com/analysts/Mike-Polark/
Howard Ma,Howard Ma,1001,https://stockanalysis.com/analysts/Howard-Ma/
Kyle Peterson,Kyle Peterson,1002,https://stockanalysis.com/analysts/Kyle-Peterson/
Lee Hambright,Lee Hambright,1003,https://stockanalysis.com/analysts/Lee-Hambright/
Bryan Burgmeier,Bryan Burgmeier,1004,https://stockanalysis.com/analysts/Bryan-Burgmeier/
Ryan Merkel,Ryan Merkel,1006,https://stockanalysis.com/analysts/Ryan-Merkel/
Kevin Heal,Kevin Heal,1007,https://stockanalysis.com/analysts/Kevin-Heal/
Andrew Kligerman,Andrew Kligerman,1008,https://stockanalysis.com/analysts/Andrew-Kligerman/
Biren Amin,Biren Amin,1009,https://stockanalysis.com/analysts/Biren-Amin/
Yigal Nochomovitz,Yigal Nochomovitz,1011,https://stockanalysis.com/analysts/Yigal-Nochomovitz/
Andrea Teixeira,Andrea Teixeira,1012,https://stockanalysis.com/analysts/Andrea-Teixeira/
Jason Goldberg,Jason Goldberg,1013,https://stockanalysis.com/analysts/Jason-Goldberg/
Robert Wasserman,Robert Wasserman,1014,https://stockanalysis.com/analysts/Robert-Wasserman/
Rob Dickerson,Rob Dickerson,1015,https://stockanalysis.com/analysts/Rob-Dickerson/
Will Nance,Will Nance,1018,https://stockanalysis.com/analysts/Will-Nance/
Catherine Ramsey,Catherine Ramsey,1019,https://stockanalysis.com/analysts/Catherine-Ramsey/
Salveen Richter,Salveen Richter,1020,https://stockanalysis.com/analysts/Salveen-Richter/
David Begleiter,David Begleiter,1021,https://stockanalysis.com/analysts/David-Begleiter/
Anthony Chukumba,Anthony Chukumba,1022,https://stockanalysis.com/analysts/Anthony-Chukumba/
Vikram Malhorta,Vikram Malhorta,1023,https://stockanalysis.com/analysts/Vikram-Malhorta/
Peter Grom,Peter Grom,1024,https://stockanalysis.com/analysts/Peter-Grom/
Brian Schwartz,Brian Schwartz,1025,https://stockanalysis.com/analysts/Brian-Schwartz/
Chad Bennett,Chad Bennett,1028,https://stockanalysis.com/analysts/Chad-Bennett/
Christine Cho,Christine Cho,1029,https://stockanalysis.com/analysts/Christine-Cho/
Olivia Brayer,Olivia Brayer,1030,https://stockanalysis.com/analysts/Olivia-Brayer/
Andrew Schmidt,Andrew Schmidt,1031,https://stockanalysis.com/analysts/Andrew-Schmidt/
Jeffrey Stevenson,Jeffrey Stevenson,1032,https://stockanalysis.com/analysts/Jeffrey-Stevenson/
Peter Peng,Peter Peng,1033,https://stockanalysis.com/analysts/Peter-Peng/
Elizabeth Suzuki,Elizabeth Suzuki,1035,https://stockanalysis.com/analysts/Elizabeth-Suzuki/
James Schneider,James Schneider,1036,https://stockanalysis.com/analysts/James-Schneider/
Christopher Raymond,Christopher Raymond,1037,https://stockanalysis.com/analysts/Christopher-Raymond/
Dennis Geiger,Dennis Geiger,1038,https://stockanalysis.com/analysts/Dennis-Geiger/
Michael Turrin,Michael Turrin,1039,https://stockanalysis.com/analysts/Michael-Turrin/
Chris Carey,Chris Carey,1040,https://stockanalysis.com/analysts/Chris-Carey/
Cristina Fernandez,Cristina Fernandez,1042,https://stockanalysis.com/analysts/Cristina-Fernandez/
Corey Tarlowe,Corey Tarlowe,1043,https://stockanalysis.com/analysts/Corey-Tarlowe/
Mike Matson,Mike Matson,1044,https://stockanalysis.com/analysts/Mike-Matson/
Thomas Flaten,Thomas Flaten,1045,https://stockanalysis.com/analysts/Thomas-Flaten/
Steven Alexopoulos,Steven Alexopoulos,1046,https://stockanalysis.com/analysts/Steven-Alexopoulos/
Joshua Chan,Joshua Chan,1047,https://stockanalysis.com/analysts/Joshua-Chan/
Kannan Venkateshwar,Kannan Venkateshwar,1049,https://stockanalysis.com/analysts/Kannan-Venkateshwar/
Mani Foroohar,Mani Foroohar,1050,https://stockanalysis.com/analysts/Mani-Foroohar/
Bonnie Herzog,Bonnie Herzog,1052,https://stockanalysis.com/analysts/Bonnie-Herzog/
Brian Nagel,Brian Nagel,1053,https://stockanalysis.com/analysts/Brian-Nagel/
Dori Kesten,Dori Kesten,1055,https://stockanalysis.com/analysts/Dori-Kesten/
Eric Martinuzzi,Eric Martinuzzi,1056,https://stockanalysis.com/analysts/Eric-Martinuzzi/
Joseph Schwartz,Joseph Schwartz,1057,https://stockanalysis.com/analysts/Joseph-Schwartz/
Himanshu Gupta,Himanshu Gupta,1058,https://stockanalysis.com/analysts/Himanshu-Gupta/
Wilma Burdis,Wilma Burdis,1059,https://stockanalysis.com/analysts/Wilma-Burdis/
Simon Coles,Simon Coles,1062,https://stockanalysis.com/analysts/Simon-Coles/
Thomas Gallagher,Thomas Gallagher,1063,https://stockanalysis.com/analysts/Thomas-Gallagher/
Steve Sakwa,Steve Sakwa,1064,https://stockanalysis.com/analysts/Steve-Sakwa/
John Royall,John Royall,1066,https://stockanalysis.com/analysts/John-Royall/
Peter Saleh,Peter Saleh,1068,https://stockanalysis.com/analysts/Peter-Saleh/
Jason Seidl,Jason Seidl,1070,https://stockanalysis.com/analysts/Jason-Seidl/
Thiago Batista,Thiago Batista,1071,https://stockanalysis.com/analysts/Thiago-Batista/
Mathieu Robilliard,Mathieu Robilliard,1072,https://stockanalysis.com/analysts/Mathieu-Robilliard/
Mark Zgutowicz,Mark Zgutowicz,1073,https://stockanalysis.com/analysts/Mark-Zgutowicz/
Jonathan Atkin,Jonathan Atkin,1074,https://stockanalysis.com/analysts/Jonathan-Atkin/
Lee Simpson,Lee Simpson,1075,https://stockanalysis.com/analysts/Lee-Simpson/
Kevin Fitzsimmons,Kevin Fitzsimmons,1076,https://stockanalysis.com/analysts/Kevin-Fitzsimmons/
David Rescott,David Rescott,1077,https://stockanalysis.com/analysts/David-Rescott/
Daniel Moore,Daniel Moore,1078,https://stockanalysis.com/analysts/Daniel-Moore/
John Kim,John Kim,1080,https://stockanalysis.com/analysts/John-Kim/
Jason Wittes,Jason Wittes,1081,https://stockanalysis.com/analysts/Jason-Wittes/
Chad Beynon,Chad Beynon,1082,https://stockanalysis.com/analysts/Chad-Beynon/
Benjamin Theurer,Benjamin Theurer,1083,https://stockanalysis.com/analysts/Benjamin-Theurer/
Daniel Tamayo,Daniel Tamayo,1084,https://stockanalysis.com/analysts/Daniel-Tamayo/
Mitchell Kapoor,Mitchell Kapoor,1085,https://stockanalysis.com/analysts/Mitchell-Kapoor/
Alex Platt,Alex Platt,1103,https://stockanalysis.com/analysts/Alex-Platt/
Scott Ciccarelli,Scott Ciccarelli,1113,https://stockanalysis.com/analysts/Scott-Ciccarelli/
David Stanton,David Stanton,1123,https://stockanalysis.com/analysts/David-Stanton/
Max Michaelis,Max Michaelis,1134,https://stockanalysis.com/analysts/Max-Michaelis/
Levi Spry,Levi Spry,1136,https://stockanalysis.com/analysts/Levi-Spry/
Mariana Perez,Mariana Perez,1141,https://stockanalysis.com/analysts/Mariana-Perez/
Kevin Liu,Kevin Liu,1144,https://stockanalysis.com/analysts/Kevin-Liu/
Maria Thibault,Maria Thibault,1148,https://stockanalysis.com/analysts/Maria-Thibault/
Andrew Coombs,Andrew Coombs,1149,https://stockanalysis.com/analysts/Andrew-Coombs/
Lee Krowl,Lee Krowl,1150,https://stockanalysis.com/analysts/Lee-Krowl/
Mohammed Khallouf,Mohammed Khallouf,1152,https://stockanalysis.com/analysts/Mohammed-Khallouf/
Peyton Dorne,Peyton Dorne,1156,https://stockanalysis.com/analysts/Peyton-Dorne/
James Feldman,James Feldman,1157,https://stockanalysis.com/analysts/James-Feldman/
David Saxon,David Saxon,1158,https://stockanalysis.com/analysts/David-Saxon/
Daniel Magder,Daniel Magder,1159,https://stockanalysis.com/analysts/Daniel-Magder/
Bert Subin,Bert Subin,1166,https://stockanalysis.com/analysts/Bert-Subin/
Stephen Baxter,Stephen Baxter,1167,https://stockanalysis.com/analysts/Stephen-Baxter/
Clarke Jeffries,Clarke Jeffries,1168,https://stockanalysis.com/analysts/Clarke-Jeffries/
Eric Winmill,Eric Winmill,1170,https://stockanalysis.com/analysts/Eric-Winmill/
Sidney Ho,Sidney Ho,1175,https://stockanalysis.com/analysts/Sidney-Ho/
Yuri Fernandes,Yuri Fernandes,1176,https://stockanalysis.com/analysts/Yuri-Fernandes/
Josh Nichols,Josh Nichols,1178,https://stockanalysis.com/analysts/Josh-Nichols/
Brian Harbour,Brian Harbour,1179,https://stockanalysis.com/analysts/Brian-Harbour/
Terry Tillman,Terry Tillman,1180,https://stockanalysis.com/analysts/Terry-Tillman/
Mitch Germain,Mitch Germain,1181,https://stockanalysis.com/analysts/Mitch-Germain/
Daniel Chan,Daniel Chan,1184,https://stockanalysis.com/analysts/Daniel-Chan/
Phillip Jungwirth,Phillip Jungwirth,1185,https://stockanalysis.com/analysts/Phillip-Jungwirth/
Mihir Bhatia,Mihir Bhatia,1186,https://stockanalysis.com/analysts/Mihir-Bhatia/
Austin Moeller,Austin Moeller,1187,https://stockanalysis.com/analysts/Austin-Moeller/
Bill Papanastasiou,Bill Papanastasiou,1192,https://stockanalysis.com/analysts/Bill-Papanastasiou/
Ted Jackson,Ted Jackson,1197,https://stockanalysis.com/analysts/Ted-Jackson/
Cory Carpenter,Cory Carpenter,1198,https://stockanalysis.com/analysts/Cory-Carpenter/
Joshua Reilly,Joshua Reilly,1199,https://stockanalysis.com/analysts/Joshua-Reilly/
Matthew McClintock,Matthew McClintock,1207,https://stockanalysis.com/analysts/Matthew-McClintock/
Chris Baker,Chris Baker,1208,https://stockanalysis.com/analysts/Chris-Baker/
Zhihan Ma,Zhihan Ma,1211,https://stockanalysis.com/analysts/Zhihan-Ma/
Aleksey Yefremov,Aleksey Yefremov,1212,https://stockanalysis.com/analysts/Aleksey-Yefremov/
Nicholas Yulico,Nicholas Yulico,1213,https://stockanalysis.com/analysts/Nicholas-Yulico/
Andrew Cooper,Andrew Cooper,1214,https://stockanalysis.com/analysts/Andrew-Cooper/
Neal Dingmann,Neal Dingmann,1215,https://stockanalysis.com/analysts/Neal-Dingmann/
Matthew Erdner,Matthew Erdner,1216,https://stockanalysis.com/analysts/Matthew-Erdner/
Joseph Pantginis,Joseph Pantginis,1217,https://stockanalysis.com/analysts/Joseph-Pantginis/
Carly Kenselaar,Carly Kenselaar,1219,https://stockanalysis.com/analysts/Carly-Kenselaar/
Philip Ng,Philip Ng,1224,https://stockanalysis.com/analysts/Philip-Ng/
Jonathan Hughes,Jonathan Hughes,1226,https://stockanalysis.com/analysts/Jonathan-Hughes/
Ross Gilardi,Ross Gilardi,1227,https://stockanalysis.com/analysts/Ross-Gilardi/
Karl Shepard,Karl Shepard,1229,https://stockanalysis.com/analysts/Karl-Shepard/
Yun Zhong,Yun Zhong,1230,https://stockanalysis.com/analysts/Yun-Zhong/
Michael Sison,Michael Sison,1231,https://stockanalysis.com/analysts/Michael-Sison/
Arun Jayaram,Arun Jayaram,1232,https://stockanalysis.com/analysts/Arun-Jayaram/
Patrick Brown,Patrick Brown,1241,https://stockanalysis.com/analysts/Patrick-Brown/
Matthew Murphy,Matthew Murphy,1243,https://stockanalysis.com/analysts/Matthew-Murphy/
Jake Sekelsky,Jake Sekelsky,1244,https://stockanalysis.com/analysts/Jake-Sekelsky/
Tommy McJoynt,Tommy McJoynt,1246,https://stockanalysis.com/analysts/Tommy-McJoynt/
John Kilichowski,John Kilichowski,1247,https://stockanalysis.com/analysts/John-Kilichowski/
Lucas Servera,Lucas Servera,1248,https://stockanalysis.com/analysts/Lucas-Servera/
Tom White,Tom White,1249,https://stockanalysis.com/analysts/Tom-White/
John Rogers,John Rogers,1251,https://stockanalysis.com/analysts/John-Rogers/
Vijay Jayant,Vijay Jayant,1254,https://stockanalysis.com/analysts/Vijay-Jayant/
Cameron Bean,Cameron Bean,1255,https://stockanalysis.com/analysts/Cameron-Bean/
Jason Cassorla,Jason Cassorla,1256,https://stockanalysis.com/analysts/Jason-Cassorla/
James Goss,James Goss,1257,https://stockanalysis.com/analysts/James-Goss/
David Palmer,David Palmer,1258,https://stockanalysis.com/analysts/David-Palmer/
Caitlin Cronin,Caitlin Cronin,1259,https://stockanalysis.com/analysts/Caitlin-Cronin/
James Rollyson,James Rollyson,1260,https://stockanalysis.com/analysts/James-Rollyson/
Scott Hanold,Scott Hanold,1261,https://stockanalysis.com/analysts/Scott-Hanold/
Ed Yang,Ed Yang,1265,https://stockanalysis.com/analysts/Ed-Yang/
Pierre Ferragu,Pierre Ferragu,1270,https://stockanalysis.com/analysts/Pierre-Ferragu/
Anne Ling,Anne Ling,1271,https://stockanalysis.com/analysts/Anne-Ling/
Brandon Folkes,Brandon Folkes,1278,https://stockanalysis.com/analysts/Brandon-Folkes/
Alex Yao,Alex Yao,1296,https://stockanalysis.com/analysts/Alex-Yao/
Ben Isaacson,Ben Isaacson,1297,https://stockanalysis.com/analysts/Ben-Isaacson/
Ali Faghri,Ali Faghri,1304,https://stockanalysis.com/analysts/Ali-Faghri/
Nigel Coe,Nigel Coe,1307,https://stockanalysis.com/analysts/Nigel-Coe/
Darko Mihelic,Darko Mihelic,1309,https://stockanalysis.com/analysts/Darko-Mihelic/
James Sheehan,James Sheehan,1318,https://stockanalysis.com/analysts/James-Sheehan/
Karol Chmiel,Karol Chmiel,1321,https://stockanalysis.com/analysts/Karol-Chmiel/
James Shin,James Shin,1328,https://stockanalysis.com/analysts/James-Shin/
Tim Huff,Tim Huff,1329,https://stockanalysis.com/analysts/Tim-Huff/
Srini Pajjuir,Srini Pajjuir,1343,https://stockanalysis.com/analysts/Srini-Pajjuir/
Michael Kaye,Michael Kaye,1350,https://stockanalysis.com/analysts/Michael-Kaye/
Alexander Pearce,Alexander Pearce,1355,https://stockanalysis.com/analysts/Alexander-Pearce/
Ryan Pfingst,Ryan Pfingst,1356,https://stockanalysis.com/analysts/Ryan-Pfingst/
Sandeep Deshpande,Sandeep Deshpande,1360,https://stockanalysis.com/analysts/Sandeep-Deshpande/
Jack Meehan,Jack Meehan,1361,https://stockanalysis.com/analysts/Jack-Meehan/
Daley Li,Daley Li,1363,https://stockanalysis.com/analysts/Daley-Li/
Kyle Mikson,Kyle Mikson,1365,https://stockanalysis.com/analysts/Kyle-Mikson/
Christopher Nardone,Christopher Nardone,1366,https://stockanalysis.com/analysts/Christopher-Nardone/
Jimmy Shan,Jimmy Shan,1373,https://stockanalysis.com/analysts/Jimmy-Shan/
Sohrab Movahedi,Sohrab Movahedi,1375,https://stockanalysis.com/analysts/Sohrab-Movahedi/
Kian Abouhossein,Kian Abouhossein,1381,https://stockanalysis.com/analysts/Kian-Abouhossein/
James Callahan,James Callahan,1399,https://stockanalysis.com/analysts/James-Callahan/
Rajesh Kumar,Rajesh Kumar,1404,https://stockanalysis.com/analysts/Rajesh-Kumar/
Anna Lizzul,Anna Lizzul,1405,https://stockanalysis.com/analysts/Anna-Lizzul/
Zach Parham,Zach Parham,1406,https://stockanalysis.com/analysts/Zach-Parham/
Sanjeev Rana,Sanjeev Rana,1409,https://stockanalysis.com/analysts/Sanjeev-Rana/
Doug Creutz,Doug Creutz,1416,https://stockanalysis.com/analysts/Doug-Creutz/
Jeff Kessler,Jeff Kessler,1424,https://stockanalysis.com/analysts/Jeff-Kessler/
Jennifer Demba,Jennifer Demba,1426,https://stockanalysis.com/analysts/Jennifer-Demba/
Max Rakhlenko,Max Rakhlenko,1427,https://stockanalysis.com/analysts/Max-Rakhlenko/
Paul Matteis,Paul Matteis,1428,https://stockanalysis.com/analysts/Paul-Matteis/
Aaron Hecht,Aaron Hecht,1429,https://stockanalysis.com/analysts/Aaron-Hecht/
Cosmos Chiu,Cosmos Chiu,1435,https://stockanalysis.com/analysts/Cosmos-Chiu/
James Sidoti,James Sidoti,1442,https://stockanalysis.com/analysts/James-Sidoti/
Mark Weintraub,Mark Weintraub,1443,https://stockanalysis.com/analysts/Mark-Weintraub/
Brad Heffern,Brad Heffern,1448,https://stockanalysis.com/analysts/Brad-Heffern/
Alexander Slagle,Alexander Slagle,1454,https://stockanalysis.com/analysts/Alexander-Slagle/
Matt OBrien,Matt OBrien,1455,https://stockanalysis.com/analysts/Matt-OBrien/
John Wilkin,John Wilkin,1458,https://stockanalysis.com/analysts/John-Wilkin/
Richard Repetto,Richard Repetto,1463,https://stockanalysis.com/analysts/Richard-Repetto/
Andrew Uerkwitz,Andrew Uerkwitz,1465,https://stockanalysis.com/analysts/Andrew-Uerkwitz/
Brent Navon,Brent Navon,1468,https://stockanalysis.com/analysts/Brent-Navon/
Luke Hannan,Luke Hannan,1470,https://stockanalysis.com/analysts/Luke-Hannan/
Ati Modak,Ati Modak,1471,https://stockanalysis.com/analysts/Ati-Modak/
Kaio Prato,Kaio Prato,1472,https://stockanalysis.com/analysts/Kaio-Prato/
Amos Fletcher,Amos Fletcher,1481,https://stockanalysis.com/analysts/Amos-Fletcher/
Philippe Houchois,Philippe Houchois,1485,https://stockanalysis.com/analysts/Philippe-Houchois/
Stephen Bersey,Stephen Bersey,1486,https://stockanalysis.com/analysts/Stephen-Bersey/
Austin Wurschmidt,Austin Wurschmidt,1487,https://stockanalysis.com/analysts/Austin-Wurschmidt/
Faiza Alwy,Faiza Alwy,1488,https://stockanalysis.com/analysts/Faiza-Alwy/
Zijie Yang,Zijie Yang,1491,https://stockanalysis.com/analysts/Zijie-Yang/
George Bose,George Bose,1495,https://stockanalysis.com/analysts/George-Bose/
Sam Crittenden,Sam Crittenden,1498,https://stockanalysis.com/analysts/Sam-Crittenden/
Phil Hardie,Phil Hardie,1499,https://stockanalysis.com/analysts/Phil-Hardie/
Sebastien Naji,Sebastien Naji,1501,https://stockanalysis.com/analysts/Sebastien-Naji/
Patty Kanada,Patty Kanada,1503,https://stockanalysis.com/analysts/Patty-Kanada/
Jeff Cohen,Jeff Cohen,1508,https://stockanalysis.com/analysts/Jeff-Cohen/
Elizabeth Garcia,Elizabeth Garcia,1513,https://stockanalysis.com/analysts/Elizabeth-Garcia/
Paul Fremont,Paul Fremont,1519,https://stockanalysis.com/analysts/Paul-Fremont/
Omotayo Okusanya,Omotayo Okusanya,1520,https://stockanalysis.com/analysts/Omotayo-Okusanya/
John Hecht,John Hecht,1522,https://stockanalysis.com/analysts/John-Hecht/
Daniel Kutz,Daniel Kutz,1523,https://stockanalysis.com/analysts/Daniel-Kutz/
Mason Carrico,Mason Carrico,1524,https://stockanalysis.com/analysts/Mason-Carrico/
Alexander Waters,Alexander Waters,1530,https://stockanalysis.com/analysts/Alexander-Waters/
Dennis Ip,Dennis Ip,1534,https://stockanalysis.com/analysts/Dennis-Ip/
Andrea Alfonso,Andrea Alfonso,1535,https://stockanalysis.com/analysts/Andrea-Alfonso/
Brad Capuzzi,Brad Capuzzi,1537,https://stockanalysis.com/analysts/Brad-Capuzzi/
Jonathan Ho,Jonathan Ho,1538,https://stockanalysis.com/analysts/Jonathan-Ho/
Aaron Kimson,Aaron Kimson,1542,https://stockanalysis.com/analysts/Aaron-Kimson/
Jeff Rulis,Jeff Rulis,1543,https://stockanalysis.com/analysts/Jeff-Rulis/
Ralph Profiti,Ralph Profiti,1545,https://stockanalysis.com/analysts/Ralph-Profiti/
Jean Ann,Jean Ann,1549,https://stockanalysis.com/analysts/Jean-Ann/
Bruno Montanari,Bruno Montanari,1559,https://stockanalysis.com/analysts/Bruno-Montanari/
Ranjan Sharma,Ranjan Sharma,1562,https://stockanalysis.com/analysts/Ranjan-Sharma/
Stan Zlotsky,Stan Zlotsky,1567,https://stockanalysis.com/analysts/Stan-Zlotsky/
Steven Lichtman,Steven Lichtman,1568,https://stockanalysis.com/analysts/Steven-Lichtman/
Mark Lear,Mark Lear,1569,https://stockanalysis.com/analysts/Mark-Lear/
Greg Parrish,Greg Parrish,1570,https://stockanalysis.com/analysts/Greg-Parrish/
Shane Brett,Shane Brett,1572,https://stockanalysis.com/analysts/Shane-Brett/
Christopher Liu,Christopher Liu,1575,https://stockanalysis.com/analysts/Christopher-Liu/
Francisco Suarez,Francisco Suarez,1578,https://stockanalysis.com/analysts/Francisco-Suarez/
George Hill,George Hill,1586,https://stockanalysis.com/analysts/George-Hill/
Robert Dodd,Robert Dodd,1587,https://stockanalysis.com/analysts/Robert-Dodd/
Joyce Ju,Joyce Ju,1588,https://stockanalysis.com/analysts/Joyce-Ju/
Patrick Wood,Patrick Wood,1589,https://stockanalysis.com/analysts/Patrick-Wood/
Surinder Thind,Surinder Thind,1590,https://stockanalysis.com/analysts/Surinder-Thind/
Mickey Schleien,Mickey Schleien,1591,https://stockanalysis.com/analysts/Mickey-Schleien/
Ed Vyvyan,Ed Vyvyan,1595,https://stockanalysis.com/analysts/Ed-Vyvyan/
James Gordon,James Gordon,1599,https://stockanalysis.com/analysts/James-Gordon/
Ben Miller,Ben Miller,1606,https://stockanalysis.com/analysts/Ben-Miller/
Cherilyn Radbourne,Cherilyn Radbourne,1610,https://stockanalysis.com/analysts/Cherilyn-Radbourne/
Andrew Andersen,Andrew Andersen,1612,https://stockanalysis.com/analysts/Andrew-Andersen/
Marc Goodman,Marc Goodman,1613,https://stockanalysis.com/analysts/Marc-Goodman/
Tom Nikic,Tom Nikic,1614,https://stockanalysis.com/analysts/Tom-Nikic/
Joseph Dickerson,Joseph Dickerson,1616,https://stockanalysis.com/analysts/Joseph-Dickerson/
Medhi Hosseini,Medhi Hosseini,1621,https://stockanalysis.com/analysts/Medhi-Hosseini/
Craig Hutchison,Craig Hutchison,1624,https://stockanalysis.com/analysts/Craig-Hutchison/
Alex Irving,Alex Irving,1625,https://stockanalysis.com/analysts/Alex-Irving/
Todd Coupland,Todd Coupland,1630,https://stockanalysis.com/analysts/Todd-Coupland/
Rustam Kanga,Rustam Kanga,1632,https://stockanalysis.com/analysts/Rustam-Kanga/
Kunal Madhukar,Kunal Madhukar,1633,https://stockanalysis.com/analysts/Kunal-Madhukar/
Randy Binner,Randy Binner,1635,https://stockanalysis.com/analysts/Randy-Binner/
Vitor Tomita,Vitor Tomita,1637,https://stockanalysis.com/analysts/Vitor-Tomita/
Korinne Wolfmeyer,Korinne Wolfmeyer,1641,https://stockanalysis.com/analysts/Korinne-Wolfmeyer/
Adam Vogel,Adam Vogel,1645,https://stockanalysis.com/analysts/Adam-Vogel/
Kelsey Chia,Kelsey Chia,1649,https://stockanalysis.com/analysts/Kelsey-Chia/
Samuel Nielsen,Samuel Nielsen,1653,https://stockanalysis.com/analysts/Samuel-Nielsen/
Mike Harris,Mike Harris,1654,https://stockanalysis.com/analysts/Mike-Harris/
Venugopal Garre,Venugopal Garre,1655,https://stockanalysis.com/analysts/Venugopal-Garre/
Paul Jeng,Paul Jeng,1664,https://stockanalysis.com/analysts/Paul-Jeng/
Robert Stallard,Robert Stallard,1670,https://stockanalysis.com/analysts/Robert-Stallard/
Linda Huang,Linda Huang,1673,https://stockanalysis.com/analysts/Linda-Huang/
Benjamin Soff,Benjamin Soff,1675,https://stockanalysis.com/analysts/Benjamin-Soff/
Brandon Vazquez,Brandon Vazquez,1676,https://stockanalysis.com/analysts/Brandon-Vazquez/
Austin Bohlig,Austin Bohlig,1679,https://stockanalysis.com/analysts/Austin-Bohlig/
Connor Murphy,Connor Murphy,1682,https://stockanalysis.com/analysts/Connor-Murphy/
Vijit Jain,Vijit Jain,1683,https://stockanalysis.com/analysts/Vijit-Jain/
John Egbert,John Egbert,1684,https://stockanalysis.com/analysts/John-Egbert/
Marc Bianchi,Marc Bianchi,1687,https://stockanalysis.com/analysts/Marc-Bianchi/
Ricardo Rezende,Ricardo Rezende,1688,https://stockanalysis.com/analysts/Ricardo-Rezende/
Tom McGovern,Tom McGovern,1694,https://stockanalysis.com/analysts/Tom-McGovern/
Scott Davis,Scott Davis,1698,https://stockanalysis.com/analysts/Scott-Davis/
Tara Bancroft,Tara Bancroft,1701,https://stockanalysis.com/analysts/Tara-Bancroft/
Alexander Duval,Alexander Duval,1707,https://stockanalysis.com/analysts/Alexander-Duval/
Dave Rochester,Dave Rochester,1713,https://stockanalysis.com/analysts/Dave-Rochester/
Ryan Gravett,Ryan Gravett,1722,https://stockanalysis.com/analysts/Ryan-Gravett/
Daniel Clark,Daniel Clark,1726,https://stockanalysis.com/analysts/Daniel-Clark/
Mark Newman,Mark Newman,1727,https://stockanalysis.com/analysts/Mark-Newman/
Alex Nowark,Alex Nowark,1733,https://stockanalysis.com/analysts/Alex-Nowark/
Charles Meade,Charles Meade,1735,https://stockanalysis.com/analysts/Charles-Meade/
Christopher Carril,Christopher Carril,1740,https://stockanalysis.com/analysts/Christopher-Carril/
Curtis Nagle,Curtis Nagle,1741,https://stockanalysis.com/analysts/Curtis-Nagle/
Phillip Blee,Phillip Blee,1748,https://stockanalysis.com/analysts/Phillip-Blee/
Vikram Gandhi,Vikram Gandhi,1751,https://stockanalysis.com/analysts/Vikram-Gandhi/
Michael Doumet,Michael Doumet,1754,https://stockanalysis.com/analysts/Michael-Doumet/
Chuck Grom,Chuck Grom,1759,https://stockanalysis.com/analysts/Chuck-Grom/
Madhu Kumar,Madhu Kumar,1761,https://stockanalysis.com/analysts/Madhu-Kumar/
Jason Kolbert,Jason Kolbert,1763,https://stockanalysis.com/analysts/Jason-Kolbert/
Michael Perito,Michael Perito,1775,https://stockanalysis.com/analysts/Michael-Perito/
Scott Graham,Scott Graham,1776,https://stockanalysis.com/analysts/Scott-Graham/
Aaron Bilkoski,Aaron Bilkoski,1780,https://stockanalysis.com/analysts/Aaron-Bilkoski/
Joanna Gajuk,Joanna Gajuk,1781,https://stockanalysis.com/analysts/Joanna-Gajuk/
Robert Young,Robert Young,1794,https://stockanalysis.com/analysts/Robert-Young/
Kevin Barker,Kevin Barker,1796,https://stockanalysis.com/analysts/Kevin-Barker/
Jonathan Petersen,Jonathan Petersen,1797,https://stockanalysis.com/analysts/Jonathan-Petersen/
Patrick Kenny,Patrick Kenny,1798,https://stockanalysis.com/analysts/Patrick-Kenny/
Matt Venezia,Matt Venezia,1800,https://stockanalysis.com/analysts/Matt-Venezia/
Jeet Mukherjee,Jeet Mukherjee,1811,https://stockanalysis.com/analysts/Jeet-Mukherjee/
Michael Gaugler,Michael Gaugler,1812,https://stockanalysis.com/analysts/Michael-Gaugler/
Andrew Baum,Andrew Baum,1815,https://stockanalysis.com/analysts/Andrew-Baum/
Maxwell Skor,Maxwell Skor,1816,https://stockanalysis.com/analysts/Maxwell-Skor/
Arthur Truslove,Arthur Truslove,1817,https://stockanalysis.com/analysts/Arthur-Truslove/
Daryl Young,Daryl Young,1818,https://stockanalysis.com/analysts/Daryl-Young/
Andy Barish,Andy Barish,1826,https://stockanalysis.com/analysts/Andy-Barish/
Raj Sharma,Raj Sharma,1828,https://stockanalysis.com/analysts/Raj-Sharma/
Justin Kleber,Justin Kleber,1829,https://stockanalysis.com/analysts/Justin-Kleber/
Vikram Kesavabhotla,Vikram Kesavabhotla,1848,https://stockanalysis.com/analysts/Vikram-Kesavabhotla/
Anne Meisner,Anne Meisner,1861,https://stockanalysis.com/analysts/Anne-Meisner/
Michael Weinstein,Michael Weinstein,1863,https://stockanalysis.com/analysts/Michael-Weinstein/
Vivek Juneja,Vivek Juneja,1865,https://stockanalysis.com/analysts/Vivek-Juneja/
Scott Group,Scott Group,1866,https://stockanalysis.com/analysts/Scott-Group/
Avinatan Jaroslawicz,Avinatan Jaroslawicz,1872,https://stockanalysis.com/analysts/Avinatan-Jaroslawicz/
Seyon Park,Seyon Park,1879,https://stockanalysis.com/analysts/Seyon-Park/
Steven Madden,Steven Madden,1880,https://stockanalysis.com/analysts/Steven-Madden/
Vincent Sinisi,Vincent Sinisi,1882,https://stockanalysis.com/analysts/Vincent-Sinisi/
James Condulis,James Condulis,1887,https://stockanalysis.com/analysts/James-Condulis/
Brian Morrison,Brian Morrison,1888,https://stockanalysis.com/analysts/Brian-Morrison/
Nikhil Devnani,Nikhil Devnani,1896,https://stockanalysis.com/analysts/Nikhil-Devnani/
Edlain Rodriguez,Edlain Rodriguez,1897,https://stockanalysis.com/analysts/Edlain-Rodriguez/
Nicholas Thomas,Nicholas Thomas,1898,https://stockanalysis.com/analysts/Nicholas-Thomas/
Philip Cusick,Philip Cusick,1905,https://stockanalysis.com/analysts/Philip-Cusick/
Sudan Loganathan,Sudan Loganathan,1907,https://stockanalysis.com/analysts/Sudan-Loganathan/
Michael Schmitz,Michael Schmitz,1915,https://stockanalysis.com/analysts/Michael-Schmitz/
Michael Cho,Michael Cho,1917,https://stockanalysis.com/analysts/Michael-Cho/
Sean McLoughlin,Sean McLoughlin,1927,https://stockanalysis.com/analysts/Sean-McLoughlin/
Anderson Schock,Anderson Schock,1928,https://stockanalysis.com/analysts/Anderson-Schock/
Mark Cash,Mark Cash,1931,https://stockanalysis.com/analysts/Mark-Cash/
David Kang,David Kang,1937,https://stockanalysis.com/analysts/David-Kang/
Junaid Siddiqui,Junaid Siddiqui,1938,https://stockanalysis.com/analysts/Junaid-Siddiqui/
Randal Konik,Randal Konik,1942,https://stockanalysis.com/analysts/Randal-Konik/
Myles Allsop,Myles Allsop,1952,https://stockanalysis.com/analysts/Myles-Allsop/
Ken Worthington,Ken Worthington,1953,https://stockanalysis.com/analysts/Ken-Worthington/
Griffin Bryan,Griffin Bryan,1954,https://stockanalysis.com/analysts/Griffin-Bryan/
Jon Hickman,Jon Hickman,1964,https://stockanalysis.com/analysts/Jon-Hickman/
Juan Sanabria,Juan Sanabria,1965,https://stockanalysis.com/analysts/Juan-Sanabria/
Corinne Johnson,Corinne Johnson,1967,https://stockanalysis.com/analysts/Corinne-Johnson/
Justin Walsh,Justin Walsh,1968,https://stockanalysis.com/analysts/Justin-Walsh/
Christopher Souther,Christopher Souther,1969,https://stockanalysis.com/analysts/Christopher-Souther/
Timothy Hoff,Timothy Hoff,1973,https://stockanalysis.com/analysts/Timothy-Hoff/
Jefferson Harralson,Jefferson Harralson,1976,https://stockanalysis.com/analysts/Jefferson-Harralson/
Lisa Walter,Lisa Walter,1978,https://stockanalysis.com/analysts/Lisa-Walter/
Jared Dinges,Jared Dinges,1980,https://stockanalysis.com/analysts/Jared-Dinges/
Timothy Coffey,Timothy Coffey,1982,https://stockanalysis.com/analysts/Timothy-Coffey/
Brian Quast,Brian Quast,1984,https://stockanalysis.com/analysts/Brian-Quast/
Michael Morton,Michael Morton,1985,https://stockanalysis.com/analysts/Michael-Morton/
Brock Vandervliet,Brock Vandervliet,1988,https://stockanalysis.com/analysts/Brock-Vandervliet/
Alex Stranahan,Alex Stranahan,1990,https://stockanalysis.com/analysts/Alex-Stranahan/
Andrea Newkirk,Andrea Newkirk,1998,https://stockanalysis.com/analysts/Andrea-Newkirk/
Jeff Schmitt,Jeff Schmitt,1999,https://stockanalysis.com/analysts/Jeff-Schmitt/
Ross Sparenblek,Ross Sparenblek,2000,https://stockanalysis.com/analysts/Ross-Sparenblek/
Robert Farnam,Robert Farnam,2005,https://stockanalysis.com/analysts/Robert-Farnam/
Erwan Rambourg,Erwan Rambourg,2007,https://stockanalysis.com/analysts/Erwan-Rambourg/
Adam Samuelson,Adam Samuelson,2009,https://stockanalysis.com/analysts/Adam-Samuelson/
David Larsen,David Larsen,2011,https://stockanalysis.com/analysts/David-Larsen/
Andrei Stadnik,Andrei Stadnik,2013,https://stockanalysis.com/analysts/Andrei-Stadnik/
Polo Tang,Polo Tang,2021,https://stockanalysis.com/analysts/Polo-Tang/
Mark Jarvi,Mark Jarvi,2022,https://stockanalysis.com/analysts/Mark-Jarvi/
Jenny Ping,Jenny Ping,2037,https://stockanalysis.com/analysts/Jenny-Ping/
Nathan Rice,Nathan Rice,2052,https://stockanalysis.com/analysts/Nathan-Rice/
Matt Farrell,Matt Farrell,2053,https://stockanalysis.com/analysts/Matt-Farrell/
Soumit Roy,Soumit Roy,2054,https://stockanalysis.com/analysts/Soumit-Roy/
Pradeep Ramani,Pradeep Ramani,2056,https://stockanalysis.com/analysts/Pradeep-Ramani/
Bryce Rowe,Bryce Rowe,2063,https://stockanalysis.com/analysts/Bryce-Rowe/
Charles Zhu,Charles Zhu,2064,https://stockanalysis.com/analysts/Charles-Zhu/
Christopher Merwin,Christopher Merwin,2066,https://stockanalysis.com/analysts/Christopher-Merwin/
Trevor Allred,Trevor Allred,2073,https://stockanalysis.com/analysts/Trevor-Allred/
Gregory Miller,Gregory Miller,2074,https://stockanalysis.com/analysts/Gregory-Miller/
David Lewis,David Lewis,2077,https://stockanalysis.com/analysts/David-Lewis/
Emma Xu,Emma Xu,2080,https://stockanalysis.com/analysts/Emma-Xu/
Christopher LeFemina,Christopher LeFemina,2082,https://stockanalysis.com/analysts/Christopher-LeFemina/
Ed Engel,Ed Engel,2086,https://stockanalysis.com/analysts/Ed-Engel/
David Lantz,David Lantz,2089,https://stockanalysis.com/analysts/David-Lantz/
Mike Kratky,Mike Kratky,2098,https://stockanalysis.com/analysts/Mike-Kratky/
Sam Slutsky,Sam Slutsky,2105,https://stockanalysis.com/analysts/Sam-Slutsky/
Cerena Chen,Cerena Chen,2106,https://stockanalysis.com/analysts/Cerena-Chen/
George Choi,George Choi,2107,https://stockanalysis.com/analysts/George-Choi/
Katja Jancic,Katja Jancic,2110,https://stockanalysis.com/analysts/Katja-Jancic/
Papa Sylla,Papa Sylla,2111,https://stockanalysis.com/analysts/Papa-Sylla/
Conor Fitzpatrick,Conor Fitzpatrick,2112,https://stockanalysis.com/analysts/Conor-Fitzpatrick/
Cleveland Rueckert,Cleveland Rueckert,2113,https://stockanalysis.com/analysts/Cleveland-Rueckert/
Jonna Kim,Jonna Kim,2121,https://stockanalysis.com/analysts/Jonna-Kim/
Joe Goodwin,Joe Goodwin,2122,https://stockanalysis.com/analysts/Joe-Goodwin/
Jamie Clark,Jamie Clark,2123,https://stockanalysis.com/analysts/Jamie-Clark/
Matthew Hewitt,Matthew Hewitt,2125,https://stockanalysis.com/analysts/Matthew-Hewitt/
Matthew Taylor,Matthew Taylor,2127,https://stockanalysis.com/analysts/Matthew-Taylor/
Ross Muken,Ross Muken,2128,https://stockanalysis.com/analysts/Ross-Muken/
Alex Thompson,Alex Thompson,2129,https://stockanalysis.com/analysts/Alex-Thompson/
Jim Sanderson,Jim Sanderson,2139,https://stockanalysis.com/analysts/Jim-Sanderson/
Heather Balsky,Heather Balsky,2142,https://stockanalysis.com/analysts/Heather-Balsky/
Brent Dilts,Brent Dilts,2145,https://stockanalysis.com/analysts/Brent-Dilts/
Tracy Benguigui,Tracy Benguigui,2147,https://stockanalysis.com/analysts/Tracy-Benguigui/
Farzin Haque,Farzin Haque,2149,https://stockanalysis.com/analysts/Farzin-Haque/
Adam Maeder,Adam Maeder,2150,https://stockanalysis.com/analysts/Adam-Maeder/
Craig Hettenbach,Craig Hettenbach,2162,https://stockanalysis.com/analysts/Craig-Hettenbach/
Samantha Hoh,Samantha Hoh,2166,https://stockanalysis.com/analysts/Samantha-Hoh/
Bryan Adams,Bryan Adams,2170,https://stockanalysis.com/analysts/Bryan-Adams/
Bill Kerr,Bill Kerr,2171,https://stockanalysis.com/analysts/Bill-Kerr/
Steve Hansen,Steve Hansen,2183,https://stockanalysis.com/analysts/Steve-Hansen/
Wesley Brooks,Wesley Brooks,2186,https://stockanalysis.com/analysts/Wesley-Brooks/
Marcelo Santos,Marcelo Santos,2190,https://stockanalysis.com/analysts/Marcelo-Santos/
Simon Clinch,Simon Clinch,2191,https://stockanalysis.com/analysts/Simon-Clinch/
Michael Gorman,Michael Gorman,2198,https://stockanalysis.com/analysts/Michael-Gorman/
Justin Zelin,Justin Zelin,2201,https://stockanalysis.com/analysts/Justin-Zelin/
Joseph Cardoso,Joseph Cardoso,2204,https://stockanalysis.com/analysts/Joseph-Cardoso/
Stephanie Grambling,Stephanie Grambling,2206,https://stockanalysis.com/analysts/Stephanie-Grambling/
Robert Fishman,Robert Fishman,2208,https://stockanalysis.com/analysts/Robert-Fishman/
Greg Lewis,Greg Lewis,2212,https://stockanalysis.com/analysts/Greg-Lewis/
Jairam Nathan,Jairam Nathan,2215,https://stockanalysis.com/analysts/Jairam-Nathan/
Sheila McGrath,Sheila McGrath,2220,https://stockanalysis.com/analysts/Sheila-McGrath/
Robert Oliver,Robert Oliver,2226,https://stockanalysis.com/analysts/Robert-Oliver/
Jonathan Keypour,Jonathan Keypour,2231,https://stockanalysis.com/analysts/Jonathan-Keypour/
Brian Holland,Brian Holland,2234,https://stockanalysis.com/analysts/Brian-Holland/
Dean Wilkinson,Dean Wilkinson,2236,https://stockanalysis.com/analysts/Dean-Wilkinson/
David Bishop,David Bishop,2248,https://stockanalysis.com/analysts/David-Bishop/
Bruno Amorim,Bruno Amorim,2250,https://stockanalysis.com/analysts/Bruno-Amorim/
Shaun Kelley,Shaun Kelley,2251,https://stockanalysis.com/analysts/Shaun-Kelley/
Kelly Crago,Kelly Crago,2259,https://stockanalysis.com/analysts/Kelly-Crago/
Prashant Rao,Prashant Rao,2261,https://stockanalysis.com/analysts/Prashant-Rao/
Jonathan Yong,Jonathan Yong,2264,https://stockanalysis.com/analysts/Jonathan-Yong/
Gregory Fraser,Gregory Fraser,2268,https://stockanalysis.com/analysts/Gregory-Fraser/
Lauren Lieberman,Lauren Lieberman,2270,https://stockanalysis.com/analysts/Lauren-Lieberman/
Pete Stavropoulos,Pete Stavropoulos,2271,https://stockanalysis.com/analysts/Pete-Stavropoulos/
Barry Oxford,Barry Oxford,2275,https://stockanalysis.com/analysts/Barry-Oxford/
Susy Tibaldi,Susy Tibaldi,2277,https://stockanalysis.com/analysts/Susy-Tibaldi/
Martin Auster,Martin Auster,2283,https://stockanalysis.com/analysts/Martin-Auster/
Thiago Bortoluci,Thiago Bortoluci,2284,https://stockanalysis.com/analysts/Thiago-Bortoluci/
Edward DeArias,Edward DeArias,2290,https://stockanalysis.com/analysts/Edward-DeArias/
Adam Baumgarten,Adam Baumgarten,2295,https://stockanalysis.com/analysts/Adam-Baumgarten/
Stephen Byrd,Stephen Byrd,2297,https://stockanalysis.com/analysts/Stephen-Byrd/
Ketan Mamtora,Ketan Mamtora,2298,https://stockanalysis.com/analysts/Ketan-Mamtora/
Robert Cox,Robert Cox,2299,https://stockanalysis.com/analysts/Robert-Cox/
Tom Hayes,Tom Hayes,2300,https://stockanalysis.com/analysts/Tom-Hayes/
Paul Coster,Paul Coster,2301,https://stockanalysis.com/analysts/Paul-Coster/
Joe Dickstein,Joe Dickstein,2307,https://stockanalysis.com/analysts/Joe-Dickstein/
Michael Nathanson,Michael Nathanson,2310,https://stockanalysis.com/analysts/Michael-Nathanson/
Michael Mueller,Michael Mueller,2311,https://stockanalysis.com/analysts/Michael-Mueller/
Glen Santangelo,Glen Santangelo,2314,https://stockanalysis.com/analysts/Glen-Santangelo/
Angie Storozynski,Angie Storozynski,2319,https://stockanalysis.com/analysts/Angie-Storozynski/
Victoria McCulloch,Victoria McCulloch,2320,https://stockanalysis.com/analysts/Victoria-McCulloch/
Anne Samuel,Anne Samuel,2327,https://stockanalysis.com/analysts/Anne-Samuel/
Bryan Maher,Bryan Maher,2329,https://stockanalysis.com/analysts/Bryan-Maher/
Andrew Bowler,Andrew Bowler,2330,https://stockanalysis.com/analysts/Andrew-Bowler/
Ryan Tunis,Ryan Tunis,2334,https://stockanalysis.com/analysts/Ryan-Tunis/
Tim Mulrooney,Tim Mulrooney,2338,https://stockanalysis.com/analysts/Tim-Mulrooney/
Daniel Hibshman,Daniel Hibshman,2343,https://stockanalysis.com/analysts/Daniel-Hibshman/
Matthew Hershenhorn,Matthew Hershenhorn,2346,https://stockanalysis.com/analysts/Matthew-Hershenhorn/
Christopher Marinac,Christopher Marinac,2350,https://stockanalysis.com/analysts/Christopher-Marinac/
Marcio Farid,Marcio Farid,2353,https://stockanalysis.com/analysts/Marcio-Farid/
Shagun Singh,Shagun Singh,2356,https://stockanalysis.com/analysts/Shagun-Singh/
George Galliers,George Galliers,2360,https://stockanalysis.com/analysts/George-Galliers/
Omar Mejias,Omar Mejias,2363,https://stockanalysis.com/analysts/Omar-Mejias/
Andrew Mikitchook,Andrew Mikitchook,2364,https://stockanalysis.com/analysts/Andrew-Mikitchook/
Jack Cummins,Jack Cummins,2367,https://stockanalysis.com/analysts/Jack-Cummins/
Ritu Baral,Ritu Baral,2368,https://stockanalysis.com/analysts/Ritu-Baral/
Joshua Jennings,Joshua Jennings,2369,https://stockanalysis.com/analysts/Joshua-Jennings/
Martin Jungfleisch,Martin Jungfleisch,2371,https://stockanalysis.com/analysts/Martin-Jungfleisch/
Asad Haider,Asad Haider,2377,https://stockanalysis.com/analysts/Asad-Haider/
David Hicks,David Hicks,2379,https://stockanalysis.com/analysts/David-Hicks/
Lisa Lewandowski,Lisa Lewandowski,2382,https://stockanalysis.com/analysts/Lisa-Lewandowski/
Chad Larkin,Chad Larkin,2384,https://stockanalysis.com/analysts/Chad-Larkin/
Benjamin Rossi,Benjamin Rossi,2387,https://stockanalysis.com/analysts/Benjamin-Rossi/
Melissa Weathers,Melissa Weathers,2391,https://stockanalysis.com/analysts/Melissa-Weathers/
Larry Solow,Larry Solow,2392,https://stockanalysis.com/analysts/Larry-Solow/
Richard Clarke,Richard Clarke,2393,https://stockanalysis.com/analysts/Richard-Clarke/
Saree Boroditsky,Saree Boroditsky,2394,https://stockanalysis.com/analysts/Saree-Boroditsky/
Ryland Conrad,Ryland Conrad,2399,https://stockanalysis.com/analysts/Ryland-Conrad/
David Belinger,David Belinger,2401,https://stockanalysis.com/analysts/David-Belinger/
Piyush Choudhary,Piyush Choudhary,2409,https://stockanalysis.com/analysts/Piyush-Choudhary/
Harold Goetsch,Harold Goetsch,2410,https://stockanalysis.com/analysts/Harold-Goetsch/
Rich Hilliker,Rich Hilliker,2411,https://stockanalysis.com/analysts/Rich-Hilliker/
Steve Wieczynski,Steve Wieczynski,2417,https://stockanalysis.com/analysts/Steve-Wieczynski/
Chiara Battistini,Chiara Battistini,2418,https://stockanalysis.com/analysts/Chiara-Battistini/
MarK Shutley,MarK Shutley,2419,https://stockanalysis.com/analysts/MarK-Shutley/
Sam Margolin,Sam Margolin,2421,https://stockanalysis.com/analysts/Sam-Margolin/
Camille Bonnel,Camille Bonnel,2423,https://stockanalysis.com/analysts/Camille-Bonnel/
Sean Steuart,Sean Steuart,2426,https://stockanalysis.com/analysts/Sean-Steuart/
Connor Lynagh,Connor Lynagh,2427,https://stockanalysis.com/analysts/Connor-Lynagh/
Filippo Falorni,Filippo Falorni,2428,https://stockanalysis.com/analysts/Filippo-Falorni/
Whit Mayo,Whit Mayo,2429,https://stockanalysis.com/analysts/Whit-Mayo/
Benjamin Miller,Benjamin Miller,2430,https://stockanalysis.com/analysts/Benjamin-Miller/
Sean Milligan,Sean Milligan,2439,https://stockanalysis.com/analysts/Sean-Milligan/
Matthew Harrigan,Matthew Harrigan,2443,https://stockanalysis.com/analysts/Matthew-Harrigan/
Tom Fitzgerald,Tom Fitzgerald,2453,https://stockanalysis.com/analysts/Tom-Fitzgerald/
Marco Limite,Marco Limite,2454,https://stockanalysis.com/analysts/Marco-Limite/
Brian Martin,Brian Martin,2459,https://stockanalysis.com/analysts/Brian-Martin/
Alex Haissl,Alex Haissl,2461,https://stockanalysis.com/analysts/Alex-Haissl/
David Bellinger,David Bellinger,2467,https://stockanalysis.com/analysts/David-Bellinger/
Kevin Grundy,Kevin Grundy,2468,https://stockanalysis.com/analysts/Kevin-Grundy/
Dan Silverstein,Dan Silverstein,2472,https://stockanalysis.com/analysts/Dan-Silverstein/
Karen Holthouse,Karen Holthouse,2479,https://stockanalysis.com/analysts/Karen-Holthouse/
Adam Bubes,Adam Bubes,2481,https://stockanalysis.com/analysts/Adam-Bubes/
Alejandro Demichelis,Alejandro Demichelis,2482,https://stockanalysis.com/analysts/Alejandro-Demichelis/
Carl Byrnes,Carl Byrnes,2483,https://stockanalysis.com/analysts/Carl-Byrnes/
Stephen Sheldon,Stephen Sheldon,2486,https://stockanalysis.com/analysts/Stephen-Sheldon/
Michael Bellisario,Michael Bellisario,2487,https://stockanalysis.com/analysts/Michael-Bellisario/
Peter Galbo,Peter Galbo,2488,https://stockanalysis.com/analysts/Peter-Galbo/
Jeffery Harte,Jeffery Harte,2489,https://stockanalysis.com/analysts/Jeffery-Harte/
Abhi Agarwal,Abhi Agarwal,2496,https://stockanalysis.com/analysts/Abhi-Agarwal/
Keegan Carl,Keegan Carl,2497,https://stockanalysis.com/analysts/Keegan-Carl/
Kenneth Worthington,Kenneth Worthington,2498,https://stockanalysis.com/analysts/Kenneth-Worthington/
Arjun Bhatia,Arjun Bhatia,2499,https://stockanalysis.com/analysts/Arjun-Bhatia/
Terry Ma,Terry Ma,2505,https://stockanalysis.com/analysts/Terry-Ma/
John Murphy,John Murphy,2506,https://stockanalysis.com/analysts/John-Murphy/
Greg Konrad,Greg Konrad,2508,https://stockanalysis.com/analysts/Greg-Konrad/
Brandon Nispel,Brandon Nispel,2511,https://stockanalysis.com/analysts/Brandon-Nispel/
Stephanie Piazzola,Stephanie Piazzola,2514,https://stockanalysis.com/analysts/Stephanie-Piazzola/
Matthew Weston,Matthew Weston,2515,https://stockanalysis.com/analysts/Matthew-Weston/
Vikram Malhotra,Vikram Malhotra,2521,https://stockanalysis.com/analysts/Vikram-Malhotra/
Ravi Shanker,Ravi Shanker,2522,https://stockanalysis.com/analysts/Ravi-Shanker/
Paul Knight,Paul Knight,2523,https://stockanalysis.com/analysts/Paul-Knight/
Leo Carrington,Leo Carrington,2529,https://stockanalysis.com/analysts/Leo-Carrington/
Jeffrey Rulis,Jeffrey Rulis,2530,https://stockanalysis.com/analysts/Jeffrey-Rulis/
Jack Slevin,Jack Slevin,2531,https://stockanalysis.com/analysts/Jack-Slevin/
Paul McTaggart,Paul McTaggart,2535,https://stockanalysis.com/analysts/Paul-McTaggart/
Michael Phillips,Michael Phillips,2536,https://stockanalysis.com/analysts/Michael-Phillips/
Daniel Osley,Daniel Osley,2539,https://stockanalysis.com/analysts/Daniel-Osley/
Andrew Schmitt,Andrew Schmitt,2542,https://stockanalysis.com/analysts/Andrew-Schmitt/
Bradley Berning,Bradley Berning,2544,https://stockanalysis.com/analysts/Bradley-Berning/
Richard Radbourne,Richard Radbourne,2545,https://stockanalysis.com/analysts/Richard-Radbourne/
Robert Ottenstein,Robert Ottenstein,2547,https://stockanalysis.com/analysts/Robert-Ottenstein/
Anthony Hau,Anthony Hau,2549,https://stockanalysis.com/analysts/Anthony-Hau/
Crispin Love,Crispin Love,2552,https://stockanalysis.com/analysts/Crispin-Love/
Simon Flannery,Simon Flannery,2562,https://stockanalysis.com/analysts/Simon-Flannery/
Boris Van,Boris Van,2565,https://stockanalysis.com/analysts/Boris-Van/
Bart Dziarski,Bart Dziarski,2566,https://stockanalysis.com/analysts/Bart-Dziarski/
Bill Peterson,Bill Peterson,2569,https://stockanalysis.com/analysts/Bill-Peterson/
Sara Senatore,Sara Senatore,2570,https://stockanalysis.com/analysts/Sara-Senatore/
George Tong,George Tong,2571,https://stockanalysis.com/analysts/George-Tong/
Vijay Kumar,Vijay Kumar,2572,https://stockanalysis.com/analysts/Vijay-Kumar/
Michael Roxland,Michael Roxland,2574,https://stockanalysis.com/analysts/Michael-Roxland/
Jordan Lyonnais,Jordan Lyonnais,2576,https://stockanalysis.com/analysts/Jordan-Lyonnais/
Kim Fustier,Kim Fustier,2578,https://stockanalysis.com/analysts/Kim-Fustier/
Frederic Bastien,Frederic Bastien,2579,https://stockanalysis.com/analysts/Frederic-Bastien/
David Leiker,David Leiker,2581,https://stockanalysis.com/analysts/David-Leiker/
Bhavin Shah,Bhavin Shah,2583,https://stockanalysis.com/analysts/Bhavin-Shah/
Susan Maklari,Susan Maklari,2584,https://stockanalysis.com/analysts/Susan-Maklari/
Peter Costa,Peter Costa,2590,https://stockanalysis.com/analysts/Peter-Costa/
Luke Sergott,Luke Sergott,2599,https://stockanalysis.com/analysts/Luke-Sergott/
Adam Seiden,Adam Seiden,2600,https://stockanalysis.com/analysts/Adam-Seiden/
Edward Tenthoff,Edward Tenthoff,2601,https://stockanalysis.com/analysts/Edward-Tenthoff/
Allen Gong,Allen Gong,2602,https://stockanalysis.com/analysts/Allen-Gong/
Connor Chamberlain,Connor Chamberlain,2606,https://stockanalysis.com/analysts/Connor-Chamberlain/
Daniel Perlin,Daniel Perlin,2611,https://stockanalysis.com/analysts/Daniel-Perlin/
Anja Soderstrom,Anja Soderstrom,2613,https://stockanalysis.com/analysts/Anja-Soderstrom/
Tejas Savant,Tejas Savant,2614,https://stockanalysis.com/analysts/Tejas-Savant/
Ben Chaiken,Ben Chaiken,2615,https://stockanalysis.com/analysts/Ben-Chaiken/
Craig Stanley,Craig Stanley,2621,https://stockanalysis.com/analysts/Craig-Stanley/
Dae Lee,Dae Lee,2622,https://stockanalysis.com/analysts/Dae-Lee/
Brett Rabatin,Brett Rabatin,2623,https://stockanalysis.com/analysts/Brett-Rabatin/
Sara Nik,Sara Nik,2626,https://stockanalysis.com/analysts/Sara-Nik/
Andrew Didora,Andrew Didora,2627,https://stockanalysis.com/analysts/Andrew-Didora/
Ricardo Alves,Ricardo Alves,2636,https://stockanalysis.com/analysts/Ricardo-Alves/
Jason Kupferberg,Jason Kupferberg,2639,https://stockanalysis.com/analysts/Jason-Kupferberg/
Lu Li,Lu Li,2644,https://stockanalysis.com/analysts/Lu-Li/
Ian Macpherson,Ian Macpherson,2650,https://stockanalysis.com/analysts/Ian-Macpherson/
Jeff Hickey,Jeff Hickey,2651,https://stockanalysis.com/analysts/Jeff-Hickey/
Michael Siperco,Michael Siperco,2652,https://stockanalysis.com/analysts/Michael-Siperco/
Steve Koenig,Steve Koenig,2655,https://stockanalysis.com/analysts/Steve-Koenig/
Nathan Treybeck,Nathan Treybeck,2656,https://stockanalysis.com/analysts/Nathan-Treybeck/
Ryan Brinkman,Ryan Brinkman,2657,https://stockanalysis.com/analysts/Ryan-Brinkman/
Alexander Goldfarb,Alexander Goldfarb,2658,https://stockanalysis.com/analysts/Alexander-Goldfarb/
Ric Prentiss,Ric Prentiss,2659,https://stockanalysis.com/analysts/Ric-Prentiss/
Luisa Hector,Luisa Hector,2661,https://stockanalysis.com/analysts/Luisa-Hector/
Christopher Moore,Christopher Moore,2665,https://stockanalysis.com/analysts/Christopher-Moore/
Jonathan Brandt,Jonathan Brandt,2667,https://stockanalysis.com/analysts/Jonathan-Brandt/
Bhavesh Lodaya,Bhavesh Lodaya,2672,https://stockanalysis.com/analysts/Bhavesh-Lodaya/
Rayna Kumar,Rayna Kumar,2673,https://stockanalysis.com/analysts/Rayna-Kumar/
Ashley Wallace,Ashley Wallace,2675,https://stockanalysis.com/analysts/Ashley-Wallace/
Trevor Allinson,Trevor Allinson,2676,https://stockanalysis.com/analysts/Trevor-Allinson/
Sean McGowan,Sean McGowan,2683,https://stockanalysis.com/analysts/Sean-McGowan/
Blaine Heck,Blaine Heck,2684,https://stockanalysis.com/analysts/Blaine-Heck/
Samuel Eisner,Samuel Eisner,2692,https://stockanalysis.com/analysts/Samuel-Eisner/
Patrick Cunningham,Patrick Cunningham,2695,https://stockanalysis.com/analysts/Patrick-Cunningham/
Thomas Smith,Thomas Smith,2698,https://stockanalysis.com/analysts/Thomas-Smith/
Yessica Sanchez,Yessica Sanchez,2700,https://stockanalysis.com/analysts/Yessica-Sanchez/
Gregg Orrill,Gregg Orrill,2701,https://stockanalysis.com/analysts/Gregg-Orrill/
Robert Bek,Robert Bek,2702,https://stockanalysis.com/analysts/Robert-Bek/
Steven Etoch,Steven Etoch,2705,https://stockanalysis.com/analysts/Steven-Etoch/
Christine Dooley,Christine Dooley,2708,https://stockanalysis.com/analysts/Christine-Dooley/
Steve Byrne,Steve Byrne,2710,https://stockanalysis.com/analysts/Steve-Byrne/
Michael Elias,Michael Elias,2711,https://stockanalysis.com/analysts/Michael-Elias/
Bhumi Kanabar,Bhumi Kanabar,2712,https://stockanalysis.com/analysts/Bhumi-Kanabar/
Biraj Borkhataria,Biraj Borkhataria,2717,https://stockanalysis.com/analysts/Biraj-Borkhataria/
Robert Labick,Robert Labick,2721,https://stockanalysis.com/analysts/Robert-Labick/
George Staphos,George Staphos,2723,https://stockanalysis.com/analysts/George-Staphos/
David Katz,David Katz,2724,https://stockanalysis.com/analysts/David-Katz/
Scott Fletcher,Scott Fletcher,2725,https://stockanalysis.com/analysts/Scott-Fletcher/
Andrea Pistacchi,Andrea Pistacchi,2727,https://stockanalysis.com/analysts/Andrea-Pistacchi/
Adam Klauber,Adam Klauber,2730,https://stockanalysis.com/analysts/Adam-Klauber/
Alton Stump,Alton Stump,2733,https://stockanalysis.com/analysts/Alton-Stump/
Frank Louthan,Frank Louthan,2735,https://stockanalysis.com/analysts/Frank-Louthan/
Ross Smotrich,Ross Smotrich,2740,https://stockanalysis.com/analysts/Ross-Smotrich/
Felicia Hendrix,Felicia Hendrix,2742,https://stockanalysis.com/analysts/Felicia-Hendrix/
Bill Kirk,Bill Kirk,2744,https://stockanalysis.com/analysts/Bill-Kirk/
Kevin Mcveigh,Kevin Mcveigh,2745,https://stockanalysis.com/analysts/Kevin-Mcveigh/
Kevin McVeigh,Kevin Mcveigh,2745,https://stockanalysis.com/analysts/Kevin-McVeigh/
Filipe Nielsen,Filipe Nielsen,2749,https://stockanalysis.com/analysts/Filipe-Nielsen/
Steve Fleishman,Steve Fleishman,2752,https://stockanalysis.com/analysts/Steve-Fleishman/
Brendan Nosal,Brendan Nosal,2753,https://stockanalysis.com/analysts/Brendan-Nosal/
Lance Wilkes,Lance Wilkes,2755,https://stockanalysis.com/analysts/Lance-Wilkes/
Barry Sine,Barry Sine,2757,https://stockanalysis.com/analysts/Barry-Sine/
Li Watsek,Li Watsek,2760,https://stockanalysis.com/analysts/Li-Watsek/
George Farmer,George Farmer,2761,https://stockanalysis.com/analysts/George-Farmer/
Rishi Jaluria,Rishi Jaluria,2762,https://stockanalysis.com/analysts/Rishi-Jaluria/
James Friedman,James Friedman,2763,https://stockanalysis.com/analysts/James-Friedman/
Martijn Rats,Martijn Rats,2766,https://stockanalysis.com/analysts/Martijn-Rats/
Elizabeth Anderson,Elizabeth Anderson,2771,https://stockanalysis.com/analysts/Elizabeth-Anderson/
Srikripa Devarakonda,Srikripa Devarakonda,2773,https://stockanalysis.com/analysts/Srikripa-Devarakonda/
Brian McNamara,Brian McNamara,2774,https://stockanalysis.com/analysts/Brian-McNamara/
Nathan Janes,Nathan Janes,2775,https://stockanalysis.com/analysts/Nathan-Janes/
Guy Hardwick,Guy Hardwick,2782,https://stockanalysis.com/analysts/Guy-Hardwick/
Vincent Caintic,Vincent Caintic,2785,https://stockanalysis.com/analysts/Vincent-Caintic/
John Davis,John Davis,2786,https://stockanalysis.com/analysts/John-Davis/
Yuan Zhi,Yuan Zhi,2789,https://stockanalysis.com/analysts/Yuan-Zhi/
Charles Nabhan,Charles Nabhan,2790,https://stockanalysis.com/analysts/Charles-Nabhan/
Shilan Modi,Shilan Modi,2791,https://stockanalysis.com/analysts/Shilan-Modi/
Destiny Hance,Destiny Hance,2792,https://stockanalysis.com/analysts/Destiny-Hance/
Bennett Moore,Bennett Moore,2796,https://stockanalysis.com/analysts/Bennett-Moore/
Kristen Owen,Kristen Owen,2799,https://stockanalysis.com/analysts/Kristen-Owen/
Brian Abrahams,Brian Abrahams,2800,https://stockanalysis.com/analysts/Brian-Abrahams/
Nick Pope,Nick Pope,2801,https://stockanalysis.com/analysts/Nick-Pope/
Sebastian Sandler,Sebastian Sandler,2803,https://stockanalysis.com/analysts/Sebastian-Sandler/
Kendall Toscano,Kendall Toscano,2805,https://stockanalysis.com/analysts/Kendall-Toscano/
Anthony Linton,Anthony Linton,2807,https://stockanalysis.com/analysts/Anthony-Linton/
John Newman,John Newman,2812,https://stockanalysis.com/analysts/John-Newman/
Joel Jackson,Joel Jackson,2814,https://stockanalysis.com/analysts/Joel-Jackson/
Sumant Kulkarni,Sumant Kulkarni,2815,https://stockanalysis.com/analysts/Sumant-Kulkarni/
Douglas Irwin,Douglas Irwin,2818,https://stockanalysis.com/analysts/Douglas-Irwin/
Federico Merendi,Federico Merendi,2819,https://stockanalysis.com/analysts/Federico-Merendi/
Alexia Howard,Alexia Howard,2820,https://stockanalysis.com/analysts/Alexia-Howard/
Scott Schoenhaus,Scott Schoenhaus,2823,https://stockanalysis.com/analysts/Scott-Schoenhaus/
RJ Milligan,RJ Milligan,2824,https://stockanalysis.com/analysts/RJ-Milligan/
Bob Huang,Bob Huang,2825,https://stockanalysis.com/analysts/Bob-Huang/
Brendan Smith,Brendan Smith,2831,https://stockanalysis.com/analysts/Brendan-Smith/
Michael Diana,Michael Diana,2834,https://stockanalysis.com/analysts/Michael-Diana/
Paul Cheng,Paul Cheng,2835,https://stockanalysis.com/analysts/Paul-Cheng/
Robert Driscoll,Robert Driscoll,2836,https://stockanalysis.com/analysts/Robert-Driscoll/
Gregory Williams,Gregory Williams,2837,https://stockanalysis.com/analysts/Gregory-Williams/
Patrick Creuset,Patrick Creuset,2840,https://stockanalysis.com/analysts/Patrick-Creuset/
Renata Cabral,Renata Cabral,2841,https://stockanalysis.com/analysts/Renata-Cabral/
Alfonso Salazar,Alfonso Salazar,2842,https://stockanalysis.com/analysts/Alfonso-Salazar/
Vivien Azer,Vivien Azer,2848,https://stockanalysis.com/analysts/Vivien-Azer/
Glenn Chin,Glenn Chin,2849,https://stockanalysis.com/analysts/Glenn-Chin/
Philip Shen,Philip Shen,2850,https://stockanalysis.com/analysts/Philip-Shen/
Jeffrey Reive,Jeffrey Reive,2852,https://stockanalysis.com/analysts/Jeffrey-Reive/
Eugene Hsiao,Eugene Hsiao,2853,https://stockanalysis.com/analysts/Eugene-Hsiao/
Rashad Kawan,Rashad Kawan,2854,https://stockanalysis.com/analysts/Rashad-Kawan/
Craig Moffett,Craig Moffett,2856,https://stockanalysis.com/analysts/Craig-Moffett/
Robert Mosca,Robert Mosca,2858,https://stockanalysis.com/analysts/Robert-Mosca/
Gordon Johnson,Gordon Johnson,2863,https://stockanalysis.com/analysts/Gordon-Johnson/
Michael Goldsmith,Michael Goldsmith,2865,https://stockanalysis.com/analysts/Michael-Goldsmith/
Namita Samtani,Namita Samtani,2868,https://stockanalysis.com/analysts/Namita-Samtani/
Robert Jamieson,Robert Jamieson,2871,https://stockanalysis.com/analysts/Robert-Jamieson/
Kerry Holford,Kerry Holford,2877,https://stockanalysis.com/analysts/Kerry-Holford/
Colin Langan,Colin Langan,2878,https://stockanalysis.com/analysts/Colin-Langan/
Andrew Lazar,Andrew Lazar,2879,https://stockanalysis.com/analysts/Andrew-Lazar/
Kaumil Gajrawala,Kaumil Gajrawala,2880,https://stockanalysis.com/analysts/Kaumil-Gajrawala/
Robert Hope,Robert Hope,2889,https://stockanalysis.com/analysts/Robert-Hope/
Christyne McGarvey,Christyne McGarvey,2893,https://stockanalysis.com/analysts/Christyne-McGarvey/
David Roman,David Roman,2896,https://stockanalysis.com/analysts/David-Roman/
Chris Pierce,Chris Pierce,2897,https://stockanalysis.com/analysts/Chris-Pierce/
Ryan Cooke,Ryan Cooke,2898,https://stockanalysis.com/analysts/Ryan-Cooke/
Russell Quelch,Russell Quelch,2900,https://stockanalysis.com/analysts/Russell-Quelch/
Matthew VanVliet,Matthew Vanvliet,2903,https://stockanalysis.com/analysts/Matthew-VanVliet/
Jake Fuller,Jake Fuller,2904,https://stockanalysis.com/analysts/Jake-Fuller/
Francois Brisebois,Francois Brisebois,2905,https://stockanalysis.com/analysts/Francois-Brisebois/
Joshua Spector,Joshua Spector,2906,https://stockanalysis.com/analysts/Joshua-Spector/
Simon Toyne,Simon Toyne,2908,https://stockanalysis.com/analysts/Simon-Toyne/
Upal Rana,Upal Rana,2925,https://stockanalysis.com/analysts/Upal-Rana/
Sabrina Abrams,Sabrina Abrams,2926,https://stockanalysis.com/analysts/Sabrina-Abrams/
Helfey Hannah,Helfey Hannah,2930,https://stockanalysis.com/analysts/Helfey-Hannah/
Jasper Hellweg,Jasper Hellweg,2933,https://stockanalysis.com/analysts/Jasper-Hellweg/
David Turkaly,David Turkaly,2934,https://stockanalysis.com/analysts/David-Turkaly/
Joseph Catanzaro,Joseph Catanzaro,2935,https://stockanalysis.com/analysts/Joseph-Catanzaro/
Radi Sultan,Radi Sultan,2942,https://stockanalysis.com/analysts/Radi-Sultan/
Raj Ray,Raj Ray,2945,https://stockanalysis.com/analysts/Raj-Ray/
Jason Weaver,Jason Weaver,2946,https://stockanalysis.com/analysts/Jason-Weaver/
Andrew Wong,Andrew Wong,2947,https://stockanalysis.com/analysts/Andrew-Wong/
Matthew Lofting,Matthew Lofting,2951,https://stockanalysis.com/analysts/Matthew-Lofting/
Bret Jordan,Bret Jordan,2954,https://stockanalysis.com/analysts/Bret-Jordan/
Robert Burns,Robert Burns,2957,https://stockanalysis.com/analysts/Robert-Burns/
Tyler Batory,Tyler Batory,2959,https://stockanalysis.com/analysts/Tyler-Batory/
Taylor Morrison,Taylor Morrison,2963,https://stockanalysis.com/analysts/Taylor-Morrison/
Mike Burton,Mike Burton,2965,https://stockanalysis.com/analysts/Mike-Burton/
Jeffrey Spector,Jeffrey Spector,2970,https://stockanalysis.com/analysts/Jeffrey-Spector/
Melissa Wedel,Melissa Wedel,2973,https://stockanalysis.com/analysts/Melissa-Wedel/
John Massocca,John Massocca,2975,https://stockanalysis.com/analysts/John-Massocca/
Brendan Lynch,Brendan Lynch,2976,https://stockanalysis.com/analysts/Brendan-Lynch/
Michael Petusky,Michael Petusky,2977,https://stockanalysis.com/analysts/Michael-Petusky/
Edward Lewis,Edward Lewis,2982,https://stockanalysis.com/analysts/Edward-Lewis/
Kyle Boucher,Kyle Boucher,2986,https://stockanalysis.com/analysts/Kyle-Boucher/
Jefferey Hammond,Jefferey Hammond,2988,https://stockanalysis.com/analysts/Jefferey-Hammond/
Louis Raffetto,Louis Raffetto,2995,https://stockanalysis.com/analysts/Louis-Raffetto/
Chris Muller,Chris Muller,2997,https://stockanalysis.com/analysts/Chris-Muller/
Hector Maya,Hector Maya,3000,https://stockanalysis.com/analysts/Hector-Maya/
Ameet Thakkar,Ameet Thakkar,3008,https://stockanalysis.com/analysts/Ameet-Thakkar/
Mauricio Serna,Mauricio Serna,3009,https://stockanalysis.com/analysts/Mauricio-Serna/
Richard Hightower,Richard Hightower,3010,https://stockanalysis.com/analysts/Richard-Hightower/
Josh Silverstein,Josh Silverstein,3011,https://stockanalysis.com/analysts/Josh-Silverstein/
Peter McGoldrick,Peter McGoldrick,3014,https://stockanalysis.com/analysts/Peter-McGoldrick/
Thibault Boutherin,Thibault Boutherin,3015,https://stockanalysis.com/analysts/Thibault-Boutherin/
Richard Hill,Richard Hill,3020,https://stockanalysis.com/analysts/Richard-Hill/
Air Ma,Air Ma,3021,https://stockanalysis.com/analysts/Air-Ma/
Ella Smith,Ella Smith,3025,https://stockanalysis.com/analysts/Ella-Smith/
Stan Berenshteyn,Stan Berenshteyn,3026,https://stockanalysis.com/analysts/Stan-Berenshteyn/
Wesley Golladay,Wesley Golladay,3027,https://stockanalysis.com/analysts/Wesley-Golladay/
Nik Modi,Nik Modi,3028,https://stockanalysis.com/analysts/Nik-Modi/
Samad Samana,Samad Samana,3029,https://stockanalysis.com/analysts/Samad-Samana/
Hartaj Singh,Hartaj Singh,3034,https://stockanalysis.com/analysts/Hartaj-Singh/
Brett Fishbin,Brett Fishbin,3035,https://stockanalysis.com/analysts/Brett-Fishbin/
Gerald Pascarelli,Gerald Pascarelli,3037,https://stockanalysis.com/analysts/Gerald-Pascarelli/
Mike Lavery,Mike Lavery,3043,https://stockanalysis.com/analysts/Mike-Lavery/
Alex Kania,Alex Kania,3047,https://stockanalysis.com/analysts/Alex-Kania/
Mitch Kummetz,Mitch Kummetz,3048,https://stockanalysis.com/analysts/Mitch-Kummetz/
Anna Glaessgen,Anna Glaessgen,3050,https://stockanalysis.com/analysts/Anna-Glaessgen/
Matthew Condon,Matthew Condon,3051,https://stockanalysis.com/analysts/Matthew-Condon/
Mark Argento,Mark Argento,3052,https://stockanalysis.com/analysts/Mark-Argento/
Natalya Davies,Natalya Davies,3055,https://stockanalysis.com/analysts/Natalya-Davies/
Graham Doyle,Graham Doyle,3056,https://stockanalysis.com/analysts/Graham-Doyle/
Brian Cheng,Brian Cheng,3061,https://stockanalysis.com/analysts/Brian-Cheng/
Jim Salera,Jim Salera,3062,https://stockanalysis.com/analysts/Jim-Salera/
Scott Berg,Scott Berg,3063,https://stockanalysis.com/analysts/Scott-Berg/
Tyler DiMatteo,Tyler DiMatteo,3065,https://stockanalysis.com/analysts/Tyler-DiMatteo/
Max Gumport,Max Gumport,3069,https://stockanalysis.com/analysts/Max-Gumport/
Sean King,Sean King,3073,https://stockanalysis.com/analysts/Sean-King/
Thomas Palmer,Thomas Palmer,3076,https://stockanalysis.com/analysts/Thomas-Palmer/
Tim Rezvan,Tim Rezvan,3077,https://stockanalysis.com/analysts/Tim-Rezvan/
Bill Chappell,Bill Chappell,3078,https://stockanalysis.com/analysts/Bill-Chappell/
Martin Englert,Martin Englert,3080,https://stockanalysis.com/analysts/Martin-Englert/
Arun Viswanathan,Arun Viswanathan,3086,https://stockanalysis.com/analysts/Arun-Viswanathan/
Nick Housden,Nick Housden,3088,https://stockanalysis.com/analysts/Nick-Housden/
Shiwen Li,Shiwen Li,3089,https://stockanalysis.com/analysts/Shiwen-Li/
Michael Tupholme,Michael Tupholme,3090,https://stockanalysis.com/analysts/Michael-Tupholme/
Kevin Chiang,Kevin Chiang,3098,https://stockanalysis.com/analysts/Kevin-Chiang/
Judy Zhang,Judy Zhang,3099,https://stockanalysis.com/analysts/Judy-Zhang/
Dan Levy,Dan Levy,3100,https://stockanalysis.com/analysts/Dan-Levy/
Jeremy Hoy,Jeremy Hoy,3103,https://stockanalysis.com/analysts/Jeremy-Hoy/
Mario Pierry,Mario Pierry,3116,https://stockanalysis.com/analysts/Mario-Pierry/
Arpine Kocharyan,Arpine Kocharyan,3117,https://stockanalysis.com/analysts/Arpine-Kocharyan/
Carlos Peyrelongue,Carlos Peyrelongue,3120,https://stockanalysis.com/analysts/Carlos-Peyrelongue/
Noah Zatzkin,Noah Zatzkin,3123,https://stockanalysis.com/analysts/Noah-Zatzkin/
Jason Bednar,Jason Bednar,3124,https://stockanalysis.com/analysts/Jason-Bednar/
Parker Lane,Parker Lane,3125,https://stockanalysis.com/analysts/Parker-Lane/
Paul Rossington,Paul Rossington,3126,https://stockanalysis.com/analysts/Paul-Rossington/
Darren Leung,Darren Leung,3129,https://stockanalysis.com/analysts/Darren-Leung/
Stephanie Price,Stephanie Price,3131,https://stockanalysis.com/analysts/Stephanie-Price/
Keith Mackey,Keith Mackey,3135,https://stockanalysis.com/analysts/Keith-Mackey/
Todd Brooks,Todd Brooks,3136,https://stockanalysis.com/analysts/Todd-Brooks/
Nicholas Lorusso,Nicholas Lorusso,3138,https://stockanalysis.com/analysts/Nicholas-Lorusso/
Gustavo Schroden,Gustavo Schroden,3141,https://stockanalysis.com/analysts/Gustavo-Schroden/
Chad Dillard,Chad Dillard,3142,https://stockanalysis.com/analysts/Chad-Dillard/
Jason Bouvier,Jason Bouvier,3144,https://stockanalysis.com/analysts/Jason-Bouvier/
Sarah James,Sarah James,3145,https://stockanalysis.com/analysts/Sarah-James/
Niall Alexander,Niall Alexander,3146,https://stockanalysis.com/analysts/Niall-Alexander/
John Zamparo,John Zamparo,3148,https://stockanalysis.com/analysts/John-Zamparo/
Harshita Rawat,Harshita Rawat,3150,https://stockanalysis.com/analysts/Harshita-Rawat/
Christopher Parkinson,Christopher Parkinson,3151,https://stockanalysis.com/analysts/Christopher-Parkinson/
Ross Osborn,Ross Osborn,3152,https://stockanalysis.com/analysts/Ross-Osborn/
Katie Fleischer,Katie Fleischer,3153,https://stockanalysis.com/analysts/Katie-Fleischer/
Brian Flores,Brian Flores,3154,https://stockanalysis.com/analysts/Brian-Flores/
Charles Zhou,Charles Zhou,3155,https://stockanalysis.com/analysts/Charles-Zhou/
Daniel Cardenas,Daniel Cardenas,3164,https://stockanalysis.com/analysts/Daniel-Cardenas/
Eric Joseph,Eric Joseph,3166,https://stockanalysis.com/analysts/Eric-Joseph/
Scott Wurtzel,Scott Wurtzel,3169,https://stockanalysis.com/analysts/Scott-Wurtzel/
David Hoang,David Hoang,3173,https://stockanalysis.com/analysts/David-Hoang/
Richard Garchitorena,Richard Garchitorena,3174,https://stockanalysis.com/analysts/Richard-Garchitorena/
Doug Harter,Doug Harter,3179,https://stockanalysis.com/analysts/Doug-Harter/
Firoz Valliji,Firoz Valliji,3181,https://stockanalysis.com/analysts/Firoz-Valliji/
Caitlin Burrows,Caitlin Burrows,3185,https://stockanalysis.com/analysts/Caitlin-Burrows/
Edison Yu,Edison Yu,3186,https://stockanalysis.com/analysts/Edison-Yu/
Matthew Biegler,Matthew Biegler,3193,https://stockanalysis.com/analysts/Matthew-Biegler/
Chris Woronka,Chris Woronka,3200,https://stockanalysis.com/analysts/Chris-Woronka/
Jason McCarthy,Jason McCarthy,3204,https://stockanalysis.com/analysts/Jason-McCarthy/
William Janela,William Janela,3205,https://stockanalysis.com/analysts/William-Janela/
Jessica Ehrlich,Jessica Ehrlich,3213,https://stockanalysis.com/analysts/Jessica-Ehrlich/
Paul Diamond,Paul Diamond,3215,https://stockanalysis.com/analysts/Paul-Diamond/
Colin Bristow,Colin Bristow,3216,https://stockanalysis.com/analysts/Colin-Bristow/
Cameron McVeigh,Cameron McVeigh,3217,https://stockanalysis.com/analysts/Cameron-McVeigh/
Ilya Zubkov,Ilya Zubkov,3220,https://stockanalysis.com/analysts/Ilya-Zubkov/
Alberto Valerio,Alberto Valerio,3223,https://stockanalysis.com/analysts/Alberto-Valerio/
Alexia Dogani,Alexia Dogani,3229,https://stockanalysis.com/analysts/Alexia-Dogani/
Ryan Griffin,Ryan Griffin,3231,https://stockanalysis.com/analysts/Ryan-Griffin/
Joe Giordano,Joe Giordano,3232,https://stockanalysis.com/analysts/Joe-Giordano/
Oliver Chen,Oliver Chen,3234,https://stockanalysis.com/analysts/Oliver-Chen/
Emmanuel Papadakis,Emmanuel Papadakis,3244,https://stockanalysis.com/analysts/Emmanuel-Papadakis/
John Nadel,John Nadel,3247,https://stockanalysis.com/analysts/John-Nadel/
Jessica Tassan,Jessica Tassan,3250,https://stockanalysis.com/analysts/Jessica-Tassan/
Mike Scialla,Mike Scialla,3251,https://stockanalysis.com/analysts/Mike-Scialla/
Nicholas Watts,Nicholas Watts,3253,https://stockanalysis.com/analysts/Nicholas-Watts/
Ryan Lynch,Ryan Lynch,3260,https://stockanalysis.com/analysts/Ryan-Lynch/
Carey Macrury,Carey Macrury,3261,https://stockanalysis.com/analysts/Carey-Macrury/
Sean Wieland,Sean Wieland,3262,https://stockanalysis.com/analysts/Sean-Wieland/
Michael Ha,Michael Ha,3266,https://stockanalysis.com/analysts/Michael-Ha/
Javier Escalante,Javier Escalante,3269,https://stockanalysis.com/analysts/Javier-Escalante/
Edison Lee,Edison Lee,3281,https://stockanalysis.com/analysts/Edison-Lee/
Richard Baldry,Richard Baldry,3285,https://stockanalysis.com/analysts/Richard-Baldry/
Rob Wertheimer,Rob Wertheimer,3286,https://stockanalysis.com/analysts/Rob-Wertheimer/
Jeff Garro,Jeff Garro,3288,https://stockanalysis.com/analysts/Jeff-Garro/
Lawrence Biegelsen,Lawrence Biegelsen,3289,https://stockanalysis.com/analysts/Lawrence-Biegelsen/
Conor Fitzgerald,Conor Fitzgerald,3294,https://stockanalysis.com/analysts/Conor-Fitzgerald/
Lauren Schenk,Lauren Schenk,3295,https://stockanalysis.com/analysts/Lauren-Schenk/
Douglas Harned,Douglas Harned,3296,https://stockanalysis.com/analysts/Douglas-Harned/
Laurie Havener,Laurie Havener,3297,https://stockanalysis.com/analysts/Laurie-Havener/
Pablo Zuanic,Pablo Zuanic,3299,https://stockanalysis.com/analysts/Pablo-Zuanic/
Andrew Brackmann,Andrew Brackmann,3300,https://stockanalysis.com/analysts/Andrew-Brackmann/
Vik Chopra,Vik Chopra,3301,https://stockanalysis.com/analysts/Vik-Chopra/
Jeff Jones,Jeff Jones,3302,https://stockanalysis.com/analysts/Jeff-Jones/
Taylor Conrad,Taylor Conrad,3303,https://stockanalysis.com/analysts/Taylor-Conrad/
Justin Bowers,Justin Bowers,3307,https://stockanalysis.com/analysts/Justin-Bowers/
Allen Lutz,Allen Lutz,3310,https://stockanalysis.com/analysts/Allen-Lutz/
Corinne Jenkins,Corinne Jenkins,3311,https://stockanalysis.com/analysts/Corinne-Jenkins/
Conor Cunningham,Conor Cunningham,3312,https://stockanalysis.com/analysts/Conor-Cunningham/
Andy Marok,Andy Marok,3313,https://stockanalysis.com/analysts/Andy-Marok/
Patrick Sholl,Patrick Sholl,3315,https://stockanalysis.com/analysts/Patrick-Sholl/
Matthew Swanson,Matthew Swanson,3316,https://stockanalysis.com/analysts/Matthew-Swanson/
Joshua Dennerlein,Joshua Dennerlein,3318,https://stockanalysis.com/analysts/Joshua-Dennerlein/
Luke Lemoine,Luke Lemoine,3319,https://stockanalysis.com/analysts/Luke-Lemoine/
Matt Roberts,Matt Roberts,3322,https://stockanalysis.com/analysts/Matt-Roberts/
Owen Rickert,Owen Rickert,3324,https://stockanalysis.com/analysts/Owen-Rickert/
Sean McCutcheon,Sean McCutcheon,3325,https://stockanalysis.com/analysts/Sean-McCutcheon/
Christopher Snyder,Christopher Snyder,3326,https://stockanalysis.com/analysts/Christopher-Snyder/
Erin Wilson,Erin Wilson,3327,https://stockanalysis.com/analysts/Erin-Wilson/
Paul Gong,Paul Gong,3328,https://stockanalysis.com/analysts/Paul-Gong/
Matt Breese,Matt Breese,3329,https://stockanalysis.com/analysts/Matt-Breese/
Katherine Lei,Katherine Lei,3330,https://stockanalysis.com/analysts/Katherine-Lei/
Noah Hungness,Noah Hungness,3331,https://stockanalysis.com/analysts/Noah-Hungness/
Neha Agarwala,Neha Agarwala,3333,https://stockanalysis.com/analysts/Neha-Agarwala/
Priyanka Grover,Priyanka Grover,3339,https://stockanalysis.com/analysts/Priyanka-Grover/
Rick Paterson,Rick Paterson,3340,https://stockanalysis.com/analysts/Rick-Paterson/
Joshua Buchalter,Joshua Buchalter,3341,https://stockanalysis.com/analysts/Joshua-Buchalter/
Taylor McGinnis,Taylor McGinnis,3343,https://stockanalysis.com/analysts/Taylor-McGinnis/
Amanda Sweitzer,Amanda Sweitzer,3347,https://stockanalysis.com/analysts/Amanda-Sweitzer/
Laurent Yoon,Laurent Yoon,3350,https://stockanalysis.com/analysts/Laurent-Yoon/
Anthony Valentini,Anthony Valentini,3356,https://stockanalysis.com/analysts/Anthony-Valentini/
Andrew Berens,Andrew Berens,3358,https://stockanalysis.com/analysts/Andrew-Berens/
Wei Xiong,Wei Xiong,3359,https://stockanalysis.com/analysts/Wei-Xiong/
Thomas Yeh,Thomas Yeh,3365,https://stockanalysis.com/analysts/Thomas-Yeh/
Merrill Ross,Merrill Ross,3366,https://stockanalysis.com/analysts/Merrill-Ross/
Vasundhara Govil,Vasundhara Govil,3369,https://stockanalysis.com/analysts/Vasundhara-Govil/
David Togut,David Togut,3372,https://stockanalysis.com/analysts/David-Togut/
Thomas Wendler,Thomas Wendler,3373,https://stockanalysis.com/analysts/Thomas-Wendler/
Betty Jiang,Betty Jiang,3374,https://stockanalysis.com/analysts/Betty-Jiang/
Alex Goldfarb,Alex Goldfarb,3378,https://stockanalysis.com/analysts/Alex-Goldfarb/
Tavy Rosner,Tavy Rosner,3379,https://stockanalysis.com/analysts/Tavy-Rosner/
Matthew Coad,Matthew Coad,3380,https://stockanalysis.com/analysts/Matthew-Coad/
Toni Sacconaghi,Toni Sacconaghi,3382,https://stockanalysis.com/analysts/Toni-Sacconaghi/
Michael Funk,Michael Funk,3384,https://stockanalysis.com/analysts/Michael-Funk/
Kalei Akamine,Kalei Akamine,3386,https://stockanalysis.com/analysts/Kalei-Akamine/
Matthew McKellar,Matthew McKellar,3387,https://stockanalysis.com/analysts/Matthew-McKellar/
Mitchel Penn,Mitchel Penn,3388,https://stockanalysis.com/analysts/Mitchel-Penn/
Jake Roberge,Jake Roberge,3389,https://stockanalysis.com/analysts/Jake-Roberge/
Paul Chung,Paul Chung,3392,https://stockanalysis.com/analysts/Paul-Chung/
Bradley Canino,Bradley Canino,3395,https://stockanalysis.com/analysts/Bradley-Canino/
Kimberly Greenberger,Kimberly Greenberger,3397,https://stockanalysis.com/analysts/Kimberly-Greenberger/
Eric Serotta,Eric Serotta,3399,https://stockanalysis.com/analysts/Eric-Serotta/
Andrew Rosivach,Andrew Rosivach,3400,https://stockanalysis.com/analysts/Andrew-Rosivach/
Elvira Scotto,Elvira Scotto,3404,https://stockanalysis.com/analysts/Elvira-Scotto/
Jack Matten,Jack Matten,3407,https://stockanalysis.com/analysts/Jack-Matten/
Gaurav Mehta,Gaurav Mehta,3410,https://stockanalysis.com/analysts/Gaurav-Mehta/
Akash Tewari,Akash Tewari,3412,https://stockanalysis.com/analysts/Akash-Tewari/
Eric Hagen,Eric Hagen,3416,https://stockanalysis.com/analysts/Eric-Hagen/
Cristopher Kennedy,Cristopher Kennedy,3417,https://stockanalysis.com/analysts/Cristopher-Kennedy/
Nitin Bansal,Nitin Bansal,3421,https://stockanalysis.com/analysts/Nitin-Bansal/
Andrew Harte,Andrew Harte,3422,https://stockanalysis.com/analysts/Andrew-Harte/
Ekaterina Knyazkova,Ekaterina Knyazkova,3423,https://stockanalysis.com/analysts/Ekaterina-Knyazkova/
Carlos Laboy,Carlos Laboy,3425,https://stockanalysis.com/analysts/Carlos-Laboy/
Jason English,Jason English,3426,https://stockanalysis.com/analysts/Jason-English/
Estelle Weingrod,Estelle Weingrod,3427,https://stockanalysis.com/analysts/Estelle-Weingrod/
Neal Burk,Neal Burk,3428,https://stockanalysis.com/analysts/Neal-Burk/
Dan Bergstrom,Dan Bergstrom,3429,https://stockanalysis.com/analysts/Dan-Bergstrom/
Manuel Navas,Manuel Navas,3430,https://stockanalysis.com/analysts/Manuel-Navas/
Michael Fairbanks,Michael Fairbanks,3432,https://stockanalysis.com/analysts/Michael-Fairbanks/
Steven Alexoloulos,Steven Alexoloulos,3433,https://stockanalysis.com/analysts/Steven-Alexoloulos/
Seth Sigman,Seth Sigman,3435,https://stockanalysis.com/analysts/Seth-Sigman/
Yaron Werber,Yaron Werber,3436,https://stockanalysis.com/analysts/Yaron-Werber/
Neel Kumar,Neel Kumar,3438,https://stockanalysis.com/analysts/Neel-Kumar/
Jack Allen,Jack Allen,3446,https://stockanalysis.com/analysts/Jack-Allen/
Benjamin Haynor,Benjamin Haynor,3447,https://stockanalysis.com/analysts/Benjamin-Haynor/
Richard Vosser,Richard Vosser,3450,https://stockanalysis.com/analysts/Richard-Vosser/
Michael Ryskin,Michael Ryskin,3452,https://stockanalysis.com/analysts/Michael-Ryskin/
Joseph Grabowski,Joseph Grabowski,3458,https://stockanalysis.com/analysts/Joseph-Grabowski/
Thomas Stephan,Thomas Stephan,3459,https://stockanalysis.com/analysts/Thomas-Stephan/
Vilas Abraham,Vilas Abraham,3462,https://stockanalysis.com/analysts/Vilas-Abraham/
Daniel Mckenzie,Daniel Mckenzie,3465,https://stockanalysis.com/analysts/Daniel-Mckenzie/
Thomas Catherwood,Thomas Catherwood,3467,https://stockanalysis.com/analysts/Thomas-Catherwood/
Richa Harnain,Richa Harnain,3469,https://stockanalysis.com/analysts/Richa-Harnain/
Andrew Tsai,Andrew Tsai,3476,https://stockanalysis.com/analysts/Andrew-Tsai/
Andrea Tan,Andrea Tan,3477,https://stockanalysis.com/analysts/Andrea-Tan/
Richard Hatch,Richard Hatch,3479,https://stockanalysis.com/analysts/Richard-Hatch/
Anthony Elian,Anthony Elian,3480,https://stockanalysis.com/analysts/Anthony-Elian/
Samir Khanal,Samir Khanal,3482,https://stockanalysis.com/analysts/Samir-Khanal/
Dushyant Ailani,Dushyant Ailani,3483,https://stockanalysis.com/analysts/Dushyant-Ailani/
Nitin Kumar,Nitin Kumar,3484,https://stockanalysis.com/analysts/Nitin-Kumar/
Ronald Jewsikow,Ronald Jewsikow,3485,https://stockanalysis.com/analysts/Ronald-Jewsikow/
Hassan Ahmed,Hassan Ahmed,3486,https://stockanalysis.com/analysts/Hassan-Ahmed/
John Stansel,John Stansel,3487,https://stockanalysis.com/analysts/John-Stansel/
John Rowan,John Rowan,3491,https://stockanalysis.com/analysts/John-Rowan/
Cecilia Furlong,Cecilia Furlong,3493,https://stockanalysis.com/analysts/Cecilia-Furlong/
Chris Dendrinos,Chris Dendrinos,3497,https://stockanalysis.com/analysts/Chris-Dendrinos/
Axel Herlinghaus,Axel Herlinghaus,3499,https://stockanalysis.com/analysts/Axel-Herlinghaus/
Dillon Cumming,Dillon Cumming,3502,https://stockanalysis.com/analysts/Dillon-Cumming/
Steve Valiquette,Steve Valiquette,3503,https://stockanalysis.com/analysts/Steve-Valiquette/
Andrew Spinola,Andrew Spinola,3506,https://stockanalysis.com/analysts/Andrew-Spinola/
Aneesha Sherman,Aneesha Sherman,3508,https://stockanalysis.com/analysts/Aneesha-Sherman/
Domingos Falavina,Domingos Falavina,3510,https://stockanalysis.com/analysts/Domingos-Falavina/
Michael Okunewitch,Michael Okunewitch,3511,https://stockanalysis.com/analysts/Michael-Okunewitch/
Emily Field,Emily Field,3512,https://stockanalysis.com/analysts/Emily-Field/
Nicholas Joseph,Nicholas Joseph,3514,https://stockanalysis.com/analysts/Nicholas-Joseph/
Peter Lawson,Peter Lawson,3517,https://stockanalysis.com/analysts/Peter-Lawson/
Asthika Goonewardene,Asthika Goonewardene,3518,https://stockanalysis.com/analysts/Asthika-Goonewardene/
Reni Benjamin,Reni Benjamin,3519,https://stockanalysis.com/analysts/Reni-Benjamin/
Patrick Baumann,Patrick Baumann,3524,https://stockanalysis.com/analysts/Patrick-Baumann/
Jason Stewart,Jason Stewart,3525,https://stockanalysis.com/analysts/Jason-Stewart/
Myles Minter,Myles Minter,3527,https://stockanalysis.com/analysts/Myles-Minter/
Elizabeth Porter,Elizabeth Porter,3530,https://stockanalysis.com/analysts/Elizabeth-Porter/
Mark Purcell,Mark Purcell,3536,https://stockanalysis.com/analysts/Mark-Purcell/
Nadine Sarwat,Nadine Sarwat,3540,https://stockanalysis.com/analysts/Nadine-Sarwat/
Aravinda Galappatthige,Aravinda Galappatthige,3544,https://stockanalysis.com/analysts/Aravinda-Galappatthige/
Vikram Purohit,Vikram Purohit,3545,https://stockanalysis.com/analysts/Vikram-Purohit/
Rodrigo Alcantara,Rodrigo Alcantara,3552,https://stockanalysis.com/analysts/Rodrigo-Alcantara/
Nelson Ng,Nelson Ng,3556,https://stockanalysis.com/analysts/Nelson-Ng/
Julien Roch,Julien Roch,3557,https://stockanalysis.com/analysts/Julien-Roch/
Javier Martinez,Javier Martinez,3563,https://stockanalysis.com/analysts/Javier-Martinez/
Kristina Ruggeri,Kristina Ruggeri,3569,https://stockanalysis.com/analysts/Kristina-Ruggeri/
Matt Howlett,Matt Howlett,3570,https://stockanalysis.com/analysts/Matt-Howlett/
Austin Dietz,Austin Dietz,3572,https://stockanalysis.com/analysts/Austin-Dietz/
Christopher Mandeville,Christopher Mandeville,3576,https://stockanalysis.com/analysts/Christopher-Mandeville/
Maury Raycroft,Maury Raycroft,3578,https://stockanalysis.com/analysts/Maury-Raycroft/
Jeff Cantwell,Jeff Cantwell,3586,https://stockanalysis.com/analysts/Jeff-Cantwell/
Keith Stanley,Keith Stanley,3588,https://stockanalysis.com/analysts/Keith-Stanley/
Leonardo Olmos,Leonardo Olmos,3589,https://stockanalysis.com/analysts/Leonardo-Olmos/
Ralph Schackart,Ralph Schackart,3590,https://stockanalysis.com/analysts/Ralph-Schackart/
Kostas Biliouris,Kostas Biliouris,3592,https://stockanalysis.com/analysts/Kostas-Biliouris/
Chris Robertson,Chris Robertson,3595,https://stockanalysis.com/analysts/Chris-Robertson/
Catherine Novack,Catherine Novack,3598,https://stockanalysis.com/analysts/Catherine-Novack/
David Adlington,David Adlington,3599,https://stockanalysis.com/analysts/David-Adlington/
Joe Meares,Joe Meares,3601,https://stockanalysis.com/analysts/Joe-Meares/
Yiwen Zhang,Yiwen Zhang,3603,https://stockanalysis.com/analysts/Yiwen-Zhang/
Daniel Chen,Daniel Chen,3605,https://stockanalysis.com/analysts/Daniel-Chen/
Derek Hewett,Derek Hewett,3608,https://stockanalysis.com/analysts/Derek-Hewett/
Drew McReynolds,Drew McReynolds,3612,https://stockanalysis.com/analysts/Drew-McReynolds/
Caroline Palomeque,Caroline Palomeque,3614,https://stockanalysis.com/analysts/Caroline-Palomeque/
Marie Ferguson,Marie Ferguson,3616,https://stockanalysis.com/analysts/Marie-Ferguson/
Brett Feldman,Brett Feldman,3618,https://stockanalysis.com/analysts/Brett-Feldman/
Chris Luyckx,Chris Luyckx,3620,https://stockanalysis.com/analysts/Chris-Luyckx/
Fahad Tariq,Fahad Tariq,3623,https://stockanalysis.com/analysts/Fahad-Tariq/
Chris McNally,Chris McNally,3628,https://stockanalysis.com/analysts/Chris-McNally/
Matthew DeYoe,Matthew DeYoe,3632,https://stockanalysis.com/analysts/Matthew-DeYoe/
Luiz Carvalho,Luiz Carvalho,3635,https://stockanalysis.com/analysts/Luiz-Carvalho/
John Gibson,John Gibson,3642,https://stockanalysis.com/analysts/John-Gibson/
Vincent Ciantic,Vincent Ciantic,3646,https://stockanalysis.com/analysts/Vincent-Ciantic/
Duane Pfenningwerth,Duane Pfenningwerth,3647,https://stockanalysis.com/analysts/Duane-Pfenningwerth/
Martin Malloy,Martin Malloy,3648,https://stockanalysis.com/analysts/Martin-Malloy/
Colin Isaac,Colin Isaac,3649,https://stockanalysis.com/analysts/Colin-Isaac/
Richard Safran,Richard Safran,3650,https://stockanalysis.com/analysts/Richard-Safran/
Cody Ross,Cody Ross,3655,https://stockanalysis.com/analysts/Cody-Ross/
Lili Nsongo,Lili Nsongo,3658,https://stockanalysis.com/analysts/Lili-Nsongo/
John Choi,John Choi,3661,https://stockanalysis.com/analysts/John-Choi/
Conor McNamara,Conor McNamara,3670,https://stockanalysis.com/analysts/Conor-McNamara/
Adam Frisch,Adam Frisch,3672,https://stockanalysis.com/analysts/Adam-Frisch/
Austin Wang,Austin Wang,3673,https://stockanalysis.com/analysts/Austin-Wang/
Justin Lake,Justin Lake,3674,https://stockanalysis.com/analysts/Justin-Lake/
Kartik Mehta,Kartik Mehta,3675,https://stockanalysis.com/analysts/Kartik-Mehta/
Puneet Jain,Puneet Jain,3676,https://stockanalysis.com/analysts/Puneet-Jain/
Joseph Spak,Joseph Spak,3677,https://stockanalysis.com/analysts/Joseph-Spak/
Benjamin Gerlinger,Benjamin Gerlinger,3678,https://stockanalysis.com/analysts/Benjamin-Gerlinger/
Janet Lee,Janet Lee,3679,https://stockanalysis.com/analysts/Janet-Lee/
Pujarini Ghosh,Pujarini Ghosh,3682,https://stockanalysis.com/analysts/Pujarini-Ghosh/
James Kammert,James Kammert,3683,https://stockanalysis.com/analysts/James-Kammert/
Landon Park,Landon Park,3686,https://stockanalysis.com/analysts/Landon-Park/
Nora Min,Nora Min,3695,https://stockanalysis.com/analysts/Nora-Min/
Craig Mailman,Craig Mailman,3698,https://stockanalysis.com/analysts/Craig-Mailman/
Jack Lin,Jack Lin,3699,https://stockanalysis.com/analysts/Jack-Lin/
Trevor Romeo,Trevor Romeo,3703,https://stockanalysis.com/analysts/Trevor-Romeo/
Steve Seedhouse,Steve Seedhouse,3704,https://stockanalysis.com/analysts/Steve-Seedhouse/
Drew Ranieri,Drew Ranieri,3705,https://stockanalysis.com/analysts/Drew-Ranieri/
Robert Stevenson,Robert Stevenson,3706,https://stockanalysis.com/analysts/Robert-Stevenson/
Kevin Krishnaratne,Kevin Krishnaratne,3708,https://stockanalysis.com/analysts/Kevin-Krishnaratne/
Matthew Herrmann,Matthew Herrmann,3710,https://stockanalysis.com/analysts/Matthew-Herrmann/
James Quigley,James Quigley,3714,https://stockanalysis.com/analysts/James-Quigley/
Diego Aragao,Diego Aragao,3716,https://stockanalysis.com/analysts/Diego-Aragao/
William Pickering,William Pickering,3720,https://stockanalysis.com/analysts/William-Pickering/
Fulvio Cazzol,Fulvio Cazzol,3724,https://stockanalysis.com/analysts/Fulvio-Cazzol/
Chasen Bender,Chasen Bender,3725,https://stockanalysis.com/analysts/Chasen-Bender/
Dennis Ding,Dennis Ding,3728,https://stockanalysis.com/analysts/Dennis-Ding/
David Dai,David Dai,3729,https://stockanalysis.com/analysts/David-Dai/
Adam Kramer,Adam Kramer,3730,https://stockanalysis.com/analysts/Adam-Kramer/
Itay Michaeli,Itay Michaeli,3738,https://stockanalysis.com/analysts/Itay-Michaeli/
Samantha Semenkow,Samantha Semenkow,3740,https://stockanalysis.com/analysts/Samantha-Semenkow/
Dane Leone,Dane Leone,3741,https://stockanalysis.com/analysts/Dane-Leone/
Constantine Davides,Constantine Davides,3742,https://stockanalysis.com/analysts/Constantine-Davides/
Kai Klose,Kai Klose,3746,https://stockanalysis.com/analysts/Kai-Klose/
Laura Sutcliffe,Laura Sutcliffe,3747,https://stockanalysis.com/analysts/Laura-Sutcliffe/
Danilo Gargiulo,Danilo Gargiulo,3749,https://stockanalysis.com/analysts/Danilo-Gargiulo/
Jonathan Bock,Jonathan Bock,3752,https://stockanalysis.com/analysts/Jonathan-Bock/
Phani Kanumuri,Phani Kanumuri,3759,https://stockanalysis.com/analysts/Phani-Kanumuri/
Stephen Powers,Stephen Powers,3760,https://stockanalysis.com/analysts/Stephen-Powers/
Allen Klee,Allen Klee,3761,https://stockanalysis.com/analysts/Allen-Klee/
Benjamin Mayhew,Benjamin Mayhew,3762,https://stockanalysis.com/analysts/Benjamin-Mayhew/
Pablo Singzon,Pablo Singzon,3764,https://stockanalysis.com/analysts/Pablo-Singzon/
Robin Zhu,Robin Zhu,3767,https://stockanalysis.com/analysts/Robin-Zhu/
Steve Brozak,Steve Brozak,3768,https://stockanalysis.com/analysts/Steve-Brozak/
Ryan Krieger,Ryan Krieger,3772,https://stockanalysis.com/analysts/Ryan-Krieger/
Harmen Puri,Harmen Puri,3773,https://stockanalysis.com/analysts/Harmen-Puri/
Laurent Vasilescu,Laurent Vasilescu,3774,https://stockanalysis.com/analysts/Laurent-Vasilescu/
Joseph Yanchunis,Joseph Yanchunis,3778,https://stockanalysis.com/analysts/Joseph-Yanchunis/
Rich Hightower,Rich Hightower,3779,https://stockanalysis.com/analysts/Rich-Hightower/
Jay Huang,Jay Huang,3782,https://stockanalysis.com/analysts/Jay-Huang/
Ben Mohr,Ben Mohr,3784,https://stockanalysis.com/analysts/Ben-Mohr/
Lucy Yu,Lucy Yu,3786,https://stockanalysis.com/analysts/Lucy-Yu/
Simon Hales,Simon Hales,3794,https://stockanalysis.com/analysts/Simon-Hales/
Vince Valentini,Vince Valentini,3795,https://stockanalysis.com/analysts/Vince-Valentini/
Daniel Grosslight,Daniel Grosslight,3797,https://stockanalysis.com/analysts/Daniel-Grosslight/
Bryan Smilek,Bryan Smilek,3802,https://stockanalysis.com/analysts/Bryan-Smilek/
Jeffrey Stantial,Jeffrey Stantial,3804,https://stockanalysis.com/analysts/Jeffrey-Stantial/
Alex Bond,Alex Bond,3808,https://stockanalysis.com/analysts/Alex-Bond/
Brian Butler,Brian Butler,3809,https://stockanalysis.com/analysts/Brian-Butler/
Lucas Ward,Lucas Ward,3814,https://stockanalysis.com/analysts/Lucas-Ward/
Hanwen Chang,Hanwen Chang,3818,https://stockanalysis.com/analysts/Hanwen-Chang/
Terence Malone,Terence Malone,3820,https://stockanalysis.com/analysts/Terence-Malone/
Steven Cahill,Steven Cahill,3821,https://stockanalysis.com/analysts/Steven-Cahill/
John Babcock,John Babcock,3823,https://stockanalysis.com/analysts/John-Babcock/
Vikram Bagri,Vikram Bagri,3824,https://stockanalysis.com/analysts/Vikram-Bagri/
Andres Cardona,Andres Cardona,3825,https://stockanalysis.com/analysts/Andres-Cardona/
Paul Steep,Paul Steep,3827,https://stockanalysis.com/analysts/Paul-Steep/
Ian Moore,Ian Moore,3829,https://stockanalysis.com/analysts/Ian-Moore/
Robert Catellier,Robert Catellier,3830,https://stockanalysis.com/analysts/Robert-Catellier/
Hamir Patel,Hamir Patel,3833,https://stockanalysis.com/analysts/Hamir-Patel/
Ben Haynor,Ben Haynor,3839,https://stockanalysis.com/analysts/Ben-Haynor/
Sarang Vora,Sarang Vora,3840,https://stockanalysis.com/analysts/Sarang-Vora/
Bruce Jackson,Bruce Jackson,3841,https://stockanalysis.com/analysts/Bruce-Jackson/
Emily Bodnar,Emily Bodnar,3842,https://stockanalysis.com/analysts/Emily-Bodnar/
Andrew Jones,Andrew Jones,3846,https://stockanalysis.com/analysts/Andrew-Jones/
Craig Irwin,Craig Irwin,3848,https://stockanalysis.com/analysts/Craig-Irwin/
Anthony Codling,Anthony Codling,3854,https://stockanalysis.com/analysts/Anthony-Codling/
Charles Rhyee,Charles Rhyee,3860,https://stockanalysis.com/analysts/Charles-Rhyee/
Brian Wilczynski,Brian Wilczynski,3861,https://stockanalysis.com/analysts/Brian-Wilczynski/
Nick Doyle,Nick Doyle,3862,https://stockanalysis.com/analysts/Nick-Doyle/
Ashley Owens,Ashley Owens,3865,https://stockanalysis.com/analysts/Ashley-Owens/
Michael Nedelcovych,Michael Nedelcovych,3868,https://stockanalysis.com/analysts/Michael-Nedelcovych/
Isabella Simonato,Isabella Simonato,3869,https://stockanalysis.com/analysts/Isabella-Simonato/
Alexandra Steiger,Alexandra Steiger,3870,https://stockanalysis.com/analysts/Alexandra-Steiger/
Mark Smith,Mark Smith,3871,https://stockanalysis.com/analysts/Mark-Smith/
Jailendra Singh,Jailendra Singh,3872,https://stockanalysis.com/analysts/Jailendra-Singh/
Detlef Winckelmann,Detlef Winckelmann,3876,https://stockanalysis.com/analysts/Detlef-Winckelmann/
Charlie Lederer,Charlie Lederer,3877,https://stockanalysis.com/analysts/Charlie-Lederer/
Lucas Ferreira,Lucas Ferreira,3879,https://stockanalysis.com/analysts/Lucas-Ferreira/
Corinne Blanchard,Corinne Blanchard,3880,https://stockanalysis.com/analysts/Corinne-Blanchard/
Greg Gibas,Greg Gibas,3881,https://stockanalysis.com/analysts/Greg-Gibas/
Sean Meakim,Sean Meakim,3884,https://stockanalysis.com/analysts/Sean-Meakim/
Rodolfo Angele,Rodolfo Angele,3886,https://stockanalysis.com/analysts/Rodolfo-Angele/
Alexandra Yates,Alexandra Yates,3888,https://stockanalysis.com/analysts/Alexandra-Yates/
Madeline Brooks,Madeline Brooks,3892,https://stockanalysis.com/analysts/Madeline-Brooks/
Alec Stranahan,Alec Stranahan,3898,https://stockanalysis.com/analysts/Alec-Stranahan/
John Sourbeer,John Sourbeer,3899,https://stockanalysis.com/analysts/John-Sourbeer/
Christopher Graja,Christopher Graja,3900,https://stockanalysis.com/analysts/Christopher-Graja/
Piral Dadhania,Piral Dadhania,3903,https://stockanalysis.com/analysts/Piral-Dadhania/
Roanna Ruiz,Roanna Ruiz,3904,https://stockanalysis.com/analysts/Roanna-Ruiz/
Stacy Ku,Stacy Ku,3909,https://stockanalysis.com/analysts/Stacy-Ku/
Ari Klein,Ari Klein,3910,https://stockanalysis.com/analysts/Ari-Klein/
Lucky Schreiner,Lucky Schreiner,3912,https://stockanalysis.com/analysts/Lucky-Schreiner/
Nik Cremo,Nik Cremo,3913,https://stockanalysis.com/analysts/Nik-Cremo/
Christopher Nolan,Christopher Nolan,3916,https://stockanalysis.com/analysts/Christopher-Nolan/
Nick Joseph,Nick Joseph,3921,https://stockanalysis.com/analysts/Nick-Joseph/
Alice Xiao,Alice Xiao,3924,https://stockanalysis.com/analysts/Alice-Xiao/
Ryan Langston,Ryan Langston,3927,https://stockanalysis.com/analysts/Ryan-Langston/
Daina Graybosch,Daina Graybosch,3928,https://stockanalysis.com/analysts/Daina-Graybosch/
Jin Yoon,Jin Yoon,3930,https://stockanalysis.com/analysts/Jin-Yoon/
Holly Stewart,Holly Stewart,3931,https://stockanalysis.com/analysts/Holly-Stewart/
Jeffrey Osborne,Jeffrey Osborne,3933,https://stockanalysis.com/analysts/Jeffrey-Osborne/
Warren Ackerman,Warren Ackerman,3940,https://stockanalysis.com/analysts/Warren-Ackerman/
Alex Perry,Alex Perry,3943,https://stockanalysis.com/analysts/Alex-Perry/
Alexander Perry,Alexander Perry,3948,https://stockanalysis.com/analysts/Alexander-Perry/
Eddie Kim,Eddie Kim,3950,https://stockanalysis.com/analysts/Eddie-Kim/
Stephanie Davis,Stephanie Davis,3952,https://stockanalysis.com/analysts/Stephanie-Davis/
Kalpit Patel,Kalpit Patel,3954,https://stockanalysis.com/analysts/Kalpit-Patel/
Ryan Tomasello,Ryan Tomasello,3955,https://stockanalysis.com/analysts/Ryan-Tomasello/
Lilyanna Yang,Lilyanna Yang,3957,https://stockanalysis.com/analysts/Lilyanna-Yang/
Rahul Krotthapalli,Rahul Krotthapalli,3959,https://stockanalysis.com/analysts/Rahul-Krotthapalli/
Liam Fitzpatrick,Liam Fitzpatrick,3961,https://stockanalysis.com/analysts/Liam-Fitzpatrick/
Chris Quintero,Chris Quintero,3966,https://stockanalysis.com/analysts/Chris-Quintero/
Spencer Hanus,Spencer Hanus,3967,https://stockanalysis.com/analysts/Spencer-Hanus/
Andrew DeGasperi,Andrew DeGasperi,3976,https://stockanalysis.com/analysts/Andrew-DeGasperi/
Betty Jing,Betty Jing,3982,https://stockanalysis.com/analysts/Betty-Jing/
Ben Shelley,Ben Shelley,3983,https://stockanalysis.com/analysts/Ben-Shelley/
Carly Davenport,Carly Davenport,3985,https://stockanalysis.com/analysts/Carly-Davenport/
Atul Maheswari,Atul Maheswari,3986,https://stockanalysis.com/analysts/Atul-Maheswari/
Jon Young,Jon Young,3987,https://stockanalysis.com/analysts/Jon-Young/
Farooq Hamed,Farooq Hamed,3994,https://stockanalysis.com/analysts/Farooq-Hamed/
Chad Messer,Chad Messer,3995,https://stockanalysis.com/analysts/Chad-Messer/
Matthew Heimermann,Matthew Heimermann,3997,https://stockanalysis.com/analysts/Matthew-Heimermann/
Matt Phipps,Matt Phipps,3998,https://stockanalysis.com/analysts/Matt-Phipps/
Laura Prendergast,Laura Prendergast,3999,https://stockanalysis.com/analysts/Laura-Prendergast/
Smedes Rose,Smedes Rose,4007,https://stockanalysis.com/analysts/Smedes-Rose/
James McIlree,James McIlree,4011,https://stockanalysis.com/analysts/James-McIlree/
Joseph Thome,Joseph Thome,4015,https://stockanalysis.com/analysts/Joseph-Thome/
Kenneth Fong,Kenneth Fong,4016,https://stockanalysis.com/analysts/Kenneth-Fong/
Michael Albanese,Michael Albanese,4023,https://stockanalysis.com/analysts/Michael-Albanese/
Alexander Hess,Alexander Hess,4024,https://stockanalysis.com/analysts/Alexander-Hess/
Michelle Fang,Michelle Fang,4025,https://stockanalysis.com/analysts/Michelle-Fang/
Nick Lai,Nick Lai,4027,https://stockanalysis.com/analysts/Nick-Lai/
Tom Curran,Tom Curran,4028,https://stockanalysis.com/analysts/Tom-Curran/
Casey Woodring,Casey Woodring,4030,https://stockanalysis.com/analysts/Casey-Woodring/
Esther Rajavelu,Esther Rajavelu,4033,https://stockanalysis.com/analysts/Esther-Rajavelu/
Ole Slorer,Ole Slorer,4034,https://stockanalysis.com/analysts/Ole-Slorer/
Jeff Chung,Jeff Chung,4035,https://stockanalysis.com/analysts/Jeff-Chung/
Peter Osterland,Peter Osterland,4036,https://stockanalysis.com/analysts/Peter-Osterland/
Ned Baramov,Ned Baramov,4039,https://stockanalysis.com/analysts/Ned-Baramov/
Jeff Adelson,Jeff Adelson,4040,https://stockanalysis.com/analysts/Jeff-Adelson/
Jonathan Chang,Jonathan Chang,4043,https://stockanalysis.com/analysts/Jonathan-Chang/
Robert Mollins,Robert Mollins,4048,https://stockanalysis.com/analysts/Robert-Mollins/
Fernando Abdalla,Fernando Abdalla,4049,https://stockanalysis.com/analysts/Fernando-Abdalla/
Young Li,Young Li,4062,https://stockanalysis.com/analysts/Young-Li/
Chris Merwin,Chris Merwin,4068,https://stockanalysis.com/analysts/Chris-Merwin/
Jeffrey Adelson,Jeffrey Adelson,4074,https://stockanalysis.com/analysts/Jeffrey-Adelson/
William Kirk,William Kirk,4083,https://stockanalysis.com/analysts/William-Kirk/
David Deckelbaum,David Deckelbaum,4085,https://stockanalysis.com/analysts/David-Deckelbaum/
Joseph Civello,Joseph Civello,4086,https://stockanalysis.com/analysts/Joseph-Civello/
Salvator Tiano,Salvator Tiano,4088,https://stockanalysis.com/analysts/Salvator-Tiano/
Greg McGinniss,Greg McGinniss,4090,https://stockanalysis.com/analysts/Greg-McGinniss/
Kemp Dolliver,Kemp Dolliver,4093,https://stockanalysis.com/analysts/Kemp-Dolliver/
Jared Levine,Jared Levine,4094,https://stockanalysis.com/analysts/Jared-Levine/
Clark Wright,Clark Wright,4099,https://stockanalysis.com/analysts/Clark-Wright/
Luke Morison,Luke Morison,4100,https://stockanalysis.com/analysts/Luke-Morison/
Michael Kupinski,Michael Kupinski,4104,https://stockanalysis.com/analysts/Michael-Kupinski/
Taylor Manley,Taylor Manley,4106,https://stockanalysis.com/analysts/Taylor-Manley/
Divya Goyal,Divya Goyal,4114,https://stockanalysis.com/analysts/Divya-Goyal/
Woody Lay,Woody Lay,4123,https://stockanalysis.com/analysts/Woody-Lay/
Tim Hsiao,Tim Hsiao,4126,https://stockanalysis.com/analysts/Tim-Hsiao/
Jorg Friedemann,Jorg Friedemann,4127,https://stockanalysis.com/analysts/Jorg-Friedemann/
Logan Reich,Logan Reich,4132,https://stockanalysis.com/analysts/Logan-Reich/
Abhishek Shukla,Abhishek Shukla,4134,https://stockanalysis.com/analysts/Abhishek-Shukla/
Dina Ramadane,Dina Ramadane,4135,https://stockanalysis.com/analysts/Dina-Ramadane/
Emily Ericksen,Emily Ericksen,4136,https://stockanalysis.com/analysts/Emily-Ericksen/
Joel Lederman,Joel Lederman,4138,https://stockanalysis.com/analysts/Joel-Lederman/
Chi Fong,Chi Fong,4141,https://stockanalysis.com/analysts/Chi-Fong/
Jamie Rollo,Jamie Rollo,4142,https://stockanalysis.com/analysts/Jamie-Rollo/
Zachary Warring,Zachary Warring,4144,https://stockanalysis.com/analysts/Zachary-Warring/
Mike Morris,Mike Morris,4146,https://stockanalysis.com/analysts/Mike-Morris/
Eun Yang,Eun Yang,4149,https://stockanalysis.com/analysts/Eun-Yang/
Brian Brungardt,Brian Brungardt,4158,https://stockanalysis.com/analysts/Brian-Brungardt/
Julian Radlinger,Julian Radlinger,4160,https://stockanalysis.com/analysts/Julian-Radlinger/
Andre Salles,Andre Salles,4161,https://stockanalysis.com/analysts/Andre-Salles/
Hong Zhang,Hong Zhang,4169,https://stockanalysis.com/analysts/Hong-Zhang/
Matt Larew,Matt Larew,4171,https://stockanalysis.com/analysts/Matt-Larew/
Steven Pizzella,Steven Pizzella,4172,https://stockanalysis.com/analysts/Steven-Pizzella/
William Jellison,William Jellison,4183,https://stockanalysis.com/analysts/William-Jellison/
Andreas Sheppard,Andreas Sheppard,4186,https://stockanalysis.com/analysts/Andreas-Sheppard/
Rock Hoffman,Rock Hoffman,4187,https://stockanalysis.com/analysts/Rock-Hoffman/
Will Kirkness,Will Kirkness,4189,https://stockanalysis.com/analysts/Will-Kirkness/
Sathish Kasinathan,Sathish Kasinathan,4190,https://stockanalysis.com/analysts/Sathish-Kasinathan/
Mikhail Goberman,Mikhail Goberman,4191,https://stockanalysis.com/analysts/Mikhail-Goberman/
Jason Bandel,Jason Bandel,4193,https://stockanalysis.com/analysts/Jason-Bandel/
Matthew Johnson,Matthew Johnson,4194,https://stockanalysis.com/analysts/Matthew-Johnson/
Kevin Fisk,Kevin Fisk,4197,https://stockanalysis.com/analysts/Kevin-Fisk/
Michael Goldie,Michael Goldie,4206,https://stockanalysis.com/analysts/Michael-Goldie/
Parker Snure,Parker Snure,4219,https://stockanalysis.com/analysts/Parker-Snure/
Matthew Hurwit,Matthew Hurwit,4226,https://stockanalysis.com/analysts/Matthew-Hurwit/
Louise Singlehurst,Louise Singlehurst,4229,https://stockanalysis.com/analysts/Louise-Singlehurst/
Don Carducci,Don Carducci,4232,https://stockanalysis.com/analysts/Don-Carducci/
Chris Senyek,Chris Senyek,4239,https://stockanalysis.com/analysts/Chris-Senyek/
Tom Stephan,Tom Stephan,4246,https://stockanalysis.com/analysts/Tom-Stephan/
Michael Albanses,Michael Albanses,4248,https://stockanalysis.com/analysts/Michael-Albanses/
Matt Ma,Matt Ma,4249,https://stockanalysis.com/analysts/Matt-Ma/
Tony DiMatteo,Tony DiMatteo,4255,https://stockanalysis.com/analysts/Tony-DiMatteo/
Ernesto Gabilondo,Ernesto Gabilondo,4262,https://stockanalysis.com/analysts/Ernesto-Gabilondo/
Zachary Silverberg,Zachary Silverberg,4267,https://stockanalysis.com/analysts/Zachary-Silverberg/
Ami Probandt,Ami Probandt,4271,https://stockanalysis.com/analysts/Ami-Probandt/
Jacob Smith,Jacob Smith,4297,https://stockanalysis.com/analysts/Jacob-Smith/
Tina Hou,Tina Hou,4305,https://stockanalysis.com/analysts/Tina-Hou/
Naz Rahman,Naz Rahman,4306,https://stockanalysis.com/analysts/Naz-Rahman/
Jeffrey Lick,Jeffrey Lick,4307,https://stockanalysis.com/analysts/Jeffrey-Lick/
Matthew Martino,Matthew Martino,4308,https://stockanalysis.com/analysts/Matthew-Martino/
Katie Lachapelle,Katie Lachapelle,4318,https://stockanalysis.com/analysts/Katie-Lachapelle/
JESALYN Wong,JESALYN Wong,4326,https://stockanalysis.com/analysts/JESALYN-Wong/
Brandon Bingham,Brandon Bingham,4328,https://stockanalysis.com/analysts/Brandon-Bingham/
Eric Boyes,Eric Boyes,4331,https://stockanalysis.com/analysts/Eric-Boyes/
Leo Chiang,Leo Chiang,4336,https://stockanalysis.com/analysts/Leo-Chiang/
Sorabh Daga,Sorabh Daga,4340,https://stockanalysis.com/analysts/Sorabh-Daga/
Leandro Bastos,Leandro Bastos,4343,https://stockanalysis.com/analysts/Leandro-Bastos/
Bill Maughan,Bill Maughan,4346,https://stockanalysis.com/analysts/Bill-Maughan/
Richard Law,Richard Law,4350,https://stockanalysis.com/analysts/Richard-Law/
Luke Horton,Luke Horton,4351,https://stockanalysis.com/analysts/Luke-Horton/
Alex Potter,Alex Potter,4354,https://stockanalysis.com/analysts/Alex-Potter/
Eunice Lee,Eunice Lee,4355,https://stockanalysis.com/analysts/Eunice-Lee/
Priya Sachdeva,Priya Sachdeva,4357,https://stockanalysis.com/analysts/Priya-Sachdeva/
Kumaraguru Raja,Kumaraguru Raja,4359,https://stockanalysis.com/analysts/Kumaraguru-Raja/
Agnieszka Pustula,Agnieszka Pustula,4360,https://stockanalysis.com/analysts/Agnieszka-Pustula/
Matthew Stanton,Matthew Stanton,4368,https://stockanalysis.com/analysts/Matthew-Stanton/
Jorge Kuri,Jorge Kuri,4376,https://stockanalysis.com/analysts/Jorge-Kuri/
Nicholas Holowko,Nicholas Holowko,4379,https://stockanalysis.com/analysts/Nicholas-Holowko/
David Bouchey,David Bouchey,4380,https://stockanalysis.com/analysts/David-Bouchey/
James Kirby,James Kirby,4382,https://stockanalysis.com/analysts/James-Kirby/
Adam Berlin,Adam Berlin,4386,https://stockanalysis.com/analysts/Adam-Berlin/
Mariana Taddeo,Mariana Taddeo,4387,https://stockanalysis.com/analysts/Mariana-Taddeo/
Alex Terentiew,Alex Terentiew,4392,https://stockanalysis.com/analysts/Alex-Terentiew/
Faham Baig,Faham Baig,4398,https://stockanalysis.com/analysts/Faham-Baig/
Nick Abbott,Nick Abbott,4400,https://stockanalysis.com/analysts/Nick-Abbott/
Sami Corwin,Sami Corwin,4404,https://stockanalysis.com/analysts/Sami-Corwin/
Lincoln Kong,Lincoln Kong,4408,https://stockanalysis.com/analysts/Lincoln-Kong/
Christian Carlino,Christian Carlino,4411,https://stockanalysis.com/analysts/Christian-Carlino/
Winnie Dong,Winnie Dong,4424,https://stockanalysis.com/analysts/Winnie-Dong/
Weston Bloomer,Weston Bloomer,4431,https://stockanalysis.com/analysts/Weston-Bloomer/
Ross MacDonald,Ross MacDonald,4466,https://stockanalysis.com/analysts/Ross-MacDonald/
Jonathan Goldman,Jonathan Goldman,4480,https://stockanalysis.com/analysts/Jonathan-Goldman/
Caleb Stein,Caleb Stein,4482,https://stockanalysis.com/analysts/Caleb-Stein/
Chris Mcgratty,Chris Mcgratty,4487,https://stockanalysis.com/analysts/Chris-Mcgratty/
Derick Ma,Derick Ma,4497,https://stockanalysis.com/analysts/Derick-Ma/
Kosta Tasoulis,Kosta Tasoulis,4499,https://stockanalysis.com/analysts/Kosta-Tasoulis/
Andy Terrell,Andy Terrell,4500,https://stockanalysis.com/analysts/Andy-Terrell/
Eli Jossen,Eli Jossen,4502,https://stockanalysis.com/analysts/Eli-Jossen/
Bobby Zolper,Bobby Zolper,4506,https://stockanalysis.com/analysts/Bobby-Zolper/
Daniela Costa,Daniela Costa,4507,https://stockanalysis.com/analysts/Daniela-Costa/
Marcus Cole,Marcus Cole,4508,https://stockanalysis.com/analysts/Marcus-Cole/
Janice Quek,Janice Quek,4509,https://stockanalysis.com/analysts/Janice-Quek/
Seth Gilbert,Seth Gilbert,4516,https://stockanalysis.com/analysts/Seth-Gilbert/
Matheus Enfeldt,Matheus Enfeldt,4586,https://stockanalysis.com/analysts/Matheus-Enfeldt/
Robert Stein,Robert Stein,4595,https://stockanalysis.com/analysts/Robert-Stein/
Matthew Krueger,Matthew Krueger,4600,https://stockanalysis.com/analysts/Matthew-Krueger/
Michael Grondahl,Michael Grondahl,4606,https://stockanalysis.com/analysts/Michael-Grondahl/
Dan Payne,Dan Payne,4612,https://stockanalysis.com/analysts/Dan-Payne/
Geoff Lowery,Geoff Lowery,4617,https://stockanalysis.com/analysts/Geoff-Lowery/
Aaron Grey,Aaron Grey,4634,https://stockanalysis.com/analysts/Aaron-Grey/
Meyer Sheilds,Meyer Sheilds,4642,https://stockanalysis.com/analysts/Meyer-Sheilds/
Nafeesa Gupta,Nafeesa Gupta,4644,https://stockanalysis.com/analysts/Nafeesa-Gupta/
Arthur Lai,Arthur Lai,4652,https://stockanalysis.com/analysts/Arthur-Lai/
Sam Eiber,Sam Eiber,4659,https://stockanalysis.com/analysts/Sam-Eiber/
Sam Burwell,Sam Burwell,4671,https://stockanalysis.com/analysts/Sam-Burwell/
Steve Silver,Steve Silver,4680,https://stockanalysis.com/analysts/Steve-Silver/
Michael Sarcone,Michael Sarcone,4700,https://stockanalysis.com/analysts/Michael-Sarcone/
Chris Zhang,Chris Zhang,4710,https://stockanalysis.com/analysts/Chris-Zhang/
Akshay Gupta,Akshay Gupta,4733,https://stockanalysis.com/analysts/Akshay-Gupta/
Fan Tso,Fan Tso,4747,https://stockanalysis.com/analysts/Fan-Tso/
Melanie Nunez,Melanie Nunez,4748,https://stockanalysis.com/analysts/Melanie-Nunez/
Kallum Titchmarsh,Kallum Titchmarsh,4754,https://stockanalysis.com/analysts/Kallum-Titchmarsh/
Deborah Ciervo,Deborah Ciervo,4761,https://stockanalysis.com/analysts/Deborah-Ciervo/
Katherine Griffin,Katherine Griffin,4768,https://stockanalysis.com/analysts/Katherine-Griffin/
Daniel Roeska,Daniel Roeska,4783,https://stockanalysis.com/analysts/Daniel-Roeska/
Steven Frankel,Steven Frankel,4784,https://stockanalysis.com/analysts/Steven-Frankel/
Tim Perz,Tim Perz,4788,https://stockanalysis.com/analysts/Tim-Perz/
Nate Svensson,Nate Svensson,4790,https://stockanalysis.com/analysts/Nate-Svensson/
Timothy Zhao,Timothy Zhao,4808,https://stockanalysis.com/analysts/Timothy-Zhao/
Tasso Vasconcellos,Tasso Vasconcellos,4814,https://stockanalysis.com/analysts/Tasso-Vasconcellos/
Tim Chiodo,Tim Chiodo,4818,https://stockanalysis.com/analysts/Tim-Chiodo/
Michael DiFiore,Michael DiFiore,4820,https://stockanalysis.com/analysts/Michael-DiFiore/
George Kurosawa,George Kurosawa,4825,https://stockanalysis.com/analysts/George-Kurosawa/
Nicholas Thillman,Nicholas Thillman,4827,https://stockanalysis.com/analysts/Nicholas-Thillman/
Duksan Jang,Duksan Jang,4867,https://stockanalysis.com/analysts/Duksan-Jang/
Sean Kennedy,Sean Kennedy,4876,https://stockanalysis.com/analysts/Sean-Kennedy/
Adithya Metuku,Adithya Metuku,4883,https://stockanalysis.com/analysts/Adithya-Metuku/
Amy Li,Amy Li,4895,https://stockanalysis.com/analysts/Amy-Li/
Michael Tyndall,Michael Tyndall,4897,https://stockanalysis.com/analysts/Michael-Tyndall/
Cheng Li,Cheng Li,4902,https://stockanalysis.com/analysts/Cheng-Li/
Michael Toomey,Michael Toomey,4906,https://stockanalysis.com/analysts/Michael-Toomey/
Helena Wang,Helena Wang,4909,https://stockanalysis.com/analysts/Helena-Wang/
Rohin Patel,Rohin Patel,4921,https://stockanalysis.com/analysts/Rohin-Patel/
Guilherme Mendes,Guilherme Mendes,4933,https://stockanalysis.com/analysts/Guilherme-Mendes/
Esme Pau,Esme Pau,4953,https://stockanalysis.com/analysts/Esme-Pau/
Vitaly Umansky,Vitaly Umansky,4961,https://stockanalysis.com/analysts/Vitaly-Umansky/
Ryan McKeveny,Ryan McKeveny,4969,https://stockanalysis.com/analysts/Ryan-McKeveny/
Peter Steyn,Peter Steyn,4975,https://stockanalysis.com/analysts/Peter-Steyn/
Cooper Clark,Cooper Clark,4977,https://stockanalysis.com/analysts/Cooper-Clark/
Gokul Hariharan,Gokul Hariharan,4979,https://stockanalysis.com/analysts/Gokul-Hariharan/
Anthony Trainor,Anthony Trainor,4980,https://stockanalysis.com/analysts/Anthony-Trainor/
Romain Gourvil,Romain Gourvil,4981,https://stockanalysis.com/analysts/Romain-Gourvil/
Noah Herman,Noah Herman,4989,https://stockanalysis.com/analysts/Noah-Herman/
Emma Schwartz,Emma Schwartz,4993,https://stockanalysis.com/analysts/Emma-Schwartz/
Mike Albanese,Mike Albanese,4997,https://stockanalysis.com/analysts/Mike-Albanese/
Keegan Cox,Keegan Cox,4999,https://stockanalysis.com/analysts/Keegan-Cox/
Harry Bartlett,Harry Bartlett,5003,https://stockanalysis.com/analysts/Harry-Bartlett/
Daniela Haigian,Daniela Haigian,5004,https://stockanalysis.com/analysts/Daniela-Haigian/
Micheal Bellisario,Micheal Bellisario,5007,https://stockanalysis.com/analysts/Micheal-Bellisario/
Jordan Boretz,Jordan Boretz,5008,https://stockanalysis.com/analysts/Jordan-Boretz/
Mikhail Paramonov,Mikhail Paramonov,5009,https://stockanalysis.com/analysts/Mikhail-Paramonov/
Andrew Madrid,Andrew Madrid,5010,https://stockanalysis.com/analysts/Andrew-Madrid/
Caitlin Roberts,Caitlin Roberts,5011,https://stockanalysis.com/analysts/Caitlin-Roberts/
Sergio Segura,Sergio Segura,5012,https://stockanalysis.com/analysts/Sergio-Segura/
Seth Bergey,Seth Bergey,5013,https://stockanalysis.com/analysts/Seth-Bergey/
Joe Laetsch,Joe Laetsch,5015,https://stockanalysis.com/analysts/Joe-Laetsch/
Richard Kramer,Richard Kramer,5016,https://stockanalysis.com/analysts/Richard-Kramer/
Rami Katkhuda,Rami Katkhuda,5017,https://stockanalysis.com/analysts/Rami-Katkhuda/
Andy Yu,Andy Yu,5019,https://stockanalysis.com/analysts/Andy-Yu/
Jimmy Yoon,Jimmy Yoon,5020,https://stockanalysis.com/analysts/Jimmy-Yoon/
Aidan Kelly,Aidan Kelly,5021,https://stockanalysis.com/analysts/Aidan-Kelly/
Jeffrey Kiang,Jeffrey Kiang,5022,https://stockanalysis.com/analysts/Jeffrey-Kiang/
Nicolai Kempf,Nicolai Kempf,5024,https://stockanalysis.com/analysts/Nicolai-Kempf/
Paul Obrecht,Paul Obrecht,5026,https://stockanalysis.com/analysts/Paul-Obrecht/
John Te,John Te,5027,https://stockanalysis.com/analysts/John-Te/
Chris Hallam,Chris Hallam,5028,https://stockanalysis.com/analysts/Chris-Hallam/
Ty Collin,Ty Collin,5029,https://stockanalysis.com/analysts/Ty-Collin/
Elizabeth Sun,Elizabeth Sun,5031,https://stockanalysis.com/analysts/Elizabeth-Sun/
Wahid Amin,Wahid Amin,5033,https://stockanalysis.com/analysts/Wahid-Amin/
Robert Napoli,Robert Napoli,5037,https://stockanalysis.com/analysts/Robert-Napoli/
