Analyst name,Ranking,URL,Last update
Asiya Merchant,1,https://stockanalysis.com/analysts/Asiya-Merchant/,24 Jul 2026
Timothy Arcuri,3,https://stockanalysis.com/analysts/Timothy-Arcuri/,24 Jul 2026
Atif Malik,5,https://stockanalysis.com/analysts/Atif-Malik/,24 Jul 2026
Justin Jenkins,6,https://stockanalysis.com/analysts/Justin-Jenkins/,13 Jul 2026
Aaron Rakers,7,https://stockanalysis.com/analysts/Aaron-Rakers/,24 Jul 2026
Vijay Rakesh,8,https://stockanalysis.com/analysts/Vijay-Rakesh/,24 Jul 2026
Harsh Kumar,9,https://stockanalysis.com/analysts/Harsh-Kumar/,26 Feb 2026
Samik Chatterjee,10,https://stockanalysis.com/analysts/Samik-Chatterjee/,23 Jul 2026
Krish Sankar,11,https://stockanalysis.com/analysts/Krish-Sankar/,17 Jul 2026
Richard Shannon,12,https://stockanalysis.com/analysts/Richard-Shannon/,22 Jul 2026
Matt Bryson,13,https://stockanalysis.com/analysts/Matt-Bryson/,24 Jul 2026
Chris Hallam,14,https://stockanalysis.com/analysts/Chris-Hallam/,20 Jul 2026
William Stein,16,https://stockanalysis.com/analysts/William-Stein/,24 Jul 2026
Theresa Chen,17,https://stockanalysis.com/analysts/Theresa-Chen/,23 Jul 2026
Ebrahim Poonawala,18,https://stockanalysis.com/analysts/Ebrahim-Poonawala/,24 Jul 2026
Harlan Sur,19,https://stockanalysis.com/analysts/Harlan-Sur/,24 Jul 2026
Ruben Roy,20,https://stockanalysis.com/analysts/Ruben-Roy/,24 Jul 2026
Rick Schafer,21,https://stockanalysis.com/analysts/Rick-Schafer/,24 Jul 2026
Dan Payne,22,https://stockanalysis.com/analysts/Dan-Payne/,07 Jul 2026
Josh Sullivan,23,https://stockanalysis.com/analysts/Josh-Sullivan/,15 Jul 2026
Mark Lipacis,24,https://stockanalysis.com/analysts/Mark-Lipacis/,23 Jul 2026
Michael Siperco,25,https://stockanalysis.com/analysts/Michael-Siperco/,10 Dec 2025
Brent Thielman,26,https://stockanalysis.com/analysts/Brent-Thielman/,07 Jul 2026
Quinn Bolton,27,https://stockanalysis.com/analysts/Quinn-Bolton/,24 Jul 2026
Jim Kelleher,28,https://stockanalysis.com/analysts/Jim-Kelleher/,23 Jul 2026
Jason Seidl,29,https://stockanalysis.com/analysts/Jason-Seidl/,24 Jul 2026
Amit Daryanani,30,https://stockanalysis.com/analysts/Amit-Daryanani/,23 Jul 2026
Blayne Curtis,31,https://stockanalysis.com/analysts/Blayne-Curtis/,23 Jul 2026
John Todaro,32,https://stockanalysis.com/analysts/John-Todaro/,23 Jul 2026
Wamsi Mohan,34,https://stockanalysis.com/analysts/Wamsi-Mohan/,23 Jul 2026
Christopher Rolland,35,https://stockanalysis.com/analysts/Christopher-Rolland/,24 Jul 2026
Christian Schwab,37,https://stockanalysis.com/analysts/Christian-Schwab/,15 Jul 2026
Kevin Cassidy,38,https://stockanalysis.com/analysts/Kevin-Cassidy/,24 Jul 2026
Mark Miller,39,https://stockanalysis.com/analysts/Mark-Miller/,15 Jan 2026
Julian Harrison,40,https://stockanalysis.com/analysts/Julian-Harrison/,20 Jul 2026
Brian Brophy,42,https://stockanalysis.com/analysts/Brian-Brophy/,24 Jul 2026
Gary Tenner,45,https://stockanalysis.com/analysts/Gary-Tenner/,23 Jul 2026
Faisal Khurshid,48,https://stockanalysis.com/analysts/Faisal-Khurshid/,24 Jul 2026
Cody Acree,50,https://stockanalysis.com/analysts/Cody-Acree/,23 Jul 2026
Andrew Kaplowitz,51,https://stockanalysis.com/analysts/Andrew-Kaplowitz/,24 Jul 2026
Leo Mariani,53,https://stockanalysis.com/analysts/Leo-Mariani/,24 Jul 2026
John Freeman,55,https://stockanalysis.com/analysts/John-Freeman/,21 Jul 2026
Devin Ryan,57,https://stockanalysis.com/analysts/Devin-Ryan/,23 Jul 2026
David Risinger,58,https://stockanalysis.com/analysts/David-Risinger/,17 Jul 2026
Tore Svanberg,59,https://stockanalysis.com/analysts/Tore-Svanberg/,24 Jul 2026
Tim Savageaux,60,https://stockanalysis.com/analysts/Tim-Savageaux/,24 Jul 2026
Thomas Smith,61,https://stockanalysis.com/analysts/Thomas-Smith/,24 Jul 2026
Sam Slutsky,62,https://stockanalysis.com/analysts/Sam-Slutsky/,25 Jul 2026
Ritu Baral,63,https://stockanalysis.com/analysts/Ritu-Baral/,21 Jul 2026
Mark Newman,66,https://stockanalysis.com/analysts/Mark-Newman/,20 Jul 2026
Bill Papanastasiou,68,https://stockanalysis.com/analysts/Bill-Papanastasiou/,26 Apr 2026
Ariel Rosa,69,https://stockanalysis.com/analysts/Ariel-Rosa/,24 Jul 2026
Selman Akyol,70,https://stockanalysis.com/analysts/Selman-Akyol/,23 Jul 2026
Brian Chin,71,https://stockanalysis.com/analysts/Brian-Chin/,10 Jul 2026
Mike Mayo,72,https://stockanalysis.com/analysts/Mike-Mayo/,23 Jul 2026
Ross Seymore,73,https://stockanalysis.com/analysts/Ross-Seymore/,29 Jun 2026
Joshua Buchalter,74,https://stockanalysis.com/analysts/Joshua-Buchalter/,23 Jul 2026
Gautam Khanna,75,https://stockanalysis.com/analysts/Gautam-Khanna/,22 Jul 2026
Stacy Rasgon,76,https://stockanalysis.com/analysts/Stacy-Rasgon/,23 Jul 2026
Michael Ciarmoli,77,https://stockanalysis.com/analysts/Michael-Ciarmoli/,26 May 2026
Brian MacArthur,80,https://stockanalysis.com/analysts/Brian-MacArthur/,23 Jul 2026
Mike Colonnese,81,https://stockanalysis.com/analysts/Mike-Colonnese/,22 Jul 2026
Mehdi Hosseini,83,https://stockanalysis.com/analysts/Mehdi-Hosseini/,22 Jul 2026
Ami Fadia,85,https://stockanalysis.com/analysts/Ami-Fadia/,16 Jul 2026
Chase Knickerbocker,86,https://stockanalysis.com/analysts/Chase-Knickerbocker/,22 Jul 2026
Joon Lee,87,https://stockanalysis.com/analysts/Joon-Lee/,17 Mar 2026
Tristan Gerra,88,https://stockanalysis.com/analysts/Tristan-Gerra/,24 Jul 2026
Craig Ellis,89,https://stockanalysis.com/analysts/Craig-Ellis/,22 Jul 2026
Andres Coello,90,https://stockanalysis.com/analysts/Andres-Coello/,22 Jul 2026
Srini Pajjuri,91,https://stockanalysis.com/analysts/Srini-Pajjuri/,24 Jul 2026
Phil Hardie,92,https://stockanalysis.com/analysts/Phil-Hardie/,24 Jul 2026
Kian Abouhossein,93,https://stockanalysis.com/analysts/Kian-Abouhossein/,22 Jul 2026
Mark Hughes,95,https://stockanalysis.com/analysts/Mark-Hughes/,24 Jul 2026
Gerard Cassidy,96,https://stockanalysis.com/analysts/Gerard-Cassidy/,23 Jul 2026
Jamie Cook,98,https://stockanalysis.com/analysts/Jamie-Cook/,24 Jul 2026
Daniel Fannon,99,https://stockanalysis.com/analysts/Daniel-Fannon/,22 Jul 2026
Walter Spracklin,100,https://stockanalysis.com/analysts/Walter-Spracklin/,23 Jul 2026
Steve Barger,101,https://stockanalysis.com/analysts/Steve-Barger/,23 Jul 2026
Patrick Brown,102,https://stockanalysis.com/analysts/Patrick-Brown/,16 Jul 2026
Dave Kang,104,https://stockanalysis.com/analysts/Dave-Kang/,23 Jul 2026
Keith Mackey,106,https://stockanalysis.com/analysts/Keith-Mackey/,23 Jul 2026
Chris Caso,107,https://stockanalysis.com/analysts/Chris-Caso/,11 Jun 2026
Carey Macrury,108,https://stockanalysis.com/analysts/Carey-Macrury/,06 Jul 2026
Myles Minter,109,https://stockanalysis.com/analysts/Myles-Minter/,23 Jul 2026
John Vinh,110,https://stockanalysis.com/analysts/John-Vinh/,24 Jul 2026
Yaron Werber,111,https://stockanalysis.com/analysts/Yaron-Werber/,22 Jul 2026
Robert Brown,112,https://stockanalysis.com/analysts/Robert-Brown/,02 Jul 2026
Heiko Ihle,114,https://stockanalysis.com/analysts/Heiko-Ihle/,24 Jul 2026
Jeremy Hoy,118,https://stockanalysis.com/analysts/Jeremy-Hoy/,20 Jul 2026
James Thalacker,120,https://stockanalysis.com/analysts/James-Thalacker/,24 Jul 2026
Bose George,121,https://stockanalysis.com/analysts/Bose-George/,24 Jul 2026
Meyer Shields,122,https://stockanalysis.com/analysts/Meyer-Shields/,23 Jul 2026
Manav Gupta,123,https://stockanalysis.com/analysts/Manav-Gupta/,24 Jul 2026
Elvira Scotto,124,https://stockanalysis.com/analysts/Elvira-Scotto/,21 Jul 2026
Jason Goldberg,125,https://stockanalysis.com/analysts/Jason-Goldberg/,24 Jul 2026
Jonathan Chappell,126,https://stockanalysis.com/analysts/Jonathan-Chappell/,23 Jul 2026
Charles Minervino,127,https://stockanalysis.com/analysts/Charles-Minervino/,24 Jul 2026
Seamus Fernandez,128,https://stockanalysis.com/analysts/Seamus-Fernandez/,16 Jul 2026
Moshe Orenbuch,129,https://stockanalysis.com/analysts/Moshe-Orenbuch/,24 Jul 2026
Ronald Epstein,130,https://stockanalysis.com/analysts/Ronald-Epstein/,23 Jul 2026
Etzer Darout,131,https://stockanalysis.com/analysts/Etzer-Darout/,23 Jul 2026
Vivek Arya,132,https://stockanalysis.com/analysts/Vivek-Arya/,24 Jul 2026
Simon Leopold,133,https://stockanalysis.com/analysts/Simon-Leopold/,01 Jul 2026
James Ricchiuti,134,https://stockanalysis.com/analysts/James-Ricchiuti/,23 Jul 2026
Yatin Suneja,135,https://stockanalysis.com/analysts/Yatin-Suneja/,24 Jul 2026
David Williams,136,https://stockanalysis.com/analysts/David-Williams/,10 Jun 2026
Gregory Lewis,137,https://stockanalysis.com/analysts/Gregory-Lewis/,23 Jul 2026
Michael Schmidt,138,https://stockanalysis.com/analysts/Michael-Schmidt/,22 Jul 2026
Patrick Trucchio,139,https://stockanalysis.com/analysts/Patrick-Trucchio/,22 Jul 2026
Kyle Menges,142,https://stockanalysis.com/analysts/Kyle-Menges/,24 Jul 2026
David Konrad,144,https://stockanalysis.com/analysts/David-Konrad/,24 Jul 2026
Damon Delmonte,145,https://stockanalysis.com/analysts/Damon-Delmonte/,24 Jul 2026
Bobby Brooks,146,https://stockanalysis.com/analysts/Bobby-Brooks/,23 Jul 2026
Patrick Moley,147,https://stockanalysis.com/analysts/Patrick-Moley/,24 Jul 2026
Sanjay Sakhrani,148,https://stockanalysis.com/analysts/Sanjay-Sakhrani/,22 Jul 2026
Eric Winmill,149,https://stockanalysis.com/analysts/Eric-Winmill/,24 Jul 2026
Andrew Obin,150,https://stockanalysis.com/analysts/Andrew-Obin/,24 Jul 2026
Nathan Jones,151,https://stockanalysis.com/analysts/Nathan-Jones/,24 Jul 2026
Julian Mitchell,152,https://stockanalysis.com/analysts/Julian-Mitchell/,12 Jun 2026
Peter Arment,153,https://stockanalysis.com/analysts/Peter-Arment/,24 Jul 2026
Noah Kaye,154,https://stockanalysis.com/analysts/Noah-Kaye/,12 Jun 2026
Jonathan Ruykhaver,156,https://stockanalysis.com/analysts/Jonathan-Ruykhaver/,24 Jul 2026
Charles Shi,157,https://stockanalysis.com/analysts/Charles-Shi/,21 Jul 2026
Joseph Moore,158,https://stockanalysis.com/analysts/Joseph-Moore/,24 Jul 2026
Joseph Schwartz,160,https://stockanalysis.com/analysts/Joseph-Schwartz/,24 Jun 2026
George Sutton,161,https://stockanalysis.com/analysts/George-Sutton/,17 Jul 2026
Yasmeen Rahimi,162,https://stockanalysis.com/analysts/Yasmeen-Rahimi/,24 Jul 2026
Colin Rusch,163,https://stockanalysis.com/analysts/Colin-Rusch/,23 Jul 2026
Melissa Weathers,164,https://stockanalysis.com/analysts/Melissa-Weathers/,09 Jul 2026
Sebastien Naji,165,https://stockanalysis.com/analysts/Sebastien-Naji/,22 Jul 2026
Edward Yang,166,https://stockanalysis.com/analysts/Edward-Yang/,16 Jul 2026
Allison Bratzel,174,https://stockanalysis.com/analysts/Allison-Bratzel/,09 Jul 2026
Alexander Blostein,176,https://stockanalysis.com/analysts/Alexander-Blostein/,24 Jul 2026
Debanjana Chatterjee,178,https://stockanalysis.com/analysts/Debanjana-Chatterjee/,23 Jul 2026
Stephen Volkmann,179,https://stockanalysis.com/analysts/Stephen-Volkmann/,15 Jul 2026
Fadi Chamoun,180,https://stockanalysis.com/analysts/Fadi-Chamoun/,24 Jul 2026
Scott Hanold,181,https://stockanalysis.com/analysts/Scott-Hanold/,20 Jul 2026
Mark Delaney,183,https://stockanalysis.com/analysts/Mark-Delaney/,22 Jul 2026
Alexander Paris,184,https://stockanalysis.com/analysts/Alexander-Paris/,23 Jul 2026
Sam Crittenden,185,https://stockanalysis.com/analysts/Sam-Crittenden/,23 Jul 2026
Richard Hatch,187,https://stockanalysis.com/analysts/Richard-Hatch/,24 Jul 2026
Wood Lay,189,https://stockanalysis.com/analysts/Wood-Lay/,24 Jul 2026
Keith Horowitz,191,https://stockanalysis.com/analysts/Keith-Horowitz/,08 May 2026
Christopher McGratty,193,https://stockanalysis.com/analysts/Christopher-McGratty/,24 Jul 2026
Erik Rasmussen,194,https://stockanalysis.com/analysts/Erik-Rasmussen/,24 Jul 2026
Michael Blum,196,https://stockanalysis.com/analysts/Michael-Blum/,25 Jun 2026
Frederic Bastien,198,https://stockanalysis.com/analysts/Frederic-Bastien/,02 Jul 2026
Doug Schenkel,201,https://stockanalysis.com/analysts/Doug-Schenkel/,10 Dec 2025
Christopher Glynn,205,https://stockanalysis.com/analysts/Christopher-Glynn/,10 Jul 2026
Craig Stanley,206,https://stockanalysis.com/analysts/Craig-Stanley/,14 May 2026
Erik Woodring,207,https://stockanalysis.com/analysts/Erik-Woodring/,24 Jul 2026
Justin Post,208,https://stockanalysis.com/analysts/Justin-Post/,23 Jul 2026
Jason Gerberry,209,https://stockanalysis.com/analysts/Jason-Gerberry/,22 Jul 2026
Gus Richard,210,https://stockanalysis.com/analysts/Gus-Richard/,24 Jul 2026
Nehal Chokshi,211,https://stockanalysis.com/analysts/Nehal-Chokshi/,22 Jul 2026
Douglas Tsao,212,https://stockanalysis.com/analysts/Douglas-Tsao/,24 Jul 2026
Edward Nash,213,https://stockanalysis.com/analysts/Edward-Nash/,22 Jul 2026
Ryan Koontz,215,https://stockanalysis.com/analysts/Ryan-Koontz/,23 Jul 2026
Alex Platt,216,https://stockanalysis.com/analysts/Alex-Platt/,18 May 2026
Lucas Servera,217,https://stockanalysis.com/analysts/Lucas-Servera/,16 Jul 2026
Brett Huff,219,https://stockanalysis.com/analysts/Brett-Huff/,23 Jul 2026
Kelsey Goodwin,220,https://stockanalysis.com/analysts/Kelsey-Goodwin/,24 Jul 2026
Andrew Coombs,222,https://stockanalysis.com/analysts/Andrew-Coombs/,24 Jul 2026
Rudy Li,225,https://stockanalysis.com/analysts/Rudy-Li/,07 Jul 2026
Paul Newsome,228,https://stockanalysis.com/analysts/Paul-Newsome/,24 Jul 2026
Stephen Tusa,229,https://stockanalysis.com/analysts/Stephen-Tusa/,11 Jun 2026
Chris Kotowski,230,https://stockanalysis.com/analysts/Chris-Kotowski/,24 Jul 2026
Andrew Percoco,232,https://stockanalysis.com/analysts/Andrew-Percoco/,24 Jul 2026
Bryan Blair,233,https://stockanalysis.com/analysts/Bryan-Blair/,24 Jul 2026
Srikripa Devarakonda,234,https://stockanalysis.com/analysts/Srikripa-Devarakonda/,21 Jul 2026
Tim Long,235,https://stockanalysis.com/analysts/Tim-Long/,22 Jul 2026
Lloyd Walmsley,236,https://stockanalysis.com/analysts/Lloyd-Walmsley/,22 Jul 2026
Chip Moore,237,https://stockanalysis.com/analysts/Chip-Moore/,22 Jul 2026
Anupam Rama,239,https://stockanalysis.com/analysts/Anupam-Rama/,13 Jul 2026
Chris Dendrinos,240,https://stockanalysis.com/analysts/Chris-Dendrinos/,23 Jul 2026
Melissa Fairbanks,242,https://stockanalysis.com/analysts/Melissa-Fairbanks/,25 Jun 2026
Joseph Quatrochi,249,https://stockanalysis.com/analysts/Joseph-Quatrochi/,24 Jul 2026
Shrenik Kothari,251,https://stockanalysis.com/analysts/Shrenik-Kothari/,23 Jul 2026
Scot Ciccarelli,253,https://stockanalysis.com/analysts/Scot-Ciccarelli/,24 Jul 2026
John Eade,255,https://stockanalysis.com/analysts/John-Eade/,21 Jul 2026
Thomas Diffely,256,https://stockanalysis.com/analysts/Thomas-Diffely/,11 Dec 2025
Leonid Timashev,257,https://stockanalysis.com/analysts/Leonid-Timashev/,20 Jul 2026
Rob Owens,259,https://stockanalysis.com/analysts/Rob-Owens/,26 Jun 2026
Brian Bedell,260,https://stockanalysis.com/analysts/Brian-Bedell/,22 Jul 2026
Rami Katkhuda,261,https://stockanalysis.com/analysts/Rami-Katkhuda/,22 Jul 2026
Brian Quast,263,https://stockanalysis.com/analysts/Brian-Quast/,23 Jul 2026
Derek Archila,264,https://stockanalysis.com/analysts/Derek-Archila/,23 Jul 2026
Joseph Pantginis,267,https://stockanalysis.com/analysts/Joseph-Pantginis/,24 Jul 2026
Jonathan Wolleben,268,https://stockanalysis.com/analysts/Jonathan-Wolleben/,21 Jul 2026
Martin Fan,271,https://stockanalysis.com/analysts/Martin-Fan/,10 Jun 2026
Scott Deuschle,275,https://stockanalysis.com/analysts/Scott-Deuschle/,22 Jul 2026
Andre Madrid,276,https://stockanalysis.com/analysts/Andre-Madrid/,22 Jul 2026
Brett Linzey,277,https://stockanalysis.com/analysts/Brett-Linzey/,23 Jul 2026
David Feaster,278,https://stockanalysis.com/analysts/David-Feaster/,17 Jul 2026
Michael Lewis,279,https://stockanalysis.com/analysts/Michael-Lewis/,23 Jul 2026
Peter Benedict,282,https://stockanalysis.com/analysts/Peter-Benedict/,20 Jul 2026
Erin Wright,284,https://stockanalysis.com/analysts/Erin-Wright/,24 Jul 2026
Jeffrey Hammond,285,https://stockanalysis.com/analysts/Jeffrey-Hammond/,24 Jul 2026
Brandon Couillard,287,https://stockanalysis.com/analysts/Brandon-Couillard/,23 Jul 2026
Orest Wowkodaw,289,https://stockanalysis.com/analysts/Orest-Wowkodaw/,24 Jul 2026
Ananda Baruah,290,https://stockanalysis.com/analysts/Ananda-Baruah/,02 Jun 2026
Mike Crawford,291,https://stockanalysis.com/analysts/Mike-Crawford/,17 Jul 2026
Jaeson Schmidt,292,https://stockanalysis.com/analysts/Jaeson-Schmidt/,23 Jul 2026
Trevor Allred,294,https://stockanalysis.com/analysts/Trevor-Allred/,21 Jul 2026
Brian Meredith,300,https://stockanalysis.com/analysts/Brian-Meredith/,21 Jul 2026
George Notter,304,https://stockanalysis.com/analysts/George-Notter/,14 Jun 2026
David Manthey,305,https://stockanalysis.com/analysts/David-Manthey/,24 Jul 2026
David Arcaro,306,https://stockanalysis.com/analysts/David-Arcaro/,23 Jul 2026
Christian Wetherbee,307,https://stockanalysis.com/analysts/Christian-Wetherbee/,24 Jul 2026
Michael Lasser,308,https://stockanalysis.com/analysts/Michael-Lasser/,24 Jul 2026
James Schneider,309,https://stockanalysis.com/analysts/James-Schneider/,24 Jul 2026
Mark Devries,310,https://stockanalysis.com/analysts/Mark-Devries/,22 Jul 2026
Mark DeVries,310,https://stockanalysis.com/analysts/Mark-DeVries/,22 Jul 2026
Craig Hutchison,312,https://stockanalysis.com/analysts/Craig-Hutchison/,23 Jul 2026
Joseph Thome,313,https://stockanalysis.com/analysts/Joseph-Thome/,17 Jul 2026
Greg Palm,314,https://stockanalysis.com/analysts/Greg-Palm/,20 Jul 2026
Andrew Fein,315,https://stockanalysis.com/analysts/Andrew-Fein/,24 Jul 2026
Robert Burns,316,https://stockanalysis.com/analysts/Robert-Burns/,20 Jul 2026
Jay Olson,317,https://stockanalysis.com/analysts/Jay-Olson/,24 Jul 2026
Brian Drab,320,https://stockanalysis.com/analysts/Brian-Drab/,23 Jul 2026
Christopher Allen,322,https://stockanalysis.com/analysts/Christopher-Allen/,24 Jul 2026
Robert Dodd,323,https://stockanalysis.com/analysts/Robert-Dodd/,09 Jul 2026
Seth Seifman,325,https://stockanalysis.com/analysts/Seth-Seifman/,23 Jul 2026
Andrew Tsai,327,https://stockanalysis.com/analysts/Andrew-Tsai/,17 Jul 2026
Keith Hughes,331,https://stockanalysis.com/analysts/Keith-Hughes/,23 Jul 2026
Nick Giles,332,https://stockanalysis.com/analysts/Nick-Giles/,14 Jul 2026
Shaul Eyal,333,https://stockanalysis.com/analysts/Shaul-Eyal/,20 Jul 2026
Josh Wolfson,334,https://stockanalysis.com/analysts/Josh-Wolfson/,20 Jul 2026
Brian Nagel,335,https://stockanalysis.com/analysts/Brian-Nagel/,26 Jun 2026
Cory Kasimov,336,https://stockanalysis.com/analysts/Cory-Kasimov/,20 Jul 2026
David Nierengarten,340,https://stockanalysis.com/analysts/David-Nierengarten/,24 Jul 2026
Michael Grondahl,341,https://stockanalysis.com/analysts/Michael-Grondahl/,24 Jul 2026
Andrew Berens,342,https://stockanalysis.com/analysts/Andrew-Berens/,07 Jul 2026
Joseph Stringer,343,https://stockanalysis.com/analysts/Joseph-Stringer/,22 Jul 2026
Catherine Mealor,346,https://stockanalysis.com/analysts/Catherine-Mealor/,24 Jul 2026
Sam Margolin,348,https://stockanalysis.com/analysts/Sam-Margolin/,24 Jul 2026
Raj Ray,353,https://stockanalysis.com/analysts/Raj-Ray/,14 Jul 2026
Nathan Race,354,https://stockanalysis.com/analysts/Nathan-Race/,24 Jul 2026
Andrew Wittmann,355,https://stockanalysis.com/analysts/Andrew-Wittmann/,24 Jul 2026
Stephanie Moore,357,https://stockanalysis.com/analysts/Stephanie-Moore/,26 Jun 2026
Brian Gesuale,358,https://stockanalysis.com/analysts/Brian-Gesuale/,16 Jul 2026
Jon Arfstrom,361,https://stockanalysis.com/analysts/Jon-Arfstrom/,23 Jul 2026
Alex Zukin,362,https://stockanalysis.com/analysts/Alex-Zukin/,05 Jul 2026
Naved Khan,363,https://stockanalysis.com/analysts/Naved-Khan/,15 Jun 2026
Lloyd Byrne,364,https://stockanalysis.com/analysts/Lloyd-Byrne/,26 Jul 2026
Hamed Khorsand,365,https://stockanalysis.com/analysts/Hamed-Khorsand/,13 Jul 2026
Marc Goodman,366,https://stockanalysis.com/analysts/Marc-Goodman/,13 Jul 2026
Ed Arce,367,https://stockanalysis.com/analysts/Ed-Arce/,30 Apr 2026
Robert Hope,371,https://stockanalysis.com/analysts/Robert-Hope/,21 Jul 2026
Stephen Biggar,372,https://stockanalysis.com/analysts/Stephen-Biggar/,23 Jul 2026
Nicholas Campanella,373,https://stockanalysis.com/analysts/Nicholas-Campanella/,24 Jul 2026
Daniela Costa,374,https://stockanalysis.com/analysts/Daniela-Costa/,23 Jul 2026
Corey Tarlowe,375,https://stockanalysis.com/analysts/Corey-Tarlowe/,13 Jul 2026
Ross Sandler,376,https://stockanalysis.com/analysts/Ross-Sandler/,24 Jul 2026
Mark Kelley,378,https://stockanalysis.com/analysts/Mark-Kelley/,16 Jun 2026
David Amsellem,379,https://stockanalysis.com/analysts/David-Amsellem/,24 Jul 2026
Erik Suppiger,380,https://stockanalysis.com/analysts/Erik-Suppiger/,24 Jul 2026
Scott Gruber,381,https://stockanalysis.com/analysts/Scott-Gruber/,24 Jul 2026
Alex Rygiel,382,https://stockanalysis.com/analysts/Alex-Rygiel/,21 Jul 2026
William Power,383,https://stockanalysis.com/analysts/William-Power/,24 Jul 2026
Andrew Mikitchook,384,https://stockanalysis.com/analysts/Andrew-Mikitchook/,20 Jul 2026
Katie Lachapelle,385,https://stockanalysis.com/analysts/Katie-Lachapelle/,19 May 2026
Cosmos Chiu,386,https://stockanalysis.com/analysts/Cosmos-Chiu/,16 Jul 2026
Joseph Vafi,390,https://stockanalysis.com/analysts/Joseph-Vafi/,23 Jul 2026
Katja Jancic,393,https://stockanalysis.com/analysts/Katja-Jancic/,24 Jul 2026
Laura Prendergast,394,https://stockanalysis.com/analysts/Laura-Prendergast/,23 Jul 2026
Jeff Rulis,395,https://stockanalysis.com/analysts/Jeff-Rulis/,23 Jul 2026
Sean Laaman,397,https://stockanalysis.com/analysts/Sean-Laaman/,24 Jul 2026
Subbu Nambi,399,https://stockanalysis.com/analysts/Subbu-Nambi/,21 Jul 2026
Randy Binner,402,https://stockanalysis.com/analysts/Randy-Binner/,13 Jul 2026
James Lee,403,https://stockanalysis.com/analysts/James-Lee/,27 Feb 2026
Ryan Todd,404,https://stockanalysis.com/analysts/Ryan-Todd/,23 Jul 2026
John DiFucci,407,https://stockanalysis.com/analysts/John-DiFucci/,23 Jul 2026
Gary Mobley,408,https://stockanalysis.com/analysts/Gary-Mobley/,15 Jul 2026
Mircea Dobre,409,https://stockanalysis.com/analysts/Mircea-Dobre/,24 Jul 2026
Tara Bancroft,410,https://stockanalysis.com/analysts/Tara-Bancroft/,20 Jul 2026
Chris Brendler,411,https://stockanalysis.com/analysts/Chris-Brendler/,21 Jul 2026
Gregory Renza,412,https://stockanalysis.com/analysts/Gregory-Renza/,22 Jul 2026
Paul Matteis,413,https://stockanalysis.com/analysts/Paul-Matteis/,25 Jul 2026
Graig Suvannavejh,415,https://stockanalysis.com/analysts/Graig-Suvannavejh/,22 Jul 2026
Andrew Brackmann,421,https://stockanalysis.com/analysts/Andrew-Brackmann/,02 Jul 2026
Devin Dodge,424,https://stockanalysis.com/analysts/Devin-Dodge/,23 Jul 2026
Stephen Scouten,425,https://stockanalysis.com/analysts/Stephen-Scouten/,24 Jul 2026
Bascome Majors,426,https://stockanalysis.com/analysts/Bascome-Majors/,24 Jul 2026
Richard Shane,428,https://stockanalysis.com/analysts/Richard-Shane/,24 Jul 2026
Fatima Boolani,429,https://stockanalysis.com/analysts/Fatima-Boolani/,24 Jul 2026
Charles Zhu,431,https://stockanalysis.com/analysts/Charles-Zhu/,22 Jul 2026
Matthew Carletti,432,https://stockanalysis.com/analysts/Matthew-Carletti/,10 Jul 2026
Sheila Kahyaoglu,434,https://stockanalysis.com/analysts/Sheila-Kahyaoglu/,26 Jul 2026
Anthony Pettinari,435,https://stockanalysis.com/analysts/Anthony-Pettinari/,24 Jul 2026
Josh Beck,437,https://stockanalysis.com/analysts/Josh-Beck/,21 Jul 2026
Stephen Gengaro,439,https://stockanalysis.com/analysts/Stephen-Gengaro/,24 Jul 2026
Jason Butler,441,https://stockanalysis.com/analysts/Jason-Butler/,24 Jul 2026
Annabel Samimy,442,https://stockanalysis.com/analysts/Annabel-Samimy/,24 Jul 2026
Trung Huynh,445,https://stockanalysis.com/analysts/Trung-Huynh/,21 Jul 2026
Junaid Siddiqui,447,https://stockanalysis.com/analysts/Junaid-Siddiqui/,21 Jul 2026
Myles Allsop,449,https://stockanalysis.com/analysts/Myles-Allsop/,16 Jul 2026
Gregory Peters,451,https://stockanalysis.com/analysts/Gregory-Peters/,06 Jul 2026
Jay McCanless,452,https://stockanalysis.com/analysts/Jay-McCanless/,09 Apr 2026
Geoff Meacham,457,https://stockanalysis.com/analysts/Geoff-Meacham/,16 Jul 2026
Vamil Divan,458,https://stockanalysis.com/analysts/Vamil-Divan/,23 Jul 2026
John Hecht,459,https://stockanalysis.com/analysts/John-Hecht/,22 Jul 2026
Hal Goetsch,460,https://stockanalysis.com/analysts/Hal-Goetsch/,24 Jul 2026
Deepak Mathivanan,461,https://stockanalysis.com/analysts/Deepak-Mathivanan/,22 Jul 2026
Kevin Steinke,462,https://stockanalysis.com/analysts/Kevin-Steinke/,17 Jul 2026
Jacob Stephan,463,https://stockanalysis.com/analysts/Jacob-Stephan/,23 Jul 2026
Patrick Jones,464,https://stockanalysis.com/analysts/Patrick-Jones/,23 Jul 2026
David Scharf,466,https://stockanalysis.com/analysts/David-Scharf/,16 Jul 2026
Andrew Nowinski,467,https://stockanalysis.com/analysts/Andrew-Nowinski/,04 Jun 2026
Liam Burke,468,https://stockanalysis.com/analysts/Liam-Burke/,29 May 2026
Kristen Kluska,469,https://stockanalysis.com/analysts/Kristen-Kluska/,21 Jul 2026
John Massocca,470,https://stockanalysis.com/analysts/John-Massocca/,22 Jul 2026
Patrick Kenny,471,https://stockanalysis.com/analysts/Patrick-Kenny/,15 Jun 2026
John Mackay,473,https://stockanalysis.com/analysts/John-Mackay/,22 Jul 2026
Yaron Kinar,475,https://stockanalysis.com/analysts/Yaron-Kinar/,24 Jul 2026
Scott Siefers,476,https://stockanalysis.com/analysts/Scott-Siefers/,14 May 2026
Daniel Major,479,https://stockanalysis.com/analysts/Daniel-Major/,24 Jul 2026
Eric Handler,480,https://stockanalysis.com/analysts/Eric-Handler/,24 Jul 2026
Douglas Harter,482,https://stockanalysis.com/analysts/Douglas-Harter/,24 Jul 2026
Deane Dray,484,https://stockanalysis.com/analysts/Deane-Dray/,23 Jul 2026
Bobby Griffin,485,https://stockanalysis.com/analysts/Bobby-Griffin/,17 Jul 2026
Jason Zemansky,486,https://stockanalysis.com/analysts/Jason-Zemansky/,22 Jul 2026
Nicole Deblase,487,https://stockanalysis.com/analysts/Nicole-Deblase/,22 Jul 2026
Rob Sanderson,489,https://stockanalysis.com/analysts/Rob-Sanderson/,15 Jun 2026
Chris LaFemina,490,https://stockanalysis.com/analysts/Chris-LaFemina/,21 Jul 2026
Ovais Habib,492,https://stockanalysis.com/analysts/Ovais-Habib/,21 Jul 2026
Brett Knoblauch,493,https://stockanalysis.com/analysts/Brett-Knoblauch/,15 Jul 2026
Jed Dorsheimer,494,https://stockanalysis.com/analysts/Jed-Dorsheimer/,23 Jul 2026
Maxwell Skor,498,https://stockanalysis.com/analysts/Maxwell-Skor/,23 Jul 2026
Harry Fong,499,https://stockanalysis.com/analysts/Harry-Fong/,24 Jul 2026
Christopher Kuhn,500,https://stockanalysis.com/analysts/Christopher-Kuhn/,16 Jul 2026
David Hoang,501,https://stockanalysis.com/analysts/David-Hoang/,16 Jul 2026
Nathan Martin,502,https://stockanalysis.com/analysts/Nathan-Martin/,24 Jul 2026
Jade Rahmani,504,https://stockanalysis.com/analysts/Jade-Rahmani/,23 Jul 2026
Paul Golding,505,https://stockanalysis.com/analysts/Paul-Golding/,07 Jul 2026
Michael Doumet,507,https://stockanalysis.com/analysts/Michael-Doumet/,23 Feb 2026
Neil Mehta,510,https://stockanalysis.com/analysts/Neil-Mehta/,22 Jul 2026
Konark Gupta,511,https://stockanalysis.com/analysts/Konark-Gupta/,24 Jul 2026
Adam Seiden,512,https://stockanalysis.com/analysts/Adam-Seiden/,24 Jul 2026
Hamir Patel,514,https://stockanalysis.com/analysts/Hamir-Patel/,24 Jul 2026
Jason Bazinet,516,https://stockanalysis.com/analysts/Jason-Bazinet/,22 Jul 2026
Robert Young,517,https://stockanalysis.com/analysts/Robert-Young/,15 May 2026
Debjit Chattopadhyay,518,https://stockanalysis.com/analysts/Debjit-Chattopadhyay/,21 Jul 2026
Peter Peng,521,https://stockanalysis.com/analysts/Peter-Peng/,08 May 2026
Richard Ramsden,522,https://stockanalysis.com/analysts/Richard-Ramsden/,16 Jul 2026
Sam Burwell,523,https://stockanalysis.com/analysts/Sam-Burwell/,22 Jul 2026
Mark Jarvi,524,https://stockanalysis.com/analysts/Mark-Jarvi/,20 Jul 2026
Joseph Dickerson,527,https://stockanalysis.com/analysts/Joseph-Dickerson/,23 Jul 2026
Anthony Chukumba,529,https://stockanalysis.com/analysts/Anthony-Chukumba/,13 Jul 2026
Edward Kelly,532,https://stockanalysis.com/analysts/Edward-Kelly/,24 Jul 2026
Kristine Liwag,533,https://stockanalysis.com/analysts/Kristine-Liwag/,24 Jul 2026
Myles Walton,534,https://stockanalysis.com/analysts/Myles-Walton/,14 Jun 2026
Karl Keirstead,536,https://stockanalysis.com/analysts/Karl-Keirstead/,23 Jul 2026
Bradley Thomas,537,https://stockanalysis.com/analysts/Bradley-Thomas/,16 Jul 2026
Rupesh Parikh,538,https://stockanalysis.com/analysts/Rupesh-Parikh/,13 Jul 2026
Sandeep Deshpande,540,https://stockanalysis.com/analysts/Sandeep-Deshpande/,16 Jul 2026
Sami Corwin,541,https://stockanalysis.com/analysts/Sami-Corwin/,24 Jul 2026
Brian Abrahams,542,https://stockanalysis.com/analysts/Brian-Abrahams/,23 Jul 2026
Whitney Ijem,543,https://stockanalysis.com/analysts/Whitney-Ijem/,20 Jul 2026
Manuel Navas,549,https://stockanalysis.com/analysts/Manuel-Navas/,24 Jul 2026
Stephen Bersey,551,https://stockanalysis.com/analysts/Stephen-Bersey/,02 Jul 2026
Pierre Ferragu,552,https://stockanalysis.com/analysts/Pierre-Ferragu/,18 Jun 2026
Angie Storozynski,553,https://stockanalysis.com/analysts/Angie-Storozynski/,15 Jun 2026
Matthew Clark,554,https://stockanalysis.com/analysts/Matthew-Clark/,24 Jul 2026
Jason Gabelman,555,https://stockanalysis.com/analysts/Jason-Gabelman/,24 Jul 2026
David Karnovsky,556,https://stockanalysis.com/analysts/David-Karnovsky/,24 Jul 2026
Steven Chubak,558,https://stockanalysis.com/analysts/Steven-Chubak/,15 Jun 2026
Arren Cyganovich,560,https://stockanalysis.com/analysts/Arren-Cyganovich/,24 Jul 2026
Joe Ritchie,562,https://stockanalysis.com/analysts/Joe-Ritchie/,23 Jul 2026
Michael Wiederhorn,563,https://stockanalysis.com/analysts/Michael-Wiederhorn/,24 Jul 2026
Gary Prestopino,565,https://stockanalysis.com/analysts/Gary-Prestopino/,24 Jul 2026
Max Michaelis,566,https://stockanalysis.com/analysts/Max-Michaelis/,21 Jul 2026
Anita Soni,567,https://stockanalysis.com/analysts/Anita-Soni/,16 Jul 2026
Ted Jackson,568,https://stockanalysis.com/analysts/Ted-Jackson/,16 Jul 2026
Ryan Deschner,575,https://stockanalysis.com/analysts/Ryan-Deschner/,10 Jul 2026
Lee Horowitz,576,https://stockanalysis.com/analysts/Lee-Horowitz/,30 Apr 2026
Allen Lutz,577,https://stockanalysis.com/analysts/Allen-Lutz/,23 Jul 2026
Tim Huff,579,https://stockanalysis.com/analysts/Tim-Huff/,13 May 2026
Mitch Kummetz,582,https://stockanalysis.com/analysts/Mitch-Kummetz/,20 Jul 2026
Philip Ng,583,https://stockanalysis.com/analysts/Philip-Ng/,30 Jun 2026
Danielle Brill,584,https://stockanalysis.com/analysts/Danielle-Brill/,17 Jul 2026
Mike Cikos,585,https://stockanalysis.com/analysts/Mike-Cikos/,23 Jul 2026
Matt Summerville,588,https://stockanalysis.com/analysts/Matt-Summerville/,23 Jul 2026
Jonathan Komp,589,https://stockanalysis.com/analysts/Jonathan-Komp/,24 Jul 2026
Colin Canfield,590,https://stockanalysis.com/analysts/Colin-Canfield/,22 Jul 2026
Maria Ripps,591,https://stockanalysis.com/analysts/Maria-Ripps/,23 Jul 2026
Jake Sekelsky,592,https://stockanalysis.com/analysts/Jake-Sekelsky/,17 Jul 2026
Swayampakula Ramakanth,593,https://stockanalysis.com/analysts/Swayampakula-Ramakanth/,24 Jul 2026
Richard Anderson,597,https://stockanalysis.com/analysts/Richard-Anderson/,25 Jun 2026
Jeet Mukherjee,599,https://stockanalysis.com/analysts/Jeet-Mukherjee/,22 Jul 2026
Dean Wilkinson,600,https://stockanalysis.com/analysts/Dean-Wilkinson/,24 Jul 2026
Simon Yarmak,604,https://stockanalysis.com/analysts/Simon-Yarmak/,24 Jul 2026
Michael Tupholme,605,https://stockanalysis.com/analysts/Michael-Tupholme/,15 Jul 2026
Josh Silverstein,606,https://stockanalysis.com/analysts/Josh-Silverstein/,24 Jul 2026
Stephen Kim,608,https://stockanalysis.com/analysts/Stephen-Kim/,23 Jul 2026
Craig Siegenthaler,611,https://stockanalysis.com/analysts/Craig-Siegenthaler/,24 Jul 2026
Omar Dessouky,612,https://stockanalysis.com/analysts/Omar-Dessouky/,23 Jul 2026
David Koning,613,https://stockanalysis.com/analysts/David-Koning/,14 Jul 2026
Laura Chico,614,https://stockanalysis.com/analysts/Laura-Chico/,15 Jul 2026
Lawson Winder,615,https://stockanalysis.com/analysts/Lawson-Winder/,23 Jul 2026
Serge Belanger,616,https://stockanalysis.com/analysts/Serge-Belanger/,24 Jul 2026
Ryan Pfingst,617,https://stockanalysis.com/analysts/Ryan-Pfingst/,02 Jul 2026
Conor Fitzpatrick,618,https://stockanalysis.com/analysts/Conor-Fitzpatrick/,15 Jul 2026
Brandon Bingham,619,https://stockanalysis.com/analysts/Brandon-Bingham/,26 May 2026
Matthew Prisco,622,https://stockanalysis.com/analysts/Matthew-Prisco/,22 Jul 2026
Ryan Krueger,625,https://stockanalysis.com/analysts/Ryan-Krueger/,24 Jul 2026
Anthony Crowdell,626,https://stockanalysis.com/analysts/Anthony-Crowdell/,23 Jun 2026
Robert Catellier,627,https://stockanalysis.com/analysts/Robert-Catellier/,22 Jul 2026
Daniel Tamayo,628,https://stockanalysis.com/analysts/Daniel-Tamayo/,16 Jul 2026
Michael Leshock,633,https://stockanalysis.com/analysts/Michael-Leshock/,22 Jul 2026
Brian Pitz,634,https://stockanalysis.com/analysts/Brian-Pitz/,23 Jul 2026
Steven Lichtman,636,https://stockanalysis.com/analysts/Steven-Lichtman/,06 Jul 2026
Daniel Ives,637,https://stockanalysis.com/analysts/Daniel-Ives/,30 Jun 2026
Susan Anderson,640,https://stockanalysis.com/analysts/Susan-Anderson/,23 Jul 2026
Justin Walsh,641,https://stockanalysis.com/analysts/Justin-Walsh/,16 Jul 2026
Chris Baker,643,https://stockanalysis.com/analysts/Chris-Baker/,20 Jul 2026
Ben Gerlinger,646,https://stockanalysis.com/analysts/Ben-Gerlinger/,24 Jul 2026
Daniel Imbro,649,https://stockanalysis.com/analysts/Daniel-Imbro/,16 Jan 2026
Garik Shmois,650,https://stockanalysis.com/analysts/Garik-Shmois/,28 Jan 2026
David George,652,https://stockanalysis.com/analysts/David-George/,24 Jul 2026
Alexander Hacking,653,https://stockanalysis.com/analysts/Alexander-Hacking/,22 Jul 2026
John Ivankoe,655,https://stockanalysis.com/analysts/John-Ivankoe/,21 Jul 2026
Joseph Bonner,656,https://stockanalysis.com/analysts/Joseph-Bonner/,22 Jul 2026
Jonathan Atkin,657,https://stockanalysis.com/analysts/Jonathan-Atkin/,24 Jul 2026
John Ransom,661,https://stockanalysis.com/analysts/John-Ransom/,09 Jul 2026
Cameron Doerksen,662,https://stockanalysis.com/analysts/Cameron-Doerksen/,07 Jul 2026
Justin Clare,664,https://stockanalysis.com/analysts/Justin-Clare/,24 Jul 2026
Aaron Bilkoski,665,https://stockanalysis.com/analysts/Aaron-Bilkoski/,20 Jul 2026
Daley Li,666,https://stockanalysis.com/analysts/Daley-Li/,01 Jun 2026
Akash Tewari,667,https://stockanalysis.com/analysts/Akash-Tewari/,23 Jul 2026
Steve Moss,668,https://stockanalysis.com/analysts/Steve-Moss/,22 Jul 2026
Lisa Lewandowski,670,https://stockanalysis.com/analysts/Lisa-Lewandowski/,22 Jul 2026
Joseph Gallo,673,https://stockanalysis.com/analysts/Joseph-Gallo/,23 Jul 2026
Suneet Kamath,674,https://stockanalysis.com/analysts/Suneet-Kamath/,13 Jul 2026
Cherilyn Radbourne,675,https://stockanalysis.com/analysts/Cherilyn-Radbourne/,24 Jul 2026
Nick Doyle,676,https://stockanalysis.com/analysts/Nick-Doyle/,10 Nov 2025
Christopher Carril,677,https://stockanalysis.com/analysts/Christopher-Carril/,15 Jul 2026
Stephen Richardson,679,https://stockanalysis.com/analysts/Stephen-Richardson/,22 Jul 2026
Scott Graham,681,https://stockanalysis.com/analysts/Scott-Graham/,23 Jul 2026
Brennan Hawken,682,https://stockanalysis.com/analysts/Brennan-Hawken/,22 Jul 2026
Devin McDermott,685,https://stockanalysis.com/analysts/Devin-McDermott/,23 Jul 2026
Bryan Kraft,686,https://stockanalysis.com/analysts/Bryan-Kraft/,24 Jul 2026
Alexander Duval,687,https://stockanalysis.com/analysts/Alexander-Duval/,17 Jul 2026
Scott Schneeberger,688,https://stockanalysis.com/analysts/Scott-Schneeberger/,24 Jul 2026
David Westenberg,689,https://stockanalysis.com/analysts/David-Westenberg/,17 Jul 2026
Joseph Osha,690,https://stockanalysis.com/analysts/Joseph-Osha/,23 Jul 2026
Justin Crowley,695,https://stockanalysis.com/analysts/Justin-Crowley/,24 Jul 2026
Darko Mihelic,701,https://stockanalysis.com/analysts/Darko-Mihelic/,13 Jul 2026
John Barnidge,703,https://stockanalysis.com/analysts/John-Barnidge/,06 Mar 2026
Donald Fandetti,704,https://stockanalysis.com/analysts/Donald-Fandetti/,24 Jul 2026
Gokul Hariharan,705,https://stockanalysis.com/analysts/Gokul-Hariharan/,15 Jul 2026
Mohit Bansal,706,https://stockanalysis.com/analysts/Mohit-Bansal/,22 Jul 2026
Jeremy Tonet,707,https://stockanalysis.com/analysts/Jeremy-Tonet/,24 Jul 2026
Michael Rollins,709,https://stockanalysis.com/analysts/Michael-Rollins/,24 Jul 2026
Michael Halloran,710,https://stockanalysis.com/analysts/Michael-Halloran/,24 Jul 2026
Gray Powell,712,https://stockanalysis.com/analysts/Gray-Powell/,15 Jul 2026
Rohit Kulkarni,715,https://stockanalysis.com/analysts/Rohit-Kulkarni/,23 Jul 2026
Brad Heffern,716,https://stockanalysis.com/analysts/Brad-Heffern/,23 Jul 2026
Fawne Jiang,717,https://stockanalysis.com/analysts/Fawne-Jiang/,25 Jun 2026
Clark Lampen,719,https://stockanalysis.com/analysts/Clark-Lampen/,17 Jul 2026
Dave Rochester,726,https://stockanalysis.com/analysts/Dave-Rochester/,22 Jul 2026
Jack Meehan,727,https://stockanalysis.com/analysts/Jack-Meehan/,26 Mar 2026
Mark Moerdler,728,https://stockanalysis.com/analysts/Mark-Moerdler/,22 Jul 2026
David Joyce,729,https://stockanalysis.com/analysts/David-Joyce/,26 Jul 2026
Dan Leonard,731,https://stockanalysis.com/analysts/Dan-Leonard/,23 Jul 2026
Terence Flynn,732,https://stockanalysis.com/analysts/Terence-Flynn/,15 Jul 2026
Tanya Jakusconek,733,https://stockanalysis.com/analysts/Tanya-Jakusconek/,24 Jul 2026
Drew Crum,736,https://stockanalysis.com/analysts/Drew-Crum/,24 Jul 2026
Benjamin Budish,737,https://stockanalysis.com/analysts/Benjamin-Budish/,24 Jul 2026
Jake Bartlett,738,https://stockanalysis.com/analysts/Jake-Bartlett/,18 Mar 2026
Richard Baldry,739,https://stockanalysis.com/analysts/Richard-Baldry/,24 Jun 2026
Lance Vitanza,740,https://stockanalysis.com/analysts/Lance-Vitanza/,23 Jul 2026
Alexander Potter,741,https://stockanalysis.com/analysts/Alexander-Potter/,24 Jul 2026
Yigal Nochomovitz,742,https://stockanalysis.com/analysts/Yigal-Nochomovitz/,24 Jul 2026
Jeff Jones,743,https://stockanalysis.com/analysts/Jeff-Jones/,15 Jul 2026
Catherine Novack,744,https://stockanalysis.com/analysts/Catherine-Novack/,07 Jul 2026
Silvan Tuerkcan,745,https://stockanalysis.com/analysts/Silvan-Tuerkcan/,23 Jun 2026
Jay Huang,749,https://stockanalysis.com/analysts/Jay-Huang/,20 Jul 2026
Chris Graja,750,https://stockanalysis.com/analysts/Chris-Graja/,10 Jul 2026
Adam Borg,753,https://stockanalysis.com/analysts/Adam-Borg/,22 Jul 2026
Brad Zelnick,754,https://stockanalysis.com/analysts/Brad-Zelnick/,20 Jul 2026
Michael Carroll,756,https://stockanalysis.com/analysts/Michael-Carroll/,02 Jul 2026
Jonathan Petersen,758,https://stockanalysis.com/analysts/Jonathan-Petersen/,06 Jul 2026
Derek Podhaizer,759,https://stockanalysis.com/analysts/Derek-Podhaizer/,24 Jul 2026
Peter Saleh,760,https://stockanalysis.com/analysts/Peter-Saleh/,24 Jul 2026
David Windley,761,https://stockanalysis.com/analysts/David-Windley/,22 Jul 2026
Andrew Jeffrey,762,https://stockanalysis.com/analysts/Andrew-Jeffrey/,23 Jul 2026
Chris Dankert,767,https://stockanalysis.com/analysts/Chris-Dankert/,16 Jul 2026
Mark Shmulik,771,https://stockanalysis.com/analysts/Mark-Shmulik/,21 Jul 2026
Brian McKenna,775,https://stockanalysis.com/analysts/Brian-McKenna/,22 Apr 2026
Brian Morrison,776,https://stockanalysis.com/analysts/Brian-Morrison/,14 Jul 2026
Richard Close,778,https://stockanalysis.com/analysts/Richard-Close/,20 Jul 2026
Steven Wieczynski,779,https://stockanalysis.com/analysts/Steven-Wieczynski/,24 Jul 2026
Martin Yang,780,https://stockanalysis.com/analysts/Martin-Yang/,16 Jul 2026
Anthony Stoss,781,https://stockanalysis.com/analysts/Anthony-Stoss/,23 Jul 2026
Scott Searle,782,https://stockanalysis.com/analysts/Scott-Searle/,21 Jul 2026
Gregory Miller,784,https://stockanalysis.com/analysts/Gregory-Miller/,24 Jul 2026
Sean McLoughlin,786,https://stockanalysis.com/analysts/Sean-McLoughlin/,08 May 2026
Mark Fitzgibbon,788,https://stockanalysis.com/analysts/Mark-Fitzgibbon/,27 Feb 2026
Eric Heath,789,https://stockanalysis.com/analysts/Eric-Heath/,16 Jul 2026
Kenneth Lee,791,https://stockanalysis.com/analysts/Kenneth-Lee/,23 Jul 2026
David Tarantino,793,https://stockanalysis.com/analysts/David-Tarantino/,23 Jul 2026
Doug Leggate,794,https://stockanalysis.com/analysts/Doug-Leggate/,01 Jul 2026
Koji Ikeda,795,https://stockanalysis.com/analysts/Koji-Ikeda/,22 Jul 2026
John Kernan,797,https://stockanalysis.com/analysts/John-Kernan/,04 Dec 2025
Mark Argento,800,https://stockanalysis.com/analysts/Mark-Argento/,07 May 2026
Sumant Kulkarni,801,https://stockanalysis.com/analysts/Sumant-Kulkarni/,24 Jul 2026
Bennett Moore,802,https://stockanalysis.com/analysts/Bennett-Moore/,21 Jul 2026
Mohammed Khallouf,804,https://stockanalysis.com/analysts/Mohammed-Khallouf/,08 Jul 2026
Ryan Nash,805,https://stockanalysis.com/analysts/Ryan-Nash/,23 Jul 2026
Sohrab Movahedi,806,https://stockanalysis.com/analysts/Sohrab-Movahedi/,01 Jun 2026
Ben Reitzes,808,https://stockanalysis.com/analysts/Ben-Reitzes/,29 Jun 2026
Levi Spry,809,https://stockanalysis.com/analysts/Levi-Spry/,27 Jul 2026
Tessa Romero,811,https://stockanalysis.com/analysts/Tessa-Romero/,22 Jul 2026
Matthew Bouley,812,https://stockanalysis.com/analysts/Matthew-Bouley/,24 Jul 2026
Andrew Boone,815,https://stockanalysis.com/analysts/Andrew-Boone/,20 Jul 2026
David Vernon,818,https://stockanalysis.com/analysts/David-Vernon/,22 Jul 2026
Louis Miscioscia,819,https://stockanalysis.com/analysts/Louis-Miscioscia/,12 May 2026
Kenneth Zener,820,https://stockanalysis.com/analysts/Kenneth-Zener/,06 Apr 2026
Victoria McCulloch,821,https://stockanalysis.com/analysts/Victoria-McCulloch/,15 Jul 2026
Shyam Patil,825,https://stockanalysis.com/analysts/Shyam-Patil/,16 Jun 2026
Michael Morris,826,https://stockanalysis.com/analysts/Michael-Morris/,22 Jul 2026
Gautam Chhugani,828,https://stockanalysis.com/analysts/Gautam-Chhugani/,23 Jul 2026
Michael Kupinski,830,https://stockanalysis.com/analysts/Michael-Kupinski/,24 Jul 2026
Darren Aftahi,831,https://stockanalysis.com/analysts/Darren-Aftahi/,23 Jul 2026
Ross Sparenblek,834,https://stockanalysis.com/analysts/Ross-Sparenblek/,24 Jul 2026
Ross Fowler,838,https://stockanalysis.com/analysts/Ross-Fowler/,24 Jul 2026
Andrew Kligerman,840,https://stockanalysis.com/analysts/Andrew-Kligerman/,23 Jul 2026
RJ Milligan,841,https://stockanalysis.com/analysts/RJ-Milligan/,15 Jul 2026
Darrin Peller,843,https://stockanalysis.com/analysts/Darrin-Peller/,10 Jul 2026
Edison Lee,844,https://stockanalysis.com/analysts/Edison-Lee/,22 Jul 2026
Colin Sebastian,845,https://stockanalysis.com/analysts/Colin-Sebastian/,15 Jul 2026
Mario Saric,846,https://stockanalysis.com/analysts/Mario-Saric/,30 Jun 2026
Liam Fitzpatrick,851,https://stockanalysis.com/analysts/Liam-Fitzpatrick/,22 Jul 2026
Doug Creutz,853,https://stockanalysis.com/analysts/Doug-Creutz/,22 Jul 2026
Yun Kim,855,https://stockanalysis.com/analysts/Yun-Kim/,03 Jun 2026
Scott Devitt,858,https://stockanalysis.com/analysts/Scott-Devitt/,26 Mar 2026
Josh Nichols,859,https://stockanalysis.com/analysts/Josh-Nichols/,20 Jul 2026
Andy Chen,862,https://stockanalysis.com/analysts/Andy-Chen/,15 Jul 2026
Mihir Bhatia,865,https://stockanalysis.com/analysts/Mihir-Bhatia/,23 Jul 2026
Arun Jayaram,866,https://stockanalysis.com/analysts/Arun-Jayaram/,23 Jul 2026
Jayson Bedford,867,https://stockanalysis.com/analysts/Jayson-Bedford/,17 Jul 2026
Tal Liani,869,https://stockanalysis.com/analysts/Tal-Liani/,23 Jul 2026
Brandon Oglenski,870,https://stockanalysis.com/analysts/Brandon-Oglenski/,24 Jul 2026
Benjamin Swinburne,871,https://stockanalysis.com/analysts/Benjamin-Swinburne/,16 Mar 2026
Philippe Houchois,872,https://stockanalysis.com/analysts/Philippe-Houchois/,26 Jul 2026
Eric Martinuzzi,873,https://stockanalysis.com/analysts/Eric-Martinuzzi/,23 Jul 2026
Gil Blum,874,https://stockanalysis.com/analysts/Gil-Blum/,22 Jul 2026
Asad Haider,875,https://stockanalysis.com/analysts/Asad-Haider/,23 Jul 2026
Kevin Heal,877,https://stockanalysis.com/analysts/Kevin-Heal/,21 Jul 2026
Kelly Bania,879,https://stockanalysis.com/analysts/Kelly-Bania/,24 Jul 2026
Ann Hynes,881,https://stockanalysis.com/analysts/Ann-Hynes/,24 Jul 2026
Keith Weiss,882,https://stockanalysis.com/analysts/Keith-Weiss/,21 Jul 2026
John Staszak,883,https://stockanalysis.com/analysts/John-Staszak/,13 Jul 2026
Timothy Horan,884,https://stockanalysis.com/analysts/Timothy-Horan/,24 Jul 2026
Shweta Khajuria,885,https://stockanalysis.com/analysts/Shweta-Khajuria/,02 Jul 2026
Tami Zakaria,890,https://stockanalysis.com/analysts/Tami-Zakaria/,24 Jul 2026
Joel Jackson,892,https://stockanalysis.com/analysts/Joel-Jackson/,03 Jul 2026
Kevin Chiang,893,https://stockanalysis.com/analysts/Kevin-Chiang/,24 Jul 2026
Patrick Scholes,894,https://stockanalysis.com/analysts/Patrick-Scholes/,23 Jul 2026
Stephen Ju,900,https://stockanalysis.com/analysts/Stephen-Ju/,23 Jul 2026
Casey Alexander,904,https://stockanalysis.com/analysts/Casey-Alexander/,10 Mar 2026
Rudy Kessinger,906,https://stockanalysis.com/analysts/Rudy-Kessinger/,06 Jul 2026
Paul Lejuez,907,https://stockanalysis.com/analysts/Paul-Lejuez/,24 Jul 2026
Kunal Madhukar,908,https://stockanalysis.com/analysts/Kunal-Madhukar/,04 Jun 2026
Andrew Liesch,909,https://stockanalysis.com/analysts/Andrew-Liesch/,08 Jul 2026
Doug Anmuth,910,https://stockanalysis.com/analysts/Doug-Anmuth/,23 Jul 2026
Jeff Martin,911,https://stockanalysis.com/analysts/Jeff-Martin/,02 Jul 2026
Joseph Catanzaro,916,https://stockanalysis.com/analysts/Joseph-Catanzaro/,17 Jul 2026
Katherine Lei,919,https://stockanalysis.com/analysts/Katherine-Lei/,02 Jun 2026
Omotayo Okusanya,920,https://stockanalysis.com/analysts/Omotayo-Okusanya/,22 Jul 2026
John Heinbockel,921,https://stockanalysis.com/analysts/John-Heinbockel/,19 Jul 2026
Vivek Juneja,923,https://stockanalysis.com/analysts/Vivek-Juneja/,23 Jul 2026
Christopher Horvers,925,https://stockanalysis.com/analysts/Christopher-Horvers/,24 Jul 2026
Joseph Stauff,926,https://stockanalysis.com/analysts/Joseph-Stauff/,24 Jul 2026
Ananda Ghosh,928,https://stockanalysis.com/analysts/Ananda-Ghosh/,20 Jul 2026
Mark Mahaney,929,https://stockanalysis.com/analysts/Mark-Mahaney/,26 Jul 2026
David Paige,932,https://stockanalysis.com/analysts/David-Paige/,23 Jul 2026
Nicolai Kempf,935,https://stockanalysis.com/analysts/Nicolai-Kempf/,24 Jul 2026
Dara Mohsenian,939,https://stockanalysis.com/analysts/Dara-Mohsenian/,23 Jul 2026
Alex Kramm,941,https://stockanalysis.com/analysts/Alex-Kramm/,24 Jul 2026
Thomas Wadewitz,942,https://stockanalysis.com/analysts/Thomas-Wadewitz/,24 Jul 2026
Ian Zaffino,943,https://stockanalysis.com/analysts/Ian-Zaffino/,23 Jul 2026
Vincent Colicchio,944,https://stockanalysis.com/analysts/Vincent-Colicchio/,08 Jul 2026
Craig Irwin,947,https://stockanalysis.com/analysts/Craig-Irwin/,23 Jul 2026
Brian Kinstlinger,948,https://stockanalysis.com/analysts/Brian-Kinstlinger/,24 Jul 2026
Michael Feniger,953,https://stockanalysis.com/analysts/Michael-Feniger/,24 Jul 2026
Nelson Ng,954,https://stockanalysis.com/analysts/Nelson-Ng/,21 Jul 2026
Christopher Snyder,957,https://stockanalysis.com/analysts/Christopher-Snyder/,22 Jul 2026
Steven Cahall,959,https://stockanalysis.com/analysts/Steven-Cahall/,23 Jul 2026
Ittai Kidron,960,https://stockanalysis.com/analysts/Ittai-Kidron/,24 Jul 2026
Brendan Smith,961,https://stockanalysis.com/analysts/Brendan-Smith/,23 Jul 2026
Lauren Silberman,967,https://stockanalysis.com/analysts/Lauren-Silberman/,21 Jul 2026
Ronald Kamdem,968,https://stockanalysis.com/analysts/Ronald-Kamdem/,24 Jul 2026
Owen Lau,970,https://stockanalysis.com/analysts/Owen-Lau/,24 Jul 2026
Glenn Schorr,972,https://stockanalysis.com/analysts/Glenn-Schorr/,23 Jul 2026
Lisa Gill,973,https://stockanalysis.com/analysts/Lisa-Gill/,21 Jul 2026
Joshua Shanker,974,https://stockanalysis.com/analysts/Joshua-Shanker/,24 Jul 2026
Eric Coldwell,976,https://stockanalysis.com/analysts/Eric-Coldwell/,24 Jul 2026
Ryan MacWilliams,977,https://stockanalysis.com/analysts/Ryan-MacWilliams/,24 Jul 2026
Ryan Macwilliams,977,https://stockanalysis.com/analysts/Ryan-Macwilliams/,24 Jul 2026
Ivan Feinseth,978,https://stockanalysis.com/analysts/Ivan-Feinseth/,17 Jul 2026
Martin Auster,979,https://stockanalysis.com/analysts/Martin-Auster/,09 Jul 2026
Elyse Greenspan,983,https://stockanalysis.com/analysts/Elyse-Greenspan/,24 Jul 2026
Tycho Peterson,984,https://stockanalysis.com/analysts/Tycho-Peterson/,23 Jul 2026
Jessica Fye,985,https://stockanalysis.com/analysts/Jessica-Fye/,23 Jul 2026
Salveen Richter,986,https://stockanalysis.com/analysts/Salveen-Richter/,22 Jul 2026
Yanan Zhu,987,https://stockanalysis.com/analysts/Yanan-Zhu/,15 Jul 2026
Robert Stallard,990,https://stockanalysis.com/analysts/Robert-Stallard/,01 Jul 2026
Tim Anderson,991,https://stockanalysis.com/analysts/Tim-Anderson/,18 Dec 2025
David Toung,994,https://stockanalysis.com/analysts/David-Toung/,24 Jul 2026
Alexander Pearce,995,https://stockanalysis.com/analysts/Alexander-Pearce/,22 Jul 2026
Blair Abernethy,998,https://stockanalysis.com/analysts/Blair-Abernethy/,23 Jul 2026
Jeff Cantwell,999,https://stockanalysis.com/analysts/Jeff-Cantwell/,24 May 2026
Laura Martin,1000,https://stockanalysis.com/analysts/Laura-Martin/,24 Jul 2026
Yuan Zhi,1001,https://stockanalysis.com/analysts/Yuan-Zhi/,22 Jul 2026
Alicia Reese,1005,https://stockanalysis.com/analysts/Alicia-Reese/,22 Jul 2026
Joshua Chan,1006,https://stockanalysis.com/analysts/Joshua-Chan/,24 Jul 2026
Saket Kalia,1008,https://stockanalysis.com/analysts/Saket-Kalia/,21 Jul 2026
Adam Maeder,1009,https://stockanalysis.com/analysts/Adam-Maeder/,24 Jul 2026
Michael Rose,1010,https://stockanalysis.com/analysts/Michael-Rose/,23 Jul 2026
Tiago Fauth,1011,https://stockanalysis.com/analysts/Tiago-Fauth/,09 Jul 2026
Thomas Chong,1012,https://stockanalysis.com/analysts/Thomas-Chong/,16 Jul 2026
Zach Cummins,1013,https://stockanalysis.com/analysts/Zach-Cummins/,08 May 2026
Mitchell Kapoor,1014,https://stockanalysis.com/analysts/Mitchell-Kapoor/,24 Jul 2026
Matthew Galinko,1015,https://stockanalysis.com/analysts/Matthew-Galinko/,21 Jul 2026
Oliver Wintermantel,1021,https://stockanalysis.com/analysts/Oliver-Wintermantel/,07 Jul 2026
Eddie Hickman,1023,https://stockanalysis.com/analysts/Eddie-Hickman/,21 Jul 2026
Peter Winter,1024,https://stockanalysis.com/analysts/Peter-Winter/,23 Jul 2026
Ashwani Verma,1025,https://stockanalysis.com/analysts/Ashwani-Verma/,24 Jul 2026
Brian Bittner,1026,https://stockanalysis.com/analysts/Brian-Bittner/,21 Jul 2026
Mark Lear,1028,https://stockanalysis.com/analysts/Mark-Lear/,21 Jul 2026
George Hill,1032,https://stockanalysis.com/analysts/George-Hill/,20 May 2026
John Blackledge,1035,https://stockanalysis.com/analysts/John-Blackledge/,17 Jul 2026
Todd Thomas,1038,https://stockanalysis.com/analysts/Todd-Thomas/,13 Jul 2026
Brian Mullan,1040,https://stockanalysis.com/analysts/Brian-Mullan/,22 Jul 2026
Duffy Fischer,1041,https://stockanalysis.com/analysts/Duffy-Fischer/,22 Jul 2026
Rafe Jadrosich,1042,https://stockanalysis.com/analysts/Rafe-Jadrosich/,24 Jul 2026
Brian Cheng,1043,https://stockanalysis.com/analysts/Brian-Cheng/,24 Jul 2026
Brian Essex,1044,https://stockanalysis.com/analysts/Brian-Essex/,21 Jul 2026
Jeff Johnson,1047,https://stockanalysis.com/analysts/Jeff-Johnson/,14 Jul 2026
Subash Chandra,1048,https://stockanalysis.com/analysts/Subash-Chandra/,22 Jul 2026
Mark Strouse,1049,https://stockanalysis.com/analysts/Mark-Strouse/,23 Jul 2026
Michael Zaremski,1056,https://stockanalysis.com/analysts/Michael-Zaremski/,22 Jul 2026
Christopher Marinac,1058,https://stockanalysis.com/analysts/Christopher-Marinac/,12 Jun 2026
James Fish,1062,https://stockanalysis.com/analysts/James-Fish/,26 Jul 2026
Timothy Wojs,1064,https://stockanalysis.com/analysts/Timothy-Wojs/,24 Jul 2026
Andy Barish,1065,https://stockanalysis.com/analysts/Andy-Barish/,02 Jun 2026
Curry Baker,1066,https://stockanalysis.com/analysts/Curry-Baker/,24 Jul 2026
Terry McEvoy,1073,https://stockanalysis.com/analysts/Terry-McEvoy/,16 Jul 2026
Pito Chickering,1077,https://stockanalysis.com/analysts/Pito-Chickering/,07 May 2026
Erika Najarian,1078,https://stockanalysis.com/analysts/Erika-Najarian/,07 Jul 2026
Ben Hendrix,1079,https://stockanalysis.com/analysts/Ben-Hendrix/,23 Jul 2026
Michael Elias,1080,https://stockanalysis.com/analysts/Michael-Elias/,24 Jul 2026
David Anderson,1082,https://stockanalysis.com/analysts/David-Anderson/,24 Jul 2026
Brian Foran,1083,https://stockanalysis.com/analysts/Brian-Foran/,23 Jul 2026
Tazeen Ahmad,1090,https://stockanalysis.com/analysts/Tazeen-Ahmad/,23 Jul 2026
Trey Grooms,1091,https://stockanalysis.com/analysts/Trey-Grooms/,24 Jul 2026
Amit Mehrotra,1092,https://stockanalysis.com/analysts/Amit-Mehrotra/,24 Jul 2026
Joseph Altobello,1094,https://stockanalysis.com/analysts/Joseph-Altobello/,29 May 2026
Jeremy Hamblin,1095,https://stockanalysis.com/analysts/Jeremy-Hamblin/,17 Jul 2026
Timothy Coffey,1099,https://stockanalysis.com/analysts/Timothy-Coffey/,28 May 2026
Chad Dillard,1104,https://stockanalysis.com/analysts/Chad-Dillard/,24 Jul 2026
Douglas Harned,1105,https://stockanalysis.com/analysts/Douglas-Harned/,23 Jul 2026
Jon Tower,1106,https://stockanalysis.com/analysts/Jon-Tower/,24 Jul 2026
Eric Joseph,1107,https://stockanalysis.com/analysts/Eric-Joseph/,22 Jul 2026
Daniel Cardenas,1110,https://stockanalysis.com/analysts/Daniel-Cardenas/,12 Mar 2026
Michael Brown,1113,https://stockanalysis.com/analysts/Michael-Brown/,24 Jul 2026
Aleksey Yefremov,1115,https://stockanalysis.com/analysts/Aleksey-Yefremov/,04 Mar 2026
Eric Luebchow,1116,https://stockanalysis.com/analysts/Eric-Luebchow/,24 Jul 2026
Evan Seigerman,1117,https://stockanalysis.com/analysts/Evan-Seigerman/,23 Jul 2026
Troy Jensen,1118,https://stockanalysis.com/analysts/Troy-Jensen/,09 Jul 2026
Youssef Squali,1119,https://stockanalysis.com/analysts/Youssef-Squali/,23 Jul 2026
Steven Seedhouse,1120,https://stockanalysis.com/analysts/Steven-Seedhouse/,16 Jul 2026
Andrew Weisel,1123,https://stockanalysis.com/analysts/Andrew-Weisel/,16 Jul 2026
Jimmy Shan,1126,https://stockanalysis.com/analysts/Jimmy-Shan/,23 Jul 2026
Jeffrey Spector,1127,https://stockanalysis.com/analysts/Jeffrey-Spector/,12 Jun 2026
Scott Group,1128,https://stockanalysis.com/analysts/Scott-Group/,26 Apr 2026
Eugene Hsiao,1129,https://stockanalysis.com/analysts/Eugene-Hsiao/,29 May 2026
Robert Driscoll,1133,https://stockanalysis.com/analysts/Robert-Driscoll/,23 Jul 2026
Maury Raycroft,1135,https://stockanalysis.com/analysts/Maury-Raycroft/,14 Jul 2026
Peter Weed,1140,https://stockanalysis.com/analysts/Peter-Weed/,23 Jul 2026
Bill Selesky,1142,https://stockanalysis.com/analysts/Bill-Selesky/,22 Jul 2026
Stephen Byrd,1146,https://stockanalysis.com/analysts/Stephen-Byrd/,24 Jul 2026
Sean McCutcheon,1147,https://stockanalysis.com/analysts/Sean-McCutcheon/,19 May 2026
Kalpit Patel,1148,https://stockanalysis.com/analysts/Kalpit-Patel/,01 Jul 2026
Kelly Motta,1150,https://stockanalysis.com/analysts/Kelly-Motta/,24 Jul 2026
Timur Braziler,1154,https://stockanalysis.com/analysts/Timur-Braziler/,24 Jul 2026
Duane Pfennigwerth,1156,https://stockanalysis.com/analysts/Duane-Pfennigwerth/,22 Jul 2026
Jordan Alliger,1159,https://stockanalysis.com/analysts/Jordan-Alliger/,23 Jul 2026
Phillip Jungwirth,1160,https://stockanalysis.com/analysts/Phillip-Jungwirth/,22 Jul 2026
Paul Treiber,1161,https://stockanalysis.com/analysts/Paul-Treiber/,22 Jul 2026
Thomas Flaten,1162,https://stockanalysis.com/analysts/Thomas-Flaten/,23 Jul 2026
Stephen Willey,1163,https://stockanalysis.com/analysts/Stephen-Willey/,24 Jul 2026
David Raso,1164,https://stockanalysis.com/analysts/David-Raso/,11 May 2026
Manan Gosalia,1167,https://stockanalysis.com/analysts/Manan-Gosalia/,24 Jul 2026
Zach Parham,1168,https://stockanalysis.com/analysts/Zach-Parham/,06 May 2026
Alex Scott,1169,https://stockanalysis.com/analysts/Alex-Scott/,24 Jul 2026
Marcio Farid,1171,https://stockanalysis.com/analysts/Marcio-Farid/,21 Jul 2026
Paul Choi,1172,https://stockanalysis.com/analysts/Paul-Choi/,23 Jul 2026
Gabriela Borges,1173,https://stockanalysis.com/analysts/Gabriela-Borges/,22 Jul 2026
Patrick Sholl,1174,https://stockanalysis.com/analysts/Patrick-Sholl/,24 Jul 2026
Bradley Canino,1175,https://stockanalysis.com/analysts/Bradley-Canino/,23 Jul 2026
Adam Vogel,1176,https://stockanalysis.com/analysts/Adam-Vogel/,23 Jun 2026
David Bishop,1178,https://stockanalysis.com/analysts/David-Bishop/,23 Jul 2026
Ingo Wermann,1181,https://stockanalysis.com/analysts/Ingo-Wermann/,24 Jul 2026
Chiara Battistini,1182,https://stockanalysis.com/analysts/Chiara-Battistini/,16 Jul 2026
David Vogt,1184,https://stockanalysis.com/analysts/David-Vogt/,23 Jul 2026
Bret Jordan,1185,https://stockanalysis.com/analysts/Bret-Jordan/,30 Jun 2026
Alan Gould,1186,https://stockanalysis.com/analysts/Alan-Gould/,04 Jun 2026
Michael Baker,1187,https://stockanalysis.com/analysts/Michael-Baker/,22 Jul 2026
Jon Windham,1189,https://stockanalysis.com/analysts/Jon-Windham/,14 Jul 2026
Michael Linenberg,1190,https://stockanalysis.com/analysts/Michael-Linenberg/,13 Jul 2026
Alex Markgraff,1192,https://stockanalysis.com/analysts/Alex-Markgraff/,22 Jul 2026
Ketan Mamtora,1195,https://stockanalysis.com/analysts/Ketan-Mamtora/,17 Jul 2026
Christopher Nolan,1196,https://stockanalysis.com/analysts/Christopher-Nolan/,15 May 2026
Peter Levine,1197,https://stockanalysis.com/analysts/Peter-Levine/,08 Jul 2026
Adam Berlin,1198,https://stockanalysis.com/analysts/Adam-Berlin/,01 Jul 2026
Kannan Venkateshwar,1199,https://stockanalysis.com/analysts/Kannan-Venkateshwar/,24 Jul 2026
Peter Heckmann,1200,https://stockanalysis.com/analysts/Peter-Heckmann/,23 Jul 2026
Sangita Jain,1201,https://stockanalysis.com/analysts/Sangita-Jain/,24 Jul 2026
Greg Gibas,1203,https://stockanalysis.com/analysts/Greg-Gibas/,14 Jul 2026
Michael Swartz,1204,https://stockanalysis.com/analysts/Michael-Swartz/,06 Jul 2026
Alexandra Yates,1205,https://stockanalysis.com/analysts/Alexandra-Yates/,21 Jul 2026
Kelsey Chia,1208,https://stockanalysis.com/analysts/Kelsey-Chia/,28 May 2026
Alexander Slagle,1211,https://stockanalysis.com/analysts/Alexander-Slagle/,14 May 2026
Kristina Ruggeri,1212,https://stockanalysis.com/analysts/Kristina-Ruggeri/,23 Jul 2026
Tavy Rosner,1213,https://stockanalysis.com/analysts/Tavy-Rosner/,18 Mar 2026
Kurt Yinger,1214,https://stockanalysis.com/analysts/Kurt-Yinger/,23 Jul 2026
Gil Luria,1217,https://stockanalysis.com/analysts/Gil-Luria/,23 Jul 2026
David Long,1218,https://stockanalysis.com/analysts/David-Long/,01 Jul 2026
Peter Keith,1219,https://stockanalysis.com/analysts/Peter-Keith/,24 Jul 2026
Matthew Weston,1220,https://stockanalysis.com/analysts/Matthew-Weston/,24 Jul 2026
Andrew Steinerman,1222,https://stockanalysis.com/analysts/Andrew-Steinerman/,23 Jul 2026
Rajesh Kumar,1224,https://stockanalysis.com/analysts/Rajesh-Kumar/,13 Jul 2026
Lance Wilkes,1225,https://stockanalysis.com/analysts/Lance-Wilkes/,21 Jul 2026
Craig Hettenbach,1228,https://stockanalysis.com/analysts/Craig-Hettenbach/,22 Jul 2026
Derick Ma,1232,https://stockanalysis.com/analysts/Derick-Ma/,24 Jul 2026
Todd Coupland,1233,https://stockanalysis.com/analysts/Todd-Coupland/,24 Jul 2026
Philip Shen,1234,https://stockanalysis.com/analysts/Philip-Shen/,24 Jul 2026
Steven Fisher,1246,https://stockanalysis.com/analysts/Steven-Fisher/,24 Jul 2026
Matthew Taylor,1249,https://stockanalysis.com/analysts/Matthew-Taylor/,13 Jul 2026
Rick Patel,1251,https://stockanalysis.com/analysts/Rick-Patel/,23 Jul 2026
Mark Carden,1253,https://stockanalysis.com/analysts/Mark-Carden/,22 Jul 2026
Pablo Monsivais,1258,https://stockanalysis.com/analysts/Pablo-Monsivais/,15 May 2026
John Babcock,1261,https://stockanalysis.com/analysts/John-Babcock/,22 Jul 2026
Chris Parkinson,1262,https://stockanalysis.com/analysts/Chris-Parkinson/,20 Mar 2026
Mark Zgutowicz,1267,https://stockanalysis.com/analysts/Mark-Zgutowicz/,22 Jul 2026
Ben Mohr,1268,https://stockanalysis.com/analysts/Ben-Mohr/,24 Jul 2026
Justin Lake,1271,https://stockanalysis.com/analysts/Justin-Lake/,05 May 2026
Tobey Sommer,1277,https://stockanalysis.com/analysts/Tobey-Sommer/,24 Jul 2026
Steven Forbes,1279,https://stockanalysis.com/analysts/Steven-Forbes/,24 Jul 2026
Sabahat Khan,1280,https://stockanalysis.com/analysts/Sabahat-Khan/,22 Jul 2026
Justin Kim,1281,https://stockanalysis.com/analysts/Justin-Kim/,08 Jun 2026
Biren Amin,1282,https://stockanalysis.com/analysts/Biren-Amin/,17 Jul 2026
Stephen Laszczyk,1290,https://stockanalysis.com/analysts/Stephen-Laszczyk/,23 Jul 2026
Reuben Garner,1293,https://stockanalysis.com/analysts/Reuben-Garner/,23 Jul 2026
Brian Ossenbeck,1294,https://stockanalysis.com/analysts/Brian-Ossenbeck/,24 Jul 2026
Adithya Metuku,1298,https://stockanalysis.com/analysts/Adithya-Metuku/,08 May 2026
Gavin Parsons,1301,https://stockanalysis.com/analysts/Gavin-Parsons/,24 Jul 2026
Robert Kad,1303,https://stockanalysis.com/analysts/Robert-Kad/,21 Jul 2026
John Royall,1304,https://stockanalysis.com/analysts/John-Royall/,23 Jul 2026
Steve Fleishman,1305,https://stockanalysis.com/analysts/Steve-Fleishman/,06 Jul 2026
Corinne Johnson,1306,https://stockanalysis.com/analysts/Corinne-Johnson/,16 Jul 2026
Reginald Smith,1307,https://stockanalysis.com/analysts/Reginald-Smith/,08 Jul 2026
Gregg Moskowitz,1308,https://stockanalysis.com/analysts/Gregg-Moskowitz/,15 Jul 2026
Christopher Stathoulopoulos,1309,https://stockanalysis.com/analysts/Christopher-Stathoulopoulos/,16 Jul 2026
Matthew Boss,1310,https://stockanalysis.com/analysts/Matthew-Boss/,20 Jul 2026
William Janela,1311,https://stockanalysis.com/analysts/William-Janela/,22 Jul 2026
David Deckelbaum,1312,https://stockanalysis.com/analysts/David-Deckelbaum/,26 Mar 2026
Jimmy Bhullar,1318,https://stockanalysis.com/analysts/Jimmy-Bhullar/,07 May 2026
Brian Tanquilut,1322,https://stockanalysis.com/analysts/Brian-Tanquilut/,14 Jul 2026
Savanthi Syth,1323,https://stockanalysis.com/analysts/Savanthi-Syth/,14 Jul 2026
Alec Stranahan,1324,https://stockanalysis.com/analysts/Alec-Stranahan/,22 Jul 2026
Brad Reback,1326,https://stockanalysis.com/analysts/Brad-Reback/,23 Jul 2026
Daniel Osley,1328,https://stockanalysis.com/analysts/Daniel-Osley/,15 Jul 2026
John Hodulik,1334,https://stockanalysis.com/analysts/John-Hodulik/,24 Jul 2026
Ghansham Panjabi,1335,https://stockanalysis.com/analysts/Ghansham-Panjabi/,24 Jul 2026
Nigel Coe,1337,https://stockanalysis.com/analysts/Nigel-Coe/,21 Jul 2026
Anne Ling,1338,https://stockanalysis.com/analysts/Anne-Ling/,22 Jul 2026
Bruno Amorim,1341,https://stockanalysis.com/analysts/Bruno-Amorim/,16 Jul 2026
Marcelo Santos,1342,https://stockanalysis.com/analysts/Marcelo-Santos/,22 Jun 2026
Andrei Stadnik,1344,https://stockanalysis.com/analysts/Andrei-Stadnik/,08 May 2026
Buck Horne,1345,https://stockanalysis.com/analysts/Buck-Horne/,10 Jul 2026
John Lovallo,1346,https://stockanalysis.com/analysts/John-Lovallo/,24 Jul 2026
Dan Dolev,1349,https://stockanalysis.com/analysts/Dan-Dolev/,23 Jul 2026
Mark Smith,1350,https://stockanalysis.com/analysts/Mark-Smith/,17 Jul 2026
Leland Gershell,1351,https://stockanalysis.com/analysts/Leland-Gershell/,24 Jul 2026
Crispin Love,1355,https://stockanalysis.com/analysts/Crispin-Love/,24 Jul 2026
Michael Rehaut,1356,https://stockanalysis.com/analysts/Michael-Rehaut/,16 Jun 2026
Barton Crockett,1357,https://stockanalysis.com/analysts/Barton-Crockett/,24 Jul 2026
Brandt Montour,1358,https://stockanalysis.com/analysts/Brandt-Montour/,23 Jul 2026
Suraj Kalia,1359,https://stockanalysis.com/analysts/Suraj-Kalia/,24 Jul 2026
Michael Shlisky,1360,https://stockanalysis.com/analysts/Michael-Shlisky/,22 Jul 2026
Andreas Argyrides,1363,https://stockanalysis.com/analysts/Andreas-Argyrides/,06 Jul 2026
Richa Harnain,1364,https://stockanalysis.com/analysts/Richa-Harnain/,24 Jul 2026
Richard Choe,1368,https://stockanalysis.com/analysts/Richard-Choe/,24 Jul 2026
Barry Sine,1374,https://stockanalysis.com/analysts/Barry-Sine/,22 Jun 2026
Daryl Young,1375,https://stockanalysis.com/analysts/Daryl-Young/,21 Jul 2026
Janet Lee,1380,https://stockanalysis.com/analysts/Janet-Lee/,24 Jul 2026
Vikram Gandhi,1381,https://stockanalysis.com/analysts/Vikram-Gandhi/,20 Jul 2026
Paul Fremont,1382,https://stockanalysis.com/analysts/Paul-Fremont/,18 Jun 2026
Bryan Keane,1385,https://stockanalysis.com/analysts/Bryan-Keane/,21 Jul 2026
Mark Murphy,1389,https://stockanalysis.com/analysts/Mark-Murphy/,14 Jul 2026
Gerry Sweeney,1390,https://stockanalysis.com/analysts/Gerry-Sweeney/,24 Jul 2026
Kyle Joseph,1396,https://stockanalysis.com/analysts/Kyle-Joseph/,08 May 2026
Steven Delaney,1397,https://stockanalysis.com/analysts/Steven-Delaney/,07 May 2026
Noah Poponak,1398,https://stockanalysis.com/analysts/Noah-Poponak/,20 Jul 2026
Kingsley Crane,1399,https://stockanalysis.com/analysts/Kingsley-Crane/,02 Jul 2026
Anthony Petrone,1400,https://stockanalysis.com/analysts/Anthony-Petrone/,23 Jul 2026
David Katz,1401,https://stockanalysis.com/analysts/David-Katz/,17 Jul 2026
Mike Kratky,1402,https://stockanalysis.com/analysts/Mike-Kratky/,24 Jul 2026
Stephen Glagola,1408,https://stockanalysis.com/analysts/Stephen-Glagola/,14 Jul 2026
Andrew Terrell,1409,https://stockanalysis.com/analysts/Andrew-Terrell/,24 Jul 2026
Brian Nowak,1410,https://stockanalysis.com/analysts/Brian-Nowak/,23 Jul 2026
Mathieu Robilliard,1411,https://stockanalysis.com/analysts/Mathieu-Robilliard/,16 Jul 2026
Jonathan Goldman,1413,https://stockanalysis.com/analysts/Jonathan-Goldman/,24 Jul 2026
Charles Rhyee,1414,https://stockanalysis.com/analysts/Charles-Rhyee/,23 Jul 2026
Andrew Charles,1415,https://stockanalysis.com/analysts/Andrew-Charles/,21 Jul 2026
Prakhar Agrawal,1416,https://stockanalysis.com/analysts/Prakhar-Agrawal/,17 Jul 2026
Greg Melich,1423,https://stockanalysis.com/analysts/Greg-Melich/,22 Jul 2026
Cameron Bean,1424,https://stockanalysis.com/analysts/Cameron-Bean/,01 Apr 2026
Dennis Ip,1425,https://stockanalysis.com/analysts/Dennis-Ip/,22 May 2026
Matthew Caufield,1427,https://stockanalysis.com/analysts/Matthew-Caufield/,20 Jul 2026
Connor Murphy,1430,https://stockanalysis.com/analysts/Connor-Murphy/,16 Jul 2026
Michael Goldsmith,1431,https://stockanalysis.com/analysts/Michael-Goldsmith/,21 Jul 2026
Jasper Bibb,1432,https://stockanalysis.com/analysts/Jasper-Bibb/,16 Jul 2026
Kevin Grundy,1435,https://stockanalysis.com/analysts/Kevin-Grundy/,08 Jul 2026
Steven Alexopoulos,1437,https://stockanalysis.com/analysts/Steven-Alexopoulos/,13 Jul 2026
Ari Klein,1438,https://stockanalysis.com/analysts/Ari-Klein/,24 Jul 2026
Bonnie Herzog,1439,https://stockanalysis.com/analysts/Bonnie-Herzog/,23 Jul 2026
Peter Supino,1447,https://stockanalysis.com/analysts/Peter-Supino/,23 Jul 2026
Emma Xu,1450,https://stockanalysis.com/analysts/Emma-Xu/,04 Jun 2026
Barry Oxford,1459,https://stockanalysis.com/analysts/Barry-Oxford/,01 Jul 2026
Stephen Grambling,1460,https://stockanalysis.com/analysts/Stephen-Grambling/,23 Jul 2026
Matt Larew,1461,https://stockanalysis.com/analysts/Matt-Larew/,24 Jul 2026
Mauricio Serna,1462,https://stockanalysis.com/analysts/Mauricio-Serna/,22 Jul 2026
Sarah James,1463,https://stockanalysis.com/analysts/Sarah-James/,23 Jul 2026
Christopher Nardone,1464,https://stockanalysis.com/analysts/Christopher-Nardone/,24 Jul 2026
David Stanton,1465,https://stockanalysis.com/analysts/David-Stanton/,21 Jul 2026
Robert Jamieson,1466,https://stockanalysis.com/analysts/Robert-Jamieson/,27 May 2026
Sudan Loganathan,1467,https://stockanalysis.com/analysts/Sudan-Loganathan/,04 Jun 2026
Amos Fletcher,1470,https://stockanalysis.com/analysts/Amos-Fletcher/,23 Jul 2026
Alex Irving,1472,https://stockanalysis.com/analysts/Alex-Irving/,24 Jul 2026
Jay Sole,1473,https://stockanalysis.com/analysts/Jay-Sole/,24 Jul 2026
Pete Stavropoulos,1474,https://stockanalysis.com/analysts/Pete-Stavropoulos/,16 Jul 2026
Mark Altschwager,1475,https://stockanalysis.com/analysts/Mark-Altschwager/,05 Jun 2026
Luke Hannan,1476,https://stockanalysis.com/analysts/Luke-Hannan/,15 May 2026
Mark Cash,1478,https://stockanalysis.com/analysts/Mark-Cash/,22 Jul 2026
Dan Bergstrom,1481,https://stockanalysis.com/analysts/Dan-Bergstrom/,16 Jul 2026
Hanwen Chang,1486,https://stockanalysis.com/analysts/Hanwen-Chang/,24 Jul 2026
Jared Shaw,1487,https://stockanalysis.com/analysts/Jared-Shaw/,24 Jul 2026
Chris Schott,1489,https://stockanalysis.com/analysts/Chris-Schott/,22 Jul 2026
Sanjit Singh,1492,https://stockanalysis.com/analysts/Sanjit-Singh/,21 Jul 2026
Simon Coles,1493,https://stockanalysis.com/analysts/Simon-Coles/,24 Jul 2026
Marc Bianchi,1495,https://stockanalysis.com/analysts/Marc-Bianchi/,23 Jul 2026
Damian Karas,1498,https://stockanalysis.com/analysts/Damian-Karas/,13 Feb 2026
Rustam Kanga,1499,https://stockanalysis.com/analysts/Rustam-Kanga/,23 Jul 2026
Adrian Huerta,1500,https://stockanalysis.com/analysts/Adrian-Huerta/,08 Jul 2026
Daniel Stauder,1501,https://stockanalysis.com/analysts/Daniel-Stauder/,08 May 2026
Sean Steuart,1503,https://stockanalysis.com/analysts/Sean-Steuart/,05 Jun 2026
Anthony Bonadio,1508,https://stockanalysis.com/analysts/Anthony-Bonadio/,24 Jul 2026
Laurie Havener,1509,https://stockanalysis.com/analysts/Laurie-Havener/,24 Jul 2026
Michael Binetti,1513,https://stockanalysis.com/analysts/Michael-Binetti/,23 Jul 2026
Benjamin Theurer,1514,https://stockanalysis.com/analysts/Benjamin-Theurer/,23 Jul 2026
Daniel Politzer,1517,https://stockanalysis.com/analysts/Daniel-Politzer/,23 Jul 2026
Ralph Schackart,1518,https://stockanalysis.com/analysts/Ralph-Schackart/,17 Jul 2026
Ruplu Bhattacharya,1523,https://stockanalysis.com/analysts/Ruplu-Bhattacharya/,01 Jul 2026
Jonathan Matuszewski,1525,https://stockanalysis.com/analysts/Jonathan-Matuszewski/,09 Jul 2026
Adam Jonas,1527,https://stockanalysis.com/analysts/Adam-Jonas/,24 Jul 2026
Robbie Marcus,1529,https://stockanalysis.com/analysts/Robbie-Marcus/,24 Jul 2026
Bernie McTernan,1532,https://stockanalysis.com/analysts/Bernie-McTernan/,06 Jul 2026
Bhavesh Lodaya,1536,https://stockanalysis.com/analysts/Bhavesh-Lodaya/,06 Jul 2026
Meta Marshall,1540,https://stockanalysis.com/analysts/Meta-Marshall/,21 Jul 2026
Robert Wasserman,1542,https://stockanalysis.com/analysts/Robert-Wasserman/,20 Jul 2026
Jeff Grampp,1543,https://stockanalysis.com/analysts/Jeff-Grampp/,23 Jul 2026
Sergey Glinyanov,1548,https://stockanalysis.com/analysts/Sergey-Glinyanov/,21 Jul 2026
David Dai,1550,https://stockanalysis.com/analysts/David-Dai/,22 Jul 2026
Biraj Borkhataria,1553,https://stockanalysis.com/analysts/Biraj-Borkhataria/,23 Jul 2026
Merrill Ross,1554,https://stockanalysis.com/analysts/Merrill-Ross/,13 May 2026
James Yaro,1555,https://stockanalysis.com/analysts/James-Yaro/,23 Jul 2026
Jon Hickman,1557,https://stockanalysis.com/analysts/Jon-Hickman/,08 Jul 2026
Geulah Livshits,1558,https://stockanalysis.com/analysts/Geulah-Livshits/,07 Jul 2026
Jasper Hellweg,1563,https://stockanalysis.com/analysts/Jasper-Hellweg/,10 Jul 2026
Michael Cherny,1564,https://stockanalysis.com/analysts/Michael-Cherny/,23 Jul 2026
Lauren Lieberman,1565,https://stockanalysis.com/analysts/Lauren-Lieberman/,21 Jul 2026
Stephanie Price,1566,https://stockanalysis.com/analysts/Stephanie-Price/,23 Jul 2026
Kirk Materne,1567,https://stockanalysis.com/analysts/Kirk-Materne/,26 Jul 2026
Thomas Shrader,1572,https://stockanalysis.com/analysts/Thomas-Shrader/,21 Jul 2026
Karen Holthouse,1573,https://stockanalysis.com/analysts/Karen-Holthouse/,23 Jul 2026
William Appicelli,1574,https://stockanalysis.com/analysts/William-Appicelli/,18 Jun 2026
Fahad Tariq,1575,https://stockanalysis.com/analysts/Fahad-Tariq/,13 Jul 2026
Sophie Karp,1576,https://stockanalysis.com/analysts/Sophie-Karp/,23 Jul 2026
Gaurav Jain,1577,https://stockanalysis.com/analysts/Gaurav-Jain/,06 Jan 2026
Robert Ohmes,1578,https://stockanalysis.com/analysts/Robert-Ohmes/,24 Jul 2026
Brian Vaccaro,1582,https://stockanalysis.com/analysts/Brian-Vaccaro/,17 Jul 2026
Russell Gunther,1585,https://stockanalysis.com/analysts/Russell-Gunther/,23 Jul 2026
Kevin Fisk,1586,https://stockanalysis.com/analysts/Kevin-Fisk/,24 Jul 2026
Anthony Codling,1588,https://stockanalysis.com/analysts/Anthony-Codling/,23 Jul 2026
Michael Diana,1589,https://stockanalysis.com/analysts/Michael-Diana/,23 Jul 2026
Tyler Batory,1591,https://stockanalysis.com/analysts/Tyler-Batory/,23 Jul 2026
Mark Schappel,1592,https://stockanalysis.com/analysts/Mark-Schappel/,22 Jul 2026
Carter Gould,1594,https://stockanalysis.com/analysts/Carter-Gould/,06 Jul 2026
Richard Newitter,1595,https://stockanalysis.com/analysts/Richard-Newitter/,24 Jul 2026
Anthony Hau,1599,https://stockanalysis.com/analysts/Anthony-Hau/,26 Jun 2026
Kevin Caliendo,1600,https://stockanalysis.com/analysts/Kevin-Caliendo/,24 Jul 2026
Daniel Kurnos,1603,https://stockanalysis.com/analysts/Daniel-Kurnos/,22 Jul 2026
Marie Ferguson,1608,https://stockanalysis.com/analysts/Marie-Ferguson/,23 Jul 2026
Luke Horton,1610,https://stockanalysis.com/analysts/Luke-Horton/,09 Jul 2026
David Motemaden,1611,https://stockanalysis.com/analysts/David-Motemaden/,23 Jul 2026
Lee Simpson,1612,https://stockanalysis.com/analysts/Lee-Simpson/,23 Jul 2026
Stacy Ku,1613,https://stockanalysis.com/analysts/Stacy-Ku/,06 Jul 2026
Thomas Champion,1615,https://stockanalysis.com/analysts/Thomas-Champion/,23 Jul 2026
Daniel Arias,1616,https://stockanalysis.com/analysts/Daniel-Arias/,24 Jul 2026
Ben Kallo,1617,https://stockanalysis.com/analysts/Ben-Kallo/,29 Jun 2026
Steven Etoch,1620,https://stockanalysis.com/analysts/Steven-Etoch/,26 Jun 2026
Tommy Moll,1628,https://stockanalysis.com/analysts/Tommy-Moll/,16 Jul 2026
Scott Davis,1629,https://stockanalysis.com/analysts/Scott-Davis/,27 Jan 2026
Michael Gorman,1640,https://stockanalysis.com/analysts/Michael-Gorman/,22 Jul 2026
James Rollyson,1641,https://stockanalysis.com/analysts/James-Rollyson/,10 Jul 2026
Kristen Owen,1642,https://stockanalysis.com/analysts/Kristen-Owen/,23 Jul 2026
Luke Sergott,1644,https://stockanalysis.com/analysts/Luke-Sergott/,24 Jul 2026
Justin Patterson,1645,https://stockanalysis.com/analysts/Justin-Patterson/,24 Jul 2026
Jason Bandel,1657,https://stockanalysis.com/analysts/Jason-Bandel/,08 May 2026
Sam Darkatsh,1659,https://stockanalysis.com/analysts/Sam-Darkatsh/,22 Jul 2026
Robert Stevenson,1663,https://stockanalysis.com/analysts/Robert-Stevenson/,13 Jan 2026
Austin Wurschmidt,1665,https://stockanalysis.com/analysts/Austin-Wurschmidt/,11 Jun 2026
Polo Tang,1666,https://stockanalysis.com/analysts/Polo-Tang/,23 Jul 2026
Jack Slevin,1667,https://stockanalysis.com/analysts/Jack-Slevin/,21 Jul 2026
Jonathan Chang,1671,https://stockanalysis.com/analysts/Jonathan-Chang/,13 Jul 2026
Michael Ward,1675,https://stockanalysis.com/analysts/Michael-Ward/,22 Jul 2026
John Baumgartner,1677,https://stockanalysis.com/analysts/John-Baumgartner/,20 May 2026
Robert Drbul,1679,https://stockanalysis.com/analysts/Robert-Drbul/,30 Jun 2026
Bill Peterson,1680,https://stockanalysis.com/analysts/Bill-Peterson/,22 Jul 2026
Charles Meade,1682,https://stockanalysis.com/analysts/Charles-Meade/,20 May 2026
Sebastiano Petti,1684,https://stockanalysis.com/analysts/Sebastiano-Petti/,24 Jul 2026
Alex Terentiew,1686,https://stockanalysis.com/analysts/Alex-Terentiew/,08 Jun 2026
Louie DiPalma,1687,https://stockanalysis.com/analysts/Louie-DiPalma/,24 Jul 2026
Josh Baer,1688,https://stockanalysis.com/analysts/Josh-Baer/,16 Jul 2026
Adam Bubes,1693,https://stockanalysis.com/analysts/Adam-Bubes/,23 Jul 2026
Nicholas Yulico,1695,https://stockanalysis.com/analysts/Nicholas-Yulico/,23 Jul 2026
Matt Olney,1696,https://stockanalysis.com/analysts/Matt-Olney/,24 Jul 2026
Michael Bellisario,1697,https://stockanalysis.com/analysts/Michael-Bellisario/,22 Jul 2026
Tom Nikic,1698,https://stockanalysis.com/analysts/Tom-Nikic/,24 Jul 2026
Chris Woronka,1701,https://stockanalysis.com/analysts/Chris-Woronka/,24 Jul 2026
James Hardiman,1703,https://stockanalysis.com/analysts/James-Hardiman/,24 Jul 2026
Mayank Mamtani,1704,https://stockanalysis.com/analysts/Mayank-Mamtani/,15 Jul 2026
Harshita Rawat,1707,https://stockanalysis.com/analysts/Harshita-Rawat/,21 Jul 2026
Kerry Holford,1709,https://stockanalysis.com/analysts/Kerry-Holford/,16 Jul 2026
Andrea Alfonso,1715,https://stockanalysis.com/analysts/Andrea-Alfonso/,08 May 2026
Kalei Akamine,1719,https://stockanalysis.com/analysts/Kalei-Akamine/,27 Apr 2026
Matthew Hedberg,1725,https://stockanalysis.com/analysts/Matthew-Hedberg/,23 Jul 2026
Thiago Batista,1731,https://stockanalysis.com/analysts/Thiago-Batista/,03 Jun 2026
Thomas Gallagher,1732,https://stockanalysis.com/analysts/Thomas-Gallagher/,13 Jul 2026
David Palmer,1735,https://stockanalysis.com/analysts/David-Palmer/,23 Jul 2026
John McNulty,1737,https://stockanalysis.com/analysts/John-McNulty/,24 Jul 2026
Michael Morton,1740,https://stockanalysis.com/analysts/Michael-Morton/,10 Jun 2026
Jeffrey Silber,1745,https://stockanalysis.com/analysts/Jeffrey-Silber/,23 Jul 2026
Kevin Garrigan,1746,https://stockanalysis.com/analysts/Kevin-Garrigan/,29 Jun 2026
Eric Sheridan,1747,https://stockanalysis.com/analysts/Eric-Sheridan/,23 Jul 2026
Daniel Magder,1753,https://stockanalysis.com/analysts/Daniel-Magder/,16 Jul 2026
Venugopal Garre,1754,https://stockanalysis.com/analysts/Venugopal-Garre/,20 Jul 2026
John Colantuoni,1755,https://stockanalysis.com/analysts/John-Colantuoni/,16 Jul 2026
Steve Hansen,1756,https://stockanalysis.com/analysts/Steve-Hansen/,30 Jun 2026
Jonathan Ho,1757,https://stockanalysis.com/analysts/Jonathan-Ho/,21 Jul 2026
Miller Jump,1758,https://stockanalysis.com/analysts/Miller-Jump/,23 Jul 2026
Douglas Miehm,1759,https://stockanalysis.com/analysts/Douglas-Miehm/,21 Jul 2026
Jonathan Block,1760,https://stockanalysis.com/analysts/Jonathan-Block/,15 Jul 2026
Emily Bodnar,1761,https://stockanalysis.com/analysts/Emily-Bodnar/,24 Jul 2026
Saree Boroditsky,1766,https://stockanalysis.com/analysts/Saree-Boroditsky/,09 Feb 2026
Richard Garchitorena,1767,https://stockanalysis.com/analysts/Richard-Garchitorena/,23 Jul 2026
Dennis Ding,1768,https://stockanalysis.com/analysts/Dennis-Ding/,13 Jul 2026
Piyush Choudhary,1769,https://stockanalysis.com/analysts/Piyush-Choudhary/,16 Jan 2026
Caitlin Cronin,1770,https://stockanalysis.com/analysts/Caitlin-Cronin/,17 Dec 2025
Ben Isaacson,1771,https://stockanalysis.com/analysts/Ben-Isaacson/,20 Jul 2026
Allen Gong,1772,https://stockanalysis.com/analysts/Allen-Gong/,05 Jun 2026
Uy Ear,1773,https://stockanalysis.com/analysts/Uy-Ear/,20 Jul 2026
Nicholas Holowko,1775,https://stockanalysis.com/analysts/Nicholas-Holowko/,07 Jul 2026
Emmanuel Papadakis,1779,https://stockanalysis.com/analysts/Emmanuel-Papadakis/,24 Jul 2026
Kash Rangan,1780,https://stockanalysis.com/analysts/Kash-Rangan/,02 Feb 2026
Chad Beynon,1781,https://stockanalysis.com/analysts/Chad-Beynon/,01 Jun 2026
Brian Peterson,1783,https://stockanalysis.com/analysts/Brian-Peterson/,22 Jul 2026
Mickey Schleien,1788,https://stockanalysis.com/analysts/Mickey-Schleien/,03 Mar 2026
Jed Kelly,1790,https://stockanalysis.com/analysts/Jed-Kelly/,24 Jul 2026
Michael Lavery,1791,https://stockanalysis.com/analysts/Michael-Lavery/,24 Jul 2026
Mathew Blackman,1793,https://stockanalysis.com/analysts/Mathew-Blackman/,17 Jul 2026
Simon Toyne,1794,https://stockanalysis.com/analysts/Simon-Toyne/,31 Mar 2026
Pooran Sharma,1804,https://stockanalysis.com/analysts/Pooran-Sharma/,14 Jul 2026
Edlain Rodriguez,1807,https://stockanalysis.com/analysts/Edlain-Rodriguez/,21 Jul 2026
Mark Weintraub,1808,https://stockanalysis.com/analysts/Mark-Weintraub/,03 May 2026
John Kilichowski,1809,https://stockanalysis.com/analysts/John-Kilichowski/,15 Jul 2026
Vijit Jain,1812,https://stockanalysis.com/analysts/Vijit-Jain/,19 May 2026
Robert Stein,1814,https://stockanalysis.com/analysts/Robert-Stein/,16 Jul 2026
Adam Tindle,1816,https://stockanalysis.com/analysts/Adam-Tindle/,15 Jul 2026
Hassan Ahmed,1817,https://stockanalysis.com/analysts/Hassan-Ahmed/,02 Jul 2026
Brendan Nosal,1824,https://stockanalysis.com/analysts/Brendan-Nosal/,22 Jul 2026
Simeon Gutman,1825,https://stockanalysis.com/analysts/Simeon-Gutman/,24 Jul 2026
Patrick Colville,1827,https://stockanalysis.com/analysts/Patrick-Colville/,07 Jul 2026
Drew McReynolds,1828,https://stockanalysis.com/analysts/Drew-McReynolds/,22 Jul 2026
Keith Bachman,1829,https://stockanalysis.com/analysts/Keith-Bachman/,24 Jul 2026
John Newman,1830,https://stockanalysis.com/analysts/John-Newman/,23 Jul 2026
Mitchel Penn,1832,https://stockanalysis.com/analysts/Mitchel-Penn/,23 Jul 2026
Bruno Montanari,1834,https://stockanalysis.com/analysts/Bruno-Montanari/,16 Jul 2026
Ken Hoexter,1838,https://stockanalysis.com/analysts/Ken-Hoexter/,24 Jul 2026
Joe Feldman,1839,https://stockanalysis.com/analysts/Joe-Feldman/,24 Jul 2026
Tom Narayan,1841,https://stockanalysis.com/analysts/Tom-Narayan/,24 Jul 2026
Judah Frommer,1850,https://stockanalysis.com/analysts/Judah-Frommer/,24 Jul 2026
Kate McShane,1853,https://stockanalysis.com/analysts/Kate-McShane/,24 Jul 2026
Matt Phipps,1854,https://stockanalysis.com/analysts/Matt-Phipps/,24 Jul 2026
James Kammert,1858,https://stockanalysis.com/analysts/James-Kammert/,23 Jul 2026
Omar Mejias,1859,https://stockanalysis.com/analysts/Omar-Mejias/,24 Jul 2026
Richard Clarke,1860,https://stockanalysis.com/analysts/Richard-Clarke/,20 Jul 2026
Eric Gonzalez,1862,https://stockanalysis.com/analysts/Eric-Gonzalez/,20 Apr 2026
Tim Mulrooney,1863,https://stockanalysis.com/analysts/Tim-Mulrooney/,23 Jul 2026
Stephen Baxter,1864,https://stockanalysis.com/analysts/Stephen-Baxter/,22 Jul 2026
Andrew Sherman,1865,https://stockanalysis.com/analysts/Andrew-Sherman/,22 Jul 2026
John Dunn,1869,https://stockanalysis.com/analysts/John-Dunn/,10 Jul 2026
Stephen Powers,1870,https://stockanalysis.com/analysts/Stephen-Powers/,24 Jul 2026
Roger Boyd,1872,https://stockanalysis.com/analysts/Roger-Boyd/,24 Jul 2026
Jeffrey Zekauskas,1874,https://stockanalysis.com/analysts/Jeffrey-Zekauskas/,24 Jul 2026
Jake Fuller,1875,https://stockanalysis.com/analysts/Jake-Fuller/,22 Jul 2026
Ryan Levine,1878,https://stockanalysis.com/analysts/Ryan-Levine/,24 Jul 2026
Nicholas Amicucci,1882,https://stockanalysis.com/analysts/Nicholas-Amicucci/,05 Jul 2026
George Tong,1884,https://stockanalysis.com/analysts/George-Tong/,24 Jul 2026
Glen Santangelo,1885,https://stockanalysis.com/analysts/Glen-Santangelo/,24 Jul 2026
Christine Dooley,1889,https://stockanalysis.com/analysts/Christine-Dooley/,10 Jul 2026
Richard Safran,1891,https://stockanalysis.com/analysts/Richard-Safran/,26 May 2026
Howard Ma,1899,https://stockanalysis.com/analysts/Howard-Ma/,21 Jul 2026
George Kelly,1900,https://stockanalysis.com/analysts/George-Kelly/,15 Jul 2026
James Condulis,1902,https://stockanalysis.com/analysts/James-Condulis/,14 Jul 2026
Gregory Francfort,1907,https://stockanalysis.com/analysts/Gregory-Francfort/,14 Jul 2026
Joe Laetsch,1908,https://stockanalysis.com/analysts/Joe-Laetsch/,24 Jul 2026
Patrick Walravens,1910,https://stockanalysis.com/analysts/Patrick-Walravens/,22 Jul 2026
Joe Dickstein,1911,https://stockanalysis.com/analysts/Joe-Dickstein/,01 Jun 2026
Jeffrey Kiang,1913,https://stockanalysis.com/analysts/Jeffrey-Kiang/,23 Jul 2026
Axel Herlinghaus,1914,https://stockanalysis.com/analysts/Axel-Herlinghaus/,10 Jul 2026
Michael Roxland,1915,https://stockanalysis.com/analysts/Michael-Roxland/,24 Jul 2026
Daniil Gataulin,1918,https://stockanalysis.com/analysts/Daniil-Gataulin/,25 Jun 2026
Andres Cardona,1922,https://stockanalysis.com/analysts/Andres-Cardona/,02 Jul 2026
Conor Cunningham,1926,https://stockanalysis.com/analysts/Conor-Cunningham/,07 Jul 2026
Ric Prentiss,1927,https://stockanalysis.com/analysts/Ric-Prentiss/,17 Jul 2026
Matthew Harrigan,1928,https://stockanalysis.com/analysts/Matthew-Harrigan/,24 Jul 2026
Cristina Fernandez,1930,https://stockanalysis.com/analysts/Cristina-Fernandez/,15 Jul 2026
Joseph Cardoso,1937,https://stockanalysis.com/analysts/Joseph-Cardoso/,24 Jul 2026
James Feldman,1939,https://stockanalysis.com/analysts/James-Feldman/,23 Jul 2026
Shlomo Rosenbaum,1940,https://stockanalysis.com/analysts/Shlomo-Rosenbaum/,23 Jul 2026
Leah Jordan,1941,https://stockanalysis.com/analysts/Leah-Jordan/,24 Jul 2026
Puneet Souda,1950,https://stockanalysis.com/analysts/Puneet-Souda/,17 Jul 2026
Wilma Burdis,1953,https://stockanalysis.com/analysts/Wilma-Burdis/,02 Jul 2026
Rowland Mayor,1954,https://stockanalysis.com/analysts/Rowland-Mayor/,23 Jul 2026
Vijay Kumar,1960,https://stockanalysis.com/analysts/Vijay-Kumar/,06 Jul 2026
Whit Mayo,1961,https://stockanalysis.com/analysts/Whit-Mayo/,17 Jul 2026
Taylor Conrad,1965,https://stockanalysis.com/analysts/Taylor-Conrad/,17 Jun 2026
Jenny Ping,1966,https://stockanalysis.com/analysts/Jenny-Ping/,24 Jul 2026
Luisa Hector,1977,https://stockanalysis.com/analysts/Luisa-Hector/,22 Jul 2026
Jonathan Yong,1978,https://stockanalysis.com/analysts/Jonathan-Yong/,08 Jul 2026
Michael Ryskin,1979,https://stockanalysis.com/analysts/Michael-Ryskin/,24 Jul 2026
Aaron Hecht,1983,https://stockanalysis.com/analysts/Aaron-Hecht/,22 Jul 2026
Matthew Erdner,1990,https://stockanalysis.com/analysts/Matthew-Erdner/,01 Jul 2026
Jairam Nathan,1991,https://stockanalysis.com/analysts/Jairam-Nathan/,29 Jun 2026
Adam Baumgarten,1992,https://stockanalysis.com/analysts/Adam-Baumgarten/,27 Feb 2026
Namita Samtani,1994,https://stockanalysis.com/analysts/Namita-Samtani/,24 Jul 2026
Jeff Schmitt,1995,https://stockanalysis.com/analysts/Jeff-Schmitt/,24 Jul 2026
Paul Gong,1996,https://stockanalysis.com/analysts/Paul-Gong/,17 Jun 2026
Elizabeth Sun,2001,https://stockanalysis.com/analysts/Elizabeth-Sun/,24 Jul 2026
Simon Hales,2002,https://stockanalysis.com/analysts/Simon-Hales/,16 Jul 2026
Rodolfo Angele,2003,https://stockanalysis.com/analysts/Rodolfo-Angele/,24 Jul 2026
Christopher Liu,2006,https://stockanalysis.com/analysts/Christopher-Liu/,22 Jun 2026
Saul Martinez,2010,https://stockanalysis.com/analysts/Saul-Martinez/,20 Jul 2026
James Faucette,2011,https://stockanalysis.com/analysts/James-Faucette/,24 Jul 2026
Andrew Strelzik,2014,https://stockanalysis.com/analysts/Andrew-Strelzik/,21 Jul 2026
Alexander Goldfarb,2015,https://stockanalysis.com/analysts/Alexander-Goldfarb/,24 Jul 2026
Kyle Boucher,2016,https://stockanalysis.com/analysts/Kyle-Boucher/,30 Jun 2026
Robert Mollins,2018,https://stockanalysis.com/analysts/Robert-Mollins/,10 Jun 2026
Steve Frankel,2026,https://stockanalysis.com/analysts/Steve-Frankel/,23 Jul 2026
Alexei Gogolev,2034,https://stockanalysis.com/analysts/Alexei-Gogolev/,24 Jul 2026
Vincent Caintic,2036,https://stockanalysis.com/analysts/Vincent-Caintic/,23 Jul 2026
Michael Latimore,2037,https://stockanalysis.com/analysts/Michael-Latimore/,23 Jul 2026
Scott Stember,2042,https://stockanalysis.com/analysts/Scott-Stember/,24 Jul 2026
Kevin Kopelman,2043,https://stockanalysis.com/analysts/Kevin-Kopelman/,21 Jul 2026
Zachary Fadem,2044,https://stockanalysis.com/analysts/Zachary-Fadem/,24 Jul 2026
Anja Soderstrom,2046,https://stockanalysis.com/analysts/Anja-Soderstrom/,05 May 2026
Andrea Newkirk,2048,https://stockanalysis.com/analysts/Andrea-Newkirk/,11 Feb 2026
Robert Ottenstein,2050,https://stockanalysis.com/analysts/Robert-Ottenstein/,14 Jul 2026
Brandon Nispel,2051,https://stockanalysis.com/analysts/Brandon-Nispel/,24 Jul 2026
Olivia Tong,2053,https://stockanalysis.com/analysts/Olivia-Tong/,14 Jul 2026
Janine Stichter,2054,https://stockanalysis.com/analysts/Janine-Stichter/,24 Jul 2026
Amit Dayal,2055,https://stockanalysis.com/analysts/Amit-Dayal/,21 Jul 2026
Matthew DeYoe,2057,https://stockanalysis.com/analysts/Matthew-DeYoe/,24 Jul 2026
Michael Nathanson,2069,https://stockanalysis.com/analysts/Michael-Nathanson/,13 Feb 2026
Timna Tanners,2073,https://stockanalysis.com/analysts/Timna-Tanners/,24 Jul 2026
Derek Hewett,2080,https://stockanalysis.com/analysts/Derek-Hewett/,09 Jul 2026
Ygal Arounian,2082,https://stockanalysis.com/analysts/Ygal-Arounian/,24 Jul 2026
Jiong Shao,2083,https://stockanalysis.com/analysts/Jiong-Shao/,16 Jul 2026
Francois Brisebois,2084,https://stockanalysis.com/analysts/Francois-Brisebois/,21 Jul 2026
Maher Yaghi,2088,https://stockanalysis.com/analysts/Maher-Yaghi/,24 Jul 2026
Andres Sheppard,2091,https://stockanalysis.com/analysts/Andres-Sheppard/,23 Jul 2026
Edward Tenthoff,2095,https://stockanalysis.com/analysts/Edward-Tenthoff/,23 Jul 2026
Pradeep Ramani,2096,https://stockanalysis.com/analysts/Pradeep-Ramani/,02 Feb 2026
Ernesto Gabilondo,2097,https://stockanalysis.com/analysts/Ernesto-Gabilondo/,15 Jun 2026
Richard Sunderland,2098,https://stockanalysis.com/analysts/Richard-Sunderland/,22 Jul 2026
Caitlin Roberts,2100,https://stockanalysis.com/analysts/Caitlin-Roberts/,14 Jul 2026
Peter Steyn,2102,https://stockanalysis.com/analysts/Peter-Steyn/,20 May 2026
Joyce Ju,2105,https://stockanalysis.com/analysts/Joyce-Ju/,09 Jul 2026
George Staphos,2106,https://stockanalysis.com/analysts/George-Staphos/,24 Jul 2026
George Choi,2107,https://stockanalysis.com/analysts/George-Choi/,10 Jul 2026
Cooper Clark,2109,https://stockanalysis.com/analysts/Cooper-Clark/,24 Jun 2026
Nicholas Thillman,2110,https://stockanalysis.com/analysts/Nicholas-Thillman/,08 May 2026
Austin Moeller,2116,https://stockanalysis.com/analysts/Austin-Moeller/,10 Jul 2026
Eli Jossen,2118,https://stockanalysis.com/analysts/Eli-Jossen/,22 Jul 2026
Patrick Creuset,2121,https://stockanalysis.com/analysts/Patrick-Creuset/,22 Jul 2026
Joshua Spector,2125,https://stockanalysis.com/analysts/Joshua-Spector/,24 Jul 2026
Betty Jiang,2126,https://stockanalysis.com/analysts/Betty-Jiang/,22 Jul 2026
Matthew Smith,2127,https://stockanalysis.com/analysts/Matthew-Smith/,13 May 2026
Jim Sanderson,2130,https://stockanalysis.com/analysts/Jim-Sanderson/,15 Jun 2026
Yuri Fernandes,2133,https://stockanalysis.com/analysts/Yuri-Fernandes/,07 Jul 2026
Ryan Merkel,2136,https://stockanalysis.com/analysts/Ryan-Merkel/,25 Jul 2026
Justin Kleber,2138,https://stockanalysis.com/analysts/Justin-Kleber/,01 May 2026
Ellie Jiang,2139,https://stockanalysis.com/analysts/Ellie-Jiang/,25 Jun 2026
Joseph Yanchunis,2143,https://stockanalysis.com/analysts/Joseph-Yanchunis/,22 Jul 2026
Guy Hardwick,2148,https://stockanalysis.com/analysts/Guy-Hardwick/,23 Jul 2026
Brian Schwartz,2150,https://stockanalysis.com/analysts/Brian-Schwartz/,23 Jul 2026
Sameer Joshi,2151,https://stockanalysis.com/analysts/Sameer-Joshi/,24 Jul 2026
Faiza Alwy,2156,https://stockanalysis.com/analysts/Faiza-Alwy/,24 Jul 2026
Steven Pizzella,2159,https://stockanalysis.com/analysts/Steven-Pizzella/,23 Jul 2026
Bill Sutherland,2160,https://stockanalysis.com/analysts/Bill-Sutherland/,15 Jul 2026
Caleb Stein,2162,https://stockanalysis.com/analysts/Caleb-Stein/,12 May 2026
Wesley Brooks,2165,https://stockanalysis.com/analysts/Wesley-Brooks/,07 May 2026
Samantha Semenkow,2170,https://stockanalysis.com/analysts/Samantha-Semenkow/,24 Jul 2026
Anthony Paolone,2176,https://stockanalysis.com/analysts/Anthony-Paolone/,21 Jul 2026
Sachin Salgaonkar,2179,https://stockanalysis.com/analysts/Sachin-Salgaonkar/,21 Jul 2026
Priya Sachdeva,2191,https://stockanalysis.com/analysts/Priya-Sachdeva/,04 Jun 2026
Simeon Siegel,2198,https://stockanalysis.com/analysts/Simeon-Siegel/,30 Jun 2026
Tom Forte,2200,https://stockanalysis.com/analysts/Tom-Forte/,24 Jul 2026
Edison Yu,2201,https://stockanalysis.com/analysts/Edison-Yu/,22 Jul 2026
Thibault Boutherin,2206,https://stockanalysis.com/analysts/Thibault-Boutherin/,25 Jun 2026
Jonna Kim,2221,https://stockanalysis.com/analysts/Jonna-Kim/,22 Jul 2026
Nicholas Joseph,2227,https://stockanalysis.com/analysts/Nicholas-Joseph/,24 Jul 2026
Kim Fustier,2228,https://stockanalysis.com/analysts/Kim-Fustier/,18 May 2026
Craig Mailman,2232,https://stockanalysis.com/analysts/Craig-Mailman/,11 Jun 2026
Jordan Lyonnais,2236,https://stockanalysis.com/analysts/Jordan-Lyonnais/,07 May 2026
Hector Maya,2238,https://stockanalysis.com/analysts/Hector-Maya/,09 Jul 2026
Alejandro Demichelis,2244,https://stockanalysis.com/analysts/Alejandro-Demichelis/,18 Jun 2026
Jamie Baker,2247,https://stockanalysis.com/analysts/Jamie-Baker/,24 Jul 2026
Dae Lee,2249,https://stockanalysis.com/analysts/Dae-Lee/,08 May 2026
John Pancari,2252,https://stockanalysis.com/analysts/John-Pancari/,23 Jul 2026
Oliver Chen,2254,https://stockanalysis.com/analysts/Oliver-Chen/,23 Jul 2026
Jeff Lick,2255,https://stockanalysis.com/analysts/Jeff-Lick/,21 Jul 2026
Upal Rana,2258,https://stockanalysis.com/analysts/Upal-Rana/,09 Jul 2026
Bryan Burgmeier,2259,https://stockanalysis.com/analysts/Bryan-Burgmeier/,10 Jul 2026
Greg McGinniss,2261,https://stockanalysis.com/analysts/Greg-McGinniss/,24 Jul 2026
Daniel Clark,2262,https://stockanalysis.com/analysts/Daniel-Clark/,24 Feb 2026
Arthur Truslove,2264,https://stockanalysis.com/analysts/Arthur-Truslove/,24 Jul 2026
Dominick Gabriele,2266,https://stockanalysis.com/analysts/Dominick-Gabriele/,15 Jul 2026
Brad Erickson,2269,https://stockanalysis.com/analysts/Brad-Erickson/,23 Jul 2026
Tate Sullivan,2273,https://stockanalysis.com/analysts/Tate-Sullivan/,24 Jul 2026
Eliana Merle,2275,https://stockanalysis.com/analysts/Eliana-Merle/,24 Jul 2026
Adrienne Yih,2276,https://stockanalysis.com/analysts/Adrienne-Yih/,24 Jul 2026
Thomas Stephan,2277,https://stockanalysis.com/analysts/Thomas-Stephan/,17 Jul 2026
Jakob Bluestone,2282,https://stockanalysis.com/analysts/Jakob-Bluestone/,02 Feb 2026
Blaine Heck,2283,https://stockanalysis.com/analysts/Blaine-Heck/,21 Jul 2026
Matthew Biegler,2288,https://stockanalysis.com/analysts/Matthew-Biegler/,15 Jun 2026
George Gianarikas,2289,https://stockanalysis.com/analysts/George-Gianarikas/,24 Jul 2026
Will Kirkness,2299,https://stockanalysis.com/analysts/Will-Kirkness/,29 Jun 2026
Danielle Antalffy,2300,https://stockanalysis.com/analysts/Danielle-Antalffy/,20 Apr 2026
Aneesha Sherman,2301,https://stockanalysis.com/analysts/Aneesha-Sherman/,22 Jul 2026
Linda Huang,2302,https://stockanalysis.com/analysts/Linda-Huang/,01 Apr 2026
Joshua Reilly,2303,https://stockanalysis.com/analysts/Joshua-Reilly/,24 Jul 2026
Chris McNally,2308,https://stockanalysis.com/analysts/Chris-McNally/,23 Jul 2026
Shaun Kelley,2309,https://stockanalysis.com/analysts/Shaun-Kelley/,24 Jul 2026
Brett Rabatin,2310,https://stockanalysis.com/analysts/Brett-Rabatin/,24 Jul 2026
Mark Palmer,2311,https://stockanalysis.com/analysts/Mark-Palmer/,22 Jul 2026
Laurent Vasilescu,2314,https://stockanalysis.com/analysts/Laurent-Vasilescu/,22 Jul 2026
Keay Nakae,2318,https://stockanalysis.com/analysts/Keay-Nakae/,22 Jul 2026
Alex Kania,2322,https://stockanalysis.com/analysts/Alex-Kania/,23 Jul 2026
Robert Fishman,2323,https://stockanalysis.com/analysts/Robert-Fishman/,24 Apr 2026
Steve Sakwa,2325,https://stockanalysis.com/analysts/Steve-Sakwa/,23 Jul 2026
Sam Reid,2326,https://stockanalysis.com/analysts/Sam-Reid/,23 Jul 2026
Jeffrey Stevenson,2328,https://stockanalysis.com/analysts/Jeffrey-Stevenson/,28 Apr 2026
David Rescott,2330,https://stockanalysis.com/analysts/David-Rescott/,17 Jul 2026
Emma Schwartz,2332,https://stockanalysis.com/analysts/Emma-Schwartz/,10 Jul 2026
Omar Sheikh,2335,https://stockanalysis.com/analysts/Omar-Sheikh/,10 Mar 2026
Casey Woodring,2338,https://stockanalysis.com/analysts/Casey-Woodring/,23 Jul 2026
Asthika Goonewardene,2341,https://stockanalysis.com/analysts/Asthika-Goonewardene/,22 Jun 2026
Carly Davenport,2342,https://stockanalysis.com/analysts/Carly-Davenport/,22 Jul 2026
Samir Khanal,2346,https://stockanalysis.com/analysts/Samir-Khanal/,30 Jun 2026
Joshua Tilton,2350,https://stockanalysis.com/analysts/Joshua-Tilton/,09 Jun 2026
Phillip Blee,2351,https://stockanalysis.com/analysts/Phillip-Blee/,17 Jul 2026
Jason Weaver,2358,https://stockanalysis.com/analysts/Jason-Weaver/,21 Jul 2026
Gena Wang,2361,https://stockanalysis.com/analysts/Gena-Wang/,28 May 2026
Brian Wilczynski,2362,https://stockanalysis.com/analysts/Brian-Wilczynski/,21 Jul 2026
Keith Stanley,2382,https://stockanalysis.com/analysts/Keith-Stanley/,06 May 2026
Benjamin Soff,2384,https://stockanalysis.com/analysts/Benjamin-Soff/,08 Jun 2026
Andrew DeGasperi,2385,https://stockanalysis.com/analysts/Andrew-DeGasperi/,13 Jul 2026
Max Rakhlenko,2391,https://stockanalysis.com/analysts/Max-Rakhlenko/,23 Jul 2026
Timothy Hoff,2393,https://stockanalysis.com/analysts/Timothy-Hoff/,21 Jul 2026
Vitaly Umansky,2395,https://stockanalysis.com/analysts/Vitaly-Umansky/,07 Jun 2026
Christopher Raymond,2396,https://stockanalysis.com/analysts/Christopher-Raymond/,17 Jul 2026
Luke Junk,2405,https://stockanalysis.com/analysts/Luke-Junk/,24 Jul 2026
Matthew Condon,2409,https://stockanalysis.com/analysts/Matthew-Condon/,22 Jul 2026
Ken Gawrelski,2410,https://stockanalysis.com/analysts/Ken-Gawrelski/,23 Jul 2026
Nikhil Devnani,2411,https://stockanalysis.com/analysts/Nikhil-Devnani/,14 May 2026
Paul Knight,2415,https://stockanalysis.com/analysts/Paul-Knight/,02 Jul 2026
Peter Galbo,2416,https://stockanalysis.com/analysts/Peter-Galbo/,24 Jul 2026
Nat Schindler,2417,https://stockanalysis.com/analysts/Nat-Schindler/,22 Jul 2026
Nicholas Lorusso,2419,https://stockanalysis.com/analysts/Nicholas-Lorusso/,17 Jun 2026
Vikram Malhotra,2422,https://stockanalysis.com/analysts/Vikram-Malhotra/,22 Jul 2026
Lorraine Hutchinson,2432,https://stockanalysis.com/analysts/Lorraine-Hutchinson/,24 Jul 2026
Barry Jonas,2433,https://stockanalysis.com/analysts/Barry-Jonas/,24 Jul 2026
Justin Zelin,2434,https://stockanalysis.com/analysts/Justin-Zelin/,02 Feb 2026
Chris Muller,2438,https://stockanalysis.com/analysts/Chris-Muller/,14 May 2026
Glenn Chin,2439,https://stockanalysis.com/analysts/Glenn-Chin/,16 Jul 2026
Guilherme Mendes,2441,https://stockanalysis.com/analysts/Guilherme-Mendes/,15 Jun 2026
Timothy Chiodo,2444,https://stockanalysis.com/analysts/Timothy-Chiodo/,22 Jul 2026
Thomas Blakey,2454,https://stockanalysis.com/analysts/Thomas-Blakey/,23 Jul 2026
Rodrigo Alcantara,2455,https://stockanalysis.com/analysts/Rodrigo-Alcantara/,14 Jul 2026
Lilyanna Yang,2456,https://stockanalysis.com/analysts/Lilyanna-Yang/,26 May 2026
James Shin,2457,https://stockanalysis.com/analysts/James-Shin/,07 May 2026
Wyatt Swanson,2462,https://stockanalysis.com/analysts/Wyatt-Swanson/,23 Jul 2026
Matthew Hershenhorn,2463,https://stockanalysis.com/analysts/Matthew-Hershenhorn/,22 May 2026
David Lantz,2468,https://stockanalysis.com/analysts/David-Lantz/,21 Jul 2026
Ronald Josey,2471,https://stockanalysis.com/analysts/Ronald-Josey/,22 Jul 2026
Detlef Winckelmann,2477,https://stockanalysis.com/analysts/Detlef-Winckelmann/,24 Jul 2026
Michael Legg,2479,https://stockanalysis.com/analysts/Michael-Legg/,03 Mar 2026
Dan Levy,2488,https://stockanalysis.com/analysts/Dan-Levy/,24 Jul 2026
Benjamin Burnett,2497,https://stockanalysis.com/analysts/Benjamin-Burnett/,20 Jul 2026
Jason Cassorla,2499,https://stockanalysis.com/analysts/Jason-Cassorla/,23 Jul 2026
Martijn Rats,2501,https://stockanalysis.com/analysts/Martijn-Rats/,10 Jul 2026
Sebastian Sandler,2503,https://stockanalysis.com/analysts/Sebastian-Sandler/,06 May 2026
Ty Collin,2505,https://stockanalysis.com/analysts/Ty-Collin/,21 Jul 2026
Vincent Andrews,2507,https://stockanalysis.com/analysts/Vincent-Andrews/,24 Jul 2026
Brian McNamara,2509,https://stockanalysis.com/analysts/Brian-McNamara/,24 Jul 2026
Emily Field,2510,https://stockanalysis.com/analysts/Emily-Field/,17 Jul 2026
Praneeth Satish,2515,https://stockanalysis.com/analysts/Praneeth-Satish/,24 Jul 2026
James Gordon,2516,https://stockanalysis.com/analysts/James-Gordon/,11 Mar 2026
Richard Vosser,2518,https://stockanalysis.com/analysts/Richard-Vosser/,24 Jul 2026
Daniel Grosslight,2519,https://stockanalysis.com/analysts/Daniel-Grosslight/,24 Jul 2026
Mark Massaro,2530,https://stockanalysis.com/analysts/Mark-Massaro/,22 Jul 2026
Piyush Avasthy,2532,https://stockanalysis.com/analysts/Piyush-Avasthy/,13 Jul 2026
Tyler DiMatteo,2540,https://stockanalysis.com/analysts/Tyler-DiMatteo/,23 Jul 2026
Daniel Mckenzie,2545,https://stockanalysis.com/analysts/Daniel-Mckenzie/,21 Jun 2026
Ed Vyvyan,2548,https://stockanalysis.com/analysts/Ed-Vyvyan/,27 Feb 2026
Matthew Heimermann,2549,https://stockanalysis.com/analysts/Matthew-Heimermann/,24 Jul 2026
Robert Labick,2556,https://stockanalysis.com/analysts/Robert-Labick/,10 Dec 2025
Ryan Zimmerman,2562,https://stockanalysis.com/analysts/Ryan-Zimmerman/,23 Jul 2026
Alex Yao,2565,https://stockanalysis.com/analysts/Alex-Yao/,21 Jul 2026
Natalya Davies,2567,https://stockanalysis.com/analysts/Natalya-Davies/,17 Apr 2026
Larry Biegelsen,2570,https://stockanalysis.com/analysts/Larry-Biegelsen/,23 Jul 2026
Alicia Yap,2571,https://stockanalysis.com/analysts/Alicia-Yap/,22 Jul 2026
Ranjan Sharma,2577,https://stockanalysis.com/analysts/Ranjan-Sharma/,02 Jul 2026
Benjamin Rossi,2581,https://stockanalysis.com/analysts/Benjamin-Rossi/,22 Jun 2026
Gregg Orrill,2582,https://stockanalysis.com/analysts/Gregg-Orrill/,06 Jul 2026
Adam Klauber,2588,https://stockanalysis.com/analysts/Adam-Klauber/,24 Jul 2026
Andrew Didora,2597,https://stockanalysis.com/analysts/Andrew-Didora/,24 Jul 2026
Lu Li,2602,https://stockanalysis.com/analysts/Lu-Li/,07 May 2026
Austin Wang,2603,https://stockanalysis.com/analysts/Austin-Wang/,15 Jul 2026
Peyton Dorne,2605,https://stockanalysis.com/analysts/Peyton-Dorne/,21 Jul 2026
Kevin McVeigh,2607,https://stockanalysis.com/analysts/Kevin-McVeigh/,24 Jul 2026
Kevin Mcveigh,2607,https://stockanalysis.com/analysts/Kevin-Mcveigh/,24 Jul 2026
Michael Ulz,2610,https://stockanalysis.com/analysts/Michael-Ulz/,23 Jul 2026
Roger Song,2618,https://stockanalysis.com/analysts/Roger-Song/,16 Jul 2026
David Begleiter,2623,https://stockanalysis.com/analysts/David-Begleiter/,09 Jul 2026
Pablo Singzon,2624,https://stockanalysis.com/analysts/Pablo-Singzon/,21 Jul 2026
Nitin Bansal,2630,https://stockanalysis.com/analysts/Nitin-Bansal/,16 Jul 2026
Paul Johnson,2632,https://stockanalysis.com/analysts/Paul-Johnson/,20 Jul 2026
Kendall Toscano,2635,https://stockanalysis.com/analysts/Kendall-Toscano/,23 Jul 2026
Amy Li,2638,https://stockanalysis.com/analysts/Amy-Li/,11 May 2026
Sharon Zackfia,2639,https://stockanalysis.com/analysts/Sharon-Zackfia/,21 Jul 2026
Karl Shepard,2646,https://stockanalysis.com/analysts/Karl-Shepard/,22 Jul 2026
Radi Sultan,2648,https://stockanalysis.com/analysts/Radi-Sultan/,10 Jul 2026
Maheep Mandloi,2653,https://stockanalysis.com/analysts/Maheep-Mandloi/,20 Jul 2026
Michael Gaugler,2655,https://stockanalysis.com/analysts/Michael-Gaugler/,24 Nov 2025
Raimo Lenschow,2660,https://stockanalysis.com/analysts/Raimo-Lenschow/,23 Jul 2026
Patrick Baumann,2666,https://stockanalysis.com/analysts/Patrick-Baumann/,18 May 2026
Sam Eiber,2671,https://stockanalysis.com/analysts/Sam-Eiber/,20 Jul 2026
Rayna Kumar,2677,https://stockanalysis.com/analysts/Rayna-Kumar/,14 Jul 2026
Michael Sarcone,2679,https://stockanalysis.com/analysts/Michael-Sarcone/,06 Jul 2026
Tyler Radke,2680,https://stockanalysis.com/analysts/Tyler-Radke/,24 Jul 2026
Kallum Titchmarsh,2683,https://stockanalysis.com/analysts/Kallum-Titchmarsh/,24 Jul 2026
Ken Worthington,2684,https://stockanalysis.com/analysts/Ken-Worthington/,23 Jul 2026
Aravinda Galappatthige,2685,https://stockanalysis.com/analysts/Aravinda-Galappatthige/,16 Jul 2026
Manav Patnaik,2688,https://stockanalysis.com/analysts/Manav-Patnaik/,24 Jul 2026
Matt Miksic,2695,https://stockanalysis.com/analysts/Matt-Miksic/,28 May 2026
Michael Cyprys,2697,https://stockanalysis.com/analysts/Michael-Cyprys/,24 Jul 2026
Ike Boruchow,2698,https://stockanalysis.com/analysts/Ike-Boruchow/,24 Jul 2026
Mike Hickey,2702,https://stockanalysis.com/analysts/Mike-Hickey/,23 Jul 2026
Owen Rickert,2705,https://stockanalysis.com/analysts/Owen-Rickert/,24 Jul 2026
Narumi Nakagiri,2708,https://stockanalysis.com/analysts/Narumi-Nakagiri/,14 May 2026
Sathish Kasinathan,2712,https://stockanalysis.com/analysts/Sathish-Kasinathan/,09 Jul 2026
Emily Ericksen,2715,https://stockanalysis.com/analysts/Emily-Ericksen/,20 Feb 2026
Avinatan Jaroslawicz,2716,https://stockanalysis.com/analysts/Avinatan-Jaroslawicz/,07 Jul 2026
Mikhail Goberman,2718,https://stockanalysis.com/analysts/Mikhail-Goberman/,25 Mar 2026
Andrew Lazar,2719,https://stockanalysis.com/analysts/Andrew-Lazar/,23 Jul 2026
Tasso Vasconcellos,2723,https://stockanalysis.com/analysts/Tasso-Vasconcellos/,27 May 2026
Arun Viswanathan,2724,https://stockanalysis.com/analysts/Arun-Viswanathan/,23 Jul 2026
John Kim,2725,https://stockanalysis.com/analysts/John-Kim/,16 Jul 2026
Michael Cho,2728,https://stockanalysis.com/analysts/Michael-Cho/,23 Jul 2026
Andrew Spinola,2729,https://stockanalysis.com/analysts/Andrew-Spinola/,20 May 2026
Angel Castillo,2736,https://stockanalysis.com/analysts/Angel-Castillo/,24 Jul 2026
Keegan Cox,2739,https://stockanalysis.com/analysts/Keegan-Cox/,21 Jul 2026
Dina Ramadane,2743,https://stockanalysis.com/analysts/Dina-Ramadane/,07 Jul 2026
Randal Konik,2748,https://stockanalysis.com/analysts/Randal-Konik/,09 Jul 2026
Mikhail Paramonov,2754,https://stockanalysis.com/analysts/Mikhail-Paramonov/,17 Jul 2026
Joanna Gajuk,2757,https://stockanalysis.com/analysts/Joanna-Gajuk/,17 Jul 2026
Tina Hou,2760,https://stockanalysis.com/analysts/Tina-Hou/,13 Jul 2026
Alfonso Salazar,2766,https://stockanalysis.com/analysts/Alfonso-Salazar/,22 Jul 2026
Aaron Kimson,2772,https://stockanalysis.com/analysts/Aaron-Kimson/,05 Jun 2026
Gaurav Mehta,2779,https://stockanalysis.com/analysts/Gaurav-Mehta/,24 Jul 2026
James Sidoti,2788,https://stockanalysis.com/analysts/James-Sidoti/,06 May 2026
Jeffrey Meuler,2793,https://stockanalysis.com/analysts/Jeffrey-Meuler/,23 Jul 2026
Ross MacDonald,2798,https://stockanalysis.com/analysts/Ross-MacDonald/,09 Jul 2026
Paul Rossington,2804,https://stockanalysis.com/analysts/Paul-Rossington/,02 Jun 2026
Lisa Walter,2810,https://stockanalysis.com/analysts/Lisa-Walter/,23 Jul 2026
David Grossman,2811,https://stockanalysis.com/analysts/David-Grossman/,24 Jul 2026
Christine Cho,2813,https://stockanalysis.com/analysts/Christine-Cho/,14 May 2026
Judith Elliott,2814,https://stockanalysis.com/analysts/Judith-Elliott/,01 Apr 2026
Patrick Cunningham,2816,https://stockanalysis.com/analysts/Patrick-Cunningham/,14 Jul 2026
William Pickering,2819,https://stockanalysis.com/analysts/William-Pickering/,13 May 2026
Julien Blouin,2826,https://stockanalysis.com/analysts/Julien-Blouin/,16 Jun 2026
Neal Burk,2833,https://stockanalysis.com/analysts/Neal-Burk/,28 May 2026
Robin Zhu,2841,https://stockanalysis.com/analysts/Robin-Zhu/,13 Jul 2026
Kelly Crago,2843,https://stockanalysis.com/analysts/Kelly-Crago/,12 May 2026
Michael Montani,2844,https://stockanalysis.com/analysts/Michael-Montani/,07 Jul 2026
Samantha Hoh,2845,https://stockanalysis.com/analysts/Samantha-Hoh/,22 Apr 2026
Vikram Kesavabhotla,2852,https://stockanalysis.com/analysts/Vikram-Kesavabhotla/,22 Jul 2026
Laurence Alexander,2855,https://stockanalysis.com/analysts/Laurence-Alexander/,20 Jul 2026
Surinder Thind,2857,https://stockanalysis.com/analysts/Surinder-Thind/,23 Jul 2026
Eunice Lee,2858,https://stockanalysis.com/analysts/Eunice-Lee/,13 Jul 2026
Laura Sutcliffe,2865,https://stockanalysis.com/analysts/Laura-Sutcliffe/,22 Jul 2026
Phani Kanumuri,2873,https://stockanalysis.com/analysts/Phani-Kanumuri/,27 Apr 2026
Lucas Ferreira,2875,https://stockanalysis.com/analysts/Lucas-Ferreira/,15 Jul 2026
Anthony Elian,2886,https://stockanalysis.com/analysts/Anthony-Elian/,24 Jul 2026
Michael Goldie,2894,https://stockanalysis.com/analysts/Michael-Goldie/,24 Jul 2026
Matthew Martino,2907,https://stockanalysis.com/analysts/Matthew-Martino/,29 Jun 2026
Zhihan Ma,2910,https://stockanalysis.com/analysts/Zhihan-Ma/,21 Jul 2026
Trevor Romeo,2913,https://stockanalysis.com/analysts/Trevor-Romeo/,24 Jul 2026
Wei Fang,2920,https://stockanalysis.com/analysts/Wei-Fang/,25 Jun 2026
Dennis Geiger,2931,https://stockanalysis.com/analysts/Dennis-Geiger/,24 Jul 2026
David Roman,2932,https://stockanalysis.com/analysts/David-Roman/,15 Jul 2026
Andre Salles,2934,https://stockanalysis.com/analysts/Andre-Salles/,01 May 2026
Scott Wurtzel,2935,https://stockanalysis.com/analysts/Scott-Wurtzel/,01 Jul 2026
Farzin Haque,2936,https://stockanalysis.com/analysts/Farzin-Haque/,29 Mar 2026
Eric Boyes,2942,https://stockanalysis.com/analysts/Eric-Boyes/,23 Jul 2026
Susan Maklari,2949,https://stockanalysis.com/analysts/Susan-Maklari/,22 Jul 2026
Timothy Zhao,2952,https://stockanalysis.com/analysts/Timothy-Zhao/,16 Jul 2026
Terry Ma,2959,https://stockanalysis.com/analysts/Terry-Ma/,24 Jul 2026
John Stansel,2963,https://stockanalysis.com/analysts/John-Stansel/,08 Jun 2026
Max Gumport,2965,https://stockanalysis.com/analysts/Max-Gumport/,09 Apr 2026
Joanne Wuensch,2966,https://stockanalysis.com/analysts/Joanne-Wuensch/,22 Jul 2026
Nathan Feather,2975,https://stockanalysis.com/analysts/Nathan-Feather/,17 Jul 2026
Ricardo Alves,2976,https://stockanalysis.com/analysts/Ricardo-Alves/,25 May 2026
Michael Petusky,2988,https://stockanalysis.com/analysts/Michael-Petusky/,17 Jul 2026
Dana Telsey,2989,https://stockanalysis.com/analysts/Dana-Telsey/,24 Jul 2026
Ryan Gravett,2990,https://stockanalysis.com/analysts/Ryan-Gravett/,22 Jul 2026
Chris Luyckx,2992,https://stockanalysis.com/analysts/Chris-Luyckx/,23 Apr 2026
Jonathan Keypour,2993,https://stockanalysis.com/analysts/Jonathan-Keypour/,09 Jul 2026
Eddie Kim,2998,https://stockanalysis.com/analysts/Eddie-Kim/,24 Jul 2026
Faham Baig,3001,https://stockanalysis.com/analysts/Faham-Baig/,23 Jul 2026
Winnie Dong,3002,https://stockanalysis.com/analysts/Winnie-Dong/,27 Apr 2026
Jamie Clark,3010,https://stockanalysis.com/analysts/Jamie-Clark/,17 Feb 2026
John Choi,3014,https://stockanalysis.com/analysts/John-Choi/,24 Jun 2026
Leonardo Olmos,3015,https://stockanalysis.com/analysts/Leonardo-Olmos/,14 Jul 2026
Ryland Conrad,3016,https://stockanalysis.com/analysts/Ryland-Conrad/,15 Jul 2026
Brent Thill,3018,https://stockanalysis.com/analysts/Brent-Thill/,23 Jul 2026
Griffin Bryan,3026,https://stockanalysis.com/analysts/Griffin-Bryan/,06 Jul 2026
John Davis,3029,https://stockanalysis.com/analysts/John-Davis/,08 May 2026
Aidan Kelly,3036,https://stockanalysis.com/analysts/Aidan-Kelly/,16 Jul 2026
Peter McGoldrick,3045,https://stockanalysis.com/analysts/Peter-McGoldrick/,24 Jul 2026
Ravi Shanker,3052,https://stockanalysis.com/analysts/Ravi-Shanker/,24 Jul 2026
Ilya Zubkov,3055,https://stockanalysis.com/analysts/Ilya-Zubkov/,16 Jul 2026
Steve Byrne,3063,https://stockanalysis.com/analysts/Steve-Byrne/,08 Jan 2026
Hoang Nguyen,3074,https://stockanalysis.com/analysts/Hoang-Nguyen/,01 Jun 2026
Alec Brondolo,3077,https://stockanalysis.com/analysts/Alec-Brondolo/,17 Jul 2026
Vijay Jayant,3083,https://stockanalysis.com/analysts/Vijay-Jayant/,08 May 2026
Scott Fletcher,3087,https://stockanalysis.com/analysts/Scott-Fletcher/,10 Jul 2026
Daria Nasledysheva,3093,https://stockanalysis.com/analysts/Daria-Nasledysheva/,24 Jul 2026
Andrew Andersen,3098,https://stockanalysis.com/analysts/Andrew-Andersen/,18 Jun 2026
Vik Chopra,3106,https://stockanalysis.com/analysts/Vik-Chopra/,20 Jul 2026
Adam Frisch,3118,https://stockanalysis.com/analysts/Adam-Frisch/,12 Jun 2026
Scott Buck,3127,https://stockanalysis.com/analysts/Scott-Buck/,31 Mar 2026
Carlos Peyrelongue,3137,https://stockanalysis.com/analysts/Carlos-Peyrelongue/,24 Jul 2026
Brooke Roach,3138,https://stockanalysis.com/analysts/Brooke-Roach/,20 Jul 2026
Thomas Yeh,3144,https://stockanalysis.com/analysts/Thomas-Yeh/,07 May 2026
Niall Alexander,3146,https://stockanalysis.com/analysts/Niall-Alexander/,22 Jun 2026
Ashley Wallace,3149,https://stockanalysis.com/analysts/Ashley-Wallace/,22 May 2026
Martin Jungfleisch,3151,https://stockanalysis.com/analysts/Martin-Jungfleisch/,09 Jul 2026
Filippo Falorni,3154,https://stockanalysis.com/analysts/Filippo-Falorni/,24 Jul 2026
Gary Nachman,3156,https://stockanalysis.com/analysts/Gary-Nachman/,23 Jul 2026
David Bellinger,3179,https://stockanalysis.com/analysts/David-Bellinger/,24 Jul 2026
Eric Hagen,3187,https://stockanalysis.com/analysts/Eric-Hagen/,30 Apr 2026
Louis Raffetto,3192,https://stockanalysis.com/analysts/Louis-Raffetto/,29 Jan 2026
Abhishek Shukla,3193,https://stockanalysis.com/analysts/Abhishek-Shukla/,14 Jul 2026
Julian Radlinger,3208,https://stockanalysis.com/analysts/Julian-Radlinger/,23 Jul 2026
Andrew Marok,3217,https://stockanalysis.com/analysts/Andrew-Marok/,17 Jul 2026
Bhavin Shah,3223,https://stockanalysis.com/analysts/Bhavin-Shah/,08 May 2026
Helena Wang,3227,https://stockanalysis.com/analysts/Helena-Wang/,20 Jul 2026
Harry Bartlett,3231,https://stockanalysis.com/analysts/Harry-Bartlett/,28 Jan 2026
Jason Celino,3238,https://stockanalysis.com/analysts/Jason-Celino/,24 Jul 2026
Ryan Langston,3241,https://stockanalysis.com/analysts/Ryan-Langston/,24 Jul 2026
Dushyant Ailani,3249,https://stockanalysis.com/analysts/Dushyant-Ailani/,10 Jun 2026
Rock Hoffman,3261,https://stockanalysis.com/analysts/Rock-Hoffman/,02 Apr 2026
Julien Roch,3266,https://stockanalysis.com/analysts/Julien-Roch/,24 Jul 2026
Jordan Bender,3267,https://stockanalysis.com/analysts/Jordan-Bender/,16 Jul 2026
Trevor Allinson,3271,https://stockanalysis.com/analysts/Trevor-Allinson/,22 Apr 2026
Kemp Dolliver,3282,https://stockanalysis.com/analysts/Kemp-Dolliver/,13 Jul 2026
John Zamparo,3284,https://stockanalysis.com/analysts/John-Zamparo/,13 Jul 2026
Toni Kaplan,3294,https://stockanalysis.com/analysts/Toni-Kaplan/,24 Jul 2026
Anderson Schock,3300,https://stockanalysis.com/analysts/Anderson-Schock/,29 Jun 2026
Seth Bergey,3302,https://stockanalysis.com/analysts/Seth-Bergey/,23 Jun 2026
Ashish Sabadra,3309,https://stockanalysis.com/analysts/Ashish-Sabadra/,23 Jul 2026
Jackson Ader,3311,https://stockanalysis.com/analysts/Jackson-Ader/,24 Jul 2026
Leo Carrington,3324,https://stockanalysis.com/analysts/Leo-Carrington/,22 Jul 2026
Nathan Stein,3343,https://stockanalysis.com/analysts/Nathan-Stein/,19 Dec 2025
Vince Valentini,3347,https://stockanalysis.com/analysts/Vince-Valentini/,23 Jul 2026
Joseph Giordano,3360,https://stockanalysis.com/analysts/Joseph-Giordano/,21 Jul 2026
Nafeesa Gupta,3370,https://stockanalysis.com/analysts/Nafeesa-Gupta/,30 Jun 2026
Noah Hungness,3379,https://stockanalysis.com/analysts/Noah-Hungness/,27 Apr 2026
Matt Koranda,3387,https://stockanalysis.com/analysts/Matt-Koranda/,17 Jul 2026
William Plovanic,3395,https://stockanalysis.com/analysts/William-Plovanic/,23 Jul 2026
James Kirby,3397,https://stockanalysis.com/analysts/James-Kirby/,01 Jul 2026
James Friedman,3399,https://stockanalysis.com/analysts/James-Friedman/,24 Jul 2026
Alexander Perry,3400,https://stockanalysis.com/analysts/Alexander-Perry/,22 Jul 2026
Edward Lewis,3414,https://stockanalysis.com/analysts/Edward-Lewis/,16 Jun 2026
Edward DeArias,3415,https://stockanalysis.com/analysts/Edward-DeArias/,22 Jul 2026
Alberto Valerio,3426,https://stockanalysis.com/analysts/Alberto-Valerio/,25 May 2026
Javier Escalante,3431,https://stockanalysis.com/analysts/Javier-Escalante/,23 Jul 2026
Kevin Fischbeck,3435,https://stockanalysis.com/analysts/Kevin-Fischbeck/,24 Jul 2026
Anne Samuel,3439,https://stockanalysis.com/analysts/Anne-Samuel/,06 Feb 2026
Judy Zhang,3447,https://stockanalysis.com/analysts/Judy-Zhang/,03 Jun 2026
Gustavo Schroden,3449,https://stockanalysis.com/analysts/Gustavo-Schroden/,12 Jun 2026
Ryan Brinkman,3453,https://stockanalysis.com/analysts/Ryan-Brinkman/,14 Jul 2026
Justin Bowers,3455,https://stockanalysis.com/analysts/Justin-Bowers/,23 Jul 2026
Michael Ng,3457,https://stockanalysis.com/analysts/Michael-Ng/,23 Jul 2026
Sara Senatore,3468,https://stockanalysis.com/analysts/Sara-Senatore/,20 Jul 2026
Cory Carpenter,3469,https://stockanalysis.com/analysts/Cory-Carpenter/,22 Jun 2026
Duksan Jang,3470,https://stockanalysis.com/analysts/Duksan-Jang/,26 Jun 2026
Lizzie Dove,3486,https://stockanalysis.com/analysts/Lizzie-Dove/,24 Jul 2026
Trevor Williams,3494,https://stockanalysis.com/analysts/Trevor-Williams/,09 Feb 2026
Warren Ackerman,3499,https://stockanalysis.com/analysts/Warren-Ackerman/,24 Jul 2026
Anna Lizzul,3500,https://stockanalysis.com/analysts/Anna-Lizzul/,17 Jul 2026
Alexandria Hammond,3504,https://stockanalysis.com/analysts/Alexandria-Hammond/,21 May 2026
Roanna Ruiz,3506,https://stockanalysis.com/analysts/Roanna-Ruiz/,13 Jul 2026
Tomohiko Sano,3513,https://stockanalysis.com/analysts/Tomohiko-Sano/,24 Jul 2026
Hong Zhang,3522,https://stockanalysis.com/analysts/Hong-Zhang/,29 Jun 2026
Ami Probandt,3531,https://stockanalysis.com/analysts/Ami-Probandt/,14 May 2026
Simon Clinch,3532,https://stockanalysis.com/analysts/Simon-Clinch/,11 Jun 2026
Nik Modi,3533,https://stockanalysis.com/analysts/Nik-Modi/,24 Jul 2026
Parker Snure,3538,https://stockanalysis.com/analysts/Parker-Snure/,10 Jul 2026
Richard Hightower,3539,https://stockanalysis.com/analysts/Richard-Hightower/,22 Jul 2026
Pujarini Ghosh,3545,https://stockanalysis.com/analysts/Pujarini-Ghosh/,17 Jul 2026
Marvin Fong,3546,https://stockanalysis.com/analysts/Marvin-Fong/,24 Jul 2026
Andrew Polkowitz,3553,https://stockanalysis.com/analysts/Andrew-Polkowitz/,01 May 2026
Bradley Sills,3554,https://stockanalysis.com/analysts/Bradley-Sills/,12 Mar 2026
Filipe Nielsen,3555,https://stockanalysis.com/analysts/Filipe-Nielsen/,17 Mar 2026
Arpine Kocharyan,3563,https://stockanalysis.com/analysts/Arpine-Kocharyan/,21 Jul 2026
David Saxon,3572,https://stockanalysis.com/analysts/David-Saxon/,17 Jul 2026
Michael Mueller,3576,https://stockanalysis.com/analysts/Michael-Mueller/,24 Jul 2026
Seyon Park,3588,https://stockanalysis.com/analysts/Seyon-Park/,17 Jul 2026
Charlie Lederer,3590,https://stockanalysis.com/analysts/Charlie-Lederer/,22 Jun 2026
Matt Roberts,3592,https://stockanalysis.com/analysts/Matt-Roberts/,22 Jul 2026
Spencer Hanus,3600,https://stockanalysis.com/analysts/Spencer-Hanus/,23 Jun 2026
Steven Zaccone,3603,https://stockanalysis.com/analysts/Steven-Zaccone/,22 Jul 2026
Olivia Brayer,3606,https://stockanalysis.com/analysts/Olivia-Brayer/,25 Jun 2026
Yiwen Zhang,3615,https://stockanalysis.com/analysts/Yiwen-Zhang/,06 May 2026
Adam Kramer,3616,https://stockanalysis.com/analysts/Adam-Kramer/,22 Jul 2026
Alexander Hess,3618,https://stockanalysis.com/analysts/Alexander-Hess/,22 Jul 2026
Martin Malloy,3619,https://stockanalysis.com/analysts/Martin-Malloy/,05 Jan 2026
Renata Cabral,3626,https://stockanalysis.com/analysts/Renata-Cabral/,02 Jul 2026
Ben Klieve,3644,https://stockanalysis.com/analysts/Ben-Klieve/,22 Jul 2026
Frank Louthan,3648,https://stockanalysis.com/analysts/Frank-Louthan/,28 May 2026
Michael Ha,3652,https://stockanalysis.com/analysts/Michael-Ha/,24 Jul 2026
Bob Huang,3658,https://stockanalysis.com/analysts/Bob-Huang/,24 Jul 2026
Romain Gourvil,3663,https://stockanalysis.com/analysts/Romain-Gourvil/,24 Jul 2026
Steven Valiquette,3675,https://stockanalysis.com/analysts/Steven-Valiquette/,23 Jul 2026
Anojja Shah,3691,https://stockanalysis.com/analysts/Anojja-Shah/,24 Jul 2026
Martin Englert,3694,https://stockanalysis.com/analysts/Martin-Englert/,28 Apr 2026
Jorge Kuri,3700,https://stockanalysis.com/analysts/Jorge-Kuri/,26 Jun 2026
Kevin Dede,3703,https://stockanalysis.com/analysts/Kevin-Dede/,09 Apr 2026
Rashad Kawan,3712,https://stockanalysis.com/analysts/Rashad-Kawan/,24 Apr 2026
Caitlin Burrows,3717,https://stockanalysis.com/analysts/Caitlin-Burrows/,24 Jul 2026
David Mak,3734,https://stockanalysis.com/analysts/David-Mak/,29 Jun 2026
Michael Nedelcovych,3739,https://stockanalysis.com/analysts/Michael-Nedelcovych/,13 Jul 2026
Robert Moskow,3740,https://stockanalysis.com/analysts/Robert-Moskow/,21 Jul 2026
Gregory Williams,3741,https://stockanalysis.com/analysts/Gregory-Williams/,23 Jul 2026
Firoz Valliji,3755,https://stockanalysis.com/analysts/Firoz-Valliji/,08 May 2026
Neha Agarwala,3758,https://stockanalysis.com/analysts/Neha-Agarwala/,04 Mar 2026
Jamie Rollo,3763,https://stockanalysis.com/analysts/Jamie-Rollo/,17 Jul 2026
Andrew Schmitt,3764,https://stockanalysis.com/analysts/Andrew-Schmitt/,23 Jul 2026
Chasen Bender,3767,https://stockanalysis.com/analysts/Chasen-Bender/,24 Feb 2026
Fulvio Cazzol,3773,https://stockanalysis.com/analysts/Fulvio-Cazzol/,27 May 2026
Thiago Bortoluci,3774,https://stockanalysis.com/analysts/Thiago-Bortoluci/,29 May 2026
Clark Wright,3779,https://stockanalysis.com/analysts/Clark-Wright/,09 Jul 2026
Kenneth Fong,3788,https://stockanalysis.com/analysts/Kenneth-Fong/,18 Mar 2026
Atul Maheswari,3792,https://stockanalysis.com/analysts/Atul-Maheswari/,24 Jul 2026
Brandon Folkes,3794,https://stockanalysis.com/analysts/Brandon-Folkes/,24 Jul 2026
Bart Dziarski,3796,https://stockanalysis.com/analysts/Bart-Dziarski/,24 Jul 2026
Derek Soderberg,3803,https://stockanalysis.com/analysts/Derek-Soderberg/,23 Jun 2026
Steven Shemesh,3807,https://stockanalysis.com/analysts/Steven-Shemesh/,24 Jul 2026
Mario Pierry,3808,https://stockanalysis.com/analysts/Mario-Pierry/,15 Jul 2026
Paul Jeng,3816,https://stockanalysis.com/analysts/Paul-Jeng/,14 Jul 2026
Matthew Lofting,3828,https://stockanalysis.com/analysts/Matthew-Lofting/,24 Jul 2026
Daniel Moore,3830,https://stockanalysis.com/analysts/Daniel-Moore/,27 May 2026
Chad Messer,3832,https://stockanalysis.com/analysts/Chad-Messer/,21 Jul 2026
Michael Fairbanks,3834,https://stockanalysis.com/analysts/Michael-Fairbanks/,23 Jul 2026
Michael Toomey,3843,https://stockanalysis.com/analysts/Michael-Toomey/,16 Jul 2026
Jack Lin,3847,https://stockanalysis.com/analysts/Jack-Lin/,28 May 2026
Kostas Biliouris,3848,https://stockanalysis.com/analysts/Kostas-Biliouris/,24 Jul 2026
Kaumil Gajrawala,3857,https://stockanalysis.com/analysts/Kaumil-Gajrawala/,24 Jul 2026
Michael DiFiore,3867,https://stockanalysis.com/analysts/Michael-DiFiore/,07 May 2026
Samad Samana,3869,https://stockanalysis.com/analysts/Samad-Samana/,23 Jul 2026
Carlos Laboy,3877,https://stockanalysis.com/analysts/Carlos-Laboy/,01 Apr 2026
Brian Harbour,3878,https://stockanalysis.com/analysts/Brian-Harbour/,16 Jul 2026
Nadine Sarwat,3882,https://stockanalysis.com/analysts/Nadine-Sarwat/,20 Jul 2026
Laurent Yoon,3887,https://stockanalysis.com/analysts/Laurent-Yoon/,23 Jul 2026
Matthew Johnson,3904,https://stockanalysis.com/analysts/Matthew-Johnson/,10 Apr 2026
Craig Kennison,3914,https://stockanalysis.com/analysts/Craig-Kennison/,24 Jul 2026
Ryan Kenny,3918,https://stockanalysis.com/analysts/Ryan-Kenny/,24 Jul 2026
Matheus Enfeldt,3921,https://stockanalysis.com/analysts/Matheus-Enfeldt/,20 Jul 2026
Sergio Segura,3923,https://stockanalysis.com/analysts/Sergio-Segura/,12 May 2026
Luca Issi,3926,https://stockanalysis.com/analysts/Luca-Issi/,23 Jul 2026
Lincoln Kong,3927,https://stockanalysis.com/analysts/Lincoln-Kong/,29 Jun 2026
Fan Tso,3929,https://stockanalysis.com/analysts/Fan-Tso/,26 May 2026
Peter Christiansen,3931,https://stockanalysis.com/analysts/Peter-Christiansen/,24 Jul 2026
Ryan Tunis,3932,https://stockanalysis.com/analysts/Ryan-Tunis/,23 Jul 2026
Brendan Lynch,3933,https://stockanalysis.com/analysts/Brendan-Lynch/,24 Jul 2026
Lucy Yu,3936,https://stockanalysis.com/analysts/Lucy-Yu/,23 Apr 2026
Thomas Palmer,3940,https://stockanalysis.com/analysts/Thomas-Palmer/,24 Jul 2026
David Chiaverini,3956,https://stockanalysis.com/analysts/David-Chiaverini/,23 Jul 2026
Megan Alexander,3959,https://stockanalysis.com/analysts/Megan-Alexander/,24 Jun 2026
Matthew Cost,3960,https://stockanalysis.com/analysts/Matthew-Cost/,21 Jul 2026
Ned Baramov,3964,https://stockanalysis.com/analysts/Ned-Baramov/,13 May 2026
Tito Labarta,3965,https://stockanalysis.com/analysts/Tito-Labarta/,22 Jul 2026
Thomas Wendler,3966,https://stockanalysis.com/analysts/Thomas-Wendler/,01 May 2026
Sean McGowan,3968,https://stockanalysis.com/analysts/Sean-McGowan/,22 Jul 2026
Cameron McVeigh,3970,https://stockanalysis.com/analysts/Cameron-McVeigh/,24 Jul 2026
Yi Chen,3974,https://stockanalysis.com/analysts/Yi-Chen/,24 Jul 2026
Brian Holland,3980,https://stockanalysis.com/analysts/Brian-Holland/,06 Jul 2026
Luke Morison,3985,https://stockanalysis.com/analysts/Luke-Morison/,29 Jun 2026
Andrea Pistacchi,3987,https://stockanalysis.com/analysts/Andrea-Pistacchi/,18 Jun 2026
Anthony Trainor,3993,https://stockanalysis.com/analysts/Anthony-Trainor/,22 Jul 2026
Peter Grom,3995,https://stockanalysis.com/analysts/Peter-Grom/,22 Jul 2026
Wahid Amin,3998,https://stockanalysis.com/analysts/Wahid-Amin/,17 Feb 2026
Graham Doyle,4007,https://stockanalysis.com/analysts/Graham-Doyle/,22 Jul 2026
Estelle Weingrod,4009,https://stockanalysis.com/analysts/Estelle-Weingrod/,21 Jul 2026
Jason Helfstein,4013,https://stockanalysis.com/analysts/Jason-Helfstein/,17 Jul 2026
Greg Parrish,4016,https://stockanalysis.com/analysts/Greg-Parrish/,24 Jul 2026
Eric Serotta,4021,https://stockanalysis.com/analysts/Eric-Serotta/,24 Jul 2026
Daniela Haigian,4025,https://stockanalysis.com/analysts/Daniela-Haigian/,24 Jul 2026
Matthew Coad,4029,https://stockanalysis.com/analysts/Matthew-Coad/,24 Jul 2026
Jessica Tassan,4041,https://stockanalysis.com/analysts/Jessica-Tassan/,15 Jul 2026
Ed Engel,4042,https://stockanalysis.com/analysts/Ed-Engel/,29 Apr 2026
Zachary Silverberg,4044,https://stockanalysis.com/analysts/Zachary-Silverberg/,21 Jul 2026
Ekaterina Knyazkova,4054,https://stockanalysis.com/analysts/Ekaterina-Knyazkova/,12 Jun 2026
Stephanie Piazzola,4063,https://stockanalysis.com/analysts/Stephanie-Piazzola/,13 May 2026
Christian Carlino,4065,https://stockanalysis.com/analysts/Christian-Carlino/,12 Nov 2025
Alton Stump,4067,https://stockanalysis.com/analysts/Alton-Stump/,04 Jun 2026
Nathan Treybeck,4080,https://stockanalysis.com/analysts/Nathan-Treybeck/,08 Jul 2026
Akshay Gupta,4081,https://stockanalysis.com/analysts/Akshay-Gupta/,13 Apr 2026
Catharine Trebnick,4085,https://stockanalysis.com/analysts/Catharine-Trebnick/,24 Jul 2026
Chad Larkin,4098,https://stockanalysis.com/analysts/Chad-Larkin/,08 May 2026
Paul Kearney,4099,https://stockanalysis.com/analysts/Paul-Kearney/,04 Nov 2025
Ella Smith,4101,https://stockanalysis.com/analysts/Ella-Smith/,24 Jun 2026
Jason Stewart,4102,https://stockanalysis.com/analysts/Jason-Stewart/,17 Jul 2026
Andrew Cooper,4103,https://stockanalysis.com/analysts/Andrew-Cooper/,15 Jul 2026
Mason Carrico,4104,https://stockanalysis.com/analysts/Mason-Carrico/,23 Jul 2026
Craig Moffett,4111,https://stockanalysis.com/analysts/Craig-Moffett/,08 Apr 2026
Daniel Jester,4113,https://stockanalysis.com/analysts/Daniel-Jester/,24 Jul 2026
Matt Ma,4117,https://stockanalysis.com/analysts/Matt-Ma/,13 May 2026
Brendan Sproules,4121,https://stockanalysis.com/analysts/Brendan-Sproules/,03 Jul 2026
Mani Foroohar,4128,https://stockanalysis.com/analysts/Mani-Foroohar/,04 Jun 2026
Nick Lai,4129,https://stockanalysis.com/analysts/Nick-Lai/,14 Jul 2026
Batya Levi,4132,https://stockanalysis.com/analysts/Batya-Levi/,21 Jul 2026
Adam Hotchkiss,4133,https://stockanalysis.com/analysts/Adam-Hotchkiss/,05 Jun 2026
Michael Okunewitch,4140,https://stockanalysis.com/analysts/Michael-Okunewitch/,17 Jul 2026
Chris Quintero,4157,https://stockanalysis.com/analysts/Chris-Quintero/,21 Jul 2026
Salvator Tiano,4163,https://stockanalysis.com/analysts/Salvator-Tiano/,30 Jun 2026
Lee Hambright,4165,https://stockanalysis.com/analysts/Lee-Hambright/,17 Jul 2026
James West,4174,https://stockanalysis.com/analysts/James-West/,16 Jun 2026
Andrew Harte,4176,https://stockanalysis.com/analysts/Andrew-Harte/,21 Jul 2026
Samuel Nielsen,4179,https://stockanalysis.com/analysts/Samuel-Nielsen/,15 Jul 2026
Kyle Peterson,4182,https://stockanalysis.com/analysts/Kyle-Peterson/,22 Jul 2026
Derrick Wood,4187,https://stockanalysis.com/analysts/Derrick-Wood/,24 Jul 2026
Noah Zatzkin,4188,https://stockanalysis.com/analysts/Noah-Zatzkin/,24 Jul 2026
Clarke Jeffries,4189,https://stockanalysis.com/analysts/Clarke-Jeffries/,24 Jul 2026
Alexander Sklar,4199,https://stockanalysis.com/analysts/Alexander-Sklar/,22 Jul 2026
Austin Bohlig,4209,https://stockanalysis.com/analysts/Austin-Bohlig/,09 Jul 2026
Nate Svensson,4211,https://stockanalysis.com/analysts/Nate-Svensson/,10 Jul 2026
Brett Fishbin,4220,https://stockanalysis.com/analysts/Brett-Fishbin/,02 Jul 2026
Ameet Thakkar,4230,https://stockanalysis.com/analysts/Ameet-Thakkar/,23 Jul 2026
Marco Limite,4232,https://stockanalysis.com/analysts/Marco-Limite/,24 Jul 2026
Taylor Manley,4237,https://stockanalysis.com/analysts/Taylor-Manley/,23 Jun 2026
Rick Wise,4240,https://stockanalysis.com/analysts/Rick-Wise/,24 Jul 2026
Boobalan Pachaiyappan,4242,https://stockanalysis.com/analysts/Boobalan-Pachaiyappan/,22 Jul 2026
Alex Bond,4245,https://stockanalysis.com/analysts/Alex-Bond/,24 Jul 2026
Casey Ryan,4246,https://stockanalysis.com/analysts/Casey-Ryan/,08 Jan 2026
Michael Sison,4249,https://stockanalysis.com/analysts/Michael-Sison/,02 Jul 2026
Danilo Gargiulo,4260,https://stockanalysis.com/analysts/Danilo-Gargiulo/,20 Jul 2026
Robert Farnam,4263,https://stockanalysis.com/analysts/Robert-Farnam/,25 Mar 2026
Jason Tilchen,4266,https://stockanalysis.com/analysts/Jason-Tilchen/,07 Jul 2026
Gerald Pascarelli,4267,https://stockanalysis.com/analysts/Gerald-Pascarelli/,24 Jul 2026
Robert Oliver,4281,https://stockanalysis.com/analysts/Robert-Oliver/,23 Jul 2026
Tom White,4282,https://stockanalysis.com/analysts/Tom-White/,07 Jul 2026
Jack Matten,4286,https://stockanalysis.com/analysts/Jack-Matten/,06 May 2026
Vasundhara Govil,4291,https://stockanalysis.com/analysts/Vasundhara-Govil/,12 May 2026
Stan Berenshteyn,4296,https://stockanalysis.com/analysts/Stan-Berenshteyn/,22 Jul 2026
Todd Brooks,4297,https://stockanalysis.com/analysts/Todd-Brooks/,17 Jul 2026
Trevor Young,4301,https://stockanalysis.com/analysts/Trevor-Young/,11 Jun 2026
Tim Rezvan,4302,https://stockanalysis.com/analysts/Tim-Rezvan/,01 Jul 2026
Charles Nabhan,4304,https://stockanalysis.com/analysts/Charles-Nabhan/,08 May 2026
Andrea Tan,4309,https://stockanalysis.com/analysts/Andrea-Tan/,05 Feb 2026
Patrick Wood,4310,https://stockanalysis.com/analysts/Patrick-Wood/,16 Mar 2026
Jared Levine,4313,https://stockanalysis.com/analysts/Jared-Levine/,06 Jul 2026
Anthony Valentini,4317,https://stockanalysis.com/analysts/Anthony-Valentini/,14 Jul 2026
Neal Dingmann,4318,https://stockanalysis.com/analysts/Neal-Dingmann/,24 Jul 2026
Jeff Chung,4320,https://stockanalysis.com/analysts/Jeff-Chung/,23 Jul 2026
Nik Cremo,4324,https://stockanalysis.com/analysts/Nik-Cremo/,16 Jul 2026
Matthew Hurwit,4326,https://stockanalysis.com/analysts/Matthew-Hurwit/,25 Mar 2026
Tracy Benguigui,4327,https://stockanalysis.com/analysts/Tracy-Benguigui/,06 Jul 2026
Kevin Krishnaratne,4329,https://stockanalysis.com/analysts/Kevin-Krishnaratne/,20 Jul 2026
Ashley Owens,4330,https://stockanalysis.com/analysts/Ashley-Owens/,24 Jul 2026
Greg Konrad,4332,https://stockanalysis.com/analysts/Greg-Konrad/,17 May 2026
Arjun Bhatia,4333,https://stockanalysis.com/analysts/Arjun-Bhatia/,23 Jul 2026
Benjamin Mayhew,4334,https://stockanalysis.com/analysts/Benjamin-Mayhew/,23 Jul 2026
Carl Byrnes,4335,https://stockanalysis.com/analysts/Carl-Byrnes/,24 Apr 2026
Gordon Johnson,4340,https://stockanalysis.com/analysts/Gordon-Johnson/,24 Jul 2026
Matthew Swanson,4342,https://stockanalysis.com/analysts/Matthew-Swanson/,22 Jul 2026
Mayank Tandon,4343,https://stockanalysis.com/analysts/Mayank-Tandon/,24 Jul 2026
Rahul Krotthapalli,4344,https://stockanalysis.com/analysts/Rahul-Krotthapalli/,09 Jul 2026
Sean Milligan,4345,https://stockanalysis.com/analysts/Sean-Milligan/,13 Jul 2026
Cheng Li,4349,https://stockanalysis.com/analysts/Cheng-Li/,27 Feb 2026
Sara Nik,4350,https://stockanalysis.com/analysts/Sara-Nik/,24 Jul 2026
Ben Shelley,4357,https://stockanalysis.com/analysts/Ben-Shelley/,23 Jul 2026
Siti Panigrahi,4361,https://stockanalysis.com/analysts/Siti-Panigrahi/,24 Jul 2026
David Turkaly,4364,https://stockanalysis.com/analysts/David-Turkaly/,08 May 2026
Ben Haynor,4366,https://stockanalysis.com/analysts/Ben-Haynor/,09 Jul 2026
Bill Kerr,4376,https://stockanalysis.com/analysts/Bill-Kerr/,11 Dec 2025
Michael Pachter,4378,https://stockanalysis.com/analysts/Michael-Pachter/,24 Jul 2026
Jason Bednar,4379,https://stockanalysis.com/analysts/Jason-Bednar/,24 Jul 2026
Anna Glaessgen,4382,https://stockanalysis.com/analysts/Anna-Glaessgen/,21 Jul 2026
Jeffrey Adelson,4383,https://stockanalysis.com/analysts/Jeffrey-Adelson/,24 Jul 2026
Richard Kramer,4385,https://stockanalysis.com/analysts/Richard-Kramer/,30 Jun 2026
Li Watsek,4389,https://stockanalysis.com/analysts/Li-Watsek/,16 Jul 2026
Mickey Legg,4392,https://stockanalysis.com/analysts/Mickey-Legg/,21 Jul 2026
Kai Klose,4395,https://stockanalysis.com/analysts/Kai-Klose/,15 Jul 2026
Frank Takkinen,4398,https://stockanalysis.com/analysts/Frank-Takkinen/,17 Jul 2026
Kumaraguru Raja,4400,https://stockanalysis.com/analysts/Kumaraguru-Raja/,29 Jun 2026
Madeline Brooks,4402,https://stockanalysis.com/analysts/Madeline-Brooks/,27 Feb 2026
Lucky Schreiner,4403,https://stockanalysis.com/analysts/Lucky-Schreiner/,23 Jul 2026
James Quigley,4409,https://stockanalysis.com/analysts/James-Quigley/,24 Jul 2026
Chris Pierce,4410,https://stockanalysis.com/analysts/Chris-Pierce/,23 Jul 2026
Joseph Civello,4412,https://stockanalysis.com/analysts/Joseph-Civello/,24 Jul 2026
Jim Salera,4413,https://stockanalysis.com/analysts/Jim-Salera/,21 Jul 2026
David Larsen,4419,https://stockanalysis.com/analysts/David-Larsen/,24 Jul 2026
Tim Hsiao,4421,https://stockanalysis.com/analysts/Tim-Hsiao/,22 Jul 2026
Logan Reich,4426,https://stockanalysis.com/analysts/Logan-Reich/,23 Jul 2026
Michael Funk,4429,https://stockanalysis.com/analysts/Michael-Funk/,24 Jul 2026
Jeffrey Stantial,4430,https://stockanalysis.com/analysts/Jeffrey-Stantial/,22 Jul 2026
Nora Min,4434,https://stockanalysis.com/analysts/Nora-Min/,27 Nov 2025
Colin Langan,4435,https://stockanalysis.com/analysts/Colin-Langan/,23 Jul 2026
William Grippin,4438,https://stockanalysis.com/analysts/William-Grippin/,13 Jul 2026
Will Nance,4442,https://stockanalysis.com/analysts/Will-Nance/,15 Jul 2026
Bryan Bergin,4444,https://stockanalysis.com/analysts/Bryan-Bergin/,23 Jul 2026
Corinne Blanchard,4446,https://stockanalysis.com/analysts/Corinne-Blanchard/,14 Jul 2026
Alexia Dogani,4449,https://stockanalysis.com/analysts/Alexia-Dogani/,14 Jul 2026
Bryan Smilek,4452,https://stockanalysis.com/analysts/Bryan-Smilek/,23 Jul 2026
Shilan Modi,4455,https://stockanalysis.com/analysts/Shilan-Modi/,14 Apr 2026
Priyanka Grover,4457,https://stockanalysis.com/analysts/Priyanka-Grover/,08 Jul 2026
Curtis Nagle,4459,https://stockanalysis.com/analysts/Curtis-Nagle/,24 Jul 2026
David Adlington,4460,https://stockanalysis.com/analysts/David-Adlington/,22 Jul 2026
Tom Curran,4461,https://stockanalysis.com/analysts/Tom-Curran/,08 Jan 2026
Ryan Meyers,4464,https://stockanalysis.com/analysts/Ryan-Meyers/,15 Jul 2026
Isabella Simonato,4466,https://stockanalysis.com/analysts/Isabella-Simonato/,16 Jun 2026
George Kurosawa,4470,https://stockanalysis.com/analysts/George-Kurosawa/,22 Jul 2026
Michael Turrin,4472,https://stockanalysis.com/analysts/Michael-Turrin/,24 Jul 2026
Aaron Grey,4474,https://stockanalysis.com/analysts/Aaron-Grey/,23 Jul 2026
Seth Sigman,4479,https://stockanalysis.com/analysts/Seth-Sigman/,24 Jul 2026
Jailendra Singh,4480,https://stockanalysis.com/analysts/Jailendra-Singh/,24 Jul 2026
Brian Skorney,4482,https://stockanalysis.com/analysts/Brian-Skorney/,07 Jul 2026
Scott Schoenhaus,4484,https://stockanalysis.com/analysts/Scott-Schoenhaus/,13 Jul 2026
Ryan Tomasello,4487,https://stockanalysis.com/analysts/Ryan-Tomasello/,13 Jul 2026
Marc Torrente,4489,https://stockanalysis.com/analysts/Marc-Torrente/,08 Jul 2026
Anna Andreeva,4494,https://stockanalysis.com/analysts/Anna-Andreeva/,24 Jul 2026
Elizabeth Porter,4497,https://stockanalysis.com/analysts/Elizabeth-Porter/,24 Jul 2026
Brandon Vazquez,4499,https://stockanalysis.com/analysts/Brandon-Vazquez/,24 Jul 2026
Rishi Jaluria,4502,https://stockanalysis.com/analysts/Rishi-Jaluria/,22 Jul 2026
Caroline Palomeque,4503,https://stockanalysis.com/analysts/Caroline-Palomeque/,16 Jun 2026
Daina Graybosch,4506,https://stockanalysis.com/analysts/Daina-Graybosch/,20 Jul 2026
Matthew VanVliet,4507,https://stockanalysis.com/analysts/Matthew-VanVliet/,21 Jul 2026
Naz Rahman,4508,https://stockanalysis.com/analysts/Naz-Rahman/,24 Jul 2026
Constantine Davides,4509,https://stockanalysis.com/analysts/Constantine-Davides/,20 Jul 2026
Michael Albanese,4510,https://stockanalysis.com/analysts/Michael-Albanese/,22 Jul 2026
Jake Roberge,4513,https://stockanalysis.com/analysts/Jake-Roberge/,18 Mar 2026
Stephen Sheldon,4514,https://stockanalysis.com/analysts/Stephen-Sheldon/,24 Jul 2026
Young Li,4518,https://stockanalysis.com/analysts/Young-Li/,07 Jul 2026
Yun Zhong,4519,https://stockanalysis.com/analysts/Yun-Zhong/,24 Jul 2026
Bill Kirk,4520,https://stockanalysis.com/analysts/Bill-Kirk/,24 Jul 2026
Taylor McGinnis,4524,https://stockanalysis.com/analysts/Taylor-McGinnis/,24 Jul 2026
Sarang Vora,4525,https://stockanalysis.com/analysts/Sarang-Vora/,24 Jun 2026
Sean Kennedy,4527,https://stockanalysis.com/analysts/Sean-Kennedy/,24 Jul 2026
Fedor Shabalin,4528,https://stockanalysis.com/analysts/Fedor-Shabalin/,16 Jul 2026
Bruce Jackson,4529,https://stockanalysis.com/analysts/Bruce-Jackson/,24 Jul 2026
Piral Dadhania,4531,https://stockanalysis.com/analysts/Piral-Dadhania/,22 Jul 2026
Puneet Jain,4533,https://stockanalysis.com/analysts/Puneet-Jain/,21 May 2026
Jason Kupferberg,4537,https://stockanalysis.com/analysts/Jason-Kupferberg/,23 Jul 2026
Daniel Perlin,4538,https://stockanalysis.com/analysts/Daniel-Perlin/,23 Jul 2026
Scott Berg,4539,https://stockanalysis.com/analysts/Scott-Berg/,23 Jul 2026
Joseph Spak,4545,https://stockanalysis.com/analysts/Joseph-Spak/,24 Jul 2026
Reni Benjamin,4546,https://stockanalysis.com/analysts/Reni-Benjamin/,23 Apr 2026
Jason Kolbert,4547,https://stockanalysis.com/analysts/Jason-Kolbert/,13 May 2026
Matthew Keller,4550,https://stockanalysis.com/analysts/Matthew-Keller/,08 Jul 2026
Ryan MacDonald,4552,https://stockanalysis.com/analysts/Ryan-MacDonald/,20 Jul 2026
Terry Tillman,4553,https://stockanalysis.com/analysts/Terry-Tillman/,24 Jul 2026
Kyle Bauser,4554,https://stockanalysis.com/analysts/Kyle-Bauser/,17 Apr 2026
Vikram Bagri,4555,https://stockanalysis.com/analysts/Vikram-Bagri/,24 Jul 2026
Christopher Souther,4557,https://stockanalysis.com/analysts/Christopher-Souther/,22 Jul 2026
Itay Michaeli,4562,https://stockanalysis.com/analysts/Itay-Michaeli/,23 Jul 2026
Marie Thibault,4563,https://stockanalysis.com/analysts/Marie-Thibault/,24 Jul 2026
David Hynes,4564,https://stockanalysis.com/analysts/David-Hynes/,23 Jul 2026
Eric Wold,4565,https://stockanalysis.com/analysts/Eric-Wold/,15 Jul 2026
Jason McCarthy,4566,https://stockanalysis.com/analysts/Jason-McCarthy/,23 Jul 2026
Jack Allen,4567,https://stockanalysis.com/analysts/Jack-Allen/,30 Jun 2026
James Molloy,4568,https://stockanalysis.com/analysts/James-Molloy/,14 Jul 2026
Allen Klee,4571,https://stockanalysis.com/analysts/Allen-Klee/,24 Jul 2026
Edward Woo,4572,https://stockanalysis.com/analysts/Edward-Woo/,10 Jun 2026
Anthony Vendetti,4573,https://stockanalysis.com/analysts/Anthony-Vendetti/,21 Jul 2026
James McIlree,4574,https://stockanalysis.com/analysts/James-McIlree/,12 Jun 2026
Lucas Ward,4575,https://stockanalysis.com/analysts/Lucas-Ward/,04 Jun 2026
Agnieszka Pustula,9971,https://stockanalysis.com/analysts/Agnieszka-Pustula/,Not found
Aidan Hall,9971,https://stockanalysis.com/analysts/Aidan-Hall/,Not found
Air Ma,9971,https://stockanalysis.com/analysts/Air-Ma/,Not found
Woody Lay,9971,https://stockanalysis.com/analysts/Woody-Lay/,Not found
Xavier Bouvignies,9971,https://stockanalysis.com/analysts/Xavier-Bouvignies/,Not found
Yessica Sanchez,9971,https://stockanalysis.com/analysts/Yessica-Sanchez/,Not found
Yi Fu,9971,https://stockanalysis.com/analysts/Yi-Fu/,Not found
Aaron Kessler,9971,https://stockanalysis.com/analysts/Aaron-Kessler/,Not found
Abhi Agarwal,9971,https://stockanalysis.com/analysts/Abhi-Agarwal/,Not found
Zachary Warring,9971,https://stockanalysis.com/analysts/Zachary-Warring/,Not found
Zhijing Liu,9971,https://stockanalysis.com/analysts/Zhijing-Liu/,Not found
Zijie Yang,9971,https://stockanalysis.com/analysts/Zijie-Yang/,Not found
Adam Samuelson,9971,https://stockanalysis.com/analysts/Adam-Samuelson/,Not found
Paul Diamond,9971,https://stockanalysis.com/analysts/Paul-Diamond/,Not found
Pablo Zuanic,9971,https://stockanalysis.com/analysts/Pablo-Zuanic/,Not found
Papa Sylla,9971,https://stockanalysis.com/analysts/Papa-Sylla/,Not found
Parker Lane,9971,https://stockanalysis.com/analysts/Parker-Lane/,Not found
Patrick Donnelly,9971,https://stockanalysis.com/analysts/Patrick-Donnelly/,Not found
Daniel Kutz,9971,https://stockanalysis.com/analysts/Daniel-Kutz/,Not found
Daniel Markowitz,9971,https://stockanalysis.com/analysts/Daniel-Markowitz/,Not found
Dane Leone,9971,https://stockanalysis.com/analysts/Dane-Leone/,Not found
Daniel Chan,9971,https://stockanalysis.com/analysts/Daniel-Chan/,Not found
Daniel Chen,9971,https://stockanalysis.com/analysts/Daniel-Chen/,Not found
Daniel Ford,9971,https://stockanalysis.com/analysts/Daniel-Ford/,Not found
Daniel Hibshman,9971,https://stockanalysis.com/analysts/Daniel-Hibshman/,Not found
Patrick R. Trucchio,9971,https://stockanalysis.com/analysts/Patrick-R.-Trucchio/,Not found
Patrick Tyler,9971,https://stockanalysis.com/analysts/Patrick-Tyler/,Not found
Patty Kanada,9971,https://stockanalysis.com/analysts/Patty-Kanada/,Not found
Paul Adams,9971,https://stockanalysis.com/analysts/Paul-Adams/,Not found
Paul Cheng,9971,https://stockanalysis.com/analysts/Paul-Cheng/,Not found
Paul Chung,9971,https://stockanalysis.com/analysts/Paul-Chung/,Not found
Paul Coster,9971,https://stockanalysis.com/analysts/Paul-Coster/,Not found
Daniel Roeska,9971,https://stockanalysis.com/analysts/Daniel-Roeska/,Not found
Ole Slorer,9971,https://stockanalysis.com/analysts/Ole-Slorer/,Not found
Omar Nokta,9971,https://stockanalysis.com/analysts/Omar-Nokta/,Not found
Darren Leung,9971,https://stockanalysis.com/analysts/Darren-Leung/,Not found
David Belinger,9971,https://stockanalysis.com/analysts/David-Belinger/,Not found
Dan Brennan,9971,https://stockanalysis.com/analysts/Dan-Brennan/,Not found
Dan Ives,9971,https://stockanalysis.com/analysts/Dan-Ives/,Not found
Paul McTaggart,9971,https://stockanalysis.com/analysts/Paul-McTaggart/,Not found
Paul Obrecht,9971,https://stockanalysis.com/analysts/Paul-Obrecht/,Not found
Paul Steep,9971,https://stockanalysis.com/analysts/Paul-Steep/,Not found
Paul Zimbardo,9971,https://stockanalysis.com/analysts/Paul-Zimbardo/,Not found
Perez Mora,9971,https://stockanalysis.com/analysts/Perez-Mora/,Not found
Pete Skibitski,9971,https://stockanalysis.com/analysts/Pete-Skibitski/,Not found
Dan Silverstein,9971,https://stockanalysis.com/analysts/Dan-Silverstein/,Not found
David Bouchey,9971,https://stockanalysis.com/analysts/David-Bouchey/,Not found
David Hicks,9971,https://stockanalysis.com/analysts/David-Hicks/,Not found
Nick Pope,9971,https://stockanalysis.com/analysts/Nick-Pope/,Not found
Nicole Germino,9971,https://stockanalysis.com/analysts/Nicole-Germino/,Not found
Nicole Miller,9971,https://stockanalysis.com/analysts/Nicole-Miller/,Not found
Nigel Dally,9971,https://stockanalysis.com/analysts/Nigel-Dally/,Not found
Nitin Kumar,9971,https://stockanalysis.com/analysts/Nitin-Kumar/,Not found
Cristina Fernández,9971,empty,Not found
Cristopher Kennedy,9971,https://stockanalysis.com/analysts/Cristopher-Kennedy/,Not found
Peter Costa,9971,https://stockanalysis.com/analysts/Peter-Costa/,Not found
Peter Lawson,9971,https://stockanalysis.com/analysts/Peter-Lawson/,Not found
Peter Osterland,9971,https://stockanalysis.com/analysts/Peter-Osterland/,Not found
Curt Woodworth,9971,https://stockanalysis.com/analysts/Curt-Woodworth/,Not found
Curtis Shauger,9971,https://stockanalysis.com/analysts/Curtis-Shauger/,Not found
Da Wei,9971,https://stockanalysis.com/analysts/Da-Wei/,Not found
Dae Gon,9971,https://stockanalysis.com/analysts/Dae-Gon/,Not found
Dailey Fairbanks,9971,https://stockanalysis.com/analysts/Dailey-Fairbanks/,Not found
Conor Fitzgerald,9971,https://stockanalysis.com/analysts/Conor-Fitzgerald/,Not found
Conor McNamara,9971,https://stockanalysis.com/analysts/Conor-McNamara/,Not found
Corinne Jenkins,9971,https://stockanalysis.com/analysts/Corinne-Jenkins/,Not found
Philip Cusick,9971,https://stockanalysis.com/analysts/Philip-Cusick/,Not found
Philip Gibbs,9971,https://stockanalysis.com/analysts/Philip-Gibbs/,Not found
Philipp Häßler,9971,empty,Not found
Pinjalim Bora,9971,https://stockanalysis.com/analysts/Pinjalim-Bora/,Not found
Noah Herman,9971,https://stockanalysis.com/analysts/Noah-Herman/,Not found
Nicholas Jones,9971,https://stockanalysis.com/analysts/Nicholas-Jones/,Not found
Nicholas Thomas,9971,https://stockanalysis.com/analysts/Nicholas-Thomas/,Not found
Nicholas Watts,9971,https://stockanalysis.com/analysts/Nicholas-Watts/,Not found
Nick Abbott,9971,https://stockanalysis.com/analysts/Nick-Abbott/,Not found
Nick Del,9971,https://stockanalysis.com/analysts/Nick-Del/,Not found
Nick Housden,9971,https://stockanalysis.com/analysts/Nick-Housden/,Not found
Nick Joseph,9971,https://stockanalysis.com/analysts/Nick-Joseph/,Not found
David Kang,9971,https://stockanalysis.com/analysts/David-Kang/,Not found
David Lebovitz,9971,https://stockanalysis.com/analysts/David-Lebovitz/,Not found
David Lebowitz,9971,https://stockanalysis.com/analysts/David-Lebowitz/,Not found
Raj Sharma,9971,https://stockanalysis.com/analysts/Raj-Sharma/,Not found
Rajat Gupta,9971,https://stockanalysis.com/analysts/Rajat-Gupta/,Not found
Ralph Profiti,9971,https://stockanalysis.com/analysts/Ralph-Profiti/,Not found
Prashant Rao,9971,https://stockanalysis.com/analysts/Prashant-Rao/,Not found
Pérez Mora,9971,empty,Not found
Colleen Kusy,9971,https://stockanalysis.com/analysts/Colleen-Kusy/,Not found
Connor Chamberlain,9971,https://stockanalysis.com/analysts/Connor-Chamberlain/,Not found
Connor Lynagh,9971,https://stockanalysis.com/analysts/Connor-Lynagh/,Not found
Connor Siversky,9971,https://stockanalysis.com/analysts/Connor-Siversky/,Not found
David Leiker,9971,https://stockanalysis.com/analysts/David-Leiker/,Not found
David Lewis,9971,https://stockanalysis.com/analysts/David-Lewis/,Not found
David MacDonald,9971,https://stockanalysis.com/analysts/David-MacDonald/,Not found
Nathan Rice,9971,https://stockanalysis.com/analysts/Nathan-Rice/,Not found
Neel Kumar,9971,https://stockanalysis.com/analysts/Neel-Kumar/,Not found
Neil Kalton,9971,https://stockanalysis.com/analysts/Neil-Kalton/,Not found
Nichola Holowko,9971,https://stockanalysis.com/analysts/Nichola-Holowko/,Not found
Chuck Grom,9971,https://stockanalysis.com/analysts/Chuck-Grom/,Not found
Cleveland Rueckert,9971,https://stockanalysis.com/analysts/Cleveland-Rueckert/,Not found
Cody Ross,9971,https://stockanalysis.com/analysts/Cody-Ross/,Not found
Colin Bristow,9971,https://stockanalysis.com/analysts/Colin-Bristow/,Not found
Colin Isaac,9971,https://stockanalysis.com/analysts/Colin-Isaac/,Not found
Q3 EPS,9971,https://stockanalysis.com/analysts/Q3-EPS/,Not found
Q3 Marketplace,9971,https://stockanalysis.com/analysts/Q3-Marketplace/,Not found
Rachel Vatnsdal,9971,https://stockanalysis.com/analysts/Rachel-Vatnsdal/,Not found
Raghuram Selvaraju,9971,https://stockanalysis.com/analysts/Raghuram-Selvaraju/,Not found
Raj Kumar,9971,https://stockanalysis.com/analysts/Raj-Kumar/,Not found
Nathan Janes,9971,https://stockanalysis.com/analysts/Nathan-Janes/,Not found
David Motemeden,9971,https://stockanalysis.com/analysts/David-Motemeden/,Not found
David Rodgers,9971,https://stockanalysis.com/analysts/David-Rodgers/,Not found
David Seigerman,9971,https://stockanalysis.com/analysts/David-Seigerman/,Not found
David Smith,9971,https://stockanalysis.com/analysts/David-Smith/,Not found
David Strauss,9971,https://stockanalysis.com/analysts/David-Strauss/,Not found
Christopher Moore,9971,https://stockanalysis.com/analysts/Christopher-Moore/,Not found
Christopher Parkinson,9971,https://stockanalysis.com/analysts/Christopher-Parkinson/,Not found
Christopher Schoell,9971,https://stockanalysis.com/analysts/Christopher-Schoell/,Not found
Reif Ehrlich,9971,https://stockanalysis.com/analysts/Reif-Ehrlich/,Not found
Ricardo Rezende,9971,https://stockanalysis.com/analysts/Ricardo-Rezende/,Not found
Christyne McGarvey,9971,https://stockanalysis.com/analysts/Christyne-McGarvey/,Not found
Mike Matson,9971,https://stockanalysis.com/analysts/Mike-Matson/,Not found
Mike Morris,9971,https://stockanalysis.com/analysts/Mike-Morris/,Not found
Mike Polark,9971,https://stockanalysis.com/analysts/Mike-Polark/,Not found
Mike Scialla,9971,https://stockanalysis.com/analysts/Mike-Scialla/,Not found
Ming Hsun,9971,https://stockanalysis.com/analysts/Ming-Hsun/,Not found
Mitch Germain,9971,https://stockanalysis.com/analysts/Mitch-Germain/,Not found
David Togut,9971,https://stockanalysis.com/analysts/David-Togut/,Not found
De Bruin,9971,https://stockanalysis.com/analysts/De-Bruin/,Not found
Deborah Ciervo,9971,https://stockanalysis.com/analysts/Deborah-Ciervo/,Not found
Derik De,9971,https://stockanalysis.com/analysts/Derik-De/,Not found
Christopher Danely,9971,https://stockanalysis.com/analysts/Christopher-Danely/,Not found
Christopher Dendrinos,9971,https://stockanalysis.com/analysts/Christopher-Dendrinos/,Not found
Christopher Graja,9971,https://stockanalysis.com/analysts/Christopher-Graja/,Not found
Rich Hightower,9971,https://stockanalysis.com/analysts/Rich-Hightower/,Not found
Rich Hilliker,9971,https://stockanalysis.com/analysts/Rich-Hilliker/,Not found
Richard Eastman,9971,https://stockanalysis.com/analysts/Richard-Eastman/,Not found
Richard Hill,9971,https://stockanalysis.com/analysts/Richard-Hill/,Not found
Richard Law,9971,https://stockanalysis.com/analysts/Richard-Law/,Not found
Christopher LaFemina,9971,https://stockanalysis.com/analysts/Christopher-LaFemina/,Not found
Christopher LeFemina,9971,https://stockanalysis.com/analysts/Christopher-LeFemina/,Not found
Christopher Mandeville,9971,https://stockanalysis.com/analysts/Christopher-Mandeville/,Not found
Christopher Merwin,9971,https://stockanalysis.com/analysts/Christopher-Merwin/,Not found
Chris Raymond,9971,https://stockanalysis.com/analysts/Chris-Raymond/,Not found
Chris Robertson,9971,https://stockanalysis.com/analysts/Chris-Robertson/,Not found
Richard Radbourne,9971,https://stockanalysis.com/analysts/Richard-Radbourne/,Not found
Richard Repetto,9971,https://stockanalysis.com/analysts/Richard-Repetto/,Not found
Rick Paterson,9971,https://stockanalysis.com/analysts/Rick-Paterson/,Not found
Ricky Goldwasser,9971,https://stockanalysis.com/analysts/Ricky-Goldwasser/,Not found
Chris Senyek,9971,https://stockanalysis.com/analysts/Chris-Senyek/,Not found
Chris Snyder,9971,https://stockanalysis.com/analysts/Chris-Snyder/,Not found
Chris Zhang,9971,https://stockanalysis.com/analysts/Chris-Zhang/,Not found
Destiny Hance,9971,https://stockanalysis.com/analysts/Destiny-Hance/,Not found
Diego Aragao,9971,https://stockanalysis.com/analysts/Diego-Aragao/,Not found
Mike Albanese,9971,https://stockanalysis.com/analysts/Mike-Albanese/,Not found
Mike Burton,9971,https://stockanalysis.com/analysts/Mike-Burton/,Not found
Mike Cyprys,9971,https://stockanalysis.com/analysts/Mike-Cyprys/,Not found
Mike Dahl,9971,https://stockanalysis.com/analysts/Mike-Dahl/,Not found
Mike Genovese,9971,https://stockanalysis.com/analysts/Mike-Genovese/,Not found
Mike Grondahl,9971,https://stockanalysis.com/analysts/Mike-Grondahl/,Not found
Mike Harris,9971,https://stockanalysis.com/analysts/Mike-Harris/,Not found
Mike Lavery,9971,https://stockanalysis.com/analysts/Mike-Lavery/,Not found
Dillon Cumming,9971,https://stockanalysis.com/analysts/Dillon-Cumming/,Not found
Dimple Gosa,9971,https://stockanalysis.com/analysts/Dimple-Gosa/,Not found
Dimple Gosai,9971,https://stockanalysis.com/analysts/Dimple-Gosai/,Not found
Chi Fong,9971,https://stockanalysis.com/analysts/Chi-Fong/,Not found
Chris Carey,9971,https://stockanalysis.com/analysts/Chris-Carey/,Not found
Rob Brown,9971,https://stockanalysis.com/analysts/Rob-Brown/,Not found
Rob Dickerson,9971,https://stockanalysis.com/analysts/Rob-Dickerson/,Not found
Rob Oliver,9971,https://stockanalysis.com/analysts/Rob-Oliver/,Not found
Rob Wertheimer,9971,https://stockanalysis.com/analysts/Rob-Wertheimer/,Not found
Robert Bek,9971,https://stockanalysis.com/analysts/Robert-Bek/,Not found
Robert Cox,9971,https://stockanalysis.com/analysts/Robert-Cox/,Not found
Chris Kuntarich,9971,https://stockanalysis.com/analysts/Chris-Kuntarich/,Not found
Chris Mcgratty,9971,https://stockanalysis.com/analysts/Chris-Mcgratty/,Not found
Chris Merwin,9971,https://stockanalysis.com/analysts/Chris-Merwin/,Not found
Divya Goyal,9971,https://stockanalysis.com/analysts/Divya-Goyal/,Not found
Domingos Falavina,9971,https://stockanalysis.com/analysts/Domingos-Falavina/,Not found
Don Carducci,9971,https://stockanalysis.com/analysts/Don-Carducci/,Not found
Dori Kesten,9971,https://stockanalysis.com/analysts/Dori-Kesten/,Not found
Doug Harter,9971,https://stockanalysis.com/analysts/Doug-Harter/,Not found
Michael Tyndall,9971,https://stockanalysis.com/analysts/Michael-Tyndall/,Not found
Michael Walkley,9971,https://stockanalysis.com/analysts/Michael-Walkley/,Not found
Michael Weinstein,9971,https://stockanalysis.com/analysts/Michael-Weinstein/,Not found
Micheal Bellisario,9971,https://stockanalysis.com/analysts/Micheal-Bellisario/,Not found
Michelle Fang,9971,https://stockanalysis.com/analysts/Michelle-Fang/,Not found
Cecilia Furlong,9971,https://stockanalysis.com/analysts/Cecilia-Furlong/,Not found
Cerena Chen,9971,https://stockanalysis.com/analysts/Cerena-Chen/,Not found
Chad Bennett,9971,https://stockanalysis.com/analysts/Chad-Bennett/,Not found
Charles Duncan,9971,https://stockanalysis.com/analysts/Charles-Duncan/,Not found
Robert Mason,9971,https://stockanalysis.com/analysts/Robert-Mason/,Not found
Robert Mosca,9971,https://stockanalysis.com/analysts/Robert-Mosca/,Not found
Robert Napoli,9971,https://stockanalysis.com/analysts/Robert-Napoli/,Not found
Charles Zhou,9971,https://stockanalysis.com/analysts/Charles-Zhou/,Not found
Ross Muken,9971,https://stockanalysis.com/analysts/Ross-Muken/,Not found
Ross Osborn,9971,https://stockanalysis.com/analysts/Ross-Osborn/,Not found
Ross Smotrich,9971,https://stockanalysis.com/analysts/Ross-Smotrich/,Not found
Roy Buchanan,9971,https://stockanalysis.com/analysts/Roy-Buchanan/,Not found
Robin Farley,9971,https://stockanalysis.com/analysts/Robin-Farley/,Not found
Robyn Karnauskas,9971,https://stockanalysis.com/analysts/Robyn-Karnauskas/,Not found
Roger Read,9971,https://stockanalysis.com/analysts/Roger-Read/,Not found
Rohin Patel,9971,https://stockanalysis.com/analysts/Rohin-Patel/,Not found
Ronald J,9971,https://stockanalysis.com/analysts/Ronald-J/,Not found
Catherine Ramsey,9971,https://stockanalysis.com/analysts/Catherine-Ramsey/,Not found
Catherine Schulte,9971,https://stockanalysis.com/analysts/Catherine-Schulte/,Not found
Michael Perito,9971,https://stockanalysis.com/analysts/Michael-Perito/,Not found
Michael Phillips,9971,https://stockanalysis.com/analysts/Michael-Phillips/,Not found
Michael Schmitz,9971,https://stockanalysis.com/analysts/Michael-Schmitz/,Not found
Douglas Irwin,9971,https://stockanalysis.com/analysts/Douglas-Irwin/,Not found
Drew Chamberlain,9971,https://stockanalysis.com/analysts/Drew-Chamberlain/,Not found
Drew Ranieri,9971,https://stockanalysis.com/analysts/Drew-Ranieri/,Not found
Duane Pfenningwerth,9971,https://stockanalysis.com/analysts/Duane-Pfenningwerth/,Not found
Durgesh Chopra,9971,https://stockanalysis.com/analysts/Durgesh-Chopra/,Not found
Michael Jalonen,9971,https://stockanalysis.com/analysts/Michael-Jalonen/,Not found
Michael Kaye,9971,https://stockanalysis.com/analysts/Michael-Kaye/,Not found
Michael McGovern,9971,https://stockanalysis.com/analysts/Michael-McGovern/,Not found
Michael Minchak,9971,https://stockanalysis.com/analysts/Michael-Minchak/,Not found
Ed Yang,9971,https://stockanalysis.com/analysts/Ed-Yang/,Not found
Eddie Leung,9971,https://stockanalysis.com/analysts/Eddie-Leung/,Not found
Camille Bonnel,9971,https://stockanalysis.com/analysts/Camille-Bonnel/,Not found
Carlos De,9971,https://stockanalysis.com/analysts/Carlos-De/,Not found
Carly Kenselaar,9971,https://stockanalysis.com/analysts/Carly-Kenselaar/,Not found
Ronald Jewsikow,9971,https://stockanalysis.com/analysts/Ronald-Jewsikow/,Not found
Ross Gilardi,9971,https://stockanalysis.com/analysts/Ross-Gilardi/,Not found
Michael Harrison,9971,https://stockanalysis.com/analysts/Michael-Harrison/,Not found
Elizabeth Anderson,9971,https://stockanalysis.com/analysts/Elizabeth-Anderson/,Not found
Elizabeth Garcia,9971,https://stockanalysis.com/analysts/Elizabeth-Garcia/,Not found
Elizabeth Suzuki,9971,https://stockanalysis.com/analysts/Elizabeth-Suzuki/,Not found
Bryan Spillane,9971,https://stockanalysis.com/analysts/Bryan-Spillane/,Not found
Bryce Rowe,9971,https://stockanalysis.com/analysts/Bryce-Rowe/,Not found
Burrows Szczupak,9971,https://stockanalysis.com/analysts/Burrows-Szczupak/,Not found
C J,9971,https://stockanalysis.com/analysts/C-J/,Not found
Russell Quelch,9971,https://stockanalysis.com/analysts/Russell-Quelch/,Not found
Ryan Cooke,9971,https://stockanalysis.com/analysts/Ryan-Cooke/,Not found
Ryan Griffin,9971,https://stockanalysis.com/analysts/Ryan-Griffin/,Not found
Ryan Krieger,9971,https://stockanalysis.com/analysts/Ryan-Krieger/,Not found
Cameron Mansson,9971,https://stockanalysis.com/analysts/Cameron-Mansson/,Not found
Meyer Sheilds,9971,https://stockanalysis.com/analysts/Meyer-Sheilds/,Not found
Michael Albanses,9971,https://stockanalysis.com/analysts/Michael-Albanses/,Not found
Michael Carrier,9971,https://stockanalysis.com/analysts/Michael-Carrier/,Not found
Eric Beaumont,9971,https://stockanalysis.com/analysts/Eric-Beaumont/,Not found
Eric Des,9971,https://stockanalysis.com/analysts/Eric-Des/,Not found
Eric Schmidt,9971,https://stockanalysis.com/analysts/Eric-Schmidt/,Not found
Erin Wilson,9971,https://stockanalysis.com/analysts/Erin-Wilson/,Not found
Erwan Rambourg,9971,https://stockanalysis.com/analysts/Erwan-Rambourg/,Not found
Brock Vandervliet,9971,https://stockanalysis.com/analysts/Brock-Vandervliet/,Not found
Bruce Chan,9971,https://stockanalysis.com/analysts/Bruce-Chan/,Not found
Bryan Adams,9971,https://stockanalysis.com/analysts/Bryan-Adams/,Not found
Ryan Lynch,9971,https://stockanalysis.com/analysts/Ryan-Lynch/,Not found
Ryan McKeveny,9971,https://stockanalysis.com/analysts/Ryan-McKeveny/,Not found
Bryan Maher,9971,https://stockanalysis.com/analysts/Bryan-Maher/,Not found
Esme Pau,9971,https://stockanalysis.com/analysts/Esme-Pau/,Not found
Esther Rajavelu,9971,https://stockanalysis.com/analysts/Esther-Rajavelu/,Not found
Eun Yang,9971,https://stockanalysis.com/analysts/Eun-Yang/,Not found
Max Hopkins,9971,https://stockanalysis.com/analysts/Max-Hopkins/,Not found
Medhi Hosseini,9971,https://stockanalysis.com/analysts/Medhi-Hosseini/,Not found
Melanie Nunez,9971,https://stockanalysis.com/analysts/Melanie-Nunez/,Not found
Melissa Wedel,9971,https://stockanalysis.com/analysts/Melissa-Wedel/,Not found
Eva Fortea,9971,https://stockanalysis.com/analysts/Eva-Fortea/,Not found
Evan David,9971,https://stockanalysis.com/analysts/Evan-David/,Not found
Farooq Hamed,9971,https://stockanalysis.com/analysts/Farooq-Hamed/,Not found
Federico Merendi,9971,https://stockanalysis.com/analysts/Federico-Merendi/,Not found
Matthew Krueger,9971,https://stockanalysis.com/analysts/Matthew-Krueger/,Not found
Matthew McClintock,9971,https://stockanalysis.com/analysts/Matthew-McClintock/,Not found
Matthew McKellar,9971,https://stockanalysis.com/analysts/Matthew-McKellar/,Not found
Matthew Murphy,9971,https://stockanalysis.com/analysts/Matthew-Murphy/,Not found
Matthew Sheerin,9971,https://stockanalysis.com/analysts/Matthew-Sheerin/,Not found
Matthew Stanton,9971,https://stockanalysis.com/analysts/Matthew-Stanton/,Not found
Matthew Summerville,9971,https://stockanalysis.com/analysts/Matthew-Summerville/,Not found
Brian Lee,9971,https://stockanalysis.com/analysts/Brian-Lee/,Not found
Brian Martin,9971,https://stockanalysis.com/analysts/Brian-Martin/,Not found
Sabrina Abrams,9971,https://stockanalysis.com/analysts/Sabrina-Abrams/,Not found
Matthew Gillmor,9971,https://stockanalysis.com/analysts/Matthew-Gillmor/,Not found
Matthew Harrison,9971,https://stockanalysis.com/analysts/Matthew-Harrison/,Not found
Matthew Herrmann,9971,https://stockanalysis.com/analysts/Matthew-Herrmann/,Not found
Matthew Hewitt,9971,https://stockanalysis.com/analysts/Matthew-Hewitt/,Not found
Felicia Hendrix,9971,https://stockanalysis.com/analysts/Felicia-Hendrix/,Not found
Fernando Abdalla,9971,https://stockanalysis.com/analysts/Fernando-Abdalla/,Not found
Samuel Eisner,9971,https://stockanalysis.com/analysts/Samuel-Eisner/,Not found
Sanjeev Rana,9971,https://stockanalysis.com/analysts/Sanjeev-Rana/,Not found
Brett Simpson,9971,https://stockanalysis.com/analysts/Brett-Simpson/,Not found
Brian Brungardt,9971,https://stockanalysis.com/analysts/Brian-Brungardt/,Not found
Brian Butler,9971,https://stockanalysis.com/analysts/Brian-Butler/,Not found
Brian Fitzgerald,9971,https://stockanalysis.com/analysts/Brian-Fitzgerald/,Not found
Brian Flores,9971,https://stockanalysis.com/analysts/Brian-Flores/,Not found
Floris Van,9971,https://stockanalysis.com/analysts/Floris-Van/,Not found
Francisco Suarez,9971,https://stockanalysis.com/analysts/Francisco-Suarez/,Not found
Frank Lee,9971,https://stockanalysis.com/analysts/Frank-Lee/,Not found
Fu Lee,9971,https://stockanalysis.com/analysts/Fu-Lee/,Not found
Gabe Hajde,9971,https://stockanalysis.com/analysts/Gabe-Hajde/,Not found
Gabriel Moreen,9971,https://stockanalysis.com/analysts/Gabriel-Moreen/,Not found
Matt McGinley,9971,https://stockanalysis.com/analysts/Matt-McGinley/,Not found
Matt Niknam,9971,https://stockanalysis.com/analysts/Matt-Niknam/,Not found
Matt OBrien,9971,https://stockanalysis.com/analysts/Matt-OBrien/,Not found
Matt Venezia,9971,https://stockanalysis.com/analysts/Matt-Venezia/,Not found
Matt Breese,9971,https://stockanalysis.com/analysts/Matt-Breese/,Not found
Matt Farrell,9971,https://stockanalysis.com/analysts/Matt-Farrell/,Not found
Matt Howlett,9971,https://stockanalysis.com/analysts/Matt-Howlett/,Not found
Brandon King,9971,https://stockanalysis.com/analysts/Brandon-King/,Not found
Scott Ciccarelli,9971,https://stockanalysis.com/analysts/Scott-Ciccarelli/,Not found
Scott Fidel,9971,https://stockanalysis.com/analysts/Scott-Fidel/,Not found
Scott Marks,9971,https://stockanalysis.com/analysts/Scott-Marks/,Not found
Brent Bracelin,9971,https://stockanalysis.com/analysts/Brent-Bracelin/,Not found
Brent Dilts,9971,https://stockanalysis.com/analysts/Brent-Dilts/,Not found
Brent Navon,9971,https://stockanalysis.com/analysts/Brent-Navon/,Not found
Brett Feldman,9971,https://stockanalysis.com/analysts/Brett-Feldman/,Not found
Boris Van,9971,https://stockanalysis.com/analysts/Boris-Van/,Not found
Brad Canino,9971,https://stockanalysis.com/analysts/Brad-Canino/,Not found
Brad Capuzzi,9971,https://stockanalysis.com/analysts/Brad-Capuzzi/,Not found
Sean King,9971,https://stockanalysis.com/analysts/Sean-King/,Not found
Sean Lee,9971,https://stockanalysis.com/analysts/Sean-Lee/,Not found
Sean Meakim,9971,https://stockanalysis.com/analysts/Sean-Meakim/,Not found
Brad Sills,9971,https://stockanalysis.com/analysts/Brad-Sills/,Not found
Bradley Berning,9971,https://stockanalysis.com/analysts/Bradley-Berning/,Not found
Brady Gailey,9971,https://stockanalysis.com/analysts/Brady-Gailey/,Not found
Geoff Lowery,9971,https://stockanalysis.com/analysts/Geoff-Lowery/,Not found
George Bose,9971,https://stockanalysis.com/analysts/George-Bose/,Not found
Mark Purcell,9971,https://stockanalysis.com/analysts/Mark-Purcell/,Not found
Market Perform,9971,https://stockanalysis.com/analysts/Market-Perform/,Not found
George Farmer,9971,https://stockanalysis.com/analysts/George-Farmer/,Not found
George Galliers,9971,https://stockanalysis.com/analysts/George-Galliers/,Not found
George Wang,9971,https://stockanalysis.com/analysts/George-Wang/,Not found
Glenn Mattson,9971,https://stockanalysis.com/analysts/Glenn-Mattson/,Not found
Greg Harrison,9971,https://stockanalysis.com/analysts/Greg-Harrison/,Not found
Greg Lewis,9971,https://stockanalysis.com/analysts/Greg-Lewis/,Not found
Greg Miller,9971,https://stockanalysis.com/analysts/Greg-Miller/,Not found
Greg Pardy,9971,https://stockanalysis.com/analysts/Greg-Pardy/,Not found
Gregory Fraser,9971,https://stockanalysis.com/analysts/Gregory-Fraser/,Not found
Griffin Boss,9971,https://stockanalysis.com/analysts/Griffin-Boss/,Not found
Sean Wieland,9971,https://stockanalysis.com/analysts/Sean-Wieland/,Not found
Seth Gilbert,9971,https://stockanalysis.com/analysts/Seth-Gilbert/,Not found
Shagun Singh,9971,https://stockanalysis.com/analysts/Shagun-Singh/,Not found
Shane Brett,9971,https://stockanalysis.com/analysts/Shane-Brett/,Not found
Bob Drbul,9971,https://stockanalysis.com/analysts/Bob-Drbul/,Not found
Bob Jian,9971,https://stockanalysis.com/analysts/Bob-Jian/,Not found
Bobby Zolper,9971,https://stockanalysis.com/analysts/Bobby-Zolper/,Not found
Boonie Herzog,9971,https://stockanalysis.com/analysts/Boonie-Herzog/,Not found
Biju Perincheril,9971,https://stockanalysis.com/analysts/Biju-Perincheril/,Not found
Bill Chappell,9971,https://stockanalysis.com/analysts/Bill-Chappell/,Not found
Bill Katz,9971,https://stockanalysis.com/analysts/Bill-Katz/,Not found
Bill Maughan,9971,https://stockanalysis.com/analysts/Bill-Maughan/,Not found
Bin Kim,9971,https://stockanalysis.com/analysts/Bin-Kim/,Not found
Sheila McGrath,9971,https://stockanalysis.com/analysts/Sheila-McGrath/,Not found
Shiwen Li,9971,https://stockanalysis.com/analysts/Shiwen-Li/,Not found
Shneur Gershuni,9971,https://stockanalysis.com/analysts/Shneur-Gershuni/,Not found
Sidney Ho,9971,https://stockanalysis.com/analysts/Sidney-Ho/,Not found
Hamza Fodderwala,9971,https://stockanalysis.com/analysts/Hamza-Fodderwala/,Not found
Hans Mosesmann,9971,https://stockanalysis.com/analysts/Hans-Mosesmann/,Not found
Harmen Puri,9971,https://stockanalysis.com/analysts/Harmen-Puri/,Not found
Harold Goetsch,9971,https://stockanalysis.com/analysts/Harold-Goetsch/,Not found
Harry Read,9971,https://stockanalysis.com/analysts/Harry-Read/,Not found
MarK Shutley,9971,https://stockanalysis.com/analysts/MarK-Shutley/,Not found
Marcus Cole,9971,https://stockanalysis.com/analysts/Marcus-Cole/,Not found
Maria Thibault,9971,https://stockanalysis.com/analysts/Maria-Thibault/,Not found
Mariana Perez,9971,https://stockanalysis.com/analysts/Mariana-Perez/,Not found
Mariana Taddeo,9971,https://stockanalysis.com/analysts/Mariana-Taddeo/,Not found
Mario Lu,9971,https://stockanalysis.com/analysts/Mario-Lu/,Not found
Bert Subin,9971,https://stockanalysis.com/analysts/Bert-Subin/,Not found
Betsy Graseck,9971,https://stockanalysis.com/analysts/Betsy-Graseck/,Not found
Betty Jing,9971,https://stockanalysis.com/analysts/Betty-Jing/,Not found
Simon Flannery,9971,https://stockanalysis.com/analysts/Simon-Flannery/,Not found
Smedes Rose,9971,https://stockanalysis.com/analysts/Smedes-Rose/,Not found
Soe Naing,9971,https://stockanalysis.com/analysts/Soe-Naing/,Not found
Sorabh Daga,9971,https://stockanalysis.com/analysts/Sorabh-Daga/,Not found
Soumit Roy,9971,https://stockanalysis.com/analysts/Soumit-Roy/,Not found
Spiro Dounis,9971,https://stockanalysis.com/analysts/Spiro-Dounis/,Not found
Bhumi Kanabar,9971,https://stockanalysis.com/analysts/Bhumi-Kanabar/,Not found
Luiz Carvalho,9971,https://stockanalysis.com/analysts/Luiz-Carvalho/,Not found
Luke Lemoine,9971,https://stockanalysis.com/analysts/Luke-Lemoine/,Not found
Madhu Kumar,9971,https://stockanalysis.com/analysts/Madhu-Kumar/,Not found
Hartaj Singh,9971,https://stockanalysis.com/analysts/Hartaj-Singh/,Not found
Heather Balsky,9971,https://stockanalysis.com/analysts/Heather-Balsky/,Not found
Helfey Hannah,9971,https://stockanalysis.com/analysts/Helfey-Hannah/,Not found
Henry Meyer,9971,https://stockanalysis.com/analysts/Henry-Meyer/,Not found
Himanshu Gupta,9971,https://stockanalysis.com/analysts/Himanshu-Gupta/,Not found
Ben Miller,9971,https://stockanalysis.com/analysts/Ben-Miller/,Not found
Benjamin Black,9971,https://stockanalysis.com/analysts/Benjamin-Black/,Not found
Srini Pajjuir,9971,https://stockanalysis.com/analysts/Srini-Pajjuir/,Not found
Stan Zlotsky,9971,https://stockanalysis.com/analysts/Stan-Zlotsky/,Not found
Stanley Elliott,9971,https://stockanalysis.com/analysts/Stanley-Elliott/,Not found
Stephanie Davis,9971,https://stockanalysis.com/analysts/Stephanie-Davis/,Not found
Stephanie Grambling,9971,https://stockanalysis.com/analysts/Stephanie-Grambling/,Not found
Benjamin Gerlinger,9971,https://stockanalysis.com/analysts/Benjamin-Gerlinger/,Not found
Benjamin Haynor,9971,https://stockanalysis.com/analysts/Benjamin-Haynor/,Not found
Benjamin Miller,9971,https://stockanalysis.com/analysts/Benjamin-Miller/,Not found
Holly Stewart,9971,https://stockanalysis.com/analysts/Holly-Stewart/,Not found
Ian Macpherson,9971,https://stockanalysis.com/analysts/Ian-Macpherson/,Not found
Louise Singlehurst,9971,https://stockanalysis.com/analysts/Louise-Singlehurst/,Not found
Louthan IV,9971,https://stockanalysis.com/analysts/Louthan-IV/,Not found
Lucas Pipes,9971,https://stockanalysis.com/analysts/Lucas-Pipes/,Not found
Liisa Bayko,9971,https://stockanalysis.com/analysts/Liisa-Bayko/,Not found
Lili Nsongo,9971,https://stockanalysis.com/analysts/Lili-Nsongo/,Not found
Lisa Clive,9971,https://stockanalysis.com/analysts/Lisa-Clive/,Not found
Ian Moore,9971,https://stockanalysis.com/analysts/Ian-Moore/,Not found
JESALYN Wong,9971,https://stockanalysis.com/analysts/JESALYN-Wong/,Not found
Steve Wieczynski,9971,https://stockanalysis.com/analysts/Steve-Wieczynski/,Not found
Steven Alexoloulos,9971,https://stockanalysis.com/analysts/Steven-Alexoloulos/,Not found
Stephen Trent,9971,https://stockanalysis.com/analysts/Stephen-Trent/,Not found
Ati Modak,9971,https://stockanalysis.com/analysts/Ati-Modak/,Not found
Austin Dietz,9971,https://stockanalysis.com/analysts/Austin-Dietz/,Not found
Ben Chaiken,9971,https://stockanalysis.com/analysts/Ben-Chaiken/,Not found
Jack Cummins,9971,https://stockanalysis.com/analysts/Jack-Cummins/,Not found
Lawrence Biegelsen,9971,https://stockanalysis.com/analysts/Lawrence-Biegelsen/,Not found
Leandro Bastos,9971,https://stockanalysis.com/analysts/Leandro-Bastos/,Not found
Lee Krowl,9971,https://stockanalysis.com/analysts/Lee-Krowl/,Not found
Leo Chiang,9971,https://stockanalysis.com/analysts/Leo-Chiang/,Not found
Jack Vander,9971,https://stockanalysis.com/analysts/Jack-Vander/,Not found
Jacob Smith,9971,https://stockanalysis.com/analysts/Jacob-Smith/,Not found
Arthur Lai,9971,https://stockanalysis.com/analysts/Arthur-Lai/,Not found
Ashley Helgans,9971,https://stockanalysis.com/analysts/Ashley-Helgans/,Not found
Ashwin Shirvaikar,9971,https://stockanalysis.com/analysts/Ashwin-Shirvaikar/,Not found
Steve Brozak,9971,https://stockanalysis.com/analysts/Steve-Brozak/,Not found
Steve Koenig,9971,https://stockanalysis.com/analysts/Steve-Koenig/,Not found
Steve Powers,9971,https://stockanalysis.com/analysts/Steve-Powers/,Not found
Steve Seedhouse,9971,https://stockanalysis.com/analysts/Steve-Seedhouse/,Not found
Steve Silver,9971,https://stockanalysis.com/analysts/Steve-Silver/,Not found
Steve Valiquette,9971,https://stockanalysis.com/analysts/Steve-Valiquette/,Not found
James Callahan,9971,https://stockanalysis.com/analysts/James-Callahan/,Not found
Kyle Mikson,9971,https://stockanalysis.com/analysts/Kyle-Mikson/,Not found
Kyle Voigt,9971,https://stockanalysis.com/analysts/Kyle-Voigt/,Not found
Landon Park,9971,https://stockanalysis.com/analysts/Landon-Park/,Not found
Larry Solow,9971,https://stockanalysis.com/analysts/Larry-Solow/,Not found
Lauren Schenk,9971,https://stockanalysis.com/analysts/Lauren-Schenk/,Not found
James Fotheringham,9971,https://stockanalysis.com/analysts/James-Fotheringham/,Not found
James Goss,9971,https://stockanalysis.com/analysts/James-Goss/,Not found
Steven Cahill,9971,https://stockanalysis.com/analysts/Steven-Cahill/,Not found
Steven Enders,9971,https://stockanalysis.com/analysts/Steven-Enders/,Not found
Steven Frankel,9971,https://stockanalysis.com/analysts/Steven-Frankel/,Not found
Steven Madden,9971,https://stockanalysis.com/analysts/Steven-Madden/,Not found
Steven Sheeckutz,9971,https://stockanalysis.com/analysts/Steven-Sheeckutz/,Not found
Arnon Shirazi,9971,https://stockanalysis.com/analysts/Arnon-Shirazi/,Not found
Arthur He,9971,https://stockanalysis.com/analysts/Arthur-He/,Not found
James Heaney,9971,https://stockanalysis.com/analysts/James-Heaney/,Not found
Korinne Wolfmeyer,9971,https://stockanalysis.com/analysts/Korinne-Wolfmeyer/,Not found
Kosta Tasoulis,9971,https://stockanalysis.com/analysts/Kosta-Tasoulis/,Not found
James Sheehan,9971,https://stockanalysis.com/analysts/James-Sheehan/,Not found
Anne Meisner,9971,https://stockanalysis.com/analysts/Anne-Meisner/,Not found
Strong Buy,9971,https://stockanalysis.com/analysts/Strong-Buy/,Not found
Suji Desilva,9971,https://stockanalysis.com/analysts/Suji-Desilva/,Not found
Sung Ji,9971,https://stockanalysis.com/analysts/Sung-Ji/,Not found
Susy Tibaldi,9971,https://stockanalysis.com/analysts/Susy-Tibaldi/,Not found
Anthony Linton,9971,https://stockanalysis.com/analysts/Anthony-Linton/,Not found
Anthony Powell,9971,https://stockanalysis.com/analysts/Anthony-Powell/,Not found
Janco Venter,9971,https://stockanalysis.com/analysts/Janco-Venter/,Not found
Janice Quek,9971,https://stockanalysis.com/analysts/Janice-Quek/,Not found
Jared Dinges,9971,https://stockanalysis.com/analysts/Jared-Dinges/,Not found
Kevin Liu,9971,https://stockanalysis.com/analysts/Kevin-Liu/,Not found
Ki Bin,9971,https://stockanalysis.com/analysts/Ki-Bin/,Not found
Kieran De,9971,https://stockanalysis.com/analysts/Kieran-De/,Not found
Kimberly Greenberger,9971,https://stockanalysis.com/analysts/Kimberly-Greenberger/,Not found
Jason Bouvier,9971,https://stockanalysis.com/analysts/Jason-Bouvier/,Not found
Andrew Wong,9971,https://stockanalysis.com/analysts/Andrew-Wong/,Not found
André Uggedal,9971,empty,Not found
Andy Marok,9971,https://stockanalysis.com/analysts/Andy-Marok/,Not found
Andy Terrell,9971,https://stockanalysis.com/analysts/Andy-Terrell/,Not found
Andy Yu,9971,https://stockanalysis.com/analysts/Andy-Yu/,Not found
Tao Qiu,9971,https://stockanalysis.com/analysts/Tao-Qiu/,Not found
Taylor Morrison,9971,https://stockanalysis.com/analysts/Taylor-Morrison/,Not found
Taz Koujalgi,9971,https://stockanalysis.com/analysts/Taz-Koujalgi/,Not found
Tejas Savant,9971,https://stockanalysis.com/analysts/Tejas-Savant/,Not found
Jason English,9971,https://stockanalysis.com/analysts/Jason-English/,Not found
Jason Gursky,9971,https://stockanalysis.com/analysts/Jason-Gursky/,Not found
Jason Haas,9971,https://stockanalysis.com/analysts/Jason-Haas/,Not found
Kenneth Shiu,9971,https://stockanalysis.com/analysts/Kenneth-Shiu/,Not found
Kenneth Worthington,9971,https://stockanalysis.com/analysts/Kenneth-Worthington/,Not found
Kevin Barker,9971,https://stockanalysis.com/analysts/Kevin-Barker/,Not found
Kevin Fitzsimmons,9971,https://stockanalysis.com/analysts/Kevin-Fitzsimmons/,Not found
Jason Mills,9971,https://stockanalysis.com/analysts/Jason-Mills/,Not found
Jason Wittes,9971,https://stockanalysis.com/analysts/Jason-Wittes/,Not found
Javier Martinez,9971,https://stockanalysis.com/analysts/Javier-Martinez/,Not found
Kelly Shi,9971,https://stockanalysis.com/analysts/Kelly-Shi/,Not found
Ken Goldman,9971,https://stockanalysis.com/analysts/Ken-Goldman/,Not found
Ken Herbert,9971,https://stockanalysis.com/analysts/Ken-Herbert/,Not found
Ken Newman,9971,https://stockanalysis.com/analysts/Ken-Newman/,Not found
Ken Wong,9971,https://stockanalysis.com/analysts/Ken-Wong/,Not found
Andrew Mok,9971,https://stockanalysis.com/analysts/Andrew-Mok/,Not found
Andrew Rosivach,9971,https://stockanalysis.com/analysts/Andrew-Rosivach/,Not found
Andrew Schmidt,9971,https://stockanalysis.com/analysts/Andrew-Schmidt/,Not found
Terence Malone,9971,https://stockanalysis.com/analysts/Terence-Malone/,Not found
Thomas Burlton,9971,https://stockanalysis.com/analysts/Thomas-Burlton/,Not found
Thomas Catherwood,9971,https://stockanalysis.com/analysts/Thomas-Catherwood/,Not found
Andrew Uerkwitz,9971,https://stockanalysis.com/analysts/Andrew-Uerkwitz/,Not found
Katherine Griffin,9971,https://stockanalysis.com/analysts/Katherine-Griffin/,Not found
Katie Fleischer,9971,https://stockanalysis.com/analysts/Katie-Fleischer/,Not found
Keegan Carl,9971,https://stockanalysis.com/analysts/Keegan-Carl/,Not found
Jean Ann,9971,https://stockanalysis.com/analysts/Jean-Ann/,Not found
Jeff Adelson,9971,https://stockanalysis.com/analysts/Jeff-Adelson/,Not found
Jeff Cohen,9971,https://stockanalysis.com/analysts/Jeff-Cohen/,Not found
Jeff Garro,9971,https://stockanalysis.com/analysts/Jeff-Garro/,Not found
Jeff Hickey,9971,https://stockanalysis.com/analysts/Jeff-Hickey/,Not found
Jeff Kessler,9971,https://stockanalysis.com/analysts/Jeff-Kessler/,Not found
Jeff Van,9971,https://stockanalysis.com/analysts/Jeff-Van/,Not found
Andrew Bowler,9971,https://stockanalysis.com/analysts/Andrew-Bowler/,Not found
Andrew Carter,9971,https://stockanalysis.com/analysts/Andrew-Carter/,Not found
Andrew Jones,9971,https://stockanalysis.com/analysts/Andrew-Jones/,Not found
Tim Chiodo,9971,https://stockanalysis.com/analysts/Tim-Chiodo/,Not found
Tim Perz,9971,https://stockanalysis.com/analysts/Tim-Perz/,Not found
Andrew Madrid,9971,https://stockanalysis.com/analysts/Andrew-Madrid/,Not found
Andre Uggedal,9971,https://stockanalysis.com/analysts/Andre-Uggedal/,Not found
Andrea Teixeira,9971,https://stockanalysis.com/analysts/Andrea-Teixeira/,Not found
Andreas Sheppard,9971,https://stockanalysis.com/analysts/Andreas-Sheppard/,Not found
Andres Maldonado,9971,https://stockanalysis.com/analysts/Andres-Maldonado/,Not found
Tim Thein,9971,https://stockanalysis.com/analysts/Tim-Thein/,Not found
Timothy Switzer,9971,https://stockanalysis.com/analysts/Timothy-Switzer/,Not found
Andrew Baum,9971,https://stockanalysis.com/analysts/Andrew-Baum/,Not found
Jefferey Hammond,9971,https://stockanalysis.com/analysts/Jefferey-Hammond/,Not found
Jefferson Harralson,9971,https://stockanalysis.com/analysts/Jefferson-Harralson/,Not found
Jeffery Harte,9971,https://stockanalysis.com/analysts/Jeffery-Harte/,Not found
Jeffrey Bernstein,9971,https://stockanalysis.com/analysts/Jeffrey-Bernstein/,Not found
Jeffrey Hung,9971,https://stockanalysis.com/analysts/Jeffrey-Hung/,Not found
Jeffrey Lick,9971,https://stockanalysis.com/analysts/Jeffrey-Lick/,Not found
Kaio Prato,9971,https://stockanalysis.com/analysts/Kaio-Prato/,Not found
Karol Chmiel,9971,https://stockanalysis.com/analysts/Karol-Chmiel/,Not found
Kartik Mehta,9971,https://stockanalysis.com/analysts/Kartik-Mehta/,Not found
Jeffrey Osborne,9971,https://stockanalysis.com/analysts/Jeffrey-Osborne/,Not found
Jeffrey Reive,9971,https://stockanalysis.com/analysts/Jeffrey-Reive/,Not found
Jeffrey Rulis,9971,https://stockanalysis.com/analysts/Jeffrey-Rulis/,Not found
Jeffrey Zekaukas,9971,https://stockanalysis.com/analysts/Jeffrey-Zekaukas/,Not found
Jennifer Demba,9971,https://stockanalysis.com/analysts/Jennifer-Demba/,Not found
Jennifer Swanson,9971,https://stockanalysis.com/analysts/Jennifer-Swanson/,Not found
Jesse Sobelson,9971,https://stockanalysis.com/analysts/Jesse-Sobelson/,Not found
Juan Sanabria,9971,https://stockanalysis.com/analysts/Juan-Sanabria/,Not found
Jessica Ehrlich,9971,https://stockanalysis.com/analysts/Jessica-Ehrlich/,Not found
Todd Weller,9971,https://stockanalysis.com/analysts/Todd-Weller/,Not found
Tom Fitzgerald,9971,https://stockanalysis.com/analysts/Tom-Fitzgerald/,Not found
Tom Hayes,9971,https://stockanalysis.com/analysts/Tom-Hayes/,Not found
Tom McGovern,9971,https://stockanalysis.com/analysts/Tom-McGovern/,Not found
Tom O Malley,9971,https://stockanalysis.com/analysts/Tom-O-Malley/,Not found
Tom Stephan,9971,https://stockanalysis.com/analysts/Tom-Stephan/,Not found
Tommy McJoynt,9971,https://stockanalysis.com/analysts/Tommy-McJoynt/,Not found
Jessica Reif,9971,https://stockanalysis.com/analysts/Jessica-Reif/,Not found
Jim Duffy,9971,https://stockanalysis.com/analysts/Jim-Duffy/,Not found
Jimmy Yoon,9971,https://stockanalysis.com/analysts/Jimmy-Yoon/,Not found
Jin Yoon,9971,https://stockanalysis.com/analysts/Jin-Yoon/,Not found
Joao Pedro,9971,https://stockanalysis.com/analysts/Joao-Pedro/,Not found
Josh Schimmer,9971,https://stockanalysis.com/analysts/Josh-Schimmer/,Not found
Joshua Dennerlein,9971,https://stockanalysis.com/analysts/Joshua-Dennerlein/,Not found
Joshua Jennings,9971,https://stockanalysis.com/analysts/Joshua-Jennings/,Not found
Joe Giordano,9971,https://stockanalysis.com/analysts/Joe-Giordano/,Not found
Joe Goodwin,9971,https://stockanalysis.com/analysts/Joe-Goodwin/,Not found
Toni Sacconaghi,9971,https://stockanalysis.com/analysts/Toni-Sacconaghi/,Not found
Tony DiMatteo,9971,https://stockanalysis.com/analysts/Tony-DiMatteo/,Not found
Toshiya Hari,9971,https://stockanalysis.com/analysts/Toshiya-Hari/,Not found
Trevor Walsh,9971,https://stockanalysis.com/analysts/Trevor-Walsh/,Not found
Ally Yseen,9971,https://stockanalysis.com/analysts/Ally-Yseen/,Not found
Amanda Sweitzer,9971,https://stockanalysis.com/analysts/Amanda-Sweitzer/,Not found
Alexandra Steiger,9971,https://stockanalysis.com/analysts/Alexandra-Steiger/,Not found
Alexia Howard,9971,https://stockanalysis.com/analysts/Alexia-Howard/,Not found
Ali Faghri,9971,https://stockanalysis.com/analysts/Ali-Faghri/,Not found
Alice Xiao,9971,https://stockanalysis.com/analysts/Alice-Xiao/,Not found
Tsin Huang,9971,https://stockanalysis.com/analysts/Tsin-Huang/,Not found
Tyler Brown,9971,https://stockanalysis.com/analysts/Tyler-Brown/,Not found
Van Sinderen,9971,https://stockanalysis.com/analysts/Van-Sinderen/,Not found
Joe Meares,9971,https://stockanalysis.com/analysts/Joe-Meares/,Not found
Joe Quatrochi,9971,https://stockanalysis.com/analysts/Joe-Quatrochi/,Not found
Joe Reagor,9971,https://stockanalysis.com/analysts/Joe-Reagor/,Not found
Joe Vruwink,9971,https://stockanalysis.com/analysts/Joe-Vruwink/,Not found
Joel Beatty,9971,https://stockanalysis.com/analysts/Joel-Beatty/,Not found
Joel Fishbein,9971,https://stockanalysis.com/analysts/Joel-Fishbein/,Not found
Joel Lederman,9971,https://stockanalysis.com/analysts/Joel-Lederman/,Not found
Joseph Feldman,9971,https://stockanalysis.com/analysts/Joseph-Feldman/,Not found
Joseph Grabowski,9971,https://stockanalysis.com/analysts/Joseph-Grabowski/,Not found
John Edelman,9971,https://stockanalysis.com/analysts/John-Edelman/,Not found
John Egbert,9971,https://stockanalysis.com/analysts/John-Egbert/,Not found
Alexander Platt,9971,https://stockanalysis.com/analysts/Alexander-Platt/,Not found
Vikram Malhorta,9971,https://stockanalysis.com/analysts/Vikram-Malhorta/,Not found
Vikram Purohit,9971,https://stockanalysis.com/analysts/Vikram-Purohit/,Not found
Vilas Abraham,9971,https://stockanalysis.com/analysts/Vilas-Abraham/,Not found
Vincent Ciantic,9971,https://stockanalysis.com/analysts/Vincent-Ciantic/,Not found
Alexander Waters,9971,https://stockanalysis.com/analysts/Alexander-Waters/,Not found
John Gibson,9971,https://stockanalysis.com/analysts/John-Gibson/,Not found
John Glass,9971,https://stockanalysis.com/analysts/John-Glass/,Not found
Jonathan Siegmann,9971,https://stockanalysis.com/analysts/Jonathan-Siegmann/,Not found
Jordan Boretz,9971,https://stockanalysis.com/analysts/Jordan-Boretz/,Not found
Jorg Friedemann,9971,https://stockanalysis.com/analysts/Jorg-Friedemann/,Not found
John McDonald,9971,https://stockanalysis.com/analysts/John-McDonald/,Not found
John Murphy,9971,https://stockanalysis.com/analysts/John-Murphy/,Not found
John Nadel,9971,https://stockanalysis.com/analysts/John-Nadel/,Not found
John Roberts,9971,https://stockanalysis.com/analysts/John-Roberts/,Not found
Vincent Sinisi,9971,https://stockanalysis.com/analysts/Vincent-Sinisi/,Not found
Vitor Tomita,9971,https://stockanalysis.com/analysts/Vitor-Tomita/,Not found
Vivien Azer,9971,https://stockanalysis.com/analysts/Vivien-Azer/,Not found
Vladimir Bystricky,9971,https://stockanalysis.com/analysts/Vladimir-Bystricky/,Not found
Wei Xiong,9971,https://stockanalysis.com/analysts/Wei-Xiong/,Not found
Weng Chen,9971,https://stockanalysis.com/analysts/Weng-Chen/,Not found
Wesley Golladay,9971,https://stockanalysis.com/analysts/Wesley-Golladay/,Not found
Alex Stranahan,9971,https://stockanalysis.com/analysts/Alex-Stranahan/,Not found
Alex Straton,9971,https://stockanalysis.com/analysts/Alex-Straton/,Not found
Alex Thompson,9971,https://stockanalysis.com/analysts/Alex-Thompson/,Not found
Alex Goldfarb,9971,https://stockanalysis.com/analysts/Alex-Goldfarb/,Not found
Alex Haissl,9971,https://stockanalysis.com/analysts/Alex-Haissl/,Not found
Alex Nowark,9971,https://stockanalysis.com/analysts/Alex-Nowark/,Not found
Alex Perry,9971,https://stockanalysis.com/analysts/Alex-Perry/,Not found
Alex Potter,9971,https://stockanalysis.com/analysts/Alex-Potter/,Not found
Weston Bloomer,9971,https://stockanalysis.com/analysts/Weston-Bloomer/,Not found
William Crow,9971,https://stockanalysis.com/analysts/William-Crow/,Not found
William Jellison,9971,https://stockanalysis.com/analysts/William-Jellison/,Not found
William Kirk,9971,https://stockanalysis.com/analysts/William-Kirk/,Not found
John Rogers,9971,https://stockanalysis.com/analysts/John-Rogers/,Not found
Jonathan Bock,9971,https://stockanalysis.com/analysts/Jonathan-Bock/,Not found
Jonathan Brandt,9971,https://stockanalysis.com/analysts/Jonathan-Brandt/,Not found
Jonathan Hughes,9971,https://stockanalysis.com/analysts/Jonathan-Hughes/,Not found
Jonathan Lee,9971,https://stockanalysis.com/analysts/Jonathan-Lee/,Not found
Jonathan Reeder,9971,https://stockanalysis.com/analysts/Jonathan-Reeder/,Not found
John Rowan,9971,https://stockanalysis.com/analysts/John-Rowan/,Not found
John Sourbeer,9971,https://stockanalysis.com/analysts/John-Sourbeer/,Not found
John Te,9971,https://stockanalysis.com/analysts/John-Te/,Not found
John Wilkin,9971,https://stockanalysis.com/analysts/John-Wilkin/,Not found
John Young,9971,https://stockanalysis.com/analysts/John-Young/,Not found
Jon Young,9971,https://stockanalysis.com/analysts/Jon-Young/,Not found
del Valle,9971,https://stockanalysis.com/analysts/del-Valle/,Not found
lvan Tuerkcan,9971,https://stockanalysis.com/analysts/lvan-Tuerkcan/,Not found
Zixiao Yang,9971,https://stockanalysis.com/analysts/Zixiao-Yang/,Not found
de Angele,9971,https://stockanalysis.com/analysts/de-Angele/,Not found
