Analyst name,Ranking,URL,Last update
Asiya Merchant,1,https://stockanalysis.com/analysts/Asiya-Merchant/,12 Aug 2026
Timothy Arcuri,2,https://stockanalysis.com/analysts/Timothy-Arcuri/,12 Aug 2026
Atif Malik,5,https://stockanalysis.com/analysts/Atif-Malik/,10 Aug 2026
Samik Chatterjee,6,https://stockanalysis.com/analysts/Samik-Chatterjee/,12 Aug 2026
Justin Jenkins,7,https://stockanalysis.com/analysts/Justin-Jenkins/,11 Aug 2026
William Stein,8,https://stockanalysis.com/analysts/William-Stein/,07 Aug 2026
Aaron Rakers,9,https://stockanalysis.com/analysts/Aaron-Rakers/,11 Aug 2026
Harsh Kumar,10,https://stockanalysis.com/analysts/Harsh-Kumar/,26 Feb 2026
Richard Shannon,11,https://stockanalysis.com/analysts/Richard-Shannon/,12 Aug 2026
Vijay Rakesh,12,https://stockanalysis.com/analysts/Vijay-Rakesh/,11 Aug 2026
Matt Bryson,15,https://stockanalysis.com/analysts/Matt-Bryson/,11 Aug 2026
Chris Hallam,16,https://stockanalysis.com/analysts/Chris-Hallam/,10 Aug 2026
Michael Siperco,18,https://stockanalysis.com/analysts/Michael-Siperco/,10 Dec 2025
Ebrahim Poonawala,19,https://stockanalysis.com/analysts/Ebrahim-Poonawala/,31 Jul 2026
Krish Sankar,20,https://stockanalysis.com/analysts/Krish-Sankar/,07 Aug 2026
Theresa Chen,21,https://stockanalysis.com/analysts/Theresa-Chen/,11 Aug 2026
Harlan Sur,22,https://stockanalysis.com/analysts/Harlan-Sur/,12 Aug 2026
Ruben Roy,23,https://stockanalysis.com/analysts/Ruben-Roy/,12 Aug 2026
Dan Payne,25,https://stockanalysis.com/analysts/Dan-Payne/,07 Aug 2026
Rick Schafer,26,https://stockanalysis.com/analysts/Rick-Schafer/,12 Aug 2026
Josh Sullivan,27,https://stockanalysis.com/analysts/Josh-Sullivan/,15 Jul 2026
Amit Daryanani,28,https://stockanalysis.com/analysts/Amit-Daryanani/,12 Aug 2026
Mark Lipacis,30,https://stockanalysis.com/analysts/Mark-Lipacis/,12 Aug 2026
Gautam Khanna,31,https://stockanalysis.com/analysts/Gautam-Khanna/,12 Aug 2026
Jim Kelleher,32,https://stockanalysis.com/analysts/Jim-Kelleher/,07 Aug 2026
Quinn Bolton,33,https://stockanalysis.com/analysts/Quinn-Bolton/,12 Aug 2026
Blayne Curtis,34,https://stockanalysis.com/analysts/Blayne-Curtis/,11 Aug 2026
Wamsi Mohan,35,https://stockanalysis.com/analysts/Wamsi-Mohan/,06 Aug 2026
Christopher Rolland,36,https://stockanalysis.com/analysts/Christopher-Rolland/,12 Aug 2026
Heiko Ihle,37,https://stockanalysis.com/analysts/Heiko-Ihle/,12 Aug 2026
Mark Miller,40,https://stockanalysis.com/analysts/Mark-Miller/,15 Jan 2026
Sam Slutsky,41,https://stockanalysis.com/analysts/Sam-Slutsky/,12 Aug 2026
Jeremy Hoy,42,https://stockanalysis.com/analysts/Jeremy-Hoy/,20 Jul 2026
Gary Tenner,45,https://stockanalysis.com/analysts/Gary-Tenner/,31 Jul 2026
Faisal Khurshid,46,https://stockanalysis.com/analysts/Faisal-Khurshid/,06 Aug 2026
Charles Minervino,49,https://stockanalysis.com/analysts/Charles-Minervino/,11 Aug 2026
Cody Acree,50,https://stockanalysis.com/analysts/Cody-Acree/,05 Aug 2026
Brian MacArthur,51,https://stockanalysis.com/analysts/Brian-MacArthur/,23 Jul 2026
Andrew Kaplowitz,52,https://stockanalysis.com/analysts/Andrew-Kaplowitz/,12 Aug 2026
John Freeman,53,https://stockanalysis.com/analysts/John-Freeman/,31 Jul 2026
Brent Thielman,55,https://stockanalysis.com/analysts/Brent-Thielman/,12 Aug 2026
Devin Ryan,57,https://stockanalysis.com/analysts/Devin-Ryan/,11 Aug 2026
David Risinger,60,https://stockanalysis.com/analysts/David-Risinger/,11 Aug 2026
Christian Schwab,61,https://stockanalysis.com/analysts/Christian-Schwab/,12 Aug 2026
Julian Harrison,62,https://stockanalysis.com/analysts/Julian-Harrison/,11 Aug 2026
Tim Savageaux,63,https://stockanalysis.com/analysts/Tim-Savageaux/,10 Aug 2026
Ritu Baral,64,https://stockanalysis.com/analysts/Ritu-Baral/,11 Aug 2026
Thomas Smith,65,https://stockanalysis.com/analysts/Thomas-Smith/,04 Aug 2026
Eric Winmill,69,https://stockanalysis.com/analysts/Eric-Winmill/,11 Aug 2026
Kian Abouhossein,71,https://stockanalysis.com/analysts/Kian-Abouhossein/,10 Aug 2026
Selman Akyol,72,https://stockanalysis.com/analysts/Selman-Akyol/,07 Aug 2026
Mike Mayo,73,https://stockanalysis.com/analysts/Mike-Mayo/,04 Aug 2026
Mark Hughes,74,https://stockanalysis.com/analysts/Mark-Hughes/,12 Aug 2026
Ross Seymore,75,https://stockanalysis.com/analysts/Ross-Seymore/,29 Jun 2026
Gerard Cassidy,76,https://stockanalysis.com/analysts/Gerard-Cassidy/,12 Aug 2026
Moshe Orenbuch,78,https://stockanalysis.com/analysts/Moshe-Orenbuch/,07 Aug 2026
Leo Mariani,79,https://stockanalysis.com/analysts/Leo-Mariani/,12 Aug 2026
Stacy Rasgon,80,https://stockanalysis.com/analysts/Stacy-Rasgon/,11 Aug 2026
Michael Ciarmoli,81,https://stockanalysis.com/analysts/Michael-Ciarmoli/,29 Jul 2026
Josh Wolfson,82,https://stockanalysis.com/analysts/Josh-Wolfson/,10 Aug 2026
Jason Seidl,83,https://stockanalysis.com/analysts/Jason-Seidl/,07 Aug 2026
Carey Macrury,85,https://stockanalysis.com/analysts/Carey-Macrury/,06 Jul 2026
Myles Minter,86,https://stockanalysis.com/analysts/Myles-Minter/,11 Aug 2026
Kevin Cassidy,87,https://stockanalysis.com/analysts/Kevin-Cassidy/,12 Aug 2026
Joon Lee,88,https://stockanalysis.com/analysts/Joon-Lee/,17 Mar 2026
Ami Fadia,89,https://stockanalysis.com/analysts/Ami-Fadia/,12 Aug 2026
Chase Knickerbocker,90,https://stockanalysis.com/analysts/Chase-Knickerbocker/,12 Aug 2026
Patrick Trucchio,91,https://stockanalysis.com/analysts/Patrick-Trucchio/,12 Aug 2026
Andres Coello,93,https://stockanalysis.com/analysts/Andres-Coello/,07 Aug 2026
Bill Papanastasiou,95,https://stockanalysis.com/analysts/Bill-Papanastasiou/,27 Jul 2026
Phil Hardie,96,https://stockanalysis.com/analysts/Phil-Hardie/,07 Aug 2026
Bose George,97,https://stockanalysis.com/analysts/Bose-George/,12 Aug 2026
Shrenik Kothari,98,https://stockanalysis.com/analysts/Shrenik-Kothari/,10 Aug 2026
Meyer Shields,99,https://stockanalysis.com/analysts/Meyer-Shields/,11 Aug 2026
Alexander Blostein,100,https://stockanalysis.com/analysts/Alexander-Blostein/,11 Aug 2026
Sanjay Sakhrani,101,https://stockanalysis.com/analysts/Sanjay-Sakhrani/,11 Aug 2026
Brian Chin,102,https://stockanalysis.com/analysts/Brian-Chin/,10 Aug 2026
Nathan Jones,104,https://stockanalysis.com/analysts/Nathan-Jones/,12 Aug 2026
Daniel Fannon,105,https://stockanalysis.com/analysts/Daniel-Fannon/,05 Aug 2026
Walter Spracklin,106,https://stockanalysis.com/analysts/Walter-Spracklin/,11 Aug 2026
Ronald Epstein,107,https://stockanalysis.com/analysts/Ronald-Epstein/,11 Aug 2026
Keith Mackey,108,https://stockanalysis.com/analysts/Keith-Mackey/,11 Aug 2026
Chris Caso,109,https://stockanalysis.com/analysts/Chris-Caso/,04 Aug 2026
Etzer Darout,110,https://stockanalysis.com/analysts/Etzer-Darout/,11 Aug 2026
Yaron Werber,111,https://stockanalysis.com/analysts/Yaron-Werber/,11 Aug 2026
Tore Svanberg,112,https://stockanalysis.com/analysts/Tore-Svanberg/,12 Aug 2026
James Ricchiuti,113,https://stockanalysis.com/analysts/James-Ricchiuti/,12 Aug 2026
John Todaro,114,https://stockanalysis.com/analysts/John-Todaro/,12 Aug 2026
Tristan Gerra,115,https://stockanalysis.com/analysts/Tristan-Gerra/,06 Aug 2026
Craig Ellis,116,https://stockanalysis.com/analysts/Craig-Ellis/,07 Aug 2026
Damon Delmonte,119,https://stockanalysis.com/analysts/Damon-Delmonte/,03 Aug 2026
Brian Brophy,120,https://stockanalysis.com/analysts/Brian-Brophy/,12 Aug 2026
Srini Pajjuri,122,https://stockanalysis.com/analysts/Srini-Pajjuri/,11 Aug 2026
Andrew Obin,126,https://stockanalysis.com/analysts/Andrew-Obin/,11 Aug 2026
Patrick Brown,127,https://stockanalysis.com/analysts/Patrick-Brown/,31 Jul 2026
Steve Barger,128,https://stockanalysis.com/analysts/Steve-Barger/,07 Aug 2026
Seamus Fernandez,129,https://stockanalysis.com/analysts/Seamus-Fernandez/,12 Aug 2026
Justin Post,130,https://stockanalysis.com/analysts/Justin-Post/,12 Aug 2026
Dave Kang,131,https://stockanalysis.com/analysts/Dave-Kang/,07 Aug 2026
Jonathan Ruykhaver,133,https://stockanalysis.com/analysts/Jonathan-Ruykhaver/,03 Aug 2026
Richard Hatch,134,https://stockanalysis.com/analysts/Richard-Hatch/,12 Aug 2026
Mehdi Hosseini,135,https://stockanalysis.com/analysts/Mehdi-Hosseini/,10 Aug 2026
John Vinh,136,https://stockanalysis.com/analysts/John-Vinh/,07 Aug 2026
Simon Leopold,137,https://stockanalysis.com/analysts/Simon-Leopold/,11 Aug 2026
David Williams,138,https://stockanalysis.com/analysts/David-Williams/,06 Aug 2026
Michael Schmidt,139,https://stockanalysis.com/analysts/Michael-Schmidt/,11 Aug 2026
Robert Brown,140,https://stockanalysis.com/analysts/Robert-Brown/,07 Aug 2026
Mark Newman,143,https://stockanalysis.com/analysts/Mark-Newman/,06 Aug 2026
David Konrad,144,https://stockanalysis.com/analysts/David-Konrad/,04 Aug 2026
Ariel Rosa,147,https://stockanalysis.com/analysts/Ariel-Rosa/,10 Aug 2026
Debanjana Chatterjee,148,https://stockanalysis.com/analysts/Debanjana-Chatterjee/,12 Aug 2026
Jason Goldberg,149,https://stockanalysis.com/analysts/Jason-Goldberg/,10 Aug 2026
Joshua Buchalter,151,https://stockanalysis.com/analysts/Joshua-Buchalter/,11 Aug 2026
Jonathan Chappell,153,https://stockanalysis.com/analysts/Jonathan-Chappell/,30 Jul 2026
Jamie Cook,154,https://stockanalysis.com/analysts/Jamie-Cook/,12 Aug 2026
Peter Arment,155,https://stockanalysis.com/analysts/Peter-Arment/,07 Aug 2026
Craig Stanley,157,https://stockanalysis.com/analysts/Craig-Stanley/,07 Aug 2026
Sam Crittenden,159,https://stockanalysis.com/analysts/Sam-Crittenden/,10 Aug 2026
Joseph Moore,161,https://stockanalysis.com/analysts/Joseph-Moore/,12 Aug 2026
Vivek Arya,162,https://stockanalysis.com/analysts/Vivek-Arya/,11 Aug 2026
Yatin Suneja,163,https://stockanalysis.com/analysts/Yatin-Suneja/,11 Aug 2026
Mike Colonnese,165,https://stockanalysis.com/analysts/Mike-Colonnese/,11 Aug 2026
Joseph Schwartz,166,https://stockanalysis.com/analysts/Joseph-Schwartz/,27 Jul 2026
Yasmeen Rahimi,167,https://stockanalysis.com/analysts/Yasmeen-Rahimi/,11 Aug 2026
Martin Fan,168,https://stockanalysis.com/analysts/Martin-Fan/,12 Aug 2026
Wood Lay,169,https://stockanalysis.com/analysts/Wood-Lay/,05 Aug 2026
Christopher McGratty,170,https://stockanalysis.com/analysts/Christopher-McGratty/,05 Aug 2026
Erik Rasmussen,171,https://stockanalysis.com/analysts/Erik-Rasmussen/,11 Aug 2026
Paul Newsome,175,https://stockanalysis.com/analysts/Paul-Newsome/,12 Aug 2026
Manav Gupta,177,https://stockanalysis.com/analysts/Manav-Gupta/,10 Aug 2026
Chris Kotowski,178,https://stockanalysis.com/analysts/Chris-Kotowski/,11 Aug 2026
Elvira Scotto,179,https://stockanalysis.com/analysts/Elvira-Scotto/,10 Aug 2026
Stephen Volkmann,180,https://stockanalysis.com/analysts/Stephen-Volkmann/,29 Jul 2026
Scott Hanold,181,https://stockanalysis.com/analysts/Scott-Hanold/,11 Aug 2026
Lloyd Walmsley,182,https://stockanalysis.com/analysts/Lloyd-Walmsley/,11 Aug 2026
Mark Delaney,183,https://stockanalysis.com/analysts/Mark-Delaney/,10 Aug 2026
Srikripa Devarakonda,184,https://stockanalysis.com/analysts/Srikripa-Devarakonda/,11 Aug 2026
Jason Gerberry,185,https://stockanalysis.com/analysts/Jason-Gerberry/,12 Aug 2026
Rob Owens,186,https://stockanalysis.com/analysts/Rob-Owens/,12 Aug 2026
Charles Shi,187,https://stockanalysis.com/analysts/Charles-Shi/,10 Aug 2026
Brian Quast,188,https://stockanalysis.com/analysts/Brian-Quast/,07 Aug 2026
Edward Nash,189,https://stockanalysis.com/analysts/Edward-Nash/,11 Aug 2026
Colin Rusch,190,https://stockanalysis.com/analysts/Colin-Rusch/,07 Aug 2026
Junaid Siddiqui,191,https://stockanalysis.com/analysts/Junaid-Siddiqui/,11 Aug 2026
Keith Horowitz,193,https://stockanalysis.com/analysts/Keith-Horowitz/,08 May 2026
Kelsey Goodwin,194,https://stockanalysis.com/analysts/Kelsey-Goodwin/,12 Aug 2026
Andrew Coombs,196,https://stockanalysis.com/analysts/Andrew-Coombs/,04 Aug 2026
Allison Bratzel,201,https://stockanalysis.com/analysts/Allison-Bratzel/,07 Aug 2026
Patrick Moley,202,https://stockanalysis.com/analysts/Patrick-Moley/,11 Aug 2026
Scot Ciccarelli,203,https://stockanalysis.com/analysts/Scot-Ciccarelli/,11 Aug 2026
Fadi Chamoun,204,https://stockanalysis.com/analysts/Fadi-Chamoun/,11 Aug 2026
Doug Schenkel,205,https://stockanalysis.com/analysts/Doug-Schenkel/,10 Dec 2025
Michael Lasser,207,https://stockanalysis.com/analysts/Michael-Lasser/,07 Aug 2026
Julian Mitchell,209,https://stockanalysis.com/analysts/Julian-Mitchell/,12 Jun 2026
Noah Kaye,211,https://stockanalysis.com/analysts/Noah-Kaye/,11 Aug 2026
Christopher Glynn,212,https://stockanalysis.com/analysts/Christopher-Glynn/,05 Aug 2026
Shaul Eyal,213,https://stockanalysis.com/analysts/Shaul-Eyal/,12 Aug 2026
Nehal Chokshi,214,https://stockanalysis.com/analysts/Nehal-Chokshi/,12 Aug 2026
Douglas Tsao,215,https://stockanalysis.com/analysts/Douglas-Tsao/,12 Aug 2026
George Sutton,216,https://stockanalysis.com/analysts/George-Sutton/,07 Aug 2026
Edward Yang,218,https://stockanalysis.com/analysts/Edward-Yang/,07 Aug 2026
Sebastien Naji,219,https://stockanalysis.com/analysts/Sebastien-Naji/,11 Aug 2026
Brett Huff,222,https://stockanalysis.com/analysts/Brett-Huff/,11 Aug 2026
Seth Seifman,225,https://stockanalysis.com/analysts/Seth-Seifman/,12 Aug 2026
Bobby Brooks,226,https://stockanalysis.com/analysts/Bobby-Brooks/,12 Aug 2026
Stephen Tusa,228,https://stockanalysis.com/analysts/Stephen-Tusa/,11 Jun 2026
Andrew Percoco,229,https://stockanalysis.com/analysts/Andrew-Percoco/,12 Aug 2026
Sheila Kahyaoglu,231,https://stockanalysis.com/analysts/Sheila-Kahyaoglu/,12 Aug 2026
Bryan Blair,233,https://stockanalysis.com/analysts/Bryan-Blair/,07 Aug 2026
Tim Long,235,https://stockanalysis.com/analysts/Tim-Long/,12 Aug 2026
Orest Wowkodaw,236,https://stockanalysis.com/analysts/Orest-Wowkodaw/,07 Aug 2026
Chris Dendrinos,238,https://stockanalysis.com/analysts/Chris-Dendrinos/,10 Aug 2026
Gregory Lewis,239,https://stockanalysis.com/analysts/Gregory-Lewis/,11 Aug 2026
Alex Platt,241,https://stockanalysis.com/analysts/Alex-Platt/,18 May 2026
Brian Meredith,245,https://stockanalysis.com/analysts/Brian-Meredith/,10 Aug 2026
Rudy Li,246,https://stockanalysis.com/analysts/Rudy-Li/,11 Aug 2026
Sam Margolin,247,https://stockanalysis.com/analysts/Sam-Margolin/,07 Aug 2026
Brett Linzey,249,https://stockanalysis.com/analysts/Brett-Linzey/,11 Aug 2026
Fatima Boolani,253,https://stockanalysis.com/analysts/Fatima-Boolani/,12 Aug 2026
Frederic Bastien,254,https://stockanalysis.com/analysts/Frederic-Bastien/,10 Aug 2026
Leonid Timashev,257,https://stockanalysis.com/analysts/Leonid-Timashev/,11 Aug 2026
Alexander Paris,258,https://stockanalysis.com/analysts/Alexander-Paris/,12 Aug 2026
Cory Kasimov,259,https://stockanalysis.com/analysts/Cory-Kasimov/,12 Aug 2026
Chip Moore,260,https://stockanalysis.com/analysts/Chip-Moore/,12 Aug 2026
Greg Palm,261,https://stockanalysis.com/analysts/Greg-Palm/,12 Aug 2026
Derek Archila,263,https://stockanalysis.com/analysts/Derek-Archila/,12 Aug 2026
Gus Richard,264,https://stockanalysis.com/analysts/Gus-Richard/,12 Aug 2026
Andrew Fein,266,https://stockanalysis.com/analysts/Andrew-Fein/,11 Aug 2026
Ryan Koontz,268,https://stockanalysis.com/analysts/Ryan-Koontz/,12 Aug 2026
Melissa Weathers,270,https://stockanalysis.com/analysts/Melissa-Weathers/,12 Aug 2026
Kyle Menges,271,https://stockanalysis.com/analysts/Kyle-Menges/,06 Aug 2026
Brian Drab,272,https://stockanalysis.com/analysts/Brian-Drab/,07 Aug 2026
Subbu Nambi,274,https://stockanalysis.com/analysts/Subbu-Nambi/,11 Aug 2026
Andre Madrid,275,https://stockanalysis.com/analysts/Andre-Madrid/,10 Aug 2026
Raj Ray,278,https://stockanalysis.com/analysts/Raj-Ray/,10 Aug 2026
Peter Benedict,280,https://stockanalysis.com/analysts/Peter-Benedict/,07 Aug 2026
John Eade,281,https://stockanalysis.com/analysts/John-Eade/,10 Aug 2026
John DiFucci,283,https://stockanalysis.com/analysts/John-DiFucci/,07 Aug 2026
Craig Hutchison,284,https://stockanalysis.com/analysts/Craig-Hutchison/,07 Aug 2026
Brian Bedell,285,https://stockanalysis.com/analysts/Brian-Bedell/,12 Aug 2026
Jonathan Wolleben,289,https://stockanalysis.com/analysts/Jonathan-Wolleben/,10 Aug 2026
Robert Burns,290,https://stockanalysis.com/analysts/Robert-Burns/,10 Aug 2026
Jay Olson,291,https://stockanalysis.com/analysts/Jay-Olson/,12 Aug 2026
Jaeson Schmidt,292,https://stockanalysis.com/analysts/Jaeson-Schmidt/,11 Aug 2026
Melissa Fairbanks,294,https://stockanalysis.com/analysts/Melissa-Fairbanks/,07 Aug 2026
Christopher Allen,297,https://stockanalysis.com/analysts/Christopher-Allen/,12 Aug 2026
David Feaster,299,https://stockanalysis.com/analysts/David-Feaster/,17 Jul 2026
Michael Blum,300,https://stockanalysis.com/analysts/Michael-Blum/,12 Aug 2026
David Manthey,304,https://stockanalysis.com/analysts/David-Manthey/,11 Aug 2026
Corey Tarlowe,305,https://stockanalysis.com/analysts/Corey-Tarlowe/,31 Jul 2026
Mark DeVries,307,https://stockanalysis.com/analysts/Mark-DeVries/,30 Jul 2026
Mark Devries,307,https://stockanalysis.com/analysts/Mark-Devries/,30 Jul 2026
Ross Sandler,308,https://stockanalysis.com/analysts/Ross-Sandler/,10 Aug 2026
Brandon Couillard,309,https://stockanalysis.com/analysts/Brandon-Couillard/,07 Aug 2026
Scott Gruber,310,https://stockanalysis.com/analysts/Scott-Gruber/,11 Aug 2026
Kevin Steinke,311,https://stockanalysis.com/analysts/Kevin-Steinke/,12 Aug 2026
Keith Hughes,312,https://stockanalysis.com/analysts/Keith-Hughes/,11 Aug 2026
Mike Cikos,313,https://stockanalysis.com/analysts/Mike-Cikos/,11 Aug 2026
Andrew Mikitchook,314,https://stockanalysis.com/analysts/Andrew-Mikitchook/,11 Aug 2026
Lloyd Byrne,315,https://stockanalysis.com/analysts/Lloyd-Byrne/,12 Aug 2026
Cosmos Chiu,316,https://stockanalysis.com/analysts/Cosmos-Chiu/,12 Aug 2026
William Power,317,https://stockanalysis.com/analysts/William-Power/,10 Aug 2026
Rami Katkhuda,318,https://stockanalysis.com/analysts/Rami-Katkhuda/,12 Aug 2026
Mike Crawford,319,https://stockanalysis.com/analysts/Mike-Crawford/,07 Aug 2026
Anupam Rama,320,https://stockanalysis.com/analysts/Anupam-Rama/,12 Aug 2026
Joseph Pantginis,321,https://stockanalysis.com/analysts/Joseph-Pantginis/,12 Aug 2026
Trevor Allred,324,https://stockanalysis.com/analysts/Trevor-Allred/,05 Aug 2026
Scott Deuschle,329,https://stockanalysis.com/analysts/Scott-Deuschle/,12 Aug 2026
Stephen Biggar,330,https://stockanalysis.com/analysts/Stephen-Biggar/,10 Aug 2026
Robert Dodd,331,https://stockanalysis.com/analysts/Robert-Dodd/,09 Jul 2026
Charles Zhu,333,https://stockanalysis.com/analysts/Charles-Zhu/,12 Aug 2026
Nathan Race,334,https://stockanalysis.com/analysts/Nathan-Race/,11 Aug 2026
Thomas Diffely,336,https://stockanalysis.com/analysts/Thomas-Diffely/,11 Dec 2025
Mark Kelley,337,https://stockanalysis.com/analysts/Mark-Kelley/,16 Jun 2026
Naved Khan,339,https://stockanalysis.com/analysts/Naved-Khan/,10 Aug 2026
Erik Woodring,340,https://stockanalysis.com/analysts/Erik-Woodring/,11 Aug 2026
Joseph Thome,341,https://stockanalysis.com/analysts/Joseph-Thome/,11 Aug 2026
Ananda Baruah,343,https://stockanalysis.com/analysts/Ananda-Baruah/,02 Jun 2026
David Nierengarten,344,https://stockanalysis.com/analysts/David-Nierengarten/,12 Aug 2026
Graig Suvannavejh,345,https://stockanalysis.com/analysts/Graig-Suvannavejh/,12 Aug 2026
Laura Prendergast,347,https://stockanalysis.com/analysts/Laura-Prendergast/,07 Aug 2026
Catherine Mealor,348,https://stockanalysis.com/analysts/Catherine-Mealor/,06 Aug 2026
Andrew Wittmann,350,https://stockanalysis.com/analysts/Andrew-Wittmann/,11 Aug 2026
George Notter,351,https://stockanalysis.com/analysts/George-Notter/,12 Aug 2026
James Schneider,353,https://stockanalysis.com/analysts/James-Schneider/,11 Aug 2026
Erin Wright,354,https://stockanalysis.com/analysts/Erin-Wright/,12 Aug 2026
Jeffrey Hammond,355,https://stockanalysis.com/analysts/Jeffrey-Hammond/,12 Aug 2026
Jon Arfstrom,356,https://stockanalysis.com/analysts/Jon-Arfstrom/,30 Jul 2026
Alex Zukin,360,https://stockanalysis.com/analysts/Alex-Zukin/,11 Aug 2026
Tara Bancroft,361,https://stockanalysis.com/analysts/Tara-Bancroft/,11 Aug 2026
Brian Nagel,363,https://stockanalysis.com/analysts/Brian-Nagel/,26 Jun 2026
Daniel Ives,364,https://stockanalysis.com/analysts/Daniel-Ives/,30 Jun 2026
Ovais Habib,366,https://stockanalysis.com/analysts/Ovais-Habib/,10 Aug 2026
Andrew Berens,367,https://stockanalysis.com/analysts/Andrew-Berens/,07 Aug 2026
Joseph Stringer,368,https://stockanalysis.com/analysts/Joseph-Stringer/,12 Aug 2026
Katja Jancic,372,https://stockanalysis.com/analysts/Katja-Jancic/,07 Aug 2026
Andrew Brackmann,374,https://stockanalysis.com/analysts/Andrew-Brackmann/,02 Jul 2026
Daniel Major,377,https://stockanalysis.com/analysts/Daniel-Major/,07 Aug 2026
Joseph Quatrochi,382,https://stockanalysis.com/analysts/Joseph-Quatrochi/,11 Aug 2026
Andrew Tsai,384,https://stockanalysis.com/analysts/Andrew-Tsai/,11 Aug 2026
Brian Gesuale,386,https://stockanalysis.com/analysts/Brian-Gesuale/,29 Jul 2026
David Amsellem,388,https://stockanalysis.com/analysts/David-Amsellem/,07 Aug 2026
Gregory Renza,389,https://stockanalysis.com/analysts/Gregory-Renza/,12 Aug 2026
Katie Lachapelle,390,https://stockanalysis.com/analysts/Katie-Lachapelle/,19 May 2026
Marc Goodman,391,https://stockanalysis.com/analysts/Marc-Goodman/,13 Jul 2026
Ed Arce,394,https://stockanalysis.com/analysts/Ed-Arce/,30 Apr 2026
Jeff Rulis,397,https://stockanalysis.com/analysts/Jeff-Rulis/,11 Aug 2026
Eric Heath,398,https://stockanalysis.com/analysts/Eric-Heath/,06 Aug 2026
Stephen Scouten,400,https://stockanalysis.com/analysts/Stephen-Scouten/,30 Jul 2026
David Karnovsky,401,https://stockanalysis.com/analysts/David-Karnovsky/,10 Aug 2026
Kenneth Lee,403,https://stockanalysis.com/analysts/Kenneth-Lee/,11 Aug 2026
Daniela Costa,405,https://stockanalysis.com/analysts/Daniela-Costa/,11 Aug 2026
Max Michaelis,406,https://stockanalysis.com/analysts/Max-Michaelis/,11 Aug 2026
Randy Binner,409,https://stockanalysis.com/analysts/Randy-Binner/,13 Jul 2026
Anthony Pettinari,410,https://stockanalysis.com/analysts/Anthony-Pettinari/,11 Aug 2026
Matthew Carletti,411,https://stockanalysis.com/analysts/Matthew-Carletti/,07 Aug 2026
Ryan Todd,412,https://stockanalysis.com/analysts/Ryan-Todd/,23 Jul 2026
Mark Mahaney,413,https://stockanalysis.com/analysts/Mark-Mahaney/,11 Aug 2026
Erik Suppiger,414,https://stockanalysis.com/analysts/Erik-Suppiger/,04 Aug 2026
Geoff Meacham,415,https://stockanalysis.com/analysts/Geoff-Meacham/,10 Aug 2026
Deepak Mathivanan,416,https://stockanalysis.com/analysts/Deepak-Mathivanan/,07 Aug 2026
Alex Rygiel,417,https://stockanalysis.com/analysts/Alex-Rygiel/,11 Aug 2026
Mircea Dobre,418,https://stockanalysis.com/analysts/Mircea-Dobre/,07 Aug 2026
Jacob Stephan,419,https://stockanalysis.com/analysts/Jacob-Stephan/,11 Aug 2026
Yaron Kinar,422,https://stockanalysis.com/analysts/Yaron-Kinar/,11 Aug 2026
Adam Borg,423,https://stockanalysis.com/analysts/Adam-Borg/,11 Aug 2026
Arren Cyganovich,425,https://stockanalysis.com/analysts/Arren-Cyganovich/,12 Aug 2026
Eric Handler,427,https://stockanalysis.com/analysts/Eric-Handler/,12 Aug 2026
Colin Canfield,429,https://stockanalysis.com/analysts/Colin-Canfield/,10 Aug 2026
Karl Keirstead,430,https://stockanalysis.com/analysts/Karl-Keirstead/,12 Aug 2026
Christian Wetherbee,431,https://stockanalysis.com/analysts/Christian-Wetherbee/,07 Aug 2026
James Lee,432,https://stockanalysis.com/analysts/James-Lee/,27 Feb 2026
Anita Soni,433,https://stockanalysis.com/analysts/Anita-Soni/,11 Aug 2026
Vamil Divan,434,https://stockanalysis.com/analysts/Vamil-Divan/,11 Aug 2026
Nick Giles,435,https://stockanalysis.com/analysts/Nick-Giles/,10 Aug 2026
Patrick Jones,437,https://stockanalysis.com/analysts/Patrick-Jones/,05 Aug 2026
Gary Mobley,438,https://stockanalysis.com/analysts/Gary-Mobley/,10 Aug 2026
Lawson Winder,439,https://stockanalysis.com/analysts/Lawson-Winder/,12 Aug 2026
Chris LaFemina,440,https://stockanalysis.com/analysts/Chris-LaFemina/,06 Aug 2026
Jason Butler,442,https://stockanalysis.com/analysts/Jason-Butler/,07 Aug 2026
Trung Huynh,448,https://stockanalysis.com/analysts/Trung-Huynh/,05 Aug 2026
Myles Allsop,451,https://stockanalysis.com/analysts/Myles-Allsop/,06 Aug 2026
Sean Laaman,455,https://stockanalysis.com/analysts/Sean-Laaman/,12 Aug 2026
Levi Spry,456,https://stockanalysis.com/analysts/Levi-Spry/,11 Aug 2026
Edward Kelly,459,https://stockanalysis.com/analysts/Edward-Kelly/,05 Aug 2026
Brian Pitz,460,https://stockanalysis.com/analysts/Brian-Pitz/,10 Aug 2026
James Thalacker,461,https://stockanalysis.com/analysts/James-Thalacker/,10 Aug 2026
Deane Dray,462,https://stockanalysis.com/analysts/Deane-Dray/,04 Aug 2026
John Hecht,464,https://stockanalysis.com/analysts/John-Hecht/,22 Jul 2026
Brendan Smith,465,https://stockanalysis.com/analysts/Brendan-Smith/,11 Aug 2026
Hamed Khorsand,466,https://stockanalysis.com/analysts/Hamed-Khorsand/,10 Aug 2026
David Scharf,467,https://stockanalysis.com/analysts/David-Scharf/,11 Aug 2026
Andrew Nowinski,468,https://stockanalysis.com/analysts/Andrew-Nowinski/,02 Apr 2026
Annabel Samimy,470,https://stockanalysis.com/analysts/Annabel-Samimy/,12 Aug 2026
Swayampakula Ramakanth,472,https://stockanalysis.com/analysts/Swayampakula-Ramakanth/,12 Aug 2026
Justin Crowley,473,https://stockanalysis.com/analysts/Justin-Crowley/,10 Aug 2026
Maxwell Skor,475,https://stockanalysis.com/analysts/Maxwell-Skor/,10 Aug 2026
Jeet Mukherjee,478,https://stockanalysis.com/analysts/Jeet-Mukherjee/,12 Aug 2026
Robert Hope,480,https://stockanalysis.com/analysts/Robert-Hope/,10 Aug 2026
Gregory Peters,481,https://stockanalysis.com/analysts/Gregory-Peters/,11 Aug 2026
Richard Shane,483,https://stockanalysis.com/analysts/Richard-Shane/,10 Aug 2026
Douglas Harter,484,https://stockanalysis.com/analysts/Douglas-Harter/,10 Aug 2026
Ryan Macwilliams,486,https://stockanalysis.com/analysts/Ryan-Macwilliams/,11 Aug 2026
Ryan MacWilliams,486,https://stockanalysis.com/analysts/Ryan-MacWilliams/,11 Aug 2026
Stephanie Moore,488,https://stockanalysis.com/analysts/Stephanie-Moore/,07 Aug 2026
Bobby Griffin,489,https://stockanalysis.com/analysts/Bobby-Griffin/,10 Aug 2026
Craig Siegenthaler,491,https://stockanalysis.com/analysts/Craig-Siegenthaler/,07 Aug 2026
Ittai Kidron,493,https://stockanalysis.com/analysts/Ittai-Kidron/,12 Aug 2026
Brian Abrahams,494,https://stockanalysis.com/analysts/Brian-Abrahams/,12 Aug 2026
Paul Matteis,495,https://stockanalysis.com/analysts/Paul-Matteis/,10 Aug 2026
Jed Dorsheimer,496,https://stockanalysis.com/analysts/Jed-Dorsheimer/,12 Aug 2026
Kristen Kluska,497,https://stockanalysis.com/analysts/Kristen-Kluska/,11 Aug 2026
Michael Grondahl,498,https://stockanalysis.com/analysts/Michael-Grondahl/,12 Aug 2026
Richard Ramsden,499,https://stockanalysis.com/analysts/Richard-Ramsden/,16 Jul 2026
David Hoang,502,https://stockanalysis.com/analysts/David-Hoang/,12 Aug 2026
Nathan Martin,503,https://stockanalysis.com/analysts/Nathan-Martin/,06 Aug 2026
Joseph Gallo,504,https://stockanalysis.com/analysts/Joseph-Gallo/,10 Aug 2026
Michael Leshock,505,https://stockanalysis.com/analysts/Michael-Leshock/,12 Aug 2026
Devin Dodge,506,https://stockanalysis.com/analysts/Devin-Dodge/,07 Aug 2026
Jade Rahmani,507,https://stockanalysis.com/analysts/Jade-Rahmani/,12 Aug 2026
Alexander Hacking,508,https://stockanalysis.com/analysts/Alexander-Hacking/,03 Aug 2026
Jay McCanless,510,https://stockanalysis.com/analysts/Jay-McCanless/,09 Apr 2026
Myles Walton,511,https://stockanalysis.com/analysts/Myles-Walton/,05 Aug 2026
Josh Silverstein,512,https://stockanalysis.com/analysts/Josh-Silverstein/,12 Aug 2026
Jason Zemansky,515,https://stockanalysis.com/analysts/Jason-Zemansky/,11 Aug 2026
Hamir Patel,516,https://stockanalysis.com/analysts/Hamir-Patel/,11 Aug 2026
Rob Sanderson,518,https://stockanalysis.com/analysts/Rob-Sanderson/,15 Jun 2026
Jason Bazinet,520,https://stockanalysis.com/analysts/Jason-Bazinet/,12 Aug 2026
Stephen Gengaro,522,https://stockanalysis.com/analysts/Stephen-Gengaro/,12 Aug 2026
Maria Ripps,523,https://stockanalysis.com/analysts/Maria-Ripps/,11 Aug 2026
Jake Sekelsky,525,https://stockanalysis.com/analysts/Jake-Sekelsky/,12 Aug 2026
Ryan Krueger,527,https://stockanalysis.com/analysts/Ryan-Krueger/,11 Aug 2026
Harry Fong,528,https://stockanalysis.com/analysts/Harry-Fong/,10 Aug 2026
Mark Moerdler,529,https://stockanalysis.com/analysts/Mark-Moerdler/,12 Aug 2026
Lee Horowitz,530,https://stockanalysis.com/analysts/Lee-Horowitz/,13 Mar 2026
Matthew Clark,532,https://stockanalysis.com/analysts/Matthew-Clark/,03 Aug 2026
Joseph Dickerson,533,https://stockanalysis.com/analysts/Joseph-Dickerson/,04 Aug 2026
Scott Siefers,534,https://stockanalysis.com/analysts/Scott-Siefers/,14 May 2026
Tanya Jakusconek,535,https://stockanalysis.com/analysts/Tanya-Jakusconek/,12 Aug 2026
Brad Zelnick,536,https://stockanalysis.com/analysts/Brad-Zelnick/,07 Aug 2026
Neil Mehta,537,https://stockanalysis.com/analysts/Neil-Mehta/,12 Aug 2026
Bradley Thomas,538,https://stockanalysis.com/analysts/Bradley-Thomas/,11 Aug 2026
Rupesh Parikh,540,https://stockanalysis.com/analysts/Rupesh-Parikh/,11 Aug 2026
Nicole Deblase,541,https://stockanalysis.com/analysts/Nicole-Deblase/,06 Aug 2026
Saket Kalia,542,https://stockanalysis.com/analysts/Saket-Kalia/,11 Aug 2026
Sami Corwin,543,https://stockanalysis.com/analysts/Sami-Corwin/,12 Aug 2026
Josh Beck,544,https://stockanalysis.com/analysts/Josh-Beck/,07 Aug 2026
Ted Jackson,545,https://stockanalysis.com/analysts/Ted-Jackson/,11 Aug 2026
Laura Chico,546,https://stockanalysis.com/analysts/Laura-Chico/,12 Aug 2026
Liam Burke,547,https://stockanalysis.com/analysts/Liam-Burke/,10 Aug 2026
Debjit Chattopadhyay,548,https://stockanalysis.com/analysts/Debjit-Chattopadhyay/,11 Aug 2026
Ben Gerlinger,553,https://stockanalysis.com/analysts/Ben-Gerlinger/,31 Jul 2026
Manuel Navas,554,https://stockanalysis.com/analysts/Manuel-Navas/,11 Aug 2026
Patrick Kenny,555,https://stockanalysis.com/analysts/Patrick-Kenny/,15 Jun 2026
Allen Lutz,556,https://stockanalysis.com/analysts/Allen-Lutz/,11 Aug 2026
Anthony Chukumba,557,https://stockanalysis.com/analysts/Anthony-Chukumba/,10 Aug 2026
Jason Gabelman,559,https://stockanalysis.com/analysts/Jason-Gabelman/,12 Aug 2026
Tim Huff,561,https://stockanalysis.com/analysts/Tim-Huff/,11 Aug 2026
Derek Podhaizer,563,https://stockanalysis.com/analysts/Derek-Podhaizer/,07 Aug 2026
Joseph Bonner,565,https://stockanalysis.com/analysts/Joseph-Bonner/,07 Aug 2026
Michael Doumet,566,https://stockanalysis.com/analysts/Michael-Doumet/,23 Feb 2026
Steven Chubak,567,https://stockanalysis.com/analysts/Steven-Chubak/,12 Aug 2026
Brennan Hawken,568,https://stockanalysis.com/analysts/Brennan-Hawken/,06 Aug 2026
Konark Gupta,570,https://stockanalysis.com/analysts/Konark-Gupta/,11 Aug 2026
Omar Dessouky,571,https://stockanalysis.com/analysts/Omar-Dessouky/,11 Aug 2026
David Arcaro,572,https://stockanalysis.com/analysts/David-Arcaro/,11 Aug 2026
Gray Powell,573,https://stockanalysis.com/analysts/Gray-Powell/,10 Aug 2026
Hal Goetsch,574,https://stockanalysis.com/analysts/Hal-Goetsch/,07 Aug 2026
David Koning,575,https://stockanalysis.com/analysts/David-Koning/,07 Aug 2026
Robert Young,576,https://stockanalysis.com/analysts/Robert-Young/,15 May 2026
Whitney Ijem,577,https://stockanalysis.com/analysts/Whitney-Ijem/,12 Aug 2026
John Massocca,585,https://stockanalysis.com/analysts/John-Massocca/,22 Jul 2026
Ryan Deschner,586,https://stockanalysis.com/analysts/Ryan-Deschner/,11 Aug 2026
Stephen Richardson,589,https://stockanalysis.com/analysts/Stephen-Richardson/,12 Aug 2026
Donald Fandetti,590,https://stockanalysis.com/analysts/Donald-Fandetti/,06 Aug 2026
Joe Ritchie,591,https://stockanalysis.com/analysts/Joe-Ritchie/,10 Aug 2026
Kristine Liwag,593,https://stockanalysis.com/analysts/Kristine-Liwag/,12 Aug 2026
Keith Weiss,595,https://stockanalysis.com/analysts/Keith-Weiss/,01 Jun 2026
Mitch Kummetz,597,https://stockanalysis.com/analysts/Mitch-Kummetz/,20 Jul 2026
Philip Ng,598,https://stockanalysis.com/analysts/Philip-Ng/,11 Aug 2026
Gary Prestopino,600,https://stockanalysis.com/analysts/Gary-Prestopino/,12 Aug 2026
Steven Lichtman,601,https://stockanalysis.com/analysts/Steven-Lichtman/,12 Aug 2026
Ryan Pfingst,602,https://stockanalysis.com/analysts/Ryan-Pfingst/,07 Aug 2026
Justin Walsh,603,https://stockanalysis.com/analysts/Justin-Walsh/,10 Aug 2026
Stephen Bersey,605,https://stockanalysis.com/analysts/Stephen-Bersey/,10 Aug 2026
Dean Wilkinson,607,https://stockanalysis.com/analysts/Dean-Wilkinson/,10 Aug 2026
Pierre Ferragu,608,https://stockanalysis.com/analysts/Pierre-Ferragu/,30 Jul 2026
Mihir Bhatia,609,https://stockanalysis.com/analysts/Mihir-Bhatia/,06 Aug 2026
John Mackay,610,https://stockanalysis.com/analysts/John-Mackay/,11 Aug 2026
Stephen Kim,616,https://stockanalysis.com/analysts/Stephen-Kim/,07 Aug 2026
Benjamin Budish,618,https://stockanalysis.com/analysts/Benjamin-Budish/,10 Aug 2026
Akash Tewari,619,https://stockanalysis.com/analysts/Akash-Tewari/,11 Aug 2026
Sandeep Deshpande,620,https://stockanalysis.com/analysts/Sandeep-Deshpande/,05 Aug 2026
Rohit Kulkarni,621,https://stockanalysis.com/analysts/Rohit-Kulkarni/,10 Aug 2026
David Westenberg,623,https://stockanalysis.com/analysts/David-Westenberg/,12 Aug 2026
Danielle Brill,625,https://stockanalysis.com/analysts/Danielle-Brill/,12 Aug 2026
Peter Weed,632,https://stockanalysis.com/analysts/Peter-Weed/,11 Aug 2026
Daniel Tamayo,634,https://stockanalysis.com/analysts/Daniel-Tamayo/,31 Jul 2026
Miller Jump,635,https://stockanalysis.com/analysts/Miller-Jump/,07 Aug 2026
Paul Golding,637,https://stockanalysis.com/analysts/Paul-Golding/,04 Aug 2026
Gregg Moskowitz,640,https://stockanalysis.com/analysts/Gregg-Moskowitz/,12 Aug 2026
Adam Seiden,641,https://stockanalysis.com/analysts/Adam-Seiden/,12 Aug 2026
Andrew Boone,643,https://stockanalysis.com/analysts/Andrew-Boone/,11 Aug 2026
Jonathan Komp,644,https://stockanalysis.com/analysts/Jonathan-Komp/,07 Aug 2026
Yigal Nochomovitz,645,https://stockanalysis.com/analysts/Yigal-Nochomovitz/,12 Aug 2026
Suneet Kamath,651,https://stockanalysis.com/analysts/Suneet-Kamath/,13 Jul 2026
David George,653,https://stockanalysis.com/analysts/David-George/,24 Jul 2026
David Joyce,655,https://stockanalysis.com/analysts/David-Joyce/,07 Aug 2026
Brian McKenna,657,https://stockanalysis.com/analysts/Brian-McKenna/,07 Aug 2026
Michael Tupholme,658,https://stockanalysis.com/analysts/Michael-Tupholme/,11 Aug 2026
John Barnidge,659,https://stockanalysis.com/analysts/John-Barnidge/,06 Mar 2026
Dan Leonard,662,https://stockanalysis.com/analysts/Dan-Leonard/,10 Aug 2026
Blair Abernethy,663,https://stockanalysis.com/analysts/Blair-Abernethy/,10 Aug 2026
Michael Wiederhorn,665,https://stockanalysis.com/analysts/Michael-Wiederhorn/,10 Aug 2026
Richard Baldry,667,https://stockanalysis.com/analysts/Richard-Baldry/,11 Aug 2026
Gil Blum,669,https://stockanalysis.com/analysts/Gil-Blum/,12 Aug 2026
Susan Anderson,670,https://stockanalysis.com/analysts/Susan-Anderson/,11 Aug 2026
Mark Shmulik,679,https://stockanalysis.com/analysts/Mark-Shmulik/,31 Jul 2026
Angie Storozynski,681,https://stockanalysis.com/analysts/Angie-Storozynski/,15 Jun 2026
Scott Graham,683,https://stockanalysis.com/analysts/Scott-Graham/,09 Aug 2026
Bascome Majors,684,https://stockanalysis.com/analysts/Bascome-Majors/,06 Aug 2026
John Ransom,687,https://stockanalysis.com/analysts/John-Ransom/,31 Jul 2026
Justin Clare,688,https://stockanalysis.com/analysts/Justin-Clare/,12 Aug 2026
Michael Rollins,689,https://stockanalysis.com/analysts/Michael-Rollins/,12 Aug 2026
Daley Li,691,https://stockanalysis.com/analysts/Daley-Li/,07 Aug 2026
Brian Morrison,692,https://stockanalysis.com/analysts/Brian-Morrison/,05 Aug 2026
Steve Moss,693,https://stockanalysis.com/analysts/Steve-Moss/,31 Jul 2026
Serge Belanger,694,https://stockanalysis.com/analysts/Serge-Belanger/,12 Aug 2026
Brett Knoblauch,695,https://stockanalysis.com/analysts/Brett-Knoblauch/,11 Aug 2026
Joseph Vafi,696,https://stockanalysis.com/analysts/Joseph-Vafi/,07 Aug 2026
Conor Fitzpatrick,697,https://stockanalysis.com/analysts/Conor-Fitzpatrick/,10 Aug 2026
Matthew Prisco,701,https://stockanalysis.com/analysts/Matthew-Prisco/,07 Aug 2026
Fahad Tariq,703,https://stockanalysis.com/analysts/Fahad-Tariq/,11 Aug 2026
Mark Jarvi,704,https://stockanalysis.com/analysts/Mark-Jarvi/,10 Aug 2026
Garik Shmois,705,https://stockanalysis.com/analysts/Garik-Shmois/,28 Jan 2026
Christopher Kuhn,706,https://stockanalysis.com/analysts/Christopher-Kuhn/,16 Jul 2026
Ananda Ghosh,708,https://stockanalysis.com/analysts/Ananda-Ghosh/,07 Aug 2026
John Ivankoe,711,https://stockanalysis.com/analysts/John-Ivankoe/,10 Aug 2026
Peter Saleh,713,https://stockanalysis.com/analysts/Peter-Saleh/,07 Aug 2026
Mohit Bansal,714,https://stockanalysis.com/analysts/Mohit-Bansal/,12 Aug 2026
Evan Seigerman,715,https://stockanalysis.com/analysts/Evan-Seigerman/,12 Aug 2026
Cameron Doerksen,716,https://stockanalysis.com/analysts/Cameron-Doerksen/,07 Jul 2026
Koji Ikeda,718,https://stockanalysis.com/analysts/Koji-Ikeda/,07 Aug 2026
Matt Summerville,719,https://stockanalysis.com/analysts/Matt-Summerville/,11 Aug 2026
Fawne Jiang,720,https://stockanalysis.com/analysts/Fawne-Jiang/,06 Aug 2026
Anthony Stoss,721,https://stockanalysis.com/analysts/Anthony-Stoss/,11 Aug 2026
Clark Lampen,722,https://stockanalysis.com/analysts/Clark-Lampen/,12 Aug 2026
Chris Baker,723,https://stockanalysis.com/analysts/Chris-Baker/,10 Aug 2026
Chris Graja,727,https://stockanalysis.com/analysts/Chris-Graja/,07 Aug 2026
Daniel Imbro,729,https://stockanalysis.com/analysts/Daniel-Imbro/,16 Jan 2026
Lucas Servera,730,https://stockanalysis.com/analysts/Lucas-Servera/,07 Aug 2026
Sam Burwell,732,https://stockanalysis.com/analysts/Sam-Burwell/,06 Aug 2026
Andrew Jeffrey,738,https://stockanalysis.com/analysts/Andrew-Jeffrey/,06 Aug 2026
Bryan Kraft,739,https://stockanalysis.com/analysts/Bryan-Kraft/,12 Aug 2026
Doug Anmuth,740,https://stockanalysis.com/analysts/Doug-Anmuth/,11 Aug 2026
Michael Halloran,741,https://stockanalysis.com/analysts/Michael-Halloran/,07 Aug 2026
Brad Heffern,743,https://stockanalysis.com/analysts/Brad-Heffern/,07 Aug 2026
Lance Vitanza,745,https://stockanalysis.com/analysts/Lance-Vitanza/,11 Aug 2026
Sumant Kulkarni,746,https://stockanalysis.com/analysts/Sumant-Kulkarni/,12 Aug 2026
Scott Searle,747,https://stockanalysis.com/analysts/Scott-Searle/,12 Aug 2026
Durgesh Chopra,750,https://stockanalysis.com/analysts/Durgesh-Chopra/,07 Aug 2026
Robert Catellier,752,https://stockanalysis.com/analysts/Robert-Catellier/,10 Aug 2026
Christopher Carril,753,https://stockanalysis.com/analysts/Christopher-Carril/,12 Aug 2026
Darko Mihelic,754,https://stockanalysis.com/analysts/Darko-Mihelic/,09 Aug 2026
Rudy Kessinger,755,https://stockanalysis.com/analysts/Rudy-Kessinger/,11 Aug 2026
Nicholas Campanella,756,https://stockanalysis.com/analysts/Nicholas-Campanella/,10 Aug 2026
Paul Lejuez,759,https://stockanalysis.com/analysts/Paul-Lejuez/,12 Aug 2026
Tal Liani,760,https://stockanalysis.com/analysts/Tal-Liani/,12 Aug 2026
Drew Crum,761,https://stockanalysis.com/analysts/Drew-Crum/,10 Aug 2026
Aaron Bilkoski,762,https://stockanalysis.com/analysts/Aaron-Bilkoski/,07 Aug 2026
Shyam Patil,763,https://stockanalysis.com/analysts/Shyam-Patil/,10 Aug 2026
Chris Brendler,766,https://stockanalysis.com/analysts/Chris-Brendler/,12 Aug 2026
Silvan Tuerkcan,767,https://stockanalysis.com/analysts/Silvan-Tuerkcan/,10 Aug 2026
Brandon Bingham,769,https://stockanalysis.com/analysts/Brandon-Bingham/,12 Aug 2026
Chris Dankert,772,https://stockanalysis.com/analysts/Chris-Dankert/,11 Aug 2026
Jay Huang,773,https://stockanalysis.com/analysts/Jay-Huang/,20 Jul 2026
Dave Rochester,774,https://stockanalysis.com/analysts/Dave-Rochester/,06 Aug 2026
Andrew Kligerman,775,https://stockanalysis.com/analysts/Andrew-Kligerman/,11 Aug 2026
Cherilyn Radbourne,777,https://stockanalysis.com/analysts/Cherilyn-Radbourne/,10 Aug 2026
Darrin Peller,779,https://stockanalysis.com/analysts/Darrin-Peller/,10 Aug 2026
Michael Lewis,780,https://stockanalysis.com/analysts/Michael-Lewis/,11 Aug 2026
Jonathan Atkin,781,https://stockanalysis.com/analysts/Jonathan-Atkin/,10 Aug 2026
James Fish,782,https://stockanalysis.com/analysts/James-Fish/,12 Aug 2026
Matthew Hedberg,785,https://stockanalysis.com/analysts/Matthew-Hedberg/,10 Aug 2026
Vincent Colicchio,786,https://stockanalysis.com/analysts/Vincent-Colicchio/,12 Aug 2026
Jeff Jones,788,https://stockanalysis.com/analysts/Jeff-Jones/,11 Aug 2026
Gregory Miller,790,https://stockanalysis.com/analysts/Gregory-Miller/,12 Aug 2026
Peter Peng,793,https://stockanalysis.com/analysts/Peter-Peng/,08 May 2026
Sohrab Movahedi,794,https://stockanalysis.com/analysts/Sohrab-Movahedi/,01 Jun 2026
Jack Meehan,795,https://stockanalysis.com/analysts/Jack-Meehan/,26 Mar 2026
Nick Doyle,796,https://stockanalysis.com/analysts/Nick-Doyle/,10 Nov 2025
Mark Fitzgibbon,797,https://stockanalysis.com/analysts/Mark-Fitzgibbon/,27 Feb 2026
Doug Creutz,798,https://stockanalysis.com/analysts/Doug-Creutz/,07 Aug 2026
Alex Kramm,799,https://stockanalysis.com/analysts/Alex-Kramm/,10 Aug 2026
Terence Flynn,801,https://stockanalysis.com/analysts/Terence-Flynn/,12 Aug 2026
Tessa Romero,802,https://stockanalysis.com/analysts/Tessa-Romero/,11 Aug 2026
David Windley,803,https://stockanalysis.com/analysts/David-Windley/,03 Aug 2026
Jake Bartlett,804,https://stockanalysis.com/analysts/Jake-Bartlett/,18 Mar 2026
Laura Martin,807,https://stockanalysis.com/analysts/Laura-Martin/,12 Aug 2026
Steven Wieczynski,808,https://stockanalysis.com/analysts/Steven-Wieczynski/,11 Aug 2026
Eric Martinuzzi,809,https://stockanalysis.com/analysts/Eric-Martinuzzi/,11 Aug 2026
Alexander Potter,810,https://stockanalysis.com/analysts/Alexander-Potter/,11 Aug 2026
Ryan Nash,814,https://stockanalysis.com/analysts/Ryan-Nash/,10 Aug 2026
David Vernon,815,https://stockanalysis.com/analysts/David-Vernon/,11 Aug 2026
Alicia Reese,817,https://stockanalysis.com/analysts/Alicia-Reese/,12 Aug 2026
Matt Larew,818,https://stockanalysis.com/analysts/Matt-Larew/,12 Aug 2026
John Heinbockel,820,https://stockanalysis.com/analysts/John-Heinbockel/,11 Aug 2026
Christopher Horvers,821,https://stockanalysis.com/analysts/Christopher-Horvers/,10 Aug 2026
Devin McDermott,822,https://stockanalysis.com/analysts/Devin-McDermott/,12 Aug 2026
Kingsley Crane,823,https://stockanalysis.com/analysts/Kingsley-Crane/,12 Aug 2026
Adam Maeder,824,https://stockanalysis.com/analysts/Adam-Maeder/,11 Aug 2026
Jeremy Hamblin,825,https://stockanalysis.com/analysts/Jeremy-Hamblin/,12 Aug 2026
Joseph Osha,826,https://stockanalysis.com/analysts/Joseph-Osha/,11 Aug 2026
David Paige,827,https://stockanalysis.com/analysts/David-Paige/,11 Aug 2026
Sean McLoughlin,832,https://stockanalysis.com/analysts/Sean-McLoughlin/,08 May 2026
Kelly Bania,833,https://stockanalysis.com/analysts/Kelly-Bania/,11 Aug 2026
Glenn Schorr,836,https://stockanalysis.com/analysts/Glenn-Schorr/,10 Aug 2026
Gabriela Borges,838,https://stockanalysis.com/analysts/Gabriela-Borges/,07 Aug 2026
Doug Leggate,840,https://stockanalysis.com/analysts/Doug-Leggate/,03 Aug 2026
Paul Treiber,841,https://stockanalysis.com/analysts/Paul-Treiber/,07 Aug 2026
John Kernan,843,https://stockanalysis.com/analysts/John-Kernan/,04 Dec 2025
Shweta Khajuria,845,https://stockanalysis.com/analysts/Shweta-Khajuria/,03 Aug 2026
Scott Devitt,846,https://stockanalysis.com/analysts/Scott-Devitt/,03 Aug 2026
Casey Alexander,854,https://stockanalysis.com/analysts/Casey-Alexander/,10 Mar 2026
Mario Saric,855,https://stockanalysis.com/analysts/Mario-Saric/,11 Aug 2026
Liam Fitzpatrick,856,https://stockanalysis.com/analysts/Liam-Fitzpatrick/,06 Aug 2026
Jayson Bedford,857,https://stockanalysis.com/analysts/Jayson-Bedford/,07 Aug 2026
Jonathan Ho,858,https://stockanalysis.com/analysts/Jonathan-Ho/,12 Aug 2026
David Tarantino,859,https://stockanalysis.com/analysts/David-Tarantino/,23 Jul 2026
Matthew Bouley,861,https://stockanalysis.com/analysts/Matthew-Bouley/,11 Aug 2026
Brian Essex,862,https://stockanalysis.com/analysts/Brian-Essex/,11 Aug 2026
Alexander Duval,863,https://stockanalysis.com/analysts/Alexander-Duval/,10 Aug 2026
Jeff Martin,864,https://stockanalysis.com/analysts/Jeff-Martin/,07 Aug 2026
Michael Morris,865,https://stockanalysis.com/analysts/Michael-Morris/,07 Aug 2026
Lisa Lewandowski,868,https://stockanalysis.com/analysts/Lisa-Lewandowski/,07 Aug 2026
Andy Chen,869,https://stockanalysis.com/analysts/Andy-Chen/,04 Aug 2026
Richard Anderson,871,https://stockanalysis.com/analysts/Richard-Anderson/,11 Aug 2026
Patrick Sholl,877,https://stockanalysis.com/analysts/Patrick-Sholl/,12 Aug 2026
Ivan Feinseth,879,https://stockanalysis.com/analysts/Ivan-Feinseth/,11 Aug 2026
Benjamin Swinburne,881,https://stockanalysis.com/analysts/Benjamin-Swinburne/,16 Mar 2026
Catherine Novack,883,https://stockanalysis.com/analysts/Catherine-Novack/,31 Jul 2026
Oliver Wintermantel,884,https://stockanalysis.com/analysts/Oliver-Wintermantel/,05 Aug 2026
Kevin Heal,885,https://stockanalysis.com/analysts/Kevin-Heal/,31 Jul 2026
Nicolai Kempf,886,https://stockanalysis.com/analysts/Nicolai-Kempf/,10 Aug 2026
Peter Levine,888,https://stockanalysis.com/analysts/Peter-Levine/,07 Aug 2026
Gokul Hariharan,889,https://stockanalysis.com/analysts/Gokul-Hariharan/,04 Aug 2026
Timothy Horan,890,https://stockanalysis.com/analysts/Timothy-Horan/,06 Aug 2026
Edison Lee,891,https://stockanalysis.com/analysts/Edison-Lee/,10 Aug 2026
Youssef Squali,892,https://stockanalysis.com/analysts/Youssef-Squali/,10 Aug 2026
Mark Argento,893,https://stockanalysis.com/analysts/Mark-Argento/,07 Aug 2026
Zach Cummins,894,https://stockanalysis.com/analysts/Zach-Cummins/,13 May 2026
Asad Haider,896,https://stockanalysis.com/analysts/Asad-Haider/,06 Aug 2026
Mohammed Khallouf,900,https://stockanalysis.com/analysts/Mohammed-Khallouf/,10 Aug 2026
Kenneth Zener,902,https://stockanalysis.com/analysts/Kenneth-Zener/,06 Apr 2026
Yun Kim,906,https://stockanalysis.com/analysts/Yun-Kim/,04 Aug 2026
John Blackledge,907,https://stockanalysis.com/analysts/John-Blackledge/,11 Aug 2026
Martin Yang,908,https://stockanalysis.com/analysts/Martin-Yang/,11 Aug 2026
Louis Miscioscia,912,https://stockanalysis.com/analysts/Louis-Miscioscia/,12 May 2026
Jonathan Petersen,916,https://stockanalysis.com/analysts/Jonathan-Petersen/,10 Aug 2026
Arun Jayaram,918,https://stockanalysis.com/analysts/Arun-Jayaram/,10 Aug 2026
John Staszak,919,https://stockanalysis.com/analysts/John-Staszak/,10 Aug 2026
Scott Schneeberger,920,https://stockanalysis.com/analysts/Scott-Schneeberger/,11 Aug 2026
Salveen Richter,921,https://stockanalysis.com/analysts/Salveen-Richter/,11 Aug 2026
Philippe Houchois,922,https://stockanalysis.com/analysts/Philippe-Houchois/,10 Aug 2026
Joseph Catanzaro,925,https://stockanalysis.com/analysts/Joseph-Catanzaro/,05 Aug 2026
Marcio Farid,927,https://stockanalysis.com/analysts/Marcio-Farid/,31 Jul 2026
Michael Carroll,931,https://stockanalysis.com/analysts/Michael-Carroll/,10 Aug 2026
Christopher Snyder,932,https://stockanalysis.com/analysts/Christopher-Snyder/,10 Aug 2026
Simon Yarmak,933,https://stockanalysis.com/analysts/Simon-Yarmak/,11 Aug 2026
Ann Hynes,934,https://stockanalysis.com/analysts/Ann-Hynes/,11 Aug 2026
Jeremy Tonet,935,https://stockanalysis.com/analysts/Jeremy-Tonet/,04 Aug 2026
Stephen Ju,936,https://stockanalysis.com/analysts/Stephen-Ju/,12 Aug 2026
Craig Irwin,937,https://stockanalysis.com/analysts/Craig-Irwin/,12 Aug 2026
Yanan Zhu,939,https://stockanalysis.com/analysts/Yanan-Zhu/,12 Aug 2026
Eddie Hickman,943,https://stockanalysis.com/analysts/Eddie-Hickman/,06 Aug 2026
Victoria McCulloch,944,https://stockanalysis.com/analysts/Victoria-McCulloch/,31 Jul 2026
Kunal Madhukar,949,https://stockanalysis.com/analysts/Kunal-Madhukar/,12 Aug 2026
Thomas Chong,952,https://stockanalysis.com/analysts/Thomas-Chong/,04 Aug 2026
David Toung,955,https://stockanalysis.com/analysts/David-Toung/,07 Aug 2026
Joshua Shanker,958,https://stockanalysis.com/analysts/Joshua-Shanker/,12 Aug 2026
Vivek Juneja,960,https://stockanalysis.com/analysts/Vivek-Juneja/,04 Aug 2026
Gil Luria,964,https://stockanalysis.com/analysts/Gil-Luria/,10 Aug 2026
Ross Sparenblek,966,https://stockanalysis.com/analysts/Ross-Sparenblek/,11 Aug 2026
Katherine Lei,967,https://stockanalysis.com/analysts/Katherine-Lei/,11 Aug 2026
Lauren Silberman,970,https://stockanalysis.com/analysts/Lauren-Silberman/,06 Aug 2026
Michael Brown,971,https://stockanalysis.com/analysts/Michael-Brown/,07 Aug 2026
Craig Hettenbach,973,https://stockanalysis.com/analysts/Craig-Hettenbach/,11 Aug 2026
Elyse Greenspan,974,https://stockanalysis.com/analysts/Elyse-Greenspan/,10 Aug 2026
Joseph Stauff,975,https://stockanalysis.com/analysts/Joseph-Stauff/,12 Aug 2026
Mark Murphy,976,https://stockanalysis.com/analysts/Mark-Murphy/,14 Jul 2026
Steven Cahall,977,https://stockanalysis.com/analysts/Steven-Cahall/,11 Aug 2026
Andrew Liesch,978,https://stockanalysis.com/analysts/Andrew-Liesch/,08 Jul 2026
Patrick Scholes,979,https://stockanalysis.com/analysts/Patrick-Scholes/,11 Aug 2026
Curry Baker,980,https://stockanalysis.com/analysts/Curry-Baker/,07 Aug 2026
David Anderson,982,https://stockanalysis.com/analysts/David-Anderson/,11 Aug 2026
Stephen Willey,983,https://stockanalysis.com/analysts/Stephen-Willey/,07 Aug 2026
Bennett Moore,987,https://stockanalysis.com/analysts/Bennett-Moore/,04 Aug 2026
Andrew Sherman,992,https://stockanalysis.com/analysts/Andrew-Sherman/,10 Aug 2026
Dara Mohsenian,994,https://stockanalysis.com/analysts/Dara-Mohsenian/,12 Aug 2026
Joel Jackson,996,https://stockanalysis.com/analysts/Joel-Jackson/,07 Aug 2026
Tycho Peterson,997,https://stockanalysis.com/analysts/Tycho-Peterson/,07 Aug 2026
Michael Baker,998,https://stockanalysis.com/analysts/Michael-Baker/,11 Aug 2026
Matthew Boss,999,https://stockanalysis.com/analysts/Matthew-Boss/,11 Aug 2026
Richard Close,1000,https://stockanalysis.com/analysts/Richard-Close/,11 Aug 2026
Josh Nichols,1003,https://stockanalysis.com/analysts/Josh-Nichols/,07 Aug 2026
Yuan Zhi,1004,https://stockanalysis.com/analysts/Yuan-Zhi/,10 Aug 2026
Mitchell Kapoor,1005,https://stockanalysis.com/analysts/Mitchell-Kapoor/,12 Aug 2026
Alexandra Yates,1007,https://stockanalysis.com/analysts/Alexandra-Yates/,31 Jul 2026
Adam Vogel,1009,https://stockanalysis.com/analysts/Adam-Vogel/,12 Aug 2026
Chad Dillard,1010,https://stockanalysis.com/analysts/Chad-Dillard/,12 Aug 2026
Stephen Laszczyk,1011,https://stockanalysis.com/analysts/Stephen-Laszczyk/,11 Aug 2026
RJ Milligan,1012,https://stockanalysis.com/analysts/RJ-Milligan/,28 Jul 2026
Ben Reitzes,1014,https://stockanalysis.com/analysts/Ben-Reitzes/,29 Jun 2026
Brian Bittner,1015,https://stockanalysis.com/analysts/Brian-Bittner/,07 Aug 2026
Tami Zakaria,1016,https://stockanalysis.com/analysts/Tami-Zakaria/,12 Aug 2026
Brandon Oglenski,1018,https://stockanalysis.com/analysts/Brandon-Oglenski/,07 Aug 2026
Martin Auster,1019,https://stockanalysis.com/analysts/Martin-Auster/,11 Aug 2026
Eric Coldwell,1028,https://stockanalysis.com/analysts/Eric-Coldwell/,11 Aug 2026
Rafe Jadrosich,1029,https://stockanalysis.com/analysts/Rafe-Jadrosich/,07 Aug 2026
Keith Bachman,1030,https://stockanalysis.com/analysts/Keith-Bachman/,11 Aug 2026
Brad Reback,1031,https://stockanalysis.com/analysts/Brad-Reback/,10 Aug 2026
Tim Anderson,1034,https://stockanalysis.com/analysts/Tim-Anderson/,18 Dec 2025
Owen Lau,1035,https://stockanalysis.com/analysts/Owen-Lau/,06 Aug 2026
Omotayo Okusanya,1036,https://stockanalysis.com/analysts/Omotayo-Okusanya/,22 Jul 2026
Alexander Pearce,1037,https://stockanalysis.com/analysts/Alexander-Pearce/,22 Jul 2026
Alex Scott,1038,https://stockanalysis.com/analysts/Alex-Scott/,07 Aug 2026
Jessica Fye,1041,https://stockanalysis.com/analysts/Jessica-Fye/,11 Aug 2026
Brian Cheng,1042,https://stockanalysis.com/analysts/Brian-Cheng/,10 Aug 2026
Eric Sheridan,1043,https://stockanalysis.com/analysts/Eric-Sheridan/,11 Aug 2026
Peter Heckmann,1044,https://stockanalysis.com/analysts/Peter-Heckmann/,11 Aug 2026
Ian Zaffino,1045,https://stockanalysis.com/analysts/Ian-Zaffino/,12 Aug 2026
Bernie McTernan,1046,https://stockanalysis.com/analysts/Bernie-McTernan/,11 Aug 2026
Steven Seedhouse,1047,https://stockanalysis.com/analysts/Steven-Seedhouse/,11 Aug 2026
Brian Kinstlinger,1048,https://stockanalysis.com/analysts/Brian-Kinstlinger/,12 Aug 2026
Michael Kupinski,1049,https://stockanalysis.com/analysts/Michael-Kupinski/,12 Aug 2026
Robert Stallard,1051,https://stockanalysis.com/analysts/Robert-Stallard/,01 Jul 2026
Howard Ma,1052,https://stockanalysis.com/analysts/Howard-Ma/,07 Aug 2026
Peter Winter,1055,https://stockanalysis.com/analysts/Peter-Winter/,03 Aug 2026
Douglas Harned,1056,https://stockanalysis.com/analysts/Douglas-Harned/,06 Aug 2026
Kevin Chiang,1058,https://stockanalysis.com/analysts/Kevin-Chiang/,12 Aug 2026
Jeff Cantwell,1059,https://stockanalysis.com/analysts/Jeff-Cantwell/,24 May 2026
Colin Sebastian,1060,https://stockanalysis.com/analysts/Colin-Sebastian/,10 Aug 2026
Jeff Johnson,1061,https://stockanalysis.com/analysts/Jeff-Johnson/,07 Aug 2026
Ronald Kamdem,1068,https://stockanalysis.com/analysts/Ronald-Kamdem/,11 Aug 2026
Kurt Yinger,1069,https://stockanalysis.com/analysts/Kurt-Yinger/,10 Aug 2026
Erika Najarian,1070,https://stockanalysis.com/analysts/Erika-Najarian/,05 Aug 2026
Ralph Schackart,1071,https://stockanalysis.com/analysts/Ralph-Schackart/,07 Aug 2026
Anthony Petrone,1072,https://stockanalysis.com/analysts/Anthony-Petrone/,11 Aug 2026
Todd Coupland,1073,https://stockanalysis.com/analysts/Todd-Coupland/,11 Aug 2026
Subash Chandra,1074,https://stockanalysis.com/analysts/Subash-Chandra/,11 Aug 2026
Darren Aftahi,1075,https://stockanalysis.com/analysts/Darren-Aftahi/,11 Aug 2026
Brian Foran,1076,https://stockanalysis.com/analysts/Brian-Foran/,04 Aug 2026
Anthony Crowdell,1081,https://stockanalysis.com/analysts/Anthony-Crowdell/,11 Aug 2026
Lisa Gill,1082,https://stockanalysis.com/analysts/Lisa-Gill/,12 Aug 2026
Barton Crockett,1083,https://stockanalysis.com/analysts/Barton-Crockett/,11 Aug 2026
Luke Sergott,1085,https://stockanalysis.com/analysts/Luke-Sergott/,10 Aug 2026
Ketan Mamtora,1090,https://stockanalysis.com/analysts/Ketan-Mamtora/,12 Aug 2026
Christopher Marinac,1093,https://stockanalysis.com/analysts/Christopher-Marinac/,12 Jun 2026
Nelson Ng,1095,https://stockanalysis.com/analysts/Nelson-Ng/,10 Aug 2026
Michael Feniger,1096,https://stockanalysis.com/analysts/Michael-Feniger/,11 Aug 2026
Trey Grooms,1097,https://stockanalysis.com/analysts/Trey-Grooms/,07 Aug 2026
Steven Forbes,1099,https://stockanalysis.com/analysts/Steven-Forbes/,06 Aug 2026
George Hill,1100,https://stockanalysis.com/analysts/George-Hill/,12 Aug 2026
Phillip Jungwirth,1101,https://stockanalysis.com/analysts/Phillip-Jungwirth/,28 Jul 2026
Tiago Fauth,1102,https://stockanalysis.com/analysts/Tiago-Fauth/,10 Aug 2026
Guy Hardwick,1110,https://stockanalysis.com/analysts/Guy-Hardwick/,11 Aug 2026
Ashwani Verma,1112,https://stockanalysis.com/analysts/Ashwani-Verma/,11 Aug 2026
Tobey Sommer,1115,https://stockanalysis.com/analysts/Tobey-Sommer/,12 Aug 2026
Mark Lear,1117,https://stockanalysis.com/analysts/Mark-Lear/,10 Apr 2026
Michael Rose,1119,https://stockanalysis.com/analysts/Michael-Rose/,23 Jul 2026
Michael Zaremski,1125,https://stockanalysis.com/analysts/Michael-Zaremski/,12 Aug 2026
Brian Mullan,1126,https://stockanalysis.com/analysts/Brian-Mullan/,12 Aug 2026
Joshua Chan,1127,https://stockanalysis.com/analysts/Joshua-Chan/,11 Aug 2026
Timothy Wojs,1129,https://stockanalysis.com/analysts/Timothy-Wojs/,11 Aug 2026
Andy Barish,1131,https://stockanalysis.com/analysts/Andy-Barish/,05 Aug 2026
Troy Jensen,1133,https://stockanalysis.com/analysts/Troy-Jensen/,11 Aug 2026
Mark Zgutowicz,1134,https://stockanalysis.com/analysts/Mark-Zgutowicz/,11 Aug 2026
Gautam Chhugani,1135,https://stockanalysis.com/analysts/Gautam-Chhugani/,11 Aug 2026
Terry McEvoy,1142,https://stockanalysis.com/analysts/Terry-McEvoy/,16 Jul 2026
Crispin Love,1143,https://stockanalysis.com/analysts/Crispin-Love/,11 Aug 2026
Tazeen Ahmad,1144,https://stockanalysis.com/analysts/Tazeen-Ahmad/,11 Aug 2026
Jonathan Goldman,1145,https://stockanalysis.com/analysts/Jonathan-Goldman/,11 Aug 2026
Michael Diana,1146,https://stockanalysis.com/analysts/Michael-Diana/,12 Aug 2026
Matthew Taylor,1148,https://stockanalysis.com/analysts/Matthew-Taylor/,06 Aug 2026
Thomas Wadewitz,1150,https://stockanalysis.com/analysts/Thomas-Wadewitz/,07 Aug 2026
Sean McCutcheon,1151,https://stockanalysis.com/analysts/Sean-McCutcheon/,06 Aug 2026
Bradley Canino,1152,https://stockanalysis.com/analysts/Bradley-Canino/,06 Aug 2026
Michael Latimore,1153,https://stockanalysis.com/analysts/Michael-Latimore/,12 Aug 2026
Ingo Wermann,1156,https://stockanalysis.com/analysts/Ingo-Wermann/,05 Aug 2026
Duane Pfennigwerth,1157,https://stockanalysis.com/analysts/Duane-Pfennigwerth/,07 Aug 2026
Duffy Fischer,1158,https://stockanalysis.com/analysts/Duffy-Fischer/,09 Aug 2026
Reuben Garner,1161,https://stockanalysis.com/analysts/Reuben-Garner/,06 Aug 2026
Kirk Materne,1162,https://stockanalysis.com/analysts/Kirk-Materne/,10 Aug 2026
Thomas Flaten,1165,https://stockanalysis.com/analysts/Thomas-Flaten/,11 Aug 2026
Joseph Altobello,1166,https://stockanalysis.com/analysts/Joseph-Altobello/,07 Aug 2026
Robert Driscoll,1168,https://stockanalysis.com/analysts/Robert-Driscoll/,12 Aug 2026
Maury Raycroft,1169,https://stockanalysis.com/analysts/Maury-Raycroft/,06 Aug 2026
Timothy Coffey,1171,https://stockanalysis.com/analysts/Timothy-Coffey/,30 Jul 2026
Eugene Hsiao,1176,https://stockanalysis.com/analysts/Eugene-Hsiao/,29 May 2026
Matthew Galinko,1179,https://stockanalysis.com/analysts/Matthew-Galinko/,11 Aug 2026
Daniel Cardenas,1181,https://stockanalysis.com/analysts/Daniel-Cardenas/,12 Mar 2026
Derick Ma,1186,https://stockanalysis.com/analysts/Derick-Ma/,24 Jul 2026
Meta Marshall,1187,https://stockanalysis.com/analysts/Meta-Marshall/,12 Aug 2026
Raimo Lenschow,1189,https://stockanalysis.com/analysts/Raimo-Lenschow/,11 Aug 2026
Kristina Ruggeri,1197,https://stockanalysis.com/analysts/Kristina-Ruggeri/,10 Aug 2026
Pito Chickering,1198,https://stockanalysis.com/analysts/Pito-Chickering/,06 Aug 2026
Jon Tower,1200,https://stockanalysis.com/analysts/Jon-Tower/,11 Aug 2026
Patrick Colville,1201,https://stockanalysis.com/analysts/Patrick-Colville/,11 Aug 2026
Amit Mehrotra,1202,https://stockanalysis.com/analysts/Amit-Mehrotra/,07 Aug 2026
Jon Windham,1203,https://stockanalysis.com/analysts/Jon-Windham/,12 Aug 2026
Michael Elias,1205,https://stockanalysis.com/analysts/Michael-Elias/,10 Aug 2026
Dan Dolev,1206,https://stockanalysis.com/analysts/Dan-Dolev/,12 Aug 2026
Bill Selesky,1215,https://stockanalysis.com/analysts/Bill-Selesky/,10 Aug 2026
Sanjit Singh,1216,https://stockanalysis.com/analysts/Sanjit-Singh/,10 Aug 2026
Eric Joseph,1218,https://stockanalysis.com/analysts/Eric-Joseph/,12 Aug 2026
Alex Markgraff,1219,https://stockanalysis.com/analysts/Alex-Markgraff/,10 Aug 2026
Biren Amin,1220,https://stockanalysis.com/analysts/Biren-Amin/,12 Aug 2026
Mark Carden,1224,https://stockanalysis.com/analysts/Mark-Carden/,07 Aug 2026
Bret Jordan,1227,https://stockanalysis.com/analysts/Bret-Jordan/,30 Jun 2026
Adam Berlin,1229,https://stockanalysis.com/analysts/Adam-Berlin/,07 Aug 2026
Sabahat Khan,1230,https://stockanalysis.com/analysts/Sabahat-Khan/,10 Aug 2026
Greg Gibas,1231,https://stockanalysis.com/analysts/Greg-Gibas/,11 Aug 2026
Jeff Schmitt,1238,https://stockanalysis.com/analysts/Jeff-Schmitt/,07 Aug 2026
Timur Braziler,1240,https://stockanalysis.com/analysts/Timur-Braziler/,10 Aug 2026
Zach Parham,1243,https://stockanalysis.com/analysts/Zach-Parham/,06 May 2026
Manan Gosalia,1244,https://stockanalysis.com/analysts/Manan-Gosalia/,05 Aug 2026
Greg Melich,1245,https://stockanalysis.com/analysts/Greg-Melich/,07 Aug 2026
Daryl Young,1246,https://stockanalysis.com/analysts/Daryl-Young/,12 Aug 2026
Kannan Venkateshwar,1247,https://stockanalysis.com/analysts/Kannan-Venkateshwar/,07 Aug 2026
Alan Gould,1248,https://stockanalysis.com/analysts/Alan-Gould/,04 Jun 2026
Michael Linenberg,1250,https://stockanalysis.com/analysts/Michael-Linenberg/,31 Jul 2026
Alec Stranahan,1251,https://stockanalysis.com/analysts/Alec-Stranahan/,12 Aug 2026
Kalpit Patel,1252,https://stockanalysis.com/analysts/Kalpit-Patel/,11 Aug 2026
Matthew Martino,1253,https://stockanalysis.com/analysts/Matthew-Martino/,12 Aug 2026
David Bishop,1255,https://stockanalysis.com/analysts/David-Bishop/,27 Jul 2026
Alexander Slagle,1256,https://stockanalysis.com/analysts/Alexander-Slagle/,14 May 2026
Jimmy Shan,1258,https://stockanalysis.com/analysts/Jimmy-Shan/,09 Aug 2026
Andrew Steinerman,1259,https://stockanalysis.com/analysts/Andrew-Steinerman/,10 Aug 2026
Todd Thomas,1260,https://stockanalysis.com/analysts/Todd-Thomas/,12 Aug 2026
Aleksey Yefremov,1265,https://stockanalysis.com/analysts/Aleksey-Yefremov/,04 Mar 2026
Christopher Stathoulopoulos,1266,https://stockanalysis.com/analysts/Christopher-Stathoulopoulos/,11 Aug 2026
Eric Luebchow,1267,https://stockanalysis.com/analysts/Eric-Luebchow/,10 Aug 2026
Rick Patel,1269,https://stockanalysis.com/analysts/Rick-Patel/,11 Aug 2026
Michael Swartz,1270,https://stockanalysis.com/analysts/Michael-Swartz/,21 Apr 2026
Kelly Motta,1271,https://stockanalysis.com/analysts/Kelly-Motta/,03 Aug 2026
David Raso,1272,https://stockanalysis.com/analysts/David-Raso/,02 Aug 2026
Gavin Parsons,1275,https://stockanalysis.com/analysts/Gavin-Parsons/,07 Aug 2026
Christopher Nolan,1276,https://stockanalysis.com/analysts/Christopher-Nolan/,07 Aug 2026
Corinne Johnson,1278,https://stockanalysis.com/analysts/Corinne-Johnson/,16 Jul 2026
Paul Choi,1280,https://stockanalysis.com/analysts/Paul-Choi/,11 Aug 2026
Ben Hendrix,1281,https://stockanalysis.com/analysts/Ben-Hendrix/,11 Aug 2026
Suraj Kalia,1283,https://stockanalysis.com/analysts/Suraj-Kalia/,12 Aug 2026
Mark Smith,1285,https://stockanalysis.com/analysts/Mark-Smith/,07 Aug 2026
Matthew Weston,1287,https://stockanalysis.com/analysts/Matthew-Weston/,07 Aug 2026
Pablo Monsivais,1290,https://stockanalysis.com/analysts/Pablo-Monsivais/,15 May 2026
Rajesh Kumar,1291,https://stockanalysis.com/analysts/Rajesh-Kumar/,13 Jul 2026
Bryan Keane,1292,https://stockanalysis.com/analysts/Bryan-Keane/,10 Aug 2026
John Lovallo,1293,https://stockanalysis.com/analysts/John-Lovallo/,11 Aug 2026
Noah Poponak,1294,https://stockanalysis.com/analysts/Noah-Poponak/,11 Aug 2026
Gerry Sweeney,1295,https://stockanalysis.com/analysts/Gerry-Sweeney/,07 Aug 2026
Philip Shen,1296,https://stockanalysis.com/analysts/Philip-Shen/,12 Aug 2026
Thomas Shrader,1297,https://stockanalysis.com/analysts/Thomas-Shrader/,11 Aug 2026
Janet Lee,1298,https://stockanalysis.com/analysts/Janet-Lee/,03 Aug 2026
Kelsey Chia,1299,https://stockanalysis.com/analysts/Kelsey-Chia/,31 Jul 2026
John Babcock,1307,https://stockanalysis.com/analysts/John-Babcock/,11 Aug 2026
Brian Tanquilut,1311,https://stockanalysis.com/analysts/Brian-Tanquilut/,31 Jul 2026
David Long,1312,https://stockanalysis.com/analysts/David-Long/,01 Jul 2026
Connor Murphy,1313,https://stockanalysis.com/analysts/Connor-Murphy/,10 Aug 2026
Jimmy Bhullar,1316,https://stockanalysis.com/analysts/Jimmy-Bhullar/,20 Apr 2026
Jake Fuller,1321,https://stockanalysis.com/analysts/Jake-Fuller/,12 Aug 2026
David Stanton,1322,https://stockanalysis.com/analysts/David-Stanton/,11 Aug 2026
Richard Newitter,1323,https://stockanalysis.com/analysts/Richard-Newitter/,10 Aug 2026
Mike Kratky,1324,https://stockanalysis.com/analysts/Mike-Kratky/,06 Aug 2026
Chiara Battistini,1330,https://stockanalysis.com/analysts/Chiara-Battistini/,04 Aug 2026
Ross Fowler,1332,https://stockanalysis.com/analysts/Ross-Fowler/,12 Aug 2026
Brian Nowak,1334,https://stockanalysis.com/analysts/Brian-Nowak/,07 Aug 2026
Thomas Blakey,1338,https://stockanalysis.com/analysts/Thomas-Blakey/,10 Aug 2026
Brandt Montour,1340,https://stockanalysis.com/analysts/Brandt-Montour/,11 Aug 2026
Mark Cash,1341,https://stockanalysis.com/analysts/Mark-Cash/,07 Aug 2026
David Vogt,1344,https://stockanalysis.com/analysts/David-Vogt/,11 Aug 2026
Chris Parkinson,1347,https://stockanalysis.com/analysts/Chris-Parkinson/,10 Aug 2026
John Hodulik,1348,https://stockanalysis.com/analysts/John-Hodulik/,07 Aug 2026
Ghansham Panjabi,1349,https://stockanalysis.com/analysts/Ghansham-Panjabi/,07 Aug 2026
Scott Group,1350,https://stockanalysis.com/analysts/Scott-Group/,11 Aug 2026
Stephen Byrd,1352,https://stockanalysis.com/analysts/Stephen-Byrd/,06 Aug 2026
Savanthi Syth,1353,https://stockanalysis.com/analysts/Savanthi-Syth/,11 Aug 2026
Justin Kim,1354,https://stockanalysis.com/analysts/Justin-Kim/,08 Jun 2026
David Deckelbaum,1355,https://stockanalysis.com/analysts/David-Deckelbaum/,26 Mar 2026
Andreas Argyrides,1356,https://stockanalysis.com/analysts/Andreas-Argyrides/,06 Jul 2026
David Motemaden,1361,https://stockanalysis.com/analysts/David-Motemaden/,07 Aug 2026
Robert Kad,1364,https://stockanalysis.com/analysts/Robert-Kad/,12 Aug 2026
John Royall,1365,https://stockanalysis.com/analysts/John-Royall/,10 Aug 2026
Steven Fisher,1366,https://stockanalysis.com/analysts/Steven-Fisher/,10 Aug 2026
Stephanie Price,1367,https://stockanalysis.com/analysts/Stephanie-Price/,11 Aug 2026
Tavy Rosner,1368,https://stockanalysis.com/analysts/Tavy-Rosner/,18 Mar 2026
Robert Drbul,1370,https://stockanalysis.com/analysts/Robert-Drbul/,07 Aug 2026
Mark Altschwager,1372,https://stockanalysis.com/analysts/Mark-Altschwager/,07 Aug 2026
Peter Keith,1373,https://stockanalysis.com/analysts/Peter-Keith/,12 Aug 2026
Matthew Caufield,1374,https://stockanalysis.com/analysts/Matthew-Caufield/,12 Aug 2026
Damian Karas,1379,https://stockanalysis.com/analysts/Damian-Karas/,05 Aug 2026
Michael Roxland,1384,https://stockanalysis.com/analysts/Michael-Roxland/,10 Aug 2026
Mauricio Serna,1388,https://stockanalysis.com/analysts/Mauricio-Serna/,11 Aug 2026
Vikram Gandhi,1390,https://stockanalysis.com/analysts/Vikram-Gandhi/,20 Jul 2026
Rustam Kanga,1392,https://stockanalysis.com/analysts/Rustam-Kanga/,04 Aug 2026
Justin Lake,1393,https://stockanalysis.com/analysts/Justin-Lake/,05 May 2026
Kyle Joseph,1394,https://stockanalysis.com/analysts/Kyle-Joseph/,11 Aug 2026
Robbie Marcus,1398,https://stockanalysis.com/analysts/Robbie-Marcus/,12 Aug 2026
Sangita Jain,1399,https://stockanalysis.com/analysts/Sangita-Jain/,12 Aug 2026
Anne Ling,1401,https://stockanalysis.com/analysts/Anne-Ling/,06 Aug 2026
Prakhar Agrawal,1402,https://stockanalysis.com/analysts/Prakhar-Agrawal/,17 Jul 2026
Richard Garchitorena,1404,https://stockanalysis.com/analysts/Richard-Garchitorena/,10 Aug 2026
Adithya Metuku,1407,https://stockanalysis.com/analysts/Adithya-Metuku/,27 Jul 2026
Chris Schott,1410,https://stockanalysis.com/analysts/Chris-Schott/,11 Aug 2026
Nigel Coe,1411,https://stockanalysis.com/analysts/Nigel-Coe/,21 Jul 2026
Marcelo Santos,1418,https://stockanalysis.com/analysts/Marcelo-Santos/,11 Aug 2026
Buck Horne,1421,https://stockanalysis.com/analysts/Buck-Horne/,10 Jul 2026
Joe Feldman,1424,https://stockanalysis.com/analysts/Joe-Feldman/,12 Aug 2026
Sudan Loganathan,1430,https://stockanalysis.com/analysts/Sudan-Loganathan/,04 Jun 2026
John Colantuoni,1432,https://stockanalysis.com/analysts/John-Colantuoni/,10 Aug 2026
Andrei Stadnik,1433,https://stockanalysis.com/analysts/Andrei-Stadnik/,27 Apr 2026
Vijay Kumar,1437,https://stockanalysis.com/analysts/Vijay-Kumar/,07 Aug 2026
Daniel Arias,1440,https://stockanalysis.com/analysts/Daniel-Arias/,12 Aug 2026
Justin Patterson,1441,https://stockanalysis.com/analysts/Justin-Patterson/,10 Aug 2026
Peter Supino,1447,https://stockanalysis.com/analysts/Peter-Supino/,09 Aug 2026
Barry Sine,1448,https://stockanalysis.com/analysts/Barry-Sine/,04 Aug 2026
Louie DiPalma,1450,https://stockanalysis.com/analysts/Louie-DiPalma/,11 Aug 2026
Michael Rehaut,1451,https://stockanalysis.com/analysts/Michael-Rehaut/,16 Jun 2026
Sean Steuart,1452,https://stockanalysis.com/analysts/Sean-Steuart/,10 Aug 2026
Tate Sullivan,1453,https://stockanalysis.com/analysts/Tate-Sullivan/,11 Aug 2026
Steven Alexopoulos,1461,https://stockanalysis.com/analysts/Steven-Alexopoulos/,27 Jul 2026
Bonnie Herzog,1462,https://stockanalysis.com/analysts/Bonnie-Herzog/,10 Aug 2026
Jonathan Matuszewski,1463,https://stockanalysis.com/analysts/Jonathan-Matuszewski/,05 Aug 2026
Jordan Alliger,1465,https://stockanalysis.com/analysts/Jordan-Alliger/,04 Aug 2026
Michael Binetti,1466,https://stockanalysis.com/analysts/Michael-Binetti/,12 Aug 2026
Josh Baer,1467,https://stockanalysis.com/analysts/Josh-Baer/,16 Jul 2026
James Hardiman,1470,https://stockanalysis.com/analysts/James-Hardiman/,11 Aug 2026
David Katz,1471,https://stockanalysis.com/analysts/David-Katz/,09 Aug 2026
Bruno Amorim,1479,https://stockanalysis.com/analysts/Bruno-Amorim/,05 Aug 2026
Ruplu Bhattacharya,1481,https://stockanalysis.com/analysts/Ruplu-Bhattacharya/,12 Aug 2026
William Janela,1485,https://stockanalysis.com/analysts/William-Janela/,04 Aug 2026
Robert Wasserman,1487,https://stockanalysis.com/analysts/Robert-Wasserman/,10 Aug 2026
Harshita Rawat,1488,https://stockanalysis.com/analysts/Harshita-Rawat/,12 Aug 2026
Richard Choe,1490,https://stockanalysis.com/analysts/Richard-Choe/,10 Aug 2026
Lance Wilkes,1493,https://stockanalysis.com/analysts/Lance-Wilkes/,12 Aug 2026
Charles Rhyee,1496,https://stockanalysis.com/analysts/Charles-Rhyee/,12 Aug 2026
Robert Ohmes,1497,https://stockanalysis.com/analysts/Robert-Ohmes/,07 Aug 2026
Steven Delaney,1498,https://stockanalysis.com/analysts/Steven-Delaney/,04 Aug 2026
Thomas Champion,1499,https://stockanalysis.com/analysts/Thomas-Champion/,07 Aug 2026
Dennis Ip,1500,https://stockanalysis.com/analysts/Dennis-Ip/,22 May 2026
Karen Holthouse,1505,https://stockanalysis.com/analysts/Karen-Holthouse/,07 Aug 2026
David Dai,1507,https://stockanalysis.com/analysts/David-Dai/,05 Aug 2026
Jeffrey Spector,1509,https://stockanalysis.com/analysts/Jeffrey-Spector/,10 Aug 2026
Jared Shaw,1511,https://stockanalysis.com/analysts/Jared-Shaw/,10 Aug 2026
Daniel Stauder,1512,https://stockanalysis.com/analysts/Daniel-Stauder/,08 May 2026
Amos Fletcher,1513,https://stockanalysis.com/analysts/Amos-Fletcher/,04 Aug 2026
Alexei Gogolev,1514,https://stockanalysis.com/analysts/Alexei-Gogolev/,12 Aug 2026
Mathieu Robilliard,1515,https://stockanalysis.com/analysts/Mathieu-Robilliard/,10 Aug 2026
Mathew Blackman,1516,https://stockanalysis.com/analysts/Mathew-Blackman/,06 Aug 2026
Bill Peterson,1517,https://stockanalysis.com/analysts/Bill-Peterson/,10 Aug 2026
Brian Ossenbeck,1518,https://stockanalysis.com/analysts/Brian-Ossenbeck/,10 Aug 2026
Steven Etoch,1519,https://stockanalysis.com/analysts/Steven-Etoch/,27 Jul 2026
Paul Fremont,1524,https://stockanalysis.com/analysts/Paul-Fremont/,05 Aug 2026
Michael Ryskin,1529,https://stockanalysis.com/analysts/Michael-Ryskin/,10 Aug 2026
Alex Irving,1530,https://stockanalysis.com/analysts/Alex-Irving/,11 Aug 2026
Jeffrey Silber,1531,https://stockanalysis.com/analysts/Jeffrey-Silber/,10 Aug 2026
Jay Sole,1532,https://stockanalysis.com/analysts/Jay-Sole/,12 Aug 2026
Luke Hannan,1533,https://stockanalysis.com/analysts/Luke-Hannan/,06 Aug 2026
Geulah Livshits,1534,https://stockanalysis.com/analysts/Geulah-Livshits/,07 Jul 2026
Daniel Osley,1536,https://stockanalysis.com/analysts/Daniel-Osley/,05 Aug 2026
Brian Martin,1537,https://stockanalysis.com/analysts/Brian-Martin/,07 Aug 2026
Stephen Grambling,1541,https://stockanalysis.com/analysts/Stephen-Grambling/,12 Aug 2026
Reginald Smith,1542,https://stockanalysis.com/analysts/Reginald-Smith/,08 Jul 2026
Cameron Bean,1543,https://stockanalysis.com/analysts/Cameron-Bean/,01 Apr 2026
Jeff Grampp,1547,https://stockanalysis.com/analysts/Jeff-Grampp/,12 Aug 2026
Kevin Grundy,1553,https://stockanalysis.com/analysts/Kevin-Grundy/,08 Jul 2026
Phillip Blee,1554,https://stockanalysis.com/analysts/Phillip-Blee/,06 Aug 2026
Robert Stein,1555,https://stockanalysis.com/analysts/Robert-Stein/,12 Aug 2026
Daniel Politzer,1557,https://stockanalysis.com/analysts/Daniel-Politzer/,10 Aug 2026
Michael Shlisky,1560,https://stockanalysis.com/analysts/Michael-Shlisky/,10 Aug 2026
Robert Jamieson,1561,https://stockanalysis.com/analysts/Robert-Jamieson/,27 May 2026
Michael Cherny,1565,https://stockanalysis.com/analysts/Michael-Cherny/,11 Aug 2026
Steve Fleishman,1567,https://stockanalysis.com/analysts/Steve-Fleishman/,11 Aug 2026
Emma Xu,1568,https://stockanalysis.com/analysts/Emma-Xu/,10 Aug 2026
Carter Gould,1569,https://stockanalysis.com/analysts/Carter-Gould/,06 Aug 2026
Mark Strouse,1570,https://stockanalysis.com/analysts/Mark-Strouse/,10 Aug 2026
Andrew Terrell,1572,https://stockanalysis.com/analysts/Andrew-Terrell/,06 Aug 2026
Christopher Nardone,1578,https://stockanalysis.com/analysts/Christopher-Nardone/,12 Aug 2026
Kash Rangan,1579,https://stockanalysis.com/analysts/Kash-Rangan/,02 Feb 2026
Daniel Kurnos,1580,https://stockanalysis.com/analysts/Daniel-Kurnos/,10 Aug 2026
Uy Ear,1581,https://stockanalysis.com/analysts/Uy-Ear/,11 Aug 2026
Tommy Moll,1588,https://stockanalysis.com/analysts/Tommy-Moll/,07 Aug 2026
Anthony Codling,1590,https://stockanalysis.com/analysts/Anthony-Codling/,11 Aug 2026
Leland Gershell,1594,https://stockanalysis.com/analysts/Leland-Gershell/,11 Aug 2026
Dan Bergstrom,1601,https://stockanalysis.com/analysts/Dan-Bergstrom/,30 Jul 2026
Jasper Bibb,1602,https://stockanalysis.com/analysts/Jasper-Bibb/,12 Aug 2026
Hanwen Chang,1603,https://stockanalysis.com/analysts/Hanwen-Chang/,05 Aug 2026
Simeon Gutman,1605,https://stockanalysis.com/analysts/Simeon-Gutman/,07 Aug 2026
Tyler Batory,1607,https://stockanalysis.com/analysts/Tyler-Batory/,11 Aug 2026
Tom Nikic,1608,https://stockanalysis.com/analysts/Tom-Nikic/,11 Aug 2026
Tom Narayan,1609,https://stockanalysis.com/analysts/Tom-Narayan/,12 Aug 2026
Brian Peterson,1611,https://stockanalysis.com/analysts/Brian-Peterson/,07 Aug 2026
Marc Bianchi,1612,https://stockanalysis.com/analysts/Marc-Bianchi/,12 Aug 2026
Andrew Charles,1613,https://stockanalysis.com/analysts/Andrew-Charles/,12 Aug 2026
Emily Bodnar,1614,https://stockanalysis.com/analysts/Emily-Bodnar/,12 Aug 2026
Russell Gunther,1616,https://stockanalysis.com/analysts/Russell-Gunther/,12 Aug 2026
Thomas Gallagher,1617,https://stockanalysis.com/analysts/Thomas-Gallagher/,07 Aug 2026
Caitlin Roberts,1619,https://stockanalysis.com/analysts/Caitlin-Roberts/,11 Aug 2026
Roger Boyd,1621,https://stockanalysis.com/analysts/Roger-Boyd/,11 Aug 2026
Adam Jonas,1624,https://stockanalysis.com/analysts/Adam-Jonas/,10 Aug 2026
Brian Vaccaro,1626,https://stockanalysis.com/analysts/Brian-Vaccaro/,12 Aug 2026
Daniil Gataulin,1629,https://stockanalysis.com/analysts/Daniil-Gataulin/,25 Jun 2026
Joseph Cardoso,1633,https://stockanalysis.com/analysts/Joseph-Cardoso/,12 Aug 2026
Simon Coles,1637,https://stockanalysis.com/analysts/Simon-Coles/,05 Aug 2026
Adam Tindle,1640,https://stockanalysis.com/analysts/Adam-Tindle/,11 Aug 2026
Jon Hickman,1644,https://stockanalysis.com/analysts/Jon-Hickman/,11 Aug 2026
Mickey Schleien,1649,https://stockanalysis.com/analysts/Mickey-Schleien/,03 Mar 2026
Venugopal Garre,1650,https://stockanalysis.com/analysts/Venugopal-Garre/,04 Aug 2026
Dennis Ding,1652,https://stockanalysis.com/analysts/Dennis-Ding/,13 Jul 2026
Thomas Stephan,1654,https://stockanalysis.com/analysts/Thomas-Stephan/,10 Aug 2026
Jed Kelly,1655,https://stockanalysis.com/analysts/Jed-Kelly/,12 Aug 2026
Patrick Walravens,1657,https://stockanalysis.com/analysts/Patrick-Walravens/,07 Aug 2026
Polo Tang,1660,https://stockanalysis.com/analysts/Polo-Tang/,07 Aug 2026
Merrill Ross,1663,https://stockanalysis.com/analysts/Merrill-Ross/,13 May 2026
Gaurav Jain,1664,https://stockanalysis.com/analysts/Gaurav-Jain/,11 Aug 2026
Shlomo Rosenbaum,1665,https://stockanalysis.com/analysts/Shlomo-Rosenbaum/,12 Aug 2026
Sam Darkatsh,1666,https://stockanalysis.com/analysts/Sam-Darkatsh/,31 Jul 2026
Laurie Havener,1671,https://stockanalysis.com/analysts/Laurie-Havener/,29 Jul 2026
Sebastiano Petti,1673,https://stockanalysis.com/analysts/Sebastiano-Petti/,07 Aug 2026
Ari Klein,1674,https://stockanalysis.com/analysts/Ari-Klein/,10 Aug 2026
Sarah James,1675,https://stockanalysis.com/analysts/Sarah-James/,10 Aug 2026
Kevin Garrigan,1676,https://stockanalysis.com/analysts/Kevin-Garrigan/,12 Aug 2026
Michael Morton,1680,https://stockanalysis.com/analysts/Michael-Morton/,10 Jun 2026
Owen Rickert,1685,https://stockanalysis.com/analysts/Owen-Rickert/,12 Aug 2026
Mark Schappel,1686,https://stockanalysis.com/analysts/Mark-Schappel/,29 Jul 2026
Adrian Huerta,1687,https://stockanalysis.com/analysts/Adrian-Huerta/,10 Aug 2026
Benjamin Theurer,1689,https://stockanalysis.com/analysts/Benjamin-Theurer/,12 Aug 2026
Brian Schwartz,1690,https://stockanalysis.com/analysts/Brian-Schwartz/,07 Aug 2026
John McNulty,1693,https://stockanalysis.com/analysts/John-McNulty/,10 Aug 2026
Joshua Reilly,1694,https://stockanalysis.com/analysts/Joshua-Reilly/,07 Aug 2026
Ben Mohr,1698,https://stockanalysis.com/analysts/Ben-Mohr/,03 Aug 2026
Jason Bandel,1701,https://stockanalysis.com/analysts/Jason-Bandel/,07 Aug 2026
Jasper Hellweg,1702,https://stockanalysis.com/analysts/Jasper-Hellweg/,10 Aug 2026
Adam Klauber,1703,https://stockanalysis.com/analysts/Adam-Klauber/,12 Aug 2026
Michael Bellisario,1704,https://stockanalysis.com/analysts/Michael-Bellisario/,06 Aug 2026
Pete Stavropoulos,1707,https://stockanalysis.com/analysts/Pete-Stavropoulos/,10 Aug 2026
Ben Kallo,1708,https://stockanalysis.com/analysts/Ben-Kallo/,11 Aug 2026
Anthony Hau,1713,https://stockanalysis.com/analysts/Anthony-Hau/,28 Jul 2026
Lauren Lieberman,1717,https://stockanalysis.com/analysts/Lauren-Lieberman/,10 Aug 2026
Jonathan Block,1718,https://stockanalysis.com/analysts/Jonathan-Block/,11 Aug 2026
Allen Gong,1720,https://stockanalysis.com/analysts/Allen-Gong/,10 Aug 2026
Anthony Bonadio,1725,https://stockanalysis.com/analysts/Anthony-Bonadio/,07 Aug 2026
Scott Davis,1727,https://stockanalysis.com/analysts/Scott-Davis/,27 Jan 2026
Caitlin Cronin,1731,https://stockanalysis.com/analysts/Caitlin-Cronin/,17 Dec 2025
Jonathan Chang,1732,https://stockanalysis.com/analysts/Jonathan-Chang/,13 Jul 2026
Robert Stevenson,1736,https://stockanalysis.com/analysts/Robert-Stevenson/,13 Jan 2026
Bhavesh Lodaya,1737,https://stockanalysis.com/analysts/Bhavesh-Lodaya/,07 Aug 2026
James Rollyson,1738,https://stockanalysis.com/analysts/James-Rollyson/,06 Aug 2026
Matt Olney,1739,https://stockanalysis.com/analysts/Matt-Olney/,06 Aug 2026
Brad Erickson,1740,https://stockanalysis.com/analysts/Brad-Erickson/,10 Aug 2026
Stacy Ku,1741,https://stockanalysis.com/analysts/Stacy-Ku/,12 Aug 2026
Kevin Fisk,1747,https://stockanalysis.com/analysts/Kevin-Fisk/,31 Jul 2026
Sergey Glinyanov,1749,https://stockanalysis.com/analysts/Sergey-Glinyanov/,10 Aug 2026
John Dunn,1750,https://stockanalysis.com/analysts/John-Dunn/,10 Aug 2026
Biraj Borkhataria,1752,https://stockanalysis.com/analysts/Biraj-Borkhataria/,04 Aug 2026
Barry Oxford,1753,https://stockanalysis.com/analysts/Barry-Oxford/,12 Aug 2026
John Baumgartner,1755,https://stockanalysis.com/analysts/John-Baumgartner/,20 May 2026
Alex Terentiew,1756,https://stockanalysis.com/analysts/Alex-Terentiew/,08 Jun 2026
Andres Sheppard,1758,https://stockanalysis.com/analysts/Andres-Sheppard/,11 Aug 2026
Lee Simpson,1763,https://stockanalysis.com/analysts/Lee-Simpson/,06 Aug 2026
Ryan Merkel,1765,https://stockanalysis.com/analysts/Ryan-Merkel/,11 Aug 2026
David Palmer,1767,https://stockanalysis.com/analysts/David-Palmer/,12 Aug 2026
Ronald Josey,1769,https://stockanalysis.com/analysts/Ronald-Josey/,12 Aug 2026
Austin Moeller,1771,https://stockanalysis.com/analysts/Austin-Moeller/,12 Aug 2026
Casey Woodring,1776,https://stockanalysis.com/analysts/Casey-Woodring/,10 Aug 2026
Kevin Kopelman,1779,https://stockanalysis.com/analysts/Kevin-Kopelman/,07 Aug 2026
Judah Frommer,1780,https://stockanalysis.com/analysts/Judah-Frommer/,12 Aug 2026
Christine Dooley,1785,https://stockanalysis.com/analysts/Christine-Dooley/,29 Jul 2026
Jack Slevin,1786,https://stockanalysis.com/analysts/Jack-Slevin/,21 Jul 2026
Nikhil Devnani,1789,https://stockanalysis.com/analysts/Nikhil-Devnani/,06 Aug 2026
Vincent Caintic,1792,https://stockanalysis.com/analysts/Vincent-Caintic/,07 Aug 2026
Vijit Jain,1797,https://stockanalysis.com/analysts/Vijit-Jain/,19 May 2026
Sachin Salgaonkar,1799,https://stockanalysis.com/analysts/Sachin-Salgaonkar/,11 Aug 2026
Mark Weintraub,1808,https://stockanalysis.com/analysts/Mark-Weintraub/,03 May 2026
Andrew Weisel,1810,https://stockanalysis.com/analysts/Andrew-Weisel/,10 Aug 2026
Timna Tanners,1813,https://stockanalysis.com/analysts/Timna-Tanners/,07 Aug 2026
Michael Lavery,1815,https://stockanalysis.com/analysts/Michael-Lavery/,11 Aug 2026
Chris Woronka,1816,https://stockanalysis.com/analysts/Chris-Woronka/,12 Aug 2026
Richard Safran,1820,https://stockanalysis.com/analysts/Richard-Safran/,26 May 2026
Daniel Magder,1822,https://stockanalysis.com/analysts/Daniel-Magder/,16 Jul 2026
Stephen Powers,1824,https://stockanalysis.com/analysts/Stephen-Powers/,10 Aug 2026
Douglas Miehm,1827,https://stockanalysis.com/analysts/Douglas-Miehm/,10 Aug 2026
Tyler Radke,1828,https://stockanalysis.com/analysts/Tyler-Radke/,12 Aug 2026
Jiong Shao,1831,https://stockanalysis.com/analysts/Jiong-Shao/,12 Aug 2026
Amit Dayal,1832,https://stockanalysis.com/analysts/Amit-Dayal/,12 Aug 2026
Richa Harnain,1836,https://stockanalysis.com/analysts/Richa-Harnain/,24 Jul 2026
Saree Boroditsky,1837,https://stockanalysis.com/analysts/Saree-Boroditsky/,09 Feb 2026
Peter Steyn,1838,https://stockanalysis.com/analysts/Peter-Steyn/,20 May 2026
Michael Ward,1839,https://stockanalysis.com/analysts/Michael-Ward/,12 Aug 2026
Matthew Harrigan,1841,https://stockanalysis.com/analysts/Matthew-Harrigan/,06 Aug 2026
Ben Isaacson,1842,https://stockanalysis.com/analysts/Ben-Isaacson/,10 Aug 2026
Kallum Titchmarsh,1846,https://stockanalysis.com/analysts/Kallum-Titchmarsh/,12 Aug 2026
Axel Herlinghaus,1848,https://stockanalysis.com/analysts/Axel-Herlinghaus/,04 Aug 2026
Kevin Caliendo,1849,https://stockanalysis.com/analysts/Kevin-Caliendo/,06 Aug 2026
Matt Phipps,1851,https://stockanalysis.com/analysts/Matt-Phipps/,11 Aug 2026
William Plovanic,1852,https://stockanalysis.com/analysts/William-Plovanic/,11 Aug 2026
Mark Massaro,1854,https://stockanalysis.com/analysts/Mark-Massaro/,11 Aug 2026
Mayank Mamtani,1855,https://stockanalysis.com/analysts/Mayank-Mamtani/,10 Aug 2026
Nicholas Holowko,1856,https://stockanalysis.com/analysts/Nicholas-Holowko/,03 Aug 2026
Anderson Schock,1861,https://stockanalysis.com/analysts/Anderson-Schock/,10 Aug 2026
Francois Brisebois,1866,https://stockanalysis.com/analysts/Francois-Brisebois/,12 Aug 2026
Tyler DiMatteo,1868,https://stockanalysis.com/analysts/Tyler-DiMatteo/,12 Aug 2026
Mitchel Penn,1871,https://stockanalysis.com/analysts/Mitchel-Penn/,10 Aug 2026
Brent Thill,1876,https://stockanalysis.com/analysts/Brent-Thill/,12 Aug 2026
Edison Yu,1879,https://stockanalysis.com/analysts/Edison-Yu/,10 Aug 2026
Wilma Burdis,1881,https://stockanalysis.com/analysts/Wilma-Burdis/,02 Jul 2026
Larry Biegelsen,1887,https://stockanalysis.com/analysts/Larry-Biegelsen/,12 Aug 2026
Charles Meade,1888,https://stockanalysis.com/analysts/Charles-Meade/,03 Aug 2026
Gregory Francfort,1893,https://stockanalysis.com/analysts/Gregory-Francfort/,07 Aug 2026
Kate McShane,1896,https://stockanalysis.com/analysts/Kate-McShane/,11 Aug 2026
Steve Hansen,1897,https://stockanalysis.com/analysts/Steve-Hansen/,04 Aug 2026
Piyush Choudhary,1898,https://stockanalysis.com/analysts/Piyush-Choudhary/,16 Jan 2026
Kristen Owen,1900,https://stockanalysis.com/analysts/Kristen-Owen/,07 Aug 2026
Kerry Holford,1905,https://stockanalysis.com/analysts/Kerry-Holford/,12 Aug 2026
Sam Reid,1906,https://stockanalysis.com/analysts/Sam-Reid/,11 Aug 2026
Nicholas Yulico,1907,https://stockanalysis.com/analysts/Nicholas-Yulico/,07 Aug 2026
Kalei Akamine,1909,https://stockanalysis.com/analysts/Kalei-Akamine/,27 Apr 2026
Jeffrey Zekauskas,1910,https://stockanalysis.com/analysts/Jeffrey-Zekauskas/,12 Aug 2026
Matt Miksic,1911,https://stockanalysis.com/analysts/Matt-Miksic/,28 May 2026
Sophie Karp,1912,https://stockanalysis.com/analysts/Sophie-Karp/,10 Aug 2026
Emmanuel Papadakis,1913,https://stockanalysis.com/analysts/Emmanuel-Papadakis/,06 Aug 2026
Puneet Souda,1915,https://stockanalysis.com/analysts/Puneet-Souda/,07 Aug 2026
Matthew DeYoe,1918,https://stockanalysis.com/analysts/Matthew-DeYoe/,07 Aug 2026
Austin Wurschmidt,1921,https://stockanalysis.com/analysts/Austin-Wurschmidt/,04 Aug 2026
Drew McReynolds,1923,https://stockanalysis.com/analysts/Drew-McReynolds/,11 Aug 2026
Chad Beynon,1924,https://stockanalysis.com/analysts/Chad-Beynon/,06 Aug 2026
Tom Forte,1925,https://stockanalysis.com/analysts/Tom-Forte/,07 Aug 2026
Simon Toyne,1927,https://stockanalysis.com/analysts/Simon-Toyne/,31 Mar 2026
Brendan Nosal,1931,https://stockanalysis.com/analysts/Brendan-Nosal/,30 Jul 2026
Pablo Singzon,1933,https://stockanalysis.com/analysts/Pablo-Singzon/,11 Aug 2026
Eric Gonzalez,1936,https://stockanalysis.com/analysts/Eric-Gonzalez/,05 Aug 2026
Matthew Condon,1943,https://stockanalysis.com/analysts/Matthew-Condon/,07 Aug 2026
Richard Clarke,1944,https://stockanalysis.com/analysts/Richard-Clarke/,12 Aug 2026
Tim Mulrooney,1946,https://stockanalysis.com/analysts/Tim-Mulrooney/,11 Aug 2026
Adam Baumgarten,1951,https://stockanalysis.com/analysts/Adam-Baumgarten/,27 Feb 2026
Thiago Batista,1952,https://stockanalysis.com/analysts/Thiago-Batista/,03 Jun 2026
Taylor Conrad,1953,https://stockanalysis.com/analysts/Taylor-Conrad/,10 Aug 2026
Namita Samtani,1954,https://stockanalysis.com/analysts/Namita-Samtani/,06 Aug 2026
Rowland Mayor,1958,https://stockanalysis.com/analysts/Rowland-Mayor/,07 Aug 2026
Sathish Kasinathan,1960,https://stockanalysis.com/analysts/Sathish-Kasinathan/,10 Aug 2026
James Faucette,1962,https://stockanalysis.com/analysts/James-Faucette/,11 Aug 2026
Simon Hales,1965,https://stockanalysis.com/analysts/Simon-Hales/,30 Jul 2026
Robert Ottenstein,1966,https://stockanalysis.com/analysts/Robert-Ottenstein/,12 Aug 2026
Jason Celino,1968,https://stockanalysis.com/analysts/Jason-Celino/,07 Aug 2026
Ygal Arounian,1969,https://stockanalysis.com/analysts/Ygal-Arounian/,07 Aug 2026
Cristina Fernandez,1970,https://stockanalysis.com/analysts/Cristina-Fernandez/,07 Aug 2026
George Gianarikas,1971,https://stockanalysis.com/analysts/George-Gianarikas/,11 Aug 2026
Radi Sultan,1973,https://stockanalysis.com/analysts/Radi-Sultan/,07 Aug 2026
Bruno Montanari,1974,https://stockanalysis.com/analysts/Bruno-Montanari/,16 Jul 2026
Ken Gawrelski,1976,https://stockanalysis.com/analysts/Ken-Gawrelski/,07 Aug 2026
Olivia Tong,1978,https://stockanalysis.com/analysts/Olivia-Tong/,14 Jul 2026
Christopher Liu,1981,https://stockanalysis.com/analysts/Christopher-Liu/,05 Aug 2026
Glen Santangelo,1988,https://stockanalysis.com/analysts/Glen-Santangelo/,11 Aug 2026
Saul Martinez,1993,https://stockanalysis.com/analysts/Saul-Martinez/,20 Jul 2026
Maher Yaghi,1997,https://stockanalysis.com/analysts/Maher-Yaghi/,11 Aug 2026
Michael Gorman,1998,https://stockanalysis.com/analysts/Michael-Gorman/,29 Jul 2026
Benjamin Rossi,2001,https://stockanalysis.com/analysts/Benjamin-Rossi/,10 Aug 2026
Clark Wright,2004,https://stockanalysis.com/analysts/Clark-Wright/,11 Aug 2026
Ric Prentiss,2005,https://stockanalysis.com/analysts/Ric-Prentiss/,17 Jul 2026
James Yaro,2006,https://stockanalysis.com/analysts/James-Yaro/,11 Aug 2026
Brandon Nispel,2007,https://stockanalysis.com/analysts/Brandon-Nispel/,07 Aug 2026
Oliver Chen,2009,https://stockanalysis.com/analysts/Oliver-Chen/,11 Aug 2026
Kevin Mcveigh,2015,https://stockanalysis.com/analysts/Kevin-Mcveigh/,12 Aug 2026
Kevin McVeigh,2015,https://stockanalysis.com/analysts/Kevin-McVeigh/,12 Aug 2026
Ryan Zimmerman,2019,https://stockanalysis.com/analysts/Ryan-Zimmerman/,11 Aug 2026
Adrienne Yih,2020,https://stockanalysis.com/analysts/Adrienne-Yih/,11 Aug 2026
Nicholas Lorusso,2026,https://stockanalysis.com/analysts/Nicholas-Lorusso/,04 Aug 2026
Joe Laetsch,2027,https://stockanalysis.com/analysts/Joe-Laetsch/,07 Aug 2026
Joyce Ju,2030,https://stockanalysis.com/analysts/Joyce-Ju/,29 Jul 2026
Matthew Smith,2031,https://stockanalysis.com/analysts/Matthew-Smith/,13 May 2026
Janine Stichter,2033,https://stockanalysis.com/analysts/Janine-Stichter/,11 Aug 2026
George Tong,2042,https://stockanalysis.com/analysts/George-Tong/,11 Aug 2026
Catharine Trebnick,2045,https://stockanalysis.com/analysts/Catharine-Trebnick/,07 Aug 2026
Sam Eiber,2052,https://stockanalysis.com/analysts/Sam-Eiber/,11 Aug 2026
Jonna Kim,2055,https://stockanalysis.com/analysts/Jonna-Kim/,11 Aug 2026
David Rescott,2056,https://stockanalysis.com/analysts/David-Rescott/,07 Aug 2026
Timothy Hoff,2057,https://stockanalysis.com/analysts/Timothy-Hoff/,02 Aug 2026
Paul Gong,2058,https://stockanalysis.com/analysts/Paul-Gong/,17 Jun 2026
Joe Dickstein,2059,https://stockanalysis.com/analysts/Joe-Dickstein/,01 Jun 2026
Robert Mollins,2061,https://stockanalysis.com/analysts/Robert-Mollins/,10 Jun 2026
Michael Goldsmith,2063,https://stockanalysis.com/analysts/Michael-Goldsmith/,28 Jul 2026
Jeffrey Kiang,2065,https://stockanalysis.com/analysts/Jeffrey-Kiang/,05 Aug 2026
Conor Cunningham,2067,https://stockanalysis.com/analysts/Conor-Cunningham/,07 Jul 2026
Andrew Strelzik,2077,https://stockanalysis.com/analysts/Andrew-Strelzik/,12 Aug 2026
Jairam Nathan,2083,https://stockanalysis.com/analysts/Jairam-Nathan/,29 Jun 2026
Whit Mayo,2089,https://stockanalysis.com/analysts/Whit-Mayo/,30 Jul 2026
Max Rakhlenko,2097,https://stockanalysis.com/analysts/Max-Rakhlenko/,10 Aug 2026
Jonathan Yong,2102,https://stockanalysis.com/analysts/Jonathan-Yong/,07 Aug 2026
Scott Stember,2104,https://stockanalysis.com/analysts/Scott-Stember/,10 Aug 2026
Joshua Spector,2105,https://stockanalysis.com/analysts/Joshua-Spector/,10 Aug 2026
Leah Jordan,2106,https://stockanalysis.com/analysts/Leah-Jordan/,11 Aug 2026
John Newman,2107,https://stockanalysis.com/analysts/John-Newman/,12 Aug 2026
Kyle Boucher,2108,https://stockanalysis.com/analysts/Kyle-Boucher/,11 Aug 2026
Anja Soderstrom,2112,https://stockanalysis.com/analysts/Anja-Soderstrom/,31 Jul 2026
Edlain Rodriguez,2113,https://stockanalysis.com/analysts/Edlain-Rodriguez/,05 Aug 2026
Omar Mejias,2115,https://stockanalysis.com/analysts/Omar-Mejias/,06 Aug 2026
Pooran Sharma,2120,https://stockanalysis.com/analysts/Pooran-Sharma/,28 Jul 2026
Danielle Antalffy,2125,https://stockanalysis.com/analysts/Danielle-Antalffy/,07 Aug 2026
Judith Elliott,2129,https://stockanalysis.com/analysts/Judith-Elliott/,07 Aug 2026
Derek Hewett,2132,https://stockanalysis.com/analysts/Derek-Hewett/,10 Aug 2026
Jordan Lyonnais,2134,https://stockanalysis.com/analysts/Jordan-Lyonnais/,07 May 2026
Stephen Baxter,2136,https://stockanalysis.com/analysts/Stephen-Baxter/,12 Aug 2026
George Kelly,2138,https://stockanalysis.com/analysts/George-Kelly/,12 Aug 2026
Andres Cardona,2142,https://stockanalysis.com/analysts/Andres-Cardona/,12 Aug 2026
Jenny Ping,2143,https://stockanalysis.com/analysts/Jenny-Ping/,24 Jul 2026
Faiza Alwy,2145,https://stockanalysis.com/analysts/Faiza-Alwy/,12 Aug 2026
Ellie Jiang,2147,https://stockanalysis.com/analysts/Ellie-Jiang/,25 Jun 2026
Sameer Joshi,2148,https://stockanalysis.com/analysts/Sameer-Joshi/,10 Aug 2026
Brian McNamara,2154,https://stockanalysis.com/analysts/Brian-McNamara/,12 Aug 2026
Joshua Tilton,2155,https://stockanalysis.com/analysts/Joshua-Tilton/,09 Jun 2026
Arjun Bhatia,2159,https://stockanalysis.com/analysts/Arjun-Bhatia/,12 Aug 2026
Hassan Ahmed,2160,https://stockanalysis.com/analysts/Hassan-Ahmed/,05 Aug 2026
John Pancari,2166,https://stockanalysis.com/analysts/John-Pancari/,05 Aug 2026
David Grossman,2170,https://stockanalysis.com/analysts/David-Grossman/,11 Aug 2026
Andrea Alfonso,2176,https://stockanalysis.com/analysts/Andrea-Alfonso/,07 Aug 2026
Michael Nathanson,2179,https://stockanalysis.com/analysts/Michael-Nathanson/,07 Aug 2026
George Staphos,2183,https://stockanalysis.com/analysts/George-Staphos/,12 Aug 2026
Aaron Hecht,2184,https://stockanalysis.com/analysts/Aaron-Hecht/,10 Aug 2026
Adam Bubes,2187,https://stockanalysis.com/analysts/Adam-Bubes/,06 Aug 2026
Nat Schindler,2193,https://stockanalysis.com/analysts/Nat-Schindler/,11 Aug 2026
Joshua Dennerlein,2194,https://stockanalysis.com/analysts/Joshua-Dennerlein/,04 Aug 2025
Arthur Truslove,2196,https://stockanalysis.com/analysts/Arthur-Truslove/,07 Aug 2026
Matthew Erdner,2197,https://stockanalysis.com/analysts/Matthew-Erdner/,06 Aug 2026
Chris McNally,2198,https://stockanalysis.com/analysts/Chris-McNally/,10 Aug 2026
Jason Cassorla,2199,https://stockanalysis.com/analysts/Jason-Cassorla/,07 Aug 2026
John Kilichowski,2200,https://stockanalysis.com/analysts/John-Kilichowski/,11 Aug 2026
Patrick Cunningham,2207,https://stockanalysis.com/analysts/Patrick-Cunningham/,07 Aug 2026
Eliana Merle,2213,https://stockanalysis.com/analysts/Eliana-Merle/,10 Aug 2026
Elizabeth Sun,2215,https://stockanalysis.com/analysts/Elizabeth-Sun/,10 Aug 2026
Patrick Creuset,2217,https://stockanalysis.com/analysts/Patrick-Creuset/,10 Aug 2026
Steven Pizzella,2220,https://stockanalysis.com/analysts/Steven-Pizzella/,12 Aug 2026
George Choi,2221,https://stockanalysis.com/analysts/George-Choi/,30 Jul 2026
Joseph Yanchunis,2222,https://stockanalysis.com/analysts/Joseph-Yanchunis/,11 Aug 2026
Andrea Newkirk,2225,https://stockanalysis.com/analysts/Andrea-Newkirk/,11 Feb 2026
Lisa Walter,2226,https://stockanalysis.com/analysts/Lisa-Walter/,06 Aug 2026
Jamie Baker,2229,https://stockanalysis.com/analysts/Jamie-Baker/,30 Jul 2026
Rodolfo Angele,2230,https://stockanalysis.com/analysts/Rodolfo-Angele/,06 Aug 2026
Austin Bohlig,2231,https://stockanalysis.com/analysts/Austin-Bohlig/,11 Aug 2026
Asthika Goonewardene,2233,https://stockanalysis.com/analysts/Asthika-Goonewardene/,22 Jun 2026
Edward Tenthoff,2234,https://stockanalysis.com/analysts/Edward-Tenthoff/,12 Aug 2026
Pradeep Ramani,2235,https://stockanalysis.com/analysts/Pradeep-Ramani/,02 Feb 2026
Paul Johnson,2237,https://stockanalysis.com/analysts/Paul-Johnson/,11 Aug 2026
Melissa Wedel,2238,https://stockanalysis.com/analysts/Melissa-Wedel/,24 Jul 2026
Betty Jiang,2252,https://stockanalysis.com/analysts/Betty-Jiang/,11 Aug 2026
Justin Kleber,2253,https://stockanalysis.com/analysts/Justin-Kleber/,31 Jul 2026
Dae Lee,2264,https://stockanalysis.com/analysts/Dae-Lee/,10 Aug 2026
Sebastian Sandler,2266,https://stockanalysis.com/analysts/Sebastian-Sandler/,30 Jul 2026
Thibault Boutherin,2273,https://stockanalysis.com/analysts/Thibault-Boutherin/,25 Jun 2026
Ryan Levine,2275,https://stockanalysis.com/analysts/Ryan-Levine/,09 Aug 2026
Jason Weaver,2276,https://stockanalysis.com/analysts/Jason-Weaver/,10 Aug 2026
Hector Maya,2281,https://stockanalysis.com/analysts/Hector-Maya/,09 Jul 2026
Jim Sanderson,2285,https://stockanalysis.com/analysts/Jim-Sanderson/,15 Jun 2026
Luisa Hector,2287,https://stockanalysis.com/analysts/Luisa-Hector/,05 Aug 2026
Timothy Chiodo,2289,https://stockanalysis.com/analysts/Timothy-Chiodo/,07 Aug 2026
Dana Telsey,2290,https://stockanalysis.com/analysts/Dana-Telsey/,12 Aug 2026
Jackson Ader,2292,https://stockanalysis.com/analysts/Jackson-Ader/,07 Aug 2026
Priya Sachdeva,2294,https://stockanalysis.com/analysts/Priya-Sachdeva/,28 Jul 2026
Caleb Stein,2295,https://stockanalysis.com/analysts/Caleb-Stein/,30 Jul 2026
Andrew DeGasperi,2305,https://stockanalysis.com/analysts/Andrew-DeGasperi/,13 Jul 2026
Robin Zhu,2306,https://stockanalysis.com/analysts/Robin-Zhu/,04 Aug 2026
Piyush Avasthy,2307,https://stockanalysis.com/analysts/Piyush-Avasthy/,10 Aug 2026
Andrew Didora,2311,https://stockanalysis.com/analysts/Andrew-Didora/,10 Aug 2026
Anthony Paolone,2312,https://stockanalysis.com/analysts/Anthony-Paolone/,04 Aug 2026
David Roman,2315,https://stockanalysis.com/analysts/David-Roman/,15 Jul 2026
Simeon Siegel,2316,https://stockanalysis.com/analysts/Simeon-Siegel/,10 Aug 2026
Vincent Andrews,2320,https://stockanalysis.com/analysts/Vincent-Andrews/,11 Aug 2026
James Feldman,2322,https://stockanalysis.com/analysts/James-Feldman/,10 Aug 2026
Linda Huang,2323,https://stockanalysis.com/analysts/Linda-Huang/,30 Jul 2026
Dominick Gabriele,2324,https://stockanalysis.com/analysts/Dominick-Gabriele/,15 Jul 2026
Steve Frankel,2325,https://stockanalysis.com/analysts/Steve-Frankel/,10 Aug 2026
Marie Ferguson,2334,https://stockanalysis.com/analysts/Marie-Ferguson/,10 Aug 2026
Ken Hoexter,2336,https://stockanalysis.com/analysts/Ken-Hoexter/,04 Aug 2026
Paul Knight,2345,https://stockanalysis.com/analysts/Paul-Knight/,06 Aug 2026
Brian Wilczynski,2348,https://stockanalysis.com/analysts/Brian-Wilczynski/,30 Jul 2026
Kim Fustier,2350,https://stockanalysis.com/analysts/Kim-Fustier/,03 Aug 2026
Wesley Brooks,2351,https://stockanalysis.com/analysts/Wesley-Brooks/,07 May 2026
James Condulis,2352,https://stockanalysis.com/analysts/James-Condulis/,07 Aug 2026
Omar Sheikh,2354,https://stockanalysis.com/analysts/Omar-Sheikh/,10 Mar 2026
Joanne Wuensch,2366,https://stockanalysis.com/analysts/Joanne-Wuensch/,10 Aug 2026
Jeff Lick,2367,https://stockanalysis.com/analysts/Jeff-Lick/,11 Aug 2026
Michael Petusky,2368,https://stockanalysis.com/analysts/Michael-Petusky/,10 Aug 2026
Robert Fishman,2371,https://stockanalysis.com/analysts/Robert-Fishman/,30 Jul 2026
Luke Junk,2375,https://stockanalysis.com/analysts/Luke-Junk/,06 Aug 2026
Alicia Yap,2376,https://stockanalysis.com/analysts/Alicia-Yap/,29 Jul 2026
Bryan Burgmeier,2380,https://stockanalysis.com/analysts/Bryan-Burgmeier/,30 Jul 2026
Craig Mailman,2382,https://stockanalysis.com/analysts/Craig-Mailman/,05 Mar 2026
William Appicelli,2383,https://stockanalysis.com/analysts/William-Appicelli/,28 Jul 2026
Daniel Jester,2392,https://stockanalysis.com/analysts/Daniel-Jester/,11 Aug 2026
Alejandro Demichelis,2395,https://stockanalysis.com/analysts/Alejandro-Demichelis/,11 Aug 2026
Bill Sutherland,2397,https://stockanalysis.com/analysts/Bill-Sutherland/,11 Aug 2026
Matthew Biegler,2398,https://stockanalysis.com/analysts/Matthew-Biegler/,06 Aug 2026
Nicholas Thillman,2400,https://stockanalysis.com/analysts/Nicholas-Thillman/,06 Aug 2026
Michael Sarcone,2412,https://stockanalysis.com/analysts/Michael-Sarcone/,31 Jul 2026
Daniel Grosslight,2413,https://stockanalysis.com/analysts/Daniel-Grosslight/,12 Aug 2026
Adam Frisch,2416,https://stockanalysis.com/analysts/Adam-Frisch/,06 Aug 2026
Matthew Heimermann,2417,https://stockanalysis.com/analysts/Matthew-Heimermann/,12 Aug 2026
Alexander Goldfarb,2419,https://stockanalysis.com/analysts/Alexander-Goldfarb/,11 Aug 2026
Daniel Clark,2425,https://stockanalysis.com/analysts/Daniel-Clark/,24 Feb 2026
Christopher Raymond,2428,https://stockanalysis.com/analysts/Christopher-Raymond/,10 Aug 2026
Ranjan Sharma,2432,https://stockanalysis.com/analysts/Ranjan-Sharma/,04 Aug 2026
Jeffrey Stevenson,2434,https://stockanalysis.com/analysts/Jeffrey-Stevenson/,28 Apr 2026
Brett Rabatin,2435,https://stockanalysis.com/analysts/Brett-Rabatin/,05 Aug 2026
Michael Cyprys,2442,https://stockanalysis.com/analysts/Michael-Cyprys/,07 Aug 2026
Will Kirkness,2451,https://stockanalysis.com/analysts/Will-Kirkness/,29 Jun 2026
Lorraine Hutchinson,2452,https://stockanalysis.com/analysts/Lorraine-Hutchinson/,10 Aug 2026
Samantha Semenkow,2454,https://stockanalysis.com/analysts/Samantha-Semenkow/,10 Aug 2026
Michael Legg,2458,https://stockanalysis.com/analysts/Michael-Legg/,03 Mar 2026
Michael Cho,2463,https://stockanalysis.com/analysts/Michael-Cho/,10 Aug 2026
Laurent Vasilescu,2468,https://stockanalysis.com/analysts/Laurent-Vasilescu/,22 Jul 2026
Gena Wang,2472,https://stockanalysis.com/analysts/Gena-Wang/,28 May 2026
Barry Jonas,2473,https://stockanalysis.com/analysts/Barry-Jonas/,10 Aug 2026
Jakob Bluestone,2479,https://stockanalysis.com/analysts/Jakob-Bluestone/,02 Feb 2026
Yuri Fernandes,2480,https://stockanalysis.com/analysts/Yuri-Fernandes/,11 Aug 2026
Aneesha Sherman,2481,https://stockanalysis.com/analysts/Aneesha-Sherman/,12 Aug 2026
Jonathan Keypour,2489,https://stockanalysis.com/analysts/Jonathan-Keypour/,12 Aug 2026
Guilherme Mendes,2490,https://stockanalysis.com/analysts/Guilherme-Mendes/,15 Jun 2026
Detlef Winckelmann,2491,https://stockanalysis.com/analysts/Detlef-Winckelmann/,06 Aug 2026
Praneeth Satish,2492,https://stockanalysis.com/analysts/Praneeth-Satish/,12 Aug 2026
Steve Sakwa,2493,https://stockanalysis.com/analysts/Steve-Sakwa/,12 Aug 2026
Benjamin Soff,2494,https://stockanalysis.com/analysts/Benjamin-Soff/,10 Aug 2026
Shaun Kelley,2498,https://stockanalysis.com/analysts/Shaun-Kelley/,10 Aug 2026
Dan Levy,2500,https://stockanalysis.com/analysts/Dan-Levy/,10 Aug 2026
Peter Galbo,2506,https://stockanalysis.com/analysts/Peter-Galbo/,11 Aug 2026
Keith Stanley,2511,https://stockanalysis.com/analysts/Keith-Stanley/,11 Aug 2026
Rayna Kumar,2512,https://stockanalysis.com/analysts/Rayna-Kumar/,07 Aug 2026
Sharon Zackfia,2513,https://stockanalysis.com/analysts/Sharon-Zackfia/,12 Aug 2026
Alex Yao,2520,https://stockanalysis.com/analysts/Alex-Yao/,04 Aug 2026
William Pickering,2524,https://stockanalysis.com/analysts/William-Pickering/,11 Aug 2026
James Shin,2525,https://stockanalysis.com/analysts/James-Shin/,07 May 2026
Keay Nakae,2527,https://stockanalysis.com/analysts/Keay-Nakae/,10 Aug 2026
Justin Zelin,2528,https://stockanalysis.com/analysts/Justin-Zelin/,02 Feb 2026
Vitaly Umansky,2530,https://stockanalysis.com/analysts/Vitaly-Umansky/,07 Jun 2026
Wyatt Swanson,2533,https://stockanalysis.com/analysts/Wyatt-Swanson/,11 Aug 2026
Richard Vosser,2534,https://stockanalysis.com/analysts/Richard-Vosser/,10 Aug 2026
James Kammert,2545,https://stockanalysis.com/analysts/James-Kammert/,12 Aug 2026
Aaron Kimson,2552,https://stockanalysis.com/analysts/Aaron-Kimson/,07 Aug 2026
David Begleiter,2554,https://stockanalysis.com/analysts/David-Begleiter/,12 Aug 2026
Natalya Davies,2557,https://stockanalysis.com/analysts/Natalya-Davies/,17 Apr 2026
Luke Horton,2571,https://stockanalysis.com/analysts/Luke-Horton/,12 Aug 2026
Rodrigo Alcantara,2573,https://stockanalysis.com/analysts/Rodrigo-Alcantara/,11 Aug 2026
Michael Ulz,2578,https://stockanalysis.com/analysts/Michael-Ulz/,12 Aug 2026
Roger Song,2587,https://stockanalysis.com/analysts/Roger-Song/,11 Aug 2026
Blaine Heck,2592,https://stockanalysis.com/analysts/Blaine-Heck/,10 Aug 2026
Robert Labick,2595,https://stockanalysis.com/analysts/Robert-Labick/,10 Dec 2025
Mike Hickey,2598,https://stockanalysis.com/analysts/Mike-Hickey/,10 Aug 2026
Ty Collin,2600,https://stockanalysis.com/analysts/Ty-Collin/,10 Aug 2026
Glenn Chin,2601,https://stockanalysis.com/analysts/Glenn-Chin/,02 Aug 2026
Helena Wang,2603,https://stockanalysis.com/analysts/Helena-Wang/,11 Aug 2026
Zhihan Ma,2604,https://stockanalysis.com/analysts/Zhihan-Ma/,12 Aug 2026
Peyton Dorne,2606,https://stockanalysis.com/analysts/Peyton-Dorne/,10 Aug 2026
James Gordon,2612,https://stockanalysis.com/analysts/James-Gordon/,11 Mar 2026
David Lantz,2615,https://stockanalysis.com/analysts/David-Lantz/,06 Aug 2026
Lilyanna Yang,2623,https://stockanalysis.com/analysts/Lilyanna-Yang/,26 May 2026
Karl Shepard,2633,https://stockanalysis.com/analysts/Karl-Shepard/,30 Jul 2026
Chris Muller,2636,https://stockanalysis.com/analysts/Chris-Muller/,05 Aug 2026
Arun Viswanathan,2638,https://stockanalysis.com/analysts/Arun-Viswanathan/,07 Aug 2026
Daniel Mckenzie,2639,https://stockanalysis.com/analysts/Daniel-Mckenzie/,21 Jun 2026
Scott Buck,2640,https://stockanalysis.com/analysts/Scott-Buck/,31 Mar 2026
Matthew Hershenhorn,2641,https://stockanalysis.com/analysts/Matthew-Hershenhorn/,05 Aug 2026
Upal Rana,2643,https://stockanalysis.com/analysts/Upal-Rana/,06 Aug 2026
Keegan Cox,2648,https://stockanalysis.com/analysts/Keegan-Cox/,07 Aug 2026
Ken Worthington,2649,https://stockanalysis.com/analysts/Ken-Worthington/,11 Aug 2026
Aravinda Galappatthige,2651,https://stockanalysis.com/analysts/Aravinda-Galappatthige/,10 Aug 2026
Amy Li,2652,https://stockanalysis.com/analysts/Amy-Li/,11 May 2026
Ed Vyvyan,2655,https://stockanalysis.com/analysts/Ed-Vyvyan/,27 Feb 2026
Brooke Roach,2660,https://stockanalysis.com/analysts/Brooke-Roach/,10 Aug 2026
Kendall Toscano,2665,https://stockanalysis.com/analysts/Kendall-Toscano/,07 Aug 2026
Firoz Valliji,2666,https://stockanalysis.com/analysts/Firoz-Valliji/,06 Aug 2026
Ernesto Gabilondo,2667,https://stockanalysis.com/analysts/Ernesto-Gabilondo/,11 Aug 2026
Wei Fang,2669,https://stockanalysis.com/analysts/Wei-Fang/,05 Aug 2026
Eddie Kim,2670,https://stockanalysis.com/analysts/Eddie-Kim/,12 Aug 2026
Nicholas Joseph,2673,https://stockanalysis.com/analysts/Nicholas-Joseph/,11 Aug 2026
Ashish Sabadra,2675,https://stockanalysis.com/analysts/Ashish-Sabadra/,10 Aug 2026
Martijn Rats,2677,https://stockanalysis.com/analysts/Martijn-Rats/,10 Jul 2026
Emily Field,2678,https://stockanalysis.com/analysts/Emily-Field/,10 Aug 2026
Ryland Conrad,2682,https://stockanalysis.com/analysts/Ryland-Conrad/,11 Aug 2026
Patrick Baumann,2687,https://stockanalysis.com/analysts/Patrick-Baumann/,18 May 2026
Eli Jossen,2720,https://stockanalysis.com/analysts/Eli-Jossen/,22 Jul 2026
Andrew Spinola,2724,https://stockanalysis.com/analysts/Andrew-Spinola/,06 Aug 2026
Timothy Zhao,2728,https://stockanalysis.com/analysts/Timothy-Zhao/,05 Aug 2026
Gregg Orrill,2737,https://stockanalysis.com/analysts/Gregg-Orrill/,06 Jul 2026
Avinatan Jaroslawicz,2743,https://stockanalysis.com/analysts/Avinatan-Jaroslawicz/,31 Jul 2026
Nicholas Amicucci,2751,https://stockanalysis.com/analysts/Nicholas-Amicucci/,12 Aug 2026
Trevor Romeo,2755,https://stockanalysis.com/analysts/Trevor-Romeo/,07 Aug 2026
Jeffrey Meuler,2756,https://stockanalysis.com/analysts/Jeffrey-Meuler/,10 Aug 2026
Benjamin Burnett,2758,https://stockanalysis.com/analysts/Benjamin-Burnett/,11 Aug 2026
Eric Boyes,2761,https://stockanalysis.com/analysts/Eric-Boyes/,07 Aug 2026
Manav Patnaik,2763,https://stockanalysis.com/analysts/Manav-Patnaik/,11 Aug 2026
Bradley Sills,2765,https://stockanalysis.com/analysts/Bradley-Sills/,12 Mar 2026
Tina Hou,2781,https://stockanalysis.com/analysts/Tina-Hou/,03 Aug 2026
Vikram Malhotra,2785,https://stockanalysis.com/analysts/Vikram-Malhotra/,10 Aug 2026
James Sidoti,2786,https://stockanalysis.com/analysts/James-Sidoti/,10 Aug 2026
Ike Boruchow,2788,https://stockanalysis.com/analysts/Ike-Boruchow/,12 Aug 2026
Mikhail Goberman,2793,https://stockanalysis.com/analysts/Mikhail-Goberman/,11 Aug 2026
Richard Sunderland,2796,https://stockanalysis.com/analysts/Richard-Sunderland/,07 Aug 2026
Randal Konik,2797,https://stockanalysis.com/analysts/Randal-Konik/,12 Aug 2026
Alec Brondolo,2798,https://stockanalysis.com/analysts/Alec-Brondolo/,10 Aug 2026
Terry Ma,2807,https://stockanalysis.com/analysts/Terry-Ma/,10 Aug 2026
Yi Chen,2811,https://stockanalysis.com/analysts/Yi-Chen/,12 Aug 2026
Gaurav Mehta,2819,https://stockanalysis.com/analysts/Gaurav-Mehta/,12 Aug 2026
Eunice Lee,2822,https://stockanalysis.com/analysts/Eunice-Lee/,13 Jul 2026
Ilya Zubkov,2824,https://stockanalysis.com/analysts/Ilya-Zubkov/,11 Aug 2026
Julien Blouin,2833,https://stockanalysis.com/analysts/Julien-Blouin/,05 Aug 2026
Michael Goldie,2834,https://stockanalysis.com/analysts/Michael-Goldie/,10 Aug 2026
Michael Gaugler,2837,https://stockanalysis.com/analysts/Michael-Gaugler/,24 Nov 2025
David Bellinger,2842,https://stockanalysis.com/analysts/David-Bellinger/,11 Aug 2026
David Saxon,2843,https://stockanalysis.com/analysts/David-Saxon/,11 Aug 2026
Emily Ericksen,2848,https://stockanalysis.com/analysts/Emily-Ericksen/,20 Feb 2026
Bart Dziarski,2857,https://stockanalysis.com/analysts/Bart-Dziarski/,10 Aug 2026
Narumi Nakagiri,2860,https://stockanalysis.com/analysts/Narumi-Nakagiri/,14 May 2026
Laurence Alexander,2863,https://stockanalysis.com/analysts/Laurence-Alexander/,03 Aug 2026
Laura Sutcliffe,2872,https://stockanalysis.com/analysts/Laura-Sutcliffe/,09 Aug 2026
Michael Montani,2875,https://stockanalysis.com/analysts/Michael-Montani/,30 Jul 2026
Tasso Vasconcellos,2878,https://stockanalysis.com/analysts/Tasso-Vasconcellos/,27 May 2026
Jared Levine,2880,https://stockanalysis.com/analysts/Jared-Levine/,11 Aug 2026
Alfonso Salazar,2883,https://stockanalysis.com/analysts/Alfonso-Salazar/,07 Aug 2026
Susan Maklari,2885,https://stockanalysis.com/analysts/Susan-Maklari/,10 Aug 2026
Mark Palmer,2888,https://stockanalysis.com/analysts/Mark-Palmer/,10 Aug 2026
Paul Rossington,2895,https://stockanalysis.com/analysts/Paul-Rossington/,02 Jun 2026
Samad Samana,2903,https://stockanalysis.com/analysts/Samad-Samana/,12 Aug 2026
Anthony Elian,2912,https://stockanalysis.com/analysts/Anthony-Elian/,04 Aug 2026
Maheep Mandloi,2913,https://stockanalysis.com/analysts/Maheep-Mandloi/,11 Aug 2026
Ryan Gravett,2918,https://stockanalysis.com/analysts/Ryan-Gravett/,07 Aug 2026
Filippo Falorni,2919,https://stockanalysis.com/analysts/Filippo-Falorni/,12 Aug 2026
Derrick Wood,2921,https://stockanalysis.com/analysts/Derrick-Wood/,11 Aug 2026
Surinder Thind,2923,https://stockanalysis.com/analysts/Surinder-Thind/,03 Aug 2026
Nik Modi,2935,https://stockanalysis.com/analysts/Nik-Modi/,10 Aug 2026
Greg McGinniss,2937,https://stockanalysis.com/analysts/Greg-McGinniss/,11 Aug 2026
Andrew Marok,2943,https://stockanalysis.com/analysts/Andrew-Marok/,11 Aug 2026
Ross MacDonald,2948,https://stockanalysis.com/analysts/Ross-MacDonald/,11 Aug 2026
Emma Schwartz,2957,https://stockanalysis.com/analysts/Emma-Schwartz/,10 Aug 2026
Joanna Gajuk,2959,https://stockanalysis.com/analysts/Joanna-Gajuk/,12 Aug 2026
Cooper Clark,2962,https://stockanalysis.com/analysts/Cooper-Clark/,24 Jun 2026
John Kim,2965,https://stockanalysis.com/analysts/John-Kim/,05 Aug 2026
Nitin Bansal,2967,https://stockanalysis.com/analysts/Nitin-Bansal/,07 Aug 2026
Angel Castillo,2975,https://stockanalysis.com/analysts/Angel-Castillo/,11 Aug 2026
Anna Lizzul,2976,https://stockanalysis.com/analysts/Anna-Lizzul/,06 Aug 2026
Ben Haynor,2982,https://stockanalysis.com/analysts/Ben-Haynor/,11 Aug 2026
Ricardo Alves,2991,https://stockanalysis.com/analysts/Ricardo-Alves/,25 May 2026
Andrew Lazar,2992,https://stockanalysis.com/analysts/Andrew-Lazar/,11 Aug 2026
Vik Chopra,2997,https://stockanalysis.com/analysts/Vik-Chopra/,07 Aug 2026
John Davis,2999,https://stockanalysis.com/analysts/John-Davis/,31 Jul 2026
Nathan Feather,3000,https://stockanalysis.com/analysts/Nathan-Feather/,07 Aug 2026
Christine Cho,3004,https://stockanalysis.com/analysts/Christine-Cho/,14 May 2026
Farzin Haque,3006,https://stockanalysis.com/analysts/Farzin-Haque/,29 Mar 2026
Kelly Crago,3008,https://stockanalysis.com/analysts/Kelly-Crago/,12 May 2026
Carly Davenport,3009,https://stockanalysis.com/analysts/Carly-Davenport/,11 Aug 2026
Samantha Hoh,3016,https://stockanalysis.com/analysts/Samantha-Hoh/,22 Apr 2026
Lucas Ferreira,3019,https://stockanalysis.com/analysts/Lucas-Ferreira/,12 Aug 2026
Vikram Kesavabhotla,3031,https://stockanalysis.com/analysts/Vikram-Kesavabhotla/,07 Aug 2026
Zachary Fadem,3033,https://stockanalysis.com/analysts/Zachary-Fadem/,11 Aug 2026
Lu Li,3037,https://stockanalysis.com/analysts/Lu-Li/,07 May 2026
John Zamparo,3045,https://stockanalysis.com/analysts/John-Zamparo/,10 Aug 2026
Andre Salles,3055,https://stockanalysis.com/analysts/Andre-Salles/,01 May 2026
Andrew Andersen,3061,https://stockanalysis.com/analysts/Andrew-Andersen/,11 Aug 2026
Mikhail Paramonov,3070,https://stockanalysis.com/analysts/Mikhail-Paramonov/,07 Aug 2026
Max Gumport,3074,https://stockanalysis.com/analysts/Max-Gumport/,09 Apr 2026
Matt Koranda,3081,https://stockanalysis.com/analysts/Matt-Koranda/,11 Aug 2026
Taylor Manley,3083,https://stockanalysis.com/analysts/Taylor-Manley/,07 Aug 2026
Stephen Glagola,3087,https://stockanalysis.com/analysts/Stephen-Glagola/,12 Aug 2026
Matthew Swanson,3089,https://stockanalysis.com/analysts/Matthew-Swanson/,07 Aug 2026
Phani Kanumuri,3091,https://stockanalysis.com/analysts/Phani-Kanumuri/,27 Apr 2026
Samir Khanal,3095,https://stockanalysis.com/analysts/Samir-Khanal/,10 Aug 2026
Steven Zaccone,3097,https://stockanalysis.com/analysts/Steven-Zaccone/,03 Aug 2026
Ashley Wallace,3099,https://stockanalysis.com/analysts/Ashley-Wallace/,22 May 2026
Frank Takkinen,3110,https://stockanalysis.com/analysts/Frank-Takkinen/,12 Aug 2026
James Friedman,3114,https://stockanalysis.com/analysts/James-Friedman/,11 Aug 2026
Jamie Clark,3118,https://stockanalysis.com/analysts/Jamie-Clark/,17 Feb 2026
Pujarini Ghosh,3125,https://stockanalysis.com/analysts/Pujarini-Ghosh/,14 Jul 2026
John Choi,3130,https://stockanalysis.com/analysts/John-Choi/,24 Jun 2026
Scott Fletcher,3137,https://stockanalysis.com/analysts/Scott-Fletcher/,11 Aug 2026
Duksan Jang,3138,https://stockanalysis.com/analysts/Duksan-Jang/,07 Aug 2026
Jason Helfstein,3146,https://stockanalysis.com/analysts/Jason-Helfstein/,07 Aug 2026
Abhishek Shukla,3147,https://stockanalysis.com/analysts/Abhishek-Shukla/,14 Jul 2026
Ravi Shanker,3156,https://stockanalysis.com/analysts/Ravi-Shanker/,11 Aug 2026
Trevor Allinson,3162,https://stockanalysis.com/analysts/Trevor-Allinson/,29 Jul 2026
Alexander Perry,3167,https://stockanalysis.com/analysts/Alexander-Perry/,10 Aug 2026
Chris Luyckx,3172,https://stockanalysis.com/analysts/Chris-Luyckx/,23 Apr 2026
Toni Kaplan,3179,https://stockanalysis.com/analysts/Toni-Kaplan/,12 Aug 2026
Leo Carrington,3181,https://stockanalysis.com/analysts/Leo-Carrington/,06 Aug 2026
Marvin Fong,3183,https://stockanalysis.com/analysts/Marvin-Fong/,10 Aug 2026
Winnie Dong,3185,https://stockanalysis.com/analysts/Winnie-Dong/,12 Aug 2026
Dina Ramadane,3192,https://stockanalysis.com/analysts/Dina-Ramadane/,10 Aug 2026
Noah Hungness,3198,https://stockanalysis.com/analysts/Noah-Hungness/,27 Apr 2026
Peter McGoldrick,3203,https://stockanalysis.com/analysts/Peter-McGoldrick/,12 Aug 2026
Brandon Folkes,3227,https://stockanalysis.com/analysts/Brandon-Folkes/,12 Aug 2026
Rock Hoffman,3228,https://stockanalysis.com/analysts/Rock-Hoffman/,02 Apr 2026
Louis Raffetto,3230,https://stockanalysis.com/analysts/Louis-Raffetto/,29 Jan 2026
Gary Nachman,3231,https://stockanalysis.com/analysts/Gary-Nachman/,12 Aug 2026
Daria Nasledysheva,3239,https://stockanalysis.com/analysts/Daria-Nasledysheva/,24 Jul 2026
Leonardo Olmos,3240,https://stockanalysis.com/analysts/Leonardo-Olmos/,12 Aug 2026
Griffin Bryan,3244,https://stockanalysis.com/analysts/Griffin-Bryan/,06 Jul 2026
Hong Zhang,3248,https://stockanalysis.com/analysts/Hong-Zhang/,29 Jun 2026
Austin Wang,3250,https://stockanalysis.com/analysts/Austin-Wang/,07 Aug 2026
Neal Burk,3254,https://stockanalysis.com/analysts/Neal-Burk/,11 Aug 2026
Vijay Jayant,3257,https://stockanalysis.com/analysts/Vijay-Jayant/,12 Nov 2024
Julien Roch,3265,https://stockanalysis.com/analysts/Julien-Roch/,12 Aug 2026
Bhavin Shah,3269,https://stockanalysis.com/analysts/Bhavin-Shah/,06 Aug 2026
Nafeesa Gupta,3274,https://stockanalysis.com/analysts/Nafeesa-Gupta/,06 Aug 2026
Steve Byrne,3279,https://stockanalysis.com/analysts/Steve-Byrne/,08 Jan 2026
Kemp Dolliver,3280,https://stockanalysis.com/analysts/Kemp-Dolliver/,28 Jul 2026
Harry Bartlett,3281,https://stockanalysis.com/analysts/Harry-Bartlett/,28 Jan 2026
Niall Alexander,3291,https://stockanalysis.com/analysts/Niall-Alexander/,22 Jun 2026
Eric Hagen,3314,https://stockanalysis.com/analysts/Eric-Hagen/,30 Apr 2026
Scott Wurtzel,3320,https://stockanalysis.com/analysts/Scott-Wurtzel/,10 Aug 2026
Judy Zhang,3321,https://stockanalysis.com/analysts/Judy-Zhang/,03 Jun 2026
Lizzie Dove,3322,https://stockanalysis.com/analysts/Lizzie-Dove/,11 Aug 2026
James Kirby,3328,https://stockanalysis.com/analysts/James-Kirby/,07 Aug 2026
Vince Valentini,3330,https://stockanalysis.com/analysts/Vince-Valentini/,07 Aug 2026
Martin Jungfleisch,3337,https://stockanalysis.com/analysts/Martin-Jungfleisch/,09 Jul 2026
Seyon Park,3341,https://stockanalysis.com/analysts/Seyon-Park/,05 Aug 2026
Adam Hotchkiss,3344,https://stockanalysis.com/analysts/Adam-Hotchkiss/,31 Jul 2026
Dennis Geiger,3349,https://stockanalysis.com/analysts/Dennis-Geiger/,12 Aug 2026
Bob Huang,3356,https://stockanalysis.com/analysts/Bob-Huang/,12 Aug 2026
Spencer Hanus,3390,https://stockanalysis.com/analysts/Spencer-Hanus/,29 Jul 2026
Steven Shemesh,3393,https://stockanalysis.com/analysts/Steven-Shemesh/,07 Aug 2026
Faham Baig,3416,https://stockanalysis.com/analysts/Faham-Baig/,03 Aug 2026
Seth Bergey,3419,https://stockanalysis.com/analysts/Seth-Bergey/,03 Aug 2026
Alex Kania,3422,https://stockanalysis.com/analysts/Alex-Kania/,07 Aug 2026
Dushyant Ailani,3423,https://stockanalysis.com/analysts/Dushyant-Ailani/,10 Jun 2026
Alexander Hess,3429,https://stockanalysis.com/analysts/Alexander-Hess/,04 Aug 2026
Ella Smith,3432,https://stockanalysis.com/analysts/Ella-Smith/,10 Aug 2026
Justin Bowers,3435,https://stockanalysis.com/analysts/Justin-Bowers/,10 Aug 2026
Robert Moskow,3436,https://stockanalysis.com/analysts/Robert-Moskow/,12 Aug 2026
Michael Ng,3437,https://stockanalysis.com/analysts/Michael-Ng/,10 Aug 2026
Kevin Fischbeck,3447,https://stockanalysis.com/analysts/Kevin-Fischbeck/,10 Aug 2026
Warren Ackerman,3449,https://stockanalysis.com/analysts/Warren-Ackerman/,07 Aug 2026
Joseph Giordano,3475,https://stockanalysis.com/analysts/Joseph-Giordano/,21 Jul 2026
Steven Valiquette,3477,https://stockanalysis.com/analysts/Steven-Valiquette/,11 Aug 2026
Filipe Nielsen,3492,https://stockanalysis.com/analysts/Filipe-Nielsen/,17 Mar 2026
Daniela Haigian,3524,https://stockanalysis.com/analysts/Daniela-Haigian/,07 Aug 2026
Anne Samuel,3538,https://stockanalysis.com/analysts/Anne-Samuel/,06 Feb 2026
Trevor Williams,3545,https://stockanalysis.com/analysts/Trevor-Williams/,09 Feb 2026
Edward Lewis,3554,https://stockanalysis.com/analysts/Edward-Lewis/,16 Jun 2026
Cory Carpenter,3555,https://stockanalysis.com/analysts/Cory-Carpenter/,22 Jun 2026
Matthew Coad,3593,https://stockanalysis.com/analysts/Matthew-Coad/,07 Aug 2026
John Stansel,3611,https://stockanalysis.com/analysts/John-Stansel/,06 Aug 2026
Rick Wise,3613,https://stockanalysis.com/analysts/Rick-Wise/,11 Aug 2026
Paul Jeng,3619,https://stockanalysis.com/analysts/Paul-Jeng/,06 Aug 2026
David Mak,3627,https://stockanalysis.com/analysts/David-Mak/,29 Jun 2026
Alberto Valerio,3629,https://stockanalysis.com/analysts/Alberto-Valerio/,11 Aug 2026
Charlie Lederer,3632,https://stockanalysis.com/analysts/Charlie-Lederer/,29 Jul 2026
Simon Clinch,3641,https://stockanalysis.com/analysts/Simon-Clinch/,11 Jun 2026
Atul Maheswari,3642,https://stockanalysis.com/analysts/Atul-Maheswari/,05 Aug 2026
Anojja Shah,3643,https://stockanalysis.com/analysts/Anojja-Shah/,06 Aug 2026
Carlos Peyrelongue,3647,https://stockanalysis.com/analysts/Carlos-Peyrelongue/,10 Aug 2026
Ami Probandt,3648,https://stockanalysis.com/analysts/Ami-Probandt/,14 May 2026
Matthew Cost,3649,https://stockanalysis.com/analysts/Matthew-Cost/,11 Aug 2026
Aidan Kelly,3665,https://stockanalysis.com/analysts/Aidan-Kelly/,11 Aug 2026
Kostas Biliouris,3673,https://stockanalysis.com/analysts/Kostas-Biliouris/,12 Aug 2026
Parker Snure,3675,https://stockanalysis.com/analysts/Parker-Snure/,07 Aug 2026
Matt Roberts,3690,https://stockanalysis.com/analysts/Matt-Roberts/,22 Jul 2026
Jordan Bender,3696,https://stockanalysis.com/analysts/Jordan-Bender/,07 Aug 2026
Martin Malloy,3698,https://stockanalysis.com/analysts/Martin-Malloy/,05 Jan 2026
Ryan Brinkman,3708,https://stockanalysis.com/analysts/Ryan-Brinkman/,14 Jul 2026
Alexandria Hammond,3719,https://stockanalysis.com/analysts/Alexandria-Hammond/,21 May 2026
Romain Gourvil,3723,https://stockanalysis.com/analysts/Romain-Gourvil/,29 Jul 2026
Hoang Nguyen,3738,https://stockanalysis.com/analysts/Hoang-Nguyen/,10 Aug 2026
Arpine Kocharyan,3747,https://stockanalysis.com/analysts/Arpine-Kocharyan/,05 Aug 2026
Gustavo Schroden,3750,https://stockanalysis.com/analysts/Gustavo-Schroden/,12 Jun 2026
Clarke Jeffries,3754,https://stockanalysis.com/analysts/Clarke-Jeffries/,12 Aug 2026
Roanna Ruiz,3755,https://stockanalysis.com/analysts/Roanna-Ruiz/,07 Aug 2026
Chris Quintero,3764,https://stockanalysis.com/analysts/Chris-Quintero/,05 Aug 2026
Brett Fishbin,3766,https://stockanalysis.com/analysts/Brett-Fishbin/,07 Aug 2026
Chad Messer,3767,https://stockanalysis.com/analysts/Chad-Messer/,21 Jul 2026
Sara Senatore,3770,https://stockanalysis.com/analysts/Sara-Senatore/,12 Aug 2026
Ryan Langston,3771,https://stockanalysis.com/analysts/Ryan-Langston/,10 Aug 2026
Laurent Yoon,3772,https://stockanalysis.com/analysts/Laurent-Yoon/,05 Aug 2026
Andrew Schmitt,3773,https://stockanalysis.com/analysts/Andrew-Schmitt/,10 Aug 2026
Adam Kramer,3774,https://stockanalysis.com/analysts/Adam-Kramer/,12 Aug 2026
Chad Larkin,3778,https://stockanalysis.com/analysts/Chad-Larkin/,07 Aug 2026
Nathan Stein,3787,https://stockanalysis.com/analysts/Nathan-Stein/,19 Dec 2025
Edward DeArias,3789,https://stockanalysis.com/analysts/Edward-DeArias/,10 Aug 2026
Thiago Bortoluci,3794,https://stockanalysis.com/analysts/Thiago-Bortoluci/,29 May 2026
Michael Fairbanks,3798,https://stockanalysis.com/analysts/Michael-Fairbanks/,03 Aug 2026
Tomohiko Sano,3802,https://stockanalysis.com/analysts/Tomohiko-Sano/,12 Aug 2026
Frank Louthan,3805,https://stockanalysis.com/analysts/Frank-Louthan/,28 May 2026
Martin Englert,3806,https://stockanalysis.com/analysts/Martin-Englert/,28 Apr 2026
Derek Soderberg,3807,https://stockanalysis.com/analysts/Derek-Soderberg/,11 Aug 2026
Stan Berenshteyn,3814,https://stockanalysis.com/analysts/Stan-Berenshteyn/,12 Aug 2026
Rashad Kawan,3821,https://stockanalysis.com/analysts/Rashad-Kawan/,24 Apr 2026
Richard Hightower,3823,https://stockanalysis.com/analysts/Richard-Hightower/,22 Jul 2026
Yiwen Zhang,3829,https://stockanalysis.com/analysts/Yiwen-Zhang/,06 May 2026
Jamie Rollo,3830,https://stockanalysis.com/analysts/Jamie-Rollo/,12 Aug 2026
Andrea Pistacchi,3832,https://stockanalysis.com/analysts/Andrea-Pistacchi/,06 Aug 2026
Renata Cabral,3836,https://stockanalysis.com/analysts/Renata-Cabral/,31 Jul 2026
Lucy Yu,3843,https://stockanalysis.com/analysts/Lucy-Yu/,23 Apr 2026
Kenneth Fong,3844,https://stockanalysis.com/analysts/Kenneth-Fong/,18 Mar 2026
Thomas Yeh,3859,https://stockanalysis.com/analysts/Thomas-Yeh/,07 May 2026
Sergio Segura,3867,https://stockanalysis.com/analysts/Sergio-Segura/,10 Aug 2026
Neal Dingmann,3874,https://stockanalysis.com/analysts/Neal-Dingmann/,12 Aug 2026
Javier Escalante,3898,https://stockanalysis.com/analysts/Javier-Escalante/,06 Aug 2026
Nadine Sarwat,3899,https://stockanalysis.com/analysts/Nadine-Sarwat/,03 Aug 2026
Luke Morison,3905,https://stockanalysis.com/analysts/Luke-Morison/,12 Aug 2026
Michael Toomey,3910,https://stockanalysis.com/analysts/Michael-Toomey/,16 Jul 2026
Olivia Brayer,3922,https://stockanalysis.com/analysts/Olivia-Brayer/,06 Aug 2026
Chasen Bender,3923,https://stockanalysis.com/analysts/Chasen-Bender/,10 Aug 2026
Ben Klieve,3929,https://stockanalysis.com/analysts/Ben-Klieve/,06 Aug 2026
Michael Mueller,3940,https://stockanalysis.com/analysts/Michael-Mueller/,04 Aug 2026
Ryan Tunis,3941,https://stockanalysis.com/analysts/Ryan-Tunis/,06 Aug 2026
Fulvio Cazzol,3943,https://stockanalysis.com/analysts/Fulvio-Cazzol/,05 Aug 2026
Jorge Kuri,3945,https://stockanalysis.com/analysts/Jorge-Kuri/,11 Aug 2026
Luca Issi,3946,https://stockanalysis.com/analysts/Luca-Issi/,10 Aug 2026
Neha Agarwala,3953,https://stockanalysis.com/analysts/Neha-Agarwala/,04 Mar 2026
Robert Oliver,3960,https://stockanalysis.com/analysts/Robert-Oliver/,07 Aug 2026
Lincoln Kong,3966,https://stockanalysis.com/analysts/Lincoln-Kong/,12 Aug 2026
Lee Hambright,3970,https://stockanalysis.com/analysts/Lee-Hambright/,11 Aug 2026
Julian Radlinger,3973,https://stockanalysis.com/analysts/Julian-Radlinger/,23 Jul 2026
Graham Doyle,3975,https://stockanalysis.com/analysts/Graham-Doyle/,12 Aug 2026
Matthew Lofting,3976,https://stockanalysis.com/analysts/Matthew-Lofting/,04 Aug 2026
Siti Panigrahi,3979,https://stockanalysis.com/analysts/Siti-Panigrahi/,11 Aug 2026
Mayank Tandon,3981,https://stockanalysis.com/analysts/Mayank-Tandon/,10 Aug 2026
Michael Nedelcovych,3988,https://stockanalysis.com/analysts/Michael-Nedelcovych/,13 Jul 2026
Daniel Moore,4000,https://stockanalysis.com/analysts/Daniel-Moore/,27 May 2026
Caitlin Burrows,4004,https://stockanalysis.com/analysts/Caitlin-Burrows/,10 Aug 2026
Alex Bond,4024,https://stockanalysis.com/analysts/Alex-Bond/,10 Aug 2026
Jack Lin,4032,https://stockanalysis.com/analysts/Jack-Lin/,28 May 2026
Kaumil Gajrawala,4036,https://stockanalysis.com/analysts/Kaumil-Gajrawala/,07 Aug 2026
Peter Christiansen,4037,https://stockanalysis.com/analysts/Peter-Christiansen/,12 Aug 2026
Gregory Williams,4041,https://stockanalysis.com/analysts/Gregory-Williams/,07 Aug 2026
Michael DiFiore,4054,https://stockanalysis.com/analysts/Michael-DiFiore/,07 May 2026
Carlos Laboy,4055,https://stockanalysis.com/analysts/Carlos-Laboy/,28 Jul 2026
Megan Alexander,4056,https://stockanalysis.com/analysts/Megan-Alexander/,24 Jun 2026
Michael Turrin,4061,https://stockanalysis.com/analysts/Michael-Turrin/,12 Aug 2026
Fan Tso,4063,https://stockanalysis.com/analysts/Fan-Tso/,26 May 2026
Craig Kennison,4072,https://stockanalysis.com/analysts/Craig-Kennison/,06 Aug 2026
Matthew Johnson,4076,https://stockanalysis.com/analysts/Matthew-Johnson/,30 Jul 2026
David Chiaverini,4079,https://stockanalysis.com/analysts/David-Chiaverini/,03 Aug 2026
Brian Holland,4087,https://stockanalysis.com/analysts/Brian-Holland/,10 Aug 2026
Ryan Kenny,4089,https://stockanalysis.com/analysts/Ryan-Kenny/,07 Aug 2026
Peter Grom,4092,https://stockanalysis.com/analysts/Peter-Grom/,12 Aug 2026
Estelle Weingrod,4095,https://stockanalysis.com/analysts/Estelle-Weingrod/,29 Jul 2026
Kyle Peterson,4096,https://stockanalysis.com/analysts/Kyle-Peterson/,11 Aug 2026
Eric Serotta,4098,https://stockanalysis.com/analysts/Eric-Serotta/,11 Aug 2026
Thomas Palmer,4104,https://stockanalysis.com/analysts/Thomas-Palmer/,10 Aug 2026
Matheus Enfeldt,4110,https://stockanalysis.com/analysts/Matheus-Enfeldt/,07 Aug 2026
Nathan Treybeck,4118,https://stockanalysis.com/analysts/Nathan-Treybeck/,07 Aug 2026
Brendan Lynch,4120,https://stockanalysis.com/analysts/Brendan-Lynch/,07 Aug 2026
Kevin Dede,4123,https://stockanalysis.com/analysts/Kevin-Dede/,09 Apr 2026
Patrick Wood,4129,https://stockanalysis.com/analysts/Patrick-Wood/,12 Aug 2026
Andrew Cooper,4132,https://stockanalysis.com/analysts/Andrew-Cooper/,07 Aug 2026
Akshay Gupta,4133,https://stockanalysis.com/analysts/Akshay-Gupta/,13 Apr 2026
Ned Baramov,4137,https://stockanalysis.com/analysts/Ned-Baramov/,07 Aug 2026
Mason Carrico,4146,https://stockanalysis.com/analysts/Mason-Carrico/,04 Aug 2026
Wei Xiong,4151,https://stockanalysis.com/analysts/Wei-Xiong/,12 Aug 2026
Andrew Polkowitz,4154,https://stockanalysis.com/analysts/Andrew-Polkowitz/,01 May 2026
Alexander Sklar,4158,https://stockanalysis.com/analysts/Alexander-Sklar/,11 Aug 2026
Stephanie Piazzola,4159,https://stockanalysis.com/analysts/Stephanie-Piazzola/,05 Aug 2026
Cameron McVeigh,4162,https://stockanalysis.com/analysts/Cameron-McVeigh/,10 Aug 2026
Kevin Krishnaratne,4164,https://stockanalysis.com/analysts/Kevin-Krishnaratne/,11 Aug 2026
Mario Pierry,4168,https://stockanalysis.com/analysts/Mario-Pierry/,11 Aug 2026
Michael Okunewitch,4171,https://stockanalysis.com/analysts/Michael-Okunewitch/,11 Aug 2026
Alton Stump,4178,https://stockanalysis.com/analysts/Alton-Stump/,10 Aug 2026
Batya Levi,4181,https://stockanalysis.com/analysts/Batya-Levi/,04 Aug 2026
Brian Harbour,4185,https://stockanalysis.com/analysts/Brian-Harbour/,12 Aug 2026
Jessica Tassan,4186,https://stockanalysis.com/analysts/Jessica-Tassan/,07 Aug 2026
Michael Ha,4190,https://stockanalysis.com/analysts/Michael-Ha/,07 Aug 2026
Tito Labarta,4198,https://stockanalysis.com/analysts/Tito-Labarta/,11 Aug 2026
Andrew Harte,4200,https://stockanalysis.com/analysts/Andrew-Harte/,07 Aug 2026
Mani Foroohar,4204,https://stockanalysis.com/analysts/Mani-Foroohar/,04 Jun 2026
Ekaterina Knyazkova,4208,https://stockanalysis.com/analysts/Ekaterina-Knyazkova/,10 Aug 2026
Paul Kearney,4210,https://stockanalysis.com/analysts/Paul-Kearney/,04 Nov 2025
Craig Moffett,4211,https://stockanalysis.com/analysts/Craig-Moffett/,08 Apr 2026
Salvator Tiano,4212,https://stockanalysis.com/analysts/Salvator-Tiano/,21 Apr 2026
Nate Svensson,4214,https://stockanalysis.com/analysts/Nate-Svensson/,06 Aug 2026
Thomas Wendler,4221,https://stockanalysis.com/analysts/Thomas-Wendler/,30 Jul 2026
Matt Ma,4222,https://stockanalysis.com/analysts/Matt-Ma/,13 May 2026
Jason Stewart,4251,https://stockanalysis.com/analysts/Jason-Stewart/,17 Jul 2026
Christian Carlino,4253,https://stockanalysis.com/analysts/Christian-Carlino/,12 Nov 2025
Ameet Thakkar,4255,https://stockanalysis.com/analysts/Ameet-Thakkar/,10 Aug 2026
Greg Parrish,4266,https://stockanalysis.com/analysts/Greg-Parrish/,12 Aug 2026
Danilo Gargiulo,4267,https://stockanalysis.com/analysts/Danilo-Gargiulo/,12 Aug 2026
Tom White,4270,https://stockanalysis.com/analysts/Tom-White/,11 Aug 2026
Nick Lai,4271,https://stockanalysis.com/analysts/Nick-Lai/,14 Jul 2026
Brendan Sproules,4272,https://stockanalysis.com/analysts/Brendan-Sproules/,03 Jul 2026
Boobalan Pachaiyappan,4280,https://stockanalysis.com/analysts/Boobalan-Pachaiyappan/,12 Aug 2026
Todd Brooks,4286,https://stockanalysis.com/analysts/Todd-Brooks/,07 Aug 2026
Trevor Young,4295,https://stockanalysis.com/analysts/Trevor-Young/,11 Jun 2026
Noah Zatzkin,4303,https://stockanalysis.com/analysts/Noah-Zatzkin/,12 Aug 2026
Anthony Valentini,4308,https://stockanalysis.com/analysts/Anthony-Valentini/,14 Jul 2026
Samuel Nielsen,4309,https://stockanalysis.com/analysts/Samuel-Nielsen/,04 Aug 2026
Wahid Amin,4318,https://stockanalysis.com/analysts/Wahid-Amin/,05 Aug 2026
Lucky Schreiner,4321,https://stockanalysis.com/analysts/Lucky-Schreiner/,11 Aug 2026
James West,4323,https://stockanalysis.com/analysts/James-West/,16 Jun 2026
Zachary Silverberg,4324,https://stockanalysis.com/analysts/Zachary-Silverberg/,30 Jul 2026
Nik Cremo,4329,https://stockanalysis.com/analysts/Nik-Cremo/,11 Aug 2026
Sean McGowan,4332,https://stockanalysis.com/analysts/Sean-McGowan/,12 Aug 2026
Jason Bednar,4334,https://stockanalysis.com/analysts/Jason-Bednar/,11 Aug 2026
Marco Limite,4335,https://stockanalysis.com/analysts/Marco-Limite/,10 Aug 2026
Michael Sison,4340,https://stockanalysis.com/analysts/Michael-Sison/,03 Aug 2026
Gerald Pascarelli,4342,https://stockanalysis.com/analysts/Gerald-Pascarelli/,11 Aug 2026
Casey Ryan,4345,https://stockanalysis.com/analysts/Casey-Ryan/,08 Jan 2026
Sean Milligan,4347,https://stockanalysis.com/analysts/Sean-Milligan/,12 Aug 2026
George Kurosawa,4351,https://stockanalysis.com/analysts/George-Kurosawa/,29 Jul 2026
Anthony Trainor,4352,https://stockanalysis.com/analysts/Anthony-Trainor/,06 Aug 2026
Elizabeth Porter,4355,https://stockanalysis.com/analysts/Elizabeth-Porter/,11 Aug 2026
Ed Engel,4357,https://stockanalysis.com/analysts/Ed-Engel/,02 Aug 2026
Ashley Owens,4358,https://stockanalysis.com/analysts/Ashley-Owens/,07 Aug 2026
Vasundhara Govil,4363,https://stockanalysis.com/analysts/Vasundhara-Govil/,07 Aug 2026
Jack Matten,4366,https://stockanalysis.com/analysts/Jack-Matten/,12 Aug 2026
Greg Konrad,4368,https://stockanalysis.com/analysts/Greg-Konrad/,17 May 2026
Charles Nabhan,4370,https://stockanalysis.com/analysts/Charles-Nabhan/,08 May 2026
Anna Glaessgen,4380,https://stockanalysis.com/analysts/Anna-Glaessgen/,10 Aug 2026
Robert Farnam,4381,https://stockanalysis.com/analysts/Robert-Farnam/,25 Mar 2026
Taylor McGinnis,4390,https://stockanalysis.com/analysts/Taylor-McGinnis/,11 Aug 2026
Jeff Chung,4392,https://stockanalysis.com/analysts/Jeff-Chung/,31 Jul 2026
Jason Tilchen,4397,https://stockanalysis.com/analysts/Jason-Tilchen/,11 Aug 2026
Matthew Hurwit,4404,https://stockanalysis.com/analysts/Matthew-Hurwit/,25 Mar 2026
Brandon Vazquez,4405,https://stockanalysis.com/analysts/Brandon-Vazquez/,12 Aug 2026
Scott Berg,4412,https://stockanalysis.com/analysts/Scott-Berg/,12 Aug 2026
Ryan Meyers,4413,https://stockanalysis.com/analysts/Ryan-Meyers/,11 Aug 2026
Carl Byrnes,4414,https://stockanalysis.com/analysts/Carl-Byrnes/,24 Apr 2026
Richard Kramer,4418,https://stockanalysis.com/analysts/Richard-Kramer/,30 Jun 2026
Tracy Benguigui,4419,https://stockanalysis.com/analysts/Tracy-Benguigui/,03 Aug 2026
Andrea Tan,4420,https://stockanalysis.com/analysts/Andrea-Tan/,05 Feb 2026
David Turkaly,4425,https://stockanalysis.com/analysts/David-Turkaly/,03 Aug 2026
Madeline Brooks,4429,https://stockanalysis.com/analysts/Madeline-Brooks/,27 Feb 2026
Gordon Johnson,4430,https://stockanalysis.com/analysts/Gordon-Johnson/,04 Aug 2026
Bryan Bergin,4431,https://stockanalysis.com/analysts/Bryan-Bergin/,12 Aug 2026
Tim Rezvan,4432,https://stockanalysis.com/analysts/Tim-Rezvan/,12 Aug 2026
Leo Chiang,4435,https://stockanalysis.com/analysts/Leo-Chiang/,28 Jul 2026
Stephen Sheldon,4438,https://stockanalysis.com/analysts/Stephen-Sheldon/,11 Aug 2026
Ben Shelley,4445,https://stockanalysis.com/analysts/Ben-Shelley/,06 Aug 2026
Li Watsek,4451,https://stockanalysis.com/analysts/Li-Watsek/,06 Aug 2026
Bryan Smilek,4452,https://stockanalysis.com/analysts/Bryan-Smilek/,11 Aug 2026
Cheng Li,4454,https://stockanalysis.com/analysts/Cheng-Li/,27 Feb 2026
Bill Kerr,4456,https://stockanalysis.com/analysts/Bill-Kerr/,11 Dec 2025
Jeffrey Adelson,4460,https://stockanalysis.com/analysts/Jeffrey-Adelson/,10 Aug 2026
Kumaraguru Raja,4461,https://stockanalysis.com/analysts/Kumaraguru-Raja/,27 Jul 2026
Rishi Jaluria,4468,https://stockanalysis.com/analysts/Rishi-Jaluria/,12 Aug 2026
Will Nance,4469,https://stockanalysis.com/analysts/Will-Nance/,07 Aug 2026
Chris Pierce,4471,https://stockanalysis.com/analysts/Chris-Pierce/,12 Aug 2026
Benjamin Mayhew,4475,https://stockanalysis.com/analysts/Benjamin-Mayhew/,07 Aug 2026
James Quigley,4479,https://stockanalysis.com/analysts/James-Quigley/,06 Aug 2026
Rahul Krotthapalli,4480,https://stockanalysis.com/analysts/Rahul-Krotthapalli/,10 Aug 2026
Mickey Legg,4481,https://stockanalysis.com/analysts/Mickey-Legg/,31 Jul 2026
Kai Klose,4488,https://stockanalysis.com/analysts/Kai-Klose/,11 Aug 2026
Michael Pachter,4490,https://stockanalysis.com/analysts/Michael-Pachter/,12 Aug 2026
Aaron Grey,4492,https://stockanalysis.com/analysts/Aaron-Grey/,12 Aug 2026
Nora Min,4497,https://stockanalysis.com/analysts/Nora-Min/,31 Jul 2026
Matthew VanVliet,4499,https://stockanalysis.com/analysts/Matthew-VanVliet/,08 Aug 2026
Michael Funk,4501,https://stockanalysis.com/analysts/Michael-Funk/,11 Aug 2026
Corinne Blanchard,4502,https://stockanalysis.com/analysts/Corinne-Blanchard/,10 Aug 2026
Jim Salera,4503,https://stockanalysis.com/analysts/Jim-Salera/,12 Aug 2026
Jeffrey Stantial,4510,https://stockanalysis.com/analysts/Jeffrey-Stantial/,10 Aug 2026
Tim Hsiao,4512,https://stockanalysis.com/analysts/Tim-Hsiao/,11 Aug 2026
Joseph Civello,4515,https://stockanalysis.com/analysts/Joseph-Civello/,12 Aug 2026
Jake Roberge,4521,https://stockanalysis.com/analysts/Jake-Roberge/,18 Mar 2026
Priyanka Grover,4524,https://stockanalysis.com/analysts/Priyanka-Grover/,10 Aug 2026
Terry Tillman,4526,https://stockanalysis.com/analysts/Terry-Tillman/,11 Aug 2026
David Adlington,4528,https://stockanalysis.com/analysts/David-Adlington/,06 Aug 2026
Scott Schoenhaus,4531,https://stockanalysis.com/analysts/Scott-Schoenhaus/,07 Aug 2026
David Larsen,4534,https://stockanalysis.com/analysts/David-Larsen/,11 Aug 2026
Marc Torrente,4537,https://stockanalysis.com/analysts/Marc-Torrente/,06 Aug 2026
Colin Langan,4541,https://stockanalysis.com/analysts/Colin-Langan/,12 Aug 2026
Shilan Modi,4544,https://stockanalysis.com/analysts/Shilan-Modi/,14 Apr 2026
Seth Sigman,4546,https://stockanalysis.com/analysts/Seth-Sigman/,11 Aug 2026
Curtis Nagle,4547,https://stockanalysis.com/analysts/Curtis-Nagle/,11 Aug 2026
Alexia Dogani,4548,https://stockanalysis.com/analysts/Alexia-Dogani/,05 Aug 2026
Isabella Simonato,4555,https://stockanalysis.com/analysts/Isabella-Simonato/,12 Aug 2026
William Grippin,4556,https://stockanalysis.com/analysts/William-Grippin/,10 Aug 2026
Jailendra Singh,4560,https://stockanalysis.com/analysts/Jailendra-Singh/,12 Aug 2026
Tom Curran,4561,https://stockanalysis.com/analysts/Tom-Curran/,08 Jan 2026
Yun Zhong,4567,https://stockanalysis.com/analysts/Yun-Zhong/,11 Aug 2026
Logan Reich,4568,https://stockanalysis.com/analysts/Logan-Reich/,11 Aug 2026
Michael Albanese,4576,https://stockanalysis.com/analysts/Michael-Albanese/,10 Aug 2026
Brian Skorney,4577,https://stockanalysis.com/analysts/Brian-Skorney/,07 Aug 2026
Anna Andreeva,4578,https://stockanalysis.com/analysts/Anna-Andreeva/,10 Aug 2026
Constantine Davides,4579,https://stockanalysis.com/analysts/Constantine-Davides/,29 Jul 2026
Ryan Tomasello,4581,https://stockanalysis.com/analysts/Ryan-Tomasello/,10 Aug 2026
Daniel Perlin,4585,https://stockanalysis.com/analysts/Daniel-Perlin/,11 Aug 2026
Naz Rahman,4586,https://stockanalysis.com/analysts/Naz-Rahman/,12 Aug 2026
Caroline Palomeque,4589,https://stockanalysis.com/analysts/Caroline-Palomeque/,16 Jun 2026
Sean Kennedy,4590,https://stockanalysis.com/analysts/Sean-Kennedy/,11 Aug 2026
Bill Kirk,4591,https://stockanalysis.com/analysts/Bill-Kirk/,11 Aug 2026
Puneet Jain,4594,https://stockanalysis.com/analysts/Puneet-Jain/,12 Aug 2026
Sara Nik,4596,https://stockanalysis.com/analysts/Sara-Nik/,31 Jul 2026
Fedor Shabalin,4597,https://stockanalysis.com/analysts/Fedor-Shabalin/,16 Jul 2026
Jason Kupferberg,4598,https://stockanalysis.com/analysts/Jason-Kupferberg/,12 Aug 2026
David Hynes,4599,https://stockanalysis.com/analysts/David-Hynes/,11 Aug 2026
Daina Graybosch,4600,https://stockanalysis.com/analysts/Daina-Graybosch/,11 Aug 2026
Bruce Jackson,4601,https://stockanalysis.com/analysts/Bruce-Jackson/,06 Aug 2026
Piral Dadhania,4603,https://stockanalysis.com/analysts/Piral-Dadhania/,03 Aug 2026
Young Li,4608,https://stockanalysis.com/analysts/Young-Li/,07 Jul 2026
Sarang Vora,4611,https://stockanalysis.com/analysts/Sarang-Vora/,12 Aug 2026
Matthew Keller,4612,https://stockanalysis.com/analysts/Matthew-Keller/,07 Aug 2026
Joseph Spak,4614,https://stockanalysis.com/analysts/Joseph-Spak/,12 Aug 2026
Marie Thibault,4621,https://stockanalysis.com/analysts/Marie-Thibault/,11 Aug 2026
Vikram Bagri,4622,https://stockanalysis.com/analysts/Vikram-Bagri/,11 Aug 2026
Reni Benjamin,4623,https://stockanalysis.com/analysts/Reni-Benjamin/,07 Aug 2026
Jason Kolbert,4624,https://stockanalysis.com/analysts/Jason-Kolbert/,13 May 2026
Christopher Souther,4625,https://stockanalysis.com/analysts/Christopher-Souther/,10 Aug 2026
Ryan MacDonald,4628,https://stockanalysis.com/analysts/Ryan-MacDonald/,11 Aug 2026
Kyle Bauser,4629,https://stockanalysis.com/analysts/Kyle-Bauser/,17 Apr 2026
Jack Allen,4631,https://stockanalysis.com/analysts/Jack-Allen/,30 Jun 2026
Itay Michaeli,4634,https://stockanalysis.com/analysts/Itay-Michaeli/,11 Aug 2026
Eric Wold,4635,https://stockanalysis.com/analysts/Eric-Wold/,15 Jul 2026
Jason McCarthy,4636,https://stockanalysis.com/analysts/Jason-McCarthy/,11 Aug 2026
Allen Klee,4637,https://stockanalysis.com/analysts/Allen-Klee/,12 Aug 2026
James Molloy,4638,https://stockanalysis.com/analysts/James-Molloy/,11 Aug 2026
Edward Woo,4640,https://stockanalysis.com/analysts/Edward-Woo/,10 Jun 2026
Anthony Vendetti,4642,https://stockanalysis.com/analysts/Anthony-Vendetti/,12 Aug 2026
James McIlree,4643,https://stockanalysis.com/analysts/James-McIlree/,07 Aug 2026
Lucas Ward,4644,https://stockanalysis.com/analysts/Lucas-Ward/,04 Jun 2026
Woody Lay,9936,https://stockanalysis.com/analysts/Woody-Lay/,Not found
Xavier Bouvignies,9936,https://stockanalysis.com/analysts/Xavier-Bouvignies/,Not found
Yessica Sanchez,9936,https://stockanalysis.com/analysts/Yessica-Sanchez/,Not found
Yi Fu,9936,https://stockanalysis.com/analysts/Yi-Fu/,Not found
Alex Goldfarb,9936,https://stockanalysis.com/analysts/Alex-Goldfarb/,Not found
Alex Haissl,9936,https://stockanalysis.com/analysts/Alex-Haissl/,Not found
Alex Nowark,9936,https://stockanalysis.com/analysts/Alex-Nowark/,Not found
Aaron Kessler,9936,https://stockanalysis.com/analysts/Aaron-Kessler/,Not found
Abhi Agarwal,9936,https://stockanalysis.com/analysts/Abhi-Agarwal/,Not found
Zachary Warring,9936,https://stockanalysis.com/analysts/Zachary-Warring/,Not found
Zhijing Liu,9936,https://stockanalysis.com/analysts/Zhijing-Liu/,Not found
Patrick R. Trucchio,9936,https://stockanalysis.com/analysts/Patrick-R.-Trucchio/,Not found
Patrick Tyler,9936,https://stockanalysis.com/analysts/Patrick-Tyler/,Not found
Patty Kanada,9936,https://stockanalysis.com/analysts/Patty-Kanada/,Not found
Paul Adams,9936,https://stockanalysis.com/analysts/Paul-Adams/,Not found
Paul Cheng,9936,https://stockanalysis.com/analysts/Paul-Cheng/,Not found
Paul Chung,9936,https://stockanalysis.com/analysts/Paul-Chung/,Not found
Paul Coster,9936,https://stockanalysis.com/analysts/Paul-Coster/,Not found
Paul Diamond,9936,https://stockanalysis.com/analysts/Paul-Diamond/,Not found
David Kang,9936,https://stockanalysis.com/analysts/David-Kang/,Not found
David Lebovitz,9936,https://stockanalysis.com/analysts/David-Lebovitz/,Not found
David Lebowitz,9936,https://stockanalysis.com/analysts/David-Lebowitz/,Not found
David Leiker,9936,https://stockanalysis.com/analysts/David-Leiker/,Not found
David Lewis,9936,https://stockanalysis.com/analysts/David-Lewis/,Not found
Paul McTaggart,9936,https://stockanalysis.com/analysts/Paul-McTaggart/,Not found
Paul Obrecht,9936,https://stockanalysis.com/analysts/Paul-Obrecht/,Not found
Paul Steep,9936,https://stockanalysis.com/analysts/Paul-Steep/,Not found
Paul Zimbardo,9936,https://stockanalysis.com/analysts/Paul-Zimbardo/,Not found
Perez Mora,9936,https://stockanalysis.com/analysts/Perez-Mora/,Not found
Pete Skibitski,9936,https://stockanalysis.com/analysts/Pete-Skibitski/,Not found
David Belinger,9936,https://stockanalysis.com/analysts/David-Belinger/,Not found
David Bouchey,9936,https://stockanalysis.com/analysts/David-Bouchey/,Not found
David Hicks,9936,https://stockanalysis.com/analysts/David-Hicks/,Not found
David MacDonald,9936,https://stockanalysis.com/analysts/David-MacDonald/,Not found
Pablo Zuanic,9936,https://stockanalysis.com/analysts/Pablo-Zuanic/,Not found
Papa Sylla,9936,https://stockanalysis.com/analysts/Papa-Sylla/,Not found
Parker Lane,9936,https://stockanalysis.com/analysts/Parker-Lane/,Not found
Patrick Donnelly,9936,https://stockanalysis.com/analysts/Patrick-Donnelly/,Not found
David Motemeden,9936,https://stockanalysis.com/analysts/David-Motemeden/,Not found
David Rodgers,9936,https://stockanalysis.com/analysts/David-Rodgers/,Not found
David Seigerman,9936,https://stockanalysis.com/analysts/David-Seigerman/,Not found
David Smith,9936,https://stockanalysis.com/analysts/David-Smith/,Not found
David Strauss,9936,https://stockanalysis.com/analysts/David-Strauss/,Not found
Peter Osterland,9936,https://stockanalysis.com/analysts/Peter-Osterland/,Not found
Daniel Kutz,9936,https://stockanalysis.com/analysts/Daniel-Kutz/,Not found
Daniel Markowitz,9936,https://stockanalysis.com/analysts/Daniel-Markowitz/,Not found
Daniel Roeska,9936,https://stockanalysis.com/analysts/Daniel-Roeska/,Not found
Darren Leung,9936,https://stockanalysis.com/analysts/Darren-Leung/,Not found
Ole Slorer,9936,https://stockanalysis.com/analysts/Ole-Slorer/,Not found
Omar Nokta,9936,https://stockanalysis.com/analysts/Omar-Nokta/,Not found
David Togut,9936,https://stockanalysis.com/analysts/David-Togut/,Not found
De Bruin,9936,https://stockanalysis.com/analysts/De-Bruin/,Not found
Deborah Ciervo,9936,https://stockanalysis.com/analysts/Deborah-Ciervo/,Not found
Derik De,9936,https://stockanalysis.com/analysts/Derik-De/,Not found
Destiny Hance,9936,https://stockanalysis.com/analysts/Destiny-Hance/,Not found
Diego Aragao,9936,https://stockanalysis.com/analysts/Diego-Aragao/,Not found
Pinjalim Bora,9936,https://stockanalysis.com/analysts/Pinjalim-Bora/,Not found
Dan Silverstein,9936,https://stockanalysis.com/analysts/Dan-Silverstein/,Not found
Dane Leone,9936,https://stockanalysis.com/analysts/Dane-Leone/,Not found
Daniel Chan,9936,https://stockanalysis.com/analysts/Daniel-Chan/,Not found
Daniel Chen,9936,https://stockanalysis.com/analysts/Daniel-Chen/,Not found
Daniel Ford,9936,https://stockanalysis.com/analysts/Daniel-Ford/,Not found
Daniel Hibshman,9936,https://stockanalysis.com/analysts/Daniel-Hibshman/,Not found
Peter Costa,9936,https://stockanalysis.com/analysts/Peter-Costa/,Not found
Peter Lawson,9936,https://stockanalysis.com/analysts/Peter-Lawson/,Not found
Nick Pope,9936,https://stockanalysis.com/analysts/Nick-Pope/,Not found
Nicole Germino,9936,https://stockanalysis.com/analysts/Nicole-Germino/,Not found
Nicole Miller,9936,https://stockanalysis.com/analysts/Nicole-Miller/,Not found
Nigel Dally,9936,https://stockanalysis.com/analysts/Nigel-Dally/,Not found
Nitin Kumar,9936,https://stockanalysis.com/analysts/Nitin-Kumar/,Not found
Noah Herman,9936,https://stockanalysis.com/analysts/Noah-Herman/,Not found
Nicholas Jones,9936,https://stockanalysis.com/analysts/Nicholas-Jones/,Not found
Nicholas Thomas,9936,https://stockanalysis.com/analysts/Nicholas-Thomas/,Not found
Dan Ives,9936,https://stockanalysis.com/analysts/Dan-Ives/,Not found
Prashant Rao,9936,https://stockanalysis.com/analysts/Prashant-Rao/,Not found
Pérez Mora,9936,empty,Not found
Philip Cusick,9936,https://stockanalysis.com/analysts/Philip-Cusick/,Not found
Philip Gibbs,9936,https://stockanalysis.com/analysts/Philip-Gibbs/,Not found
Philipp Häßler,9936,empty,Not found
Rachel Vatnsdal,9936,https://stockanalysis.com/analysts/Rachel-Vatnsdal/,Not found
Raghuram Selvaraju,9936,https://stockanalysis.com/analysts/Raghuram-Selvaraju/,Not found
Raj Kumar,9936,https://stockanalysis.com/analysts/Raj-Kumar/,Not found
Raj Sharma,9936,https://stockanalysis.com/analysts/Raj-Sharma/,Not found
Rajat Gupta,9936,https://stockanalysis.com/analysts/Rajat-Gupta/,Not found
Ralph Profiti,9936,https://stockanalysis.com/analysts/Ralph-Profiti/,Not found
Curt Woodworth,9936,https://stockanalysis.com/analysts/Curt-Woodworth/,Not found
Curtis Shauger,9936,https://stockanalysis.com/analysts/Curtis-Shauger/,Not found
Da Wei,9936,https://stockanalysis.com/analysts/Da-Wei/,Not found
Dae Gon,9936,https://stockanalysis.com/analysts/Dae-Gon/,Not found
Dailey Fairbanks,9936,https://stockanalysis.com/analysts/Dailey-Fairbanks/,Not found
Dan Brennan,9936,https://stockanalysis.com/analysts/Dan-Brennan/,Not found
Nicholas Watts,9936,https://stockanalysis.com/analysts/Nicholas-Watts/,Not found
Nick Abbott,9936,https://stockanalysis.com/analysts/Nick-Abbott/,Not found
Nick Del,9936,https://stockanalysis.com/analysts/Nick-Del/,Not found
Nick Housden,9936,https://stockanalysis.com/analysts/Nick-Housden/,Not found
Nick Joseph,9936,https://stockanalysis.com/analysts/Nick-Joseph/,Not found
Dillon Cumming,9936,https://stockanalysis.com/analysts/Dillon-Cumming/,Not found
Dimple Gosa,9936,https://stockanalysis.com/analysts/Dimple-Gosa/,Not found
Dimple Gosai,9936,https://stockanalysis.com/analysts/Dimple-Gosai/,Not found
Divya Goyal,9936,https://stockanalysis.com/analysts/Divya-Goyal/,Not found
Domingos Falavina,9936,https://stockanalysis.com/analysts/Domingos-Falavina/,Not found
Don Carducci,9936,https://stockanalysis.com/analysts/Don-Carducci/,Not found
Dori Kesten,9936,https://stockanalysis.com/analysts/Dori-Kesten/,Not found
Doug Harter,9936,https://stockanalysis.com/analysts/Doug-Harter/,Not found
Nathan Rice,9936,https://stockanalysis.com/analysts/Nathan-Rice/,Not found
Neel Kumar,9936,https://stockanalysis.com/analysts/Neel-Kumar/,Not found
Neil Kalton,9936,https://stockanalysis.com/analysts/Neil-Kalton/,Not found
Nichola Holowko,9936,https://stockanalysis.com/analysts/Nichola-Holowko/,Not found
Reif Ehrlich,9936,https://stockanalysis.com/analysts/Reif-Ehrlich/,Not found
Ricardo Rezende,9936,https://stockanalysis.com/analysts/Ricardo-Rezende/,Not found
Cristina Fernández,9936,empty,Not found
Cristopher Kennedy,9936,https://stockanalysis.com/analysts/Cristopher-Kennedy/,Not found
Q3 EPS,9936,https://stockanalysis.com/analysts/Q3-EPS/,Not found
Q3 Marketplace,9936,https://stockanalysis.com/analysts/Q3-Marketplace/,Not found
Nathan Janes,9936,https://stockanalysis.com/analysts/Nathan-Janes/,Not found
Douglas Irwin,9936,https://stockanalysis.com/analysts/Douglas-Irwin/,Not found
Drew Chamberlain,9936,https://stockanalysis.com/analysts/Drew-Chamberlain/,Not found
Drew Ranieri,9936,https://stockanalysis.com/analysts/Drew-Ranieri/,Not found
Duane Pfenningwerth,9936,https://stockanalysis.com/analysts/Duane-Pfenningwerth/,Not found
Ed Yang,9936,https://stockanalysis.com/analysts/Ed-Yang/,Not found
Eddie Leung,9936,https://stockanalysis.com/analysts/Eddie-Leung/,Not found
Richard Hill,9936,https://stockanalysis.com/analysts/Richard-Hill/,Not found
Richard Law,9936,https://stockanalysis.com/analysts/Richard-Law/,Not found
Colleen Kusy,9936,https://stockanalysis.com/analysts/Colleen-Kusy/,Not found
Connor Chamberlain,9936,https://stockanalysis.com/analysts/Connor-Chamberlain/,Not found
Connor Lynagh,9936,https://stockanalysis.com/analysts/Connor-Lynagh/,Not found
Connor Siversky,9936,https://stockanalysis.com/analysts/Connor-Siversky/,Not found
Conor Fitzgerald,9936,https://stockanalysis.com/analysts/Conor-Fitzgerald/,Not found
Conor McNamara,9936,https://stockanalysis.com/analysts/Conor-McNamara/,Not found
Corinne Jenkins,9936,https://stockanalysis.com/analysts/Corinne-Jenkins/,Not found
Mike Matson,9936,https://stockanalysis.com/analysts/Mike-Matson/,Not found
Mike Morris,9936,https://stockanalysis.com/analysts/Mike-Morris/,Not found
Mike Polark,9936,https://stockanalysis.com/analysts/Mike-Polark/,Not found
Mike Scialla,9936,https://stockanalysis.com/analysts/Mike-Scialla/,Not found
Ming Hsun,9936,https://stockanalysis.com/analysts/Ming-Hsun/,Not found
Mitch Germain,9936,https://stockanalysis.com/analysts/Mitch-Germain/,Not found
Elizabeth Anderson,9936,https://stockanalysis.com/analysts/Elizabeth-Anderson/,Not found
Elizabeth Garcia,9936,https://stockanalysis.com/analysts/Elizabeth-Garcia/,Not found
Elizabeth Suzuki,9936,https://stockanalysis.com/analysts/Elizabeth-Suzuki/,Not found
Ricky Goldwasser,9936,https://stockanalysis.com/analysts/Ricky-Goldwasser/,Not found
Christyne McGarvey,9936,https://stockanalysis.com/analysts/Christyne-McGarvey/,Not found
Chuck Grom,9936,https://stockanalysis.com/analysts/Chuck-Grom/,Not found
Cleveland Rueckert,9936,https://stockanalysis.com/analysts/Cleveland-Rueckert/,Not found
Cody Ross,9936,https://stockanalysis.com/analysts/Cody-Ross/,Not found
Colin Bristow,9936,https://stockanalysis.com/analysts/Colin-Bristow/,Not found
Colin Isaac,9936,https://stockanalysis.com/analysts/Colin-Isaac/,Not found
Rich Hightower,9936,https://stockanalysis.com/analysts/Rich-Hightower/,Not found
Rich Hilliker,9936,https://stockanalysis.com/analysts/Rich-Hilliker/,Not found
Richard Eastman,9936,https://stockanalysis.com/analysts/Richard-Eastman/,Not found
Robert Bek,9936,https://stockanalysis.com/analysts/Robert-Bek/,Not found
Robert Cox,9936,https://stockanalysis.com/analysts/Robert-Cox/,Not found
Christopher LaFemina,9936,https://stockanalysis.com/analysts/Christopher-LaFemina/,Not found
Christopher LeFemina,9936,https://stockanalysis.com/analysts/Christopher-LeFemina/,Not found
Christopher Mandeville,9936,https://stockanalysis.com/analysts/Christopher-Mandeville/,Not found
Christopher Merwin,9936,https://stockanalysis.com/analysts/Christopher-Merwin/,Not found
Christopher Moore,9936,https://stockanalysis.com/analysts/Christopher-Moore/,Not found
Christopher Parkinson,9936,https://stockanalysis.com/analysts/Christopher-Parkinson/,Not found
Christopher Schoell,9936,https://stockanalysis.com/analysts/Christopher-Schoell/,Not found
Richard Radbourne,9936,https://stockanalysis.com/analysts/Richard-Radbourne/,Not found
Richard Repetto,9936,https://stockanalysis.com/analysts/Richard-Repetto/,Not found
Rick Paterson,9936,https://stockanalysis.com/analysts/Rick-Paterson/,Not found
Mike Albanese,9936,https://stockanalysis.com/analysts/Mike-Albanese/,Not found
Mike Burton,9936,https://stockanalysis.com/analysts/Mike-Burton/,Not found
Mike Cyprys,9936,https://stockanalysis.com/analysts/Mike-Cyprys/,Not found
Mike Dahl,9936,https://stockanalysis.com/analysts/Mike-Dahl/,Not found
Mike Genovese,9936,https://stockanalysis.com/analysts/Mike-Genovese/,Not found
Mike Grondahl,9936,https://stockanalysis.com/analysts/Mike-Grondahl/,Not found
Mike Harris,9936,https://stockanalysis.com/analysts/Mike-Harris/,Not found
Mike Lavery,9936,https://stockanalysis.com/analysts/Mike-Lavery/,Not found
Robert Mosca,9936,https://stockanalysis.com/analysts/Robert-Mosca/,Not found
Robert Napoli,9936,https://stockanalysis.com/analysts/Robert-Napoli/,Not found
Chris Senyek,9936,https://stockanalysis.com/analysts/Chris-Senyek/,Not found
Chris Snyder,9936,https://stockanalysis.com/analysts/Chris-Snyder/,Not found
Chris Zhang,9936,https://stockanalysis.com/analysts/Chris-Zhang/,Not found
Christopher Danely,9936,https://stockanalysis.com/analysts/Christopher-Danely/,Not found
Christopher Dendrinos,9936,https://stockanalysis.com/analysts/Christopher-Dendrinos/,Not found
Christopher Graja,9936,https://stockanalysis.com/analysts/Christopher-Graja/,Not found
Rob Brown,9936,https://stockanalysis.com/analysts/Rob-Brown/,Not found
Rob Dickerson,9936,https://stockanalysis.com/analysts/Rob-Dickerson/,Not found
Rob Oliver,9936,https://stockanalysis.com/analysts/Rob-Oliver/,Not found
Rob Wertheimer,9936,https://stockanalysis.com/analysts/Rob-Wertheimer/,Not found
Michael Tyndall,9936,https://stockanalysis.com/analysts/Michael-Tyndall/,Not found
Michael Walkley,9936,https://stockanalysis.com/analysts/Michael-Walkley/,Not found
Michael Weinstein,9936,https://stockanalysis.com/analysts/Michael-Weinstein/,Not found
Micheal Bellisario,9936,https://stockanalysis.com/analysts/Micheal-Bellisario/,Not found
Michelle Fang,9936,https://stockanalysis.com/analysts/Michelle-Fang/,Not found
Eric Beaumont,9936,https://stockanalysis.com/analysts/Eric-Beaumont/,Not found
Eric Des,9936,https://stockanalysis.com/analysts/Eric-Des/,Not found
Eric Schmidt,9936,https://stockanalysis.com/analysts/Eric-Schmidt/,Not found
Chris Raymond,9936,https://stockanalysis.com/analysts/Chris-Raymond/,Not found
Chris Robertson,9936,https://stockanalysis.com/analysts/Chris-Robertson/,Not found
Robin Farley,9936,https://stockanalysis.com/analysts/Robin-Farley/,Not found
Robyn Karnauskas,9936,https://stockanalysis.com/analysts/Robyn-Karnauskas/,Not found
Roger Read,9936,https://stockanalysis.com/analysts/Roger-Read/,Not found
Rohin Patel,9936,https://stockanalysis.com/analysts/Rohin-Patel/,Not found
Ronald J,9936,https://stockanalysis.com/analysts/Ronald-J/,Not found
Robert Mason,9936,https://stockanalysis.com/analysts/Robert-Mason/,Not found
Ross Osborn,9936,https://stockanalysis.com/analysts/Ross-Osborn/,Not found
Ross Smotrich,9936,https://stockanalysis.com/analysts/Ross-Smotrich/,Not found
Roy Buchanan,9936,https://stockanalysis.com/analysts/Roy-Buchanan/,Not found
Charles Zhou,9936,https://stockanalysis.com/analysts/Charles-Zhou/,Not found
Chi Fong,9936,https://stockanalysis.com/analysts/Chi-Fong/,Not found
Chris Carey,9936,https://stockanalysis.com/analysts/Chris-Carey/,Not found
Chris Kuntarich,9936,https://stockanalysis.com/analysts/Chris-Kuntarich/,Not found
Chris Mcgratty,9936,https://stockanalysis.com/analysts/Chris-Mcgratty/,Not found
Chris Merwin,9936,https://stockanalysis.com/analysts/Chris-Merwin/,Not found
Michael Perito,9936,https://stockanalysis.com/analysts/Michael-Perito/,Not found
Michael Phillips,9936,https://stockanalysis.com/analysts/Michael-Phillips/,Not found
Michael Schmitz,9936,https://stockanalysis.com/analysts/Michael-Schmitz/,Not found
Erin Wilson,9936,https://stockanalysis.com/analysts/Erin-Wilson/,Not found
Erwan Rambourg,9936,https://stockanalysis.com/analysts/Erwan-Rambourg/,Not found
Esme Pau,9936,https://stockanalysis.com/analysts/Esme-Pau/,Not found
Esther Rajavelu,9936,https://stockanalysis.com/analysts/Esther-Rajavelu/,Not found
Eun Yang,9936,https://stockanalysis.com/analysts/Eun-Yang/,Not found
Michael Jalonen,9936,https://stockanalysis.com/analysts/Michael-Jalonen/,Not found
Michael Kaye,9936,https://stockanalysis.com/analysts/Michael-Kaye/,Not found
Ryan Krieger,9936,https://stockanalysis.com/analysts/Ryan-Krieger/,Not found
Catherine Ramsey,9936,https://stockanalysis.com/analysts/Catherine-Ramsey/,Not found
Catherine Schulte,9936,https://stockanalysis.com/analysts/Catherine-Schulte/,Not found
Cecilia Furlong,9936,https://stockanalysis.com/analysts/Cecilia-Furlong/,Not found
Cerena Chen,9936,https://stockanalysis.com/analysts/Cerena-Chen/,Not found
Chad Bennett,9936,https://stockanalysis.com/analysts/Chad-Bennett/,Not found
Charles Duncan,9936,https://stockanalysis.com/analysts/Charles-Duncan/,Not found
Ronald Jewsikow,9936,https://stockanalysis.com/analysts/Ronald-Jewsikow/,Not found
Ross Gilardi,9936,https://stockanalysis.com/analysts/Ross-Gilardi/,Not found
Ross Muken,9936,https://stockanalysis.com/analysts/Ross-Muken/,Not found
Michael McGovern,9936,https://stockanalysis.com/analysts/Michael-McGovern/,Not found
Michael Minchak,9936,https://stockanalysis.com/analysts/Michael-Minchak/,Not found
Eva Fortea,9936,https://stockanalysis.com/analysts/Eva-Fortea/,Not found
Evan David,9936,https://stockanalysis.com/analysts/Evan-David/,Not found
Farooq Hamed,9936,https://stockanalysis.com/analysts/Farooq-Hamed/,Not found
Federico Merendi,9936,https://stockanalysis.com/analysts/Federico-Merendi/,Not found
Michael Harrison,9936,https://stockanalysis.com/analysts/Michael-Harrison/,Not found
Felicia Hendrix,9936,https://stockanalysis.com/analysts/Felicia-Hendrix/,Not found
Fernando Abdalla,9936,https://stockanalysis.com/analysts/Fernando-Abdalla/,Not found
Floris Van,9936,https://stockanalysis.com/analysts/Floris-Van/,Not found
Francisco Suarez,9936,https://stockanalysis.com/analysts/Francisco-Suarez/,Not found
Frank Lee,9936,https://stockanalysis.com/analysts/Frank-Lee/,Not found
Fu Lee,9936,https://stockanalysis.com/analysts/Fu-Lee/,Not found
Carly Kenselaar,9936,https://stockanalysis.com/analysts/Carly-Kenselaar/,Not found
Ryan Lynch,9936,https://stockanalysis.com/analysts/Ryan-Lynch/,Not found
Ryan McKeveny,9936,https://stockanalysis.com/analysts/Ryan-McKeveny/,Not found
Russell Quelch,9936,https://stockanalysis.com/analysts/Russell-Quelch/,Not found
Ryan Cooke,9936,https://stockanalysis.com/analysts/Ryan-Cooke/,Not found
Ryan Griffin,9936,https://stockanalysis.com/analysts/Ryan-Griffin/,Not found
Gabe Hajde,9936,https://stockanalysis.com/analysts/Gabe-Hajde/,Not found
Gabriel Moreen,9936,https://stockanalysis.com/analysts/Gabriel-Moreen/,Not found
Meyer Sheilds,9936,https://stockanalysis.com/analysts/Meyer-Sheilds/,Not found
Michael Albanses,9936,https://stockanalysis.com/analysts/Michael-Albanses/,Not found
Michael Carrier,9936,https://stockanalysis.com/analysts/Michael-Carrier/,Not found
Geoff Lowery,9936,https://stockanalysis.com/analysts/Geoff-Lowery/,Not found
George Bose,9936,https://stockanalysis.com/analysts/George-Bose/,Not found
Max Hopkins,9936,https://stockanalysis.com/analysts/Max-Hopkins/,Not found
C J,9936,https://stockanalysis.com/analysts/C-J/,Not found
Sabrina Abrams,9936,https://stockanalysis.com/analysts/Sabrina-Abrams/,Not found
Cameron Mansson,9936,https://stockanalysis.com/analysts/Cameron-Mansson/,Not found
Camille Bonnel,9936,https://stockanalysis.com/analysts/Camille-Bonnel/,Not found
Carlos De,9936,https://stockanalysis.com/analysts/Carlos-De/,Not found
Medhi Hosseini,9936,https://stockanalysis.com/analysts/Medhi-Hosseini/,Not found
Melanie Nunez,9936,https://stockanalysis.com/analysts/Melanie-Nunez/,Not found
George Farmer,9936,https://stockanalysis.com/analysts/George-Farmer/,Not found
George Galliers,9936,https://stockanalysis.com/analysts/George-Galliers/,Not found
George Wang,9936,https://stockanalysis.com/analysts/George-Wang/,Not found
Glenn Mattson,9936,https://stockanalysis.com/analysts/Glenn-Mattson/,Not found
Greg Harrison,9936,https://stockanalysis.com/analysts/Greg-Harrison/,Not found
Greg Lewis,9936,https://stockanalysis.com/analysts/Greg-Lewis/,Not found
Brock Vandervliet,9936,https://stockanalysis.com/analysts/Brock-Vandervliet/,Not found
Bruce Chan,9936,https://stockanalysis.com/analysts/Bruce-Chan/,Not found
Bryan Adams,9936,https://stockanalysis.com/analysts/Bryan-Adams/,Not found
Bryan Maher,9936,https://stockanalysis.com/analysts/Bryan-Maher/,Not found
Bryan Spillane,9936,https://stockanalysis.com/analysts/Bryan-Spillane/,Not found
Bryce Rowe,9936,https://stockanalysis.com/analysts/Bryce-Rowe/,Not found
Burrows Szczupak,9936,https://stockanalysis.com/analysts/Burrows-Szczupak/,Not found
Matthew Krueger,9936,https://stockanalysis.com/analysts/Matthew-Krueger/,Not found
Matthew McClintock,9936,https://stockanalysis.com/analysts/Matthew-McClintock/,Not found
Matthew McKellar,9936,https://stockanalysis.com/analysts/Matthew-McKellar/,Not found
Matthew Murphy,9936,https://stockanalysis.com/analysts/Matthew-Murphy/,Not found
Matthew Sheerin,9936,https://stockanalysis.com/analysts/Matthew-Sheerin/,Not found
Matthew Stanton,9936,https://stockanalysis.com/analysts/Matthew-Stanton/,Not found
Matthew Summerville,9936,https://stockanalysis.com/analysts/Matthew-Summerville/,Not found
Matthew Gillmor,9936,https://stockanalysis.com/analysts/Matthew-Gillmor/,Not found
Matthew Harrison,9936,https://stockanalysis.com/analysts/Matthew-Harrison/,Not found
Scott Marks,9936,https://stockanalysis.com/analysts/Scott-Marks/,Not found
Brett Simpson,9936,https://stockanalysis.com/analysts/Brett-Simpson/,Not found
Brian Brungardt,9936,https://stockanalysis.com/analysts/Brian-Brungardt/,Not found
Brian Butler,9936,https://stockanalysis.com/analysts/Brian-Butler/,Not found
Brian Fitzgerald,9936,https://stockanalysis.com/analysts/Brian-Fitzgerald/,Not found
Brian Flores,9936,https://stockanalysis.com/analysts/Brian-Flores/,Not found
Brian Lee,9936,https://stockanalysis.com/analysts/Brian-Lee/,Not found
Samuel Eisner,9936,https://stockanalysis.com/analysts/Samuel-Eisner/,Not found
Sanjeev Rana,9936,https://stockanalysis.com/analysts/Sanjeev-Rana/,Not found
Matthew Herrmann,9936,https://stockanalysis.com/analysts/Matthew-Herrmann/,Not found
Matthew Hewitt,9936,https://stockanalysis.com/analysts/Matthew-Hewitt/,Not found
Greg Miller,9936,https://stockanalysis.com/analysts/Greg-Miller/,Not found
Greg Pardy,9936,https://stockanalysis.com/analysts/Greg-Pardy/,Not found
Gregory Fraser,9936,https://stockanalysis.com/analysts/Gregory-Fraser/,Not found
Griffin Boss,9936,https://stockanalysis.com/analysts/Griffin-Boss/,Not found
Matt McGinley,9936,https://stockanalysis.com/analysts/Matt-McGinley/,Not found
Sean King,9936,https://stockanalysis.com/analysts/Sean-King/,Not found
Sean Lee,9936,https://stockanalysis.com/analysts/Sean-Lee/,Not found
Sean Meakim,9936,https://stockanalysis.com/analysts/Sean-Meakim/,Not found
Brent Bracelin,9936,https://stockanalysis.com/analysts/Brent-Bracelin/,Not found
Brent Dilts,9936,https://stockanalysis.com/analysts/Brent-Dilts/,Not found
Brent Navon,9936,https://stockanalysis.com/analysts/Brent-Navon/,Not found
Brett Feldman,9936,https://stockanalysis.com/analysts/Brett-Feldman/,Not found
Scott Ciccarelli,9936,https://stockanalysis.com/analysts/Scott-Ciccarelli/,Not found
Scott Fidel,9936,https://stockanalysis.com/analysts/Scott-Fidel/,Not found
Matt Niknam,9936,https://stockanalysis.com/analysts/Matt-Niknam/,Not found
Matt OBrien,9936,https://stockanalysis.com/analysts/Matt-OBrien/,Not found
Matt Venezia,9936,https://stockanalysis.com/analysts/Matt-Venezia/,Not found
Hamza Fodderwala,9936,https://stockanalysis.com/analysts/Hamza-Fodderwala/,Not found
Hans Mosesmann,9936,https://stockanalysis.com/analysts/Hans-Mosesmann/,Not found
Harmen Puri,9936,https://stockanalysis.com/analysts/Harmen-Puri/,Not found
Harold Goetsch,9936,https://stockanalysis.com/analysts/Harold-Goetsch/,Not found
Harry Read,9936,https://stockanalysis.com/analysts/Harry-Read/,Not found
Seth Gilbert,9936,https://stockanalysis.com/analysts/Seth-Gilbert/,Not found
Shagun Singh,9936,https://stockanalysis.com/analysts/Shagun-Singh/,Not found
Shane Brett,9936,https://stockanalysis.com/analysts/Shane-Brett/,Not found
Brad Sills,9936,https://stockanalysis.com/analysts/Brad-Sills/,Not found
Bradley Berning,9936,https://stockanalysis.com/analysts/Bradley-Berning/,Not found
Brady Gailey,9936,https://stockanalysis.com/analysts/Brady-Gailey/,Not found
Brandon King,9936,https://stockanalysis.com/analysts/Brandon-King/,Not found
Shiwen Li,9936,https://stockanalysis.com/analysts/Shiwen-Li/,Not found
Shneur Gershuni,9936,https://stockanalysis.com/analysts/Shneur-Gershuni/,Not found
Sidney Ho,9936,https://stockanalysis.com/analysts/Sidney-Ho/,Not found
Bob Drbul,9936,https://stockanalysis.com/analysts/Bob-Drbul/,Not found
Bob Jian,9936,https://stockanalysis.com/analysts/Bob-Jian/,Not found
Bobby Zolper,9936,https://stockanalysis.com/analysts/Bobby-Zolper/,Not found
Boonie Herzog,9936,https://stockanalysis.com/analysts/Boonie-Herzog/,Not found
Boris Van,9936,https://stockanalysis.com/analysts/Boris-Van/,Not found
Brad Canino,9936,https://stockanalysis.com/analysts/Brad-Canino/,Not found
Brad Capuzzi,9936,https://stockanalysis.com/analysts/Brad-Capuzzi/,Not found
Sean Wieland,9936,https://stockanalysis.com/analysts/Sean-Wieland/,Not found
Matt Breese,9936,https://stockanalysis.com/analysts/Matt-Breese/,Not found
Matt Farrell,9936,https://stockanalysis.com/analysts/Matt-Farrell/,Not found
Matt Howlett,9936,https://stockanalysis.com/analysts/Matt-Howlett/,Not found
Hartaj Singh,9936,https://stockanalysis.com/analysts/Hartaj-Singh/,Not found
Heather Balsky,9936,https://stockanalysis.com/analysts/Heather-Balsky/,Not found
Helfey Hannah,9936,https://stockanalysis.com/analysts/Helfey-Hannah/,Not found
Henry Meyer,9936,https://stockanalysis.com/analysts/Henry-Meyer/,Not found
Himanshu Gupta,9936,https://stockanalysis.com/analysts/Himanshu-Gupta/,Not found
Holly Stewart,9936,https://stockanalysis.com/analysts/Holly-Stewart/,Not found
Ian Macpherson,9936,https://stockanalysis.com/analysts/Ian-Macpherson/,Not found
Mark Purcell,9936,https://stockanalysis.com/analysts/Mark-Purcell/,Not found
Market Perform,9936,https://stockanalysis.com/analysts/Market-Perform/,Not found
Ian Moore,9936,https://stockanalysis.com/analysts/Ian-Moore/,Not found
JESALYN Wong,9936,https://stockanalysis.com/analysts/JESALYN-Wong/,Not found
Jack Cummins,9936,https://stockanalysis.com/analysts/Jack-Cummins/,Not found
Bin Kim,9936,https://stockanalysis.com/analysts/Bin-Kim/,Not found
Simon Flannery,9936,https://stockanalysis.com/analysts/Simon-Flannery/,Not found
Smedes Rose,9936,https://stockanalysis.com/analysts/Smedes-Rose/,Not found
Soe Naing,9936,https://stockanalysis.com/analysts/Soe-Naing/,Not found
Sorabh Daga,9936,https://stockanalysis.com/analysts/Sorabh-Daga/,Not found
Soumit Roy,9936,https://stockanalysis.com/analysts/Soumit-Roy/,Not found
Spiro Dounis,9936,https://stockanalysis.com/analysts/Spiro-Dounis/,Not found
Sheila McGrath,9936,https://stockanalysis.com/analysts/Sheila-McGrath/,Not found
Jack Vander,9936,https://stockanalysis.com/analysts/Jack-Vander/,Not found
Jacob Smith,9936,https://stockanalysis.com/analysts/Jacob-Smith/,Not found
James Callahan,9936,https://stockanalysis.com/analysts/James-Callahan/,Not found
James Fotheringham,9936,https://stockanalysis.com/analysts/James-Fotheringham/,Not found
James Goss,9936,https://stockanalysis.com/analysts/James-Goss/,Not found
James Heaney,9936,https://stockanalysis.com/analysts/James-Heaney/,Not found
Betty Jing,9936,https://stockanalysis.com/analysts/Betty-Jing/,Not found
Srini Pajjuir,9936,https://stockanalysis.com/analysts/Srini-Pajjuir/,Not found
Stan Zlotsky,9936,https://stockanalysis.com/analysts/Stan-Zlotsky/,Not found
Stanley Elliott,9936,https://stockanalysis.com/analysts/Stanley-Elliott/,Not found
Stephanie Davis,9936,https://stockanalysis.com/analysts/Stephanie-Davis/,Not found
Stephanie Grambling,9936,https://stockanalysis.com/analysts/Stephanie-Grambling/,Not found
Bhumi Kanabar,9936,https://stockanalysis.com/analysts/Bhumi-Kanabar/,Not found
Biju Perincheril,9936,https://stockanalysis.com/analysts/Biju-Perincheril/,Not found
Bill Chappell,9936,https://stockanalysis.com/analysts/Bill-Chappell/,Not found
Bill Katz,9936,https://stockanalysis.com/analysts/Bill-Katz/,Not found
Bill Maughan,9936,https://stockanalysis.com/analysts/Bill-Maughan/,Not found
MarK Shutley,9936,https://stockanalysis.com/analysts/MarK-Shutley/,Not found
Marcus Cole,9936,https://stockanalysis.com/analysts/Marcus-Cole/,Not found
Maria Thibault,9936,https://stockanalysis.com/analysts/Maria-Thibault/,Not found
Mariana Perez,9936,https://stockanalysis.com/analysts/Mariana-Perez/,Not found
Mariana Taddeo,9936,https://stockanalysis.com/analysts/Mariana-Taddeo/,Not found
Mario Lu,9936,https://stockanalysis.com/analysts/Mario-Lu/,Not found
Luiz Carvalho,9936,https://stockanalysis.com/analysts/Luiz-Carvalho/,Not found
Ben Chaiken,9936,https://stockanalysis.com/analysts/Ben-Chaiken/,Not found
Ben Miller,9936,https://stockanalysis.com/analysts/Ben-Miller/,Not found
Benjamin Black,9936,https://stockanalysis.com/analysts/Benjamin-Black/,Not found
Benjamin Gerlinger,9936,https://stockanalysis.com/analysts/Benjamin-Gerlinger/,Not found
Benjamin Haynor,9936,https://stockanalysis.com/analysts/Benjamin-Haynor/,Not found
Benjamin Miller,9936,https://stockanalysis.com/analysts/Benjamin-Miller/,Not found
Bert Subin,9936,https://stockanalysis.com/analysts/Bert-Subin/,Not found
Betsy Graseck,9936,https://stockanalysis.com/analysts/Betsy-Graseck/,Not found
Luke Lemoine,9936,https://stockanalysis.com/analysts/Luke-Lemoine/,Not found
Madhu Kumar,9936,https://stockanalysis.com/analysts/Madhu-Kumar/,Not found
James Sheehan,9936,https://stockanalysis.com/analysts/James-Sheehan/,Not found
Steve Brozak,9936,https://stockanalysis.com/analysts/Steve-Brozak/,Not found
Steve Koenig,9936,https://stockanalysis.com/analysts/Steve-Koenig/,Not found
Steve Powers,9936,https://stockanalysis.com/analysts/Steve-Powers/,Not found
Steve Seedhouse,9936,https://stockanalysis.com/analysts/Steve-Seedhouse/,Not found
Steve Silver,9936,https://stockanalysis.com/analysts/Steve-Silver/,Not found
Steve Valiquette,9936,https://stockanalysis.com/analysts/Steve-Valiquette/,Not found
Steve Wieczynski,9936,https://stockanalysis.com/analysts/Steve-Wieczynski/,Not found
Steven Alexoloulos,9936,https://stockanalysis.com/analysts/Steven-Alexoloulos/,Not found
Stephen Trent,9936,https://stockanalysis.com/analysts/Stephen-Trent/,Not found
Janco Venter,9936,https://stockanalysis.com/analysts/Janco-Venter/,Not found
Janice Quek,9936,https://stockanalysis.com/analysts/Janice-Quek/,Not found
Jared Dinges,9936,https://stockanalysis.com/analysts/Jared-Dinges/,Not found
Louise Singlehurst,9936,https://stockanalysis.com/analysts/Louise-Singlehurst/,Not found
Louthan IV,9936,https://stockanalysis.com/analysts/Louthan-IV/,Not found
Lucas Pipes,9936,https://stockanalysis.com/analysts/Lucas-Pipes/,Not found
Liisa Bayko,9936,https://stockanalysis.com/analysts/Liisa-Bayko/,Not found
Lili Nsongo,9936,https://stockanalysis.com/analysts/Lili-Nsongo/,Not found
Lisa Clive,9936,https://stockanalysis.com/analysts/Lisa-Clive/,Not found
Jason Bouvier,9936,https://stockanalysis.com/analysts/Jason-Bouvier/,Not found
Jason English,9936,https://stockanalysis.com/analysts/Jason-English/,Not found
Jason Gursky,9936,https://stockanalysis.com/analysts/Jason-Gursky/,Not found
Jason Haas,9936,https://stockanalysis.com/analysts/Jason-Haas/,Not found
Ashwin Shirvaikar,9936,https://stockanalysis.com/analysts/Ashwin-Shirvaikar/,Not found
Steven Cahill,9936,https://stockanalysis.com/analysts/Steven-Cahill/,Not found
Steven Enders,9936,https://stockanalysis.com/analysts/Steven-Enders/,Not found
Steven Frankel,9936,https://stockanalysis.com/analysts/Steven-Frankel/,Not found
Steven Madden,9936,https://stockanalysis.com/analysts/Steven-Madden/,Not found
Steven Sheeckutz,9936,https://stockanalysis.com/analysts/Steven-Sheeckutz/,Not found
Ati Modak,9936,https://stockanalysis.com/analysts/Ati-Modak/,Not found
Austin Dietz,9936,https://stockanalysis.com/analysts/Austin-Dietz/,Not found
Lawrence Biegelsen,9936,https://stockanalysis.com/analysts/Lawrence-Biegelsen/,Not found
Leandro Bastos,9936,https://stockanalysis.com/analysts/Leandro-Bastos/,Not found
Lee Krowl,9936,https://stockanalysis.com/analysts/Lee-Krowl/,Not found
Jason Mills,9936,https://stockanalysis.com/analysts/Jason-Mills/,Not found
Jason Wittes,9936,https://stockanalysis.com/analysts/Jason-Wittes/,Not found
Strong Buy,9936,https://stockanalysis.com/analysts/Strong-Buy/,Not found
Suji Desilva,9936,https://stockanalysis.com/analysts/Suji-Desilva/,Not found
Sung Ji,9936,https://stockanalysis.com/analysts/Sung-Ji/,Not found
Susy Tibaldi,9936,https://stockanalysis.com/analysts/Susy-Tibaldi/,Not found
Arnon Shirazi,9936,https://stockanalysis.com/analysts/Arnon-Shirazi/,Not found
Arthur He,9936,https://stockanalysis.com/analysts/Arthur-He/,Not found
Arthur Lai,9936,https://stockanalysis.com/analysts/Arthur-Lai/,Not found
Ashley Helgans,9936,https://stockanalysis.com/analysts/Ashley-Helgans/,Not found
Javier Martinez,9936,https://stockanalysis.com/analysts/Javier-Martinez/,Not found
Kyle Mikson,9936,https://stockanalysis.com/analysts/Kyle-Mikson/,Not found
Kyle Voigt,9936,https://stockanalysis.com/analysts/Kyle-Voigt/,Not found
Landon Park,9936,https://stockanalysis.com/analysts/Landon-Park/,Not found
Larry Solow,9936,https://stockanalysis.com/analysts/Larry-Solow/,Not found
Lauren Schenk,9936,https://stockanalysis.com/analysts/Lauren-Schenk/,Not found
Jean Ann,9936,https://stockanalysis.com/analysts/Jean-Ann/,Not found
Jeff Adelson,9936,https://stockanalysis.com/analysts/Jeff-Adelson/,Not found
Jeff Cohen,9936,https://stockanalysis.com/analysts/Jeff-Cohen/,Not found
Jeff Garro,9936,https://stockanalysis.com/analysts/Jeff-Garro/,Not found
Jeff Hickey,9936,https://stockanalysis.com/analysts/Jeff-Hickey/,Not found
Taz Koujalgi,9936,https://stockanalysis.com/analysts/Taz-Koujalgi/,Not found
Tejas Savant,9936,https://stockanalysis.com/analysts/Tejas-Savant/,Not found
Anne Meisner,9936,https://stockanalysis.com/analysts/Anne-Meisner/,Not found
Anthony Linton,9936,https://stockanalysis.com/analysts/Anthony-Linton/,Not found
Anthony Powell,9936,https://stockanalysis.com/analysts/Anthony-Powell/,Not found
Thomas Burlton,9936,https://stockanalysis.com/analysts/Thomas-Burlton/,Not found
Thomas Catherwood,9936,https://stockanalysis.com/analysts/Thomas-Catherwood/,Not found
Andrew Uerkwitz,9936,https://stockanalysis.com/analysts/Andrew-Uerkwitz/,Not found
Andrew Wong,9936,https://stockanalysis.com/analysts/Andrew-Wong/,Not found
André Uggedal,9936,empty,Not found
Andy Marok,9936,https://stockanalysis.com/analysts/Andy-Marok/,Not found
Andy Terrell,9936,https://stockanalysis.com/analysts/Andy-Terrell/,Not found
Andy Yu,9936,https://stockanalysis.com/analysts/Andy-Yu/,Not found
Tao Qiu,9936,https://stockanalysis.com/analysts/Tao-Qiu/,Not found
Taylor Morrison,9936,https://stockanalysis.com/analysts/Taylor-Morrison/,Not found
Korinne Wolfmeyer,9936,https://stockanalysis.com/analysts/Korinne-Wolfmeyer/,Not found
Kosta Tasoulis,9936,https://stockanalysis.com/analysts/Kosta-Tasoulis/,Not found
Jeff Kessler,9936,https://stockanalysis.com/analysts/Jeff-Kessler/,Not found
Jeff Van,9936,https://stockanalysis.com/analysts/Jeff-Van/,Not found
Jefferey Hammond,9936,https://stockanalysis.com/analysts/Jefferey-Hammond/,Not found
Jefferson Harralson,9936,https://stockanalysis.com/analysts/Jefferson-Harralson/,Not found
Jeffery Harte,9936,https://stockanalysis.com/analysts/Jeffery-Harte/,Not found
Jeffrey Bernstein,9936,https://stockanalysis.com/analysts/Jeffrey-Bernstein/,Not found
Jeffrey Hung,9936,https://stockanalysis.com/analysts/Jeffrey-Hung/,Not found
Jeffrey Lick,9936,https://stockanalysis.com/analysts/Jeffrey-Lick/,Not found
Tim Chiodo,9936,https://stockanalysis.com/analysts/Tim-Chiodo/,Not found
Tim Perz,9936,https://stockanalysis.com/analysts/Tim-Perz/,Not found
Andrew Madrid,9936,https://stockanalysis.com/analysts/Andrew-Madrid/,Not found
Andrew Mok,9936,https://stockanalysis.com/analysts/Andrew-Mok/,Not found
Andrew Rosivach,9936,https://stockanalysis.com/analysts/Andrew-Rosivach/,Not found
Andrew Schmidt,9936,https://stockanalysis.com/analysts/Andrew-Schmidt/,Not found
Terence Malone,9936,https://stockanalysis.com/analysts/Terence-Malone/,Not found
Kevin Liu,9936,https://stockanalysis.com/analysts/Kevin-Liu/,Not found
Ki Bin,9936,https://stockanalysis.com/analysts/Ki-Bin/,Not found
Kieran De,9936,https://stockanalysis.com/analysts/Kieran-De/,Not found
Kimberly Greenberger,9936,https://stockanalysis.com/analysts/Kimberly-Greenberger/,Not found
Jeffrey Osborne,9936,https://stockanalysis.com/analysts/Jeffrey-Osborne/,Not found
Jeffrey Reive,9936,https://stockanalysis.com/analysts/Jeffrey-Reive/,Not found
Jeffrey Rulis,9936,https://stockanalysis.com/analysts/Jeffrey-Rulis/,Not found
Jeffrey Zekaukas,9936,https://stockanalysis.com/analysts/Jeffrey-Zekaukas/,Not found
Jennifer Demba,9936,https://stockanalysis.com/analysts/Jennifer-Demba/,Not found
Jennifer Swanson,9936,https://stockanalysis.com/analysts/Jennifer-Swanson/,Not found
Jesse Sobelson,9936,https://stockanalysis.com/analysts/Jesse-Sobelson/,Not found
Timothy Switzer,9936,https://stockanalysis.com/analysts/Timothy-Switzer/,Not found
Andrew Baum,9936,https://stockanalysis.com/analysts/Andrew-Baum/,Not found
Andrew Bowler,9936,https://stockanalysis.com/analysts/Andrew-Bowler/,Not found
Andrew Carter,9936,https://stockanalysis.com/analysts/Andrew-Carter/,Not found
Andrew Jones,9936,https://stockanalysis.com/analysts/Andrew-Jones/,Not found
Kenneth Shiu,9936,https://stockanalysis.com/analysts/Kenneth-Shiu/,Not found
Kenneth Worthington,9936,https://stockanalysis.com/analysts/Kenneth-Worthington/,Not found
Kevin Barker,9936,https://stockanalysis.com/analysts/Kevin-Barker/,Not found
Kevin Fitzsimmons,9936,https://stockanalysis.com/analysts/Kevin-Fitzsimmons/,Not found
Jessica Ehrlich,9936,https://stockanalysis.com/analysts/Jessica-Ehrlich/,Not found
Jessica Reif,9936,https://stockanalysis.com/analysts/Jessica-Reif/,Not found
Jim Duffy,9936,https://stockanalysis.com/analysts/Jim-Duffy/,Not found
Jimmy Yoon,9936,https://stockanalysis.com/analysts/Jimmy-Yoon/,Not found
Jin Yoon,9936,https://stockanalysis.com/analysts/Jin-Yoon/,Not found
Tom Hayes,9936,https://stockanalysis.com/analysts/Tom-Hayes/,Not found
Tom McGovern,9936,https://stockanalysis.com/analysts/Tom-McGovern/,Not found
Tom O Malley,9936,https://stockanalysis.com/analysts/Tom-O-Malley/,Not found
Tom Stephan,9936,https://stockanalysis.com/analysts/Tom-Stephan/,Not found
Tommy McJoynt,9936,https://stockanalysis.com/analysts/Tommy-McJoynt/,Not found
Andre Uggedal,9936,https://stockanalysis.com/analysts/Andre-Uggedal/,Not found
Andrea Teixeira,9936,https://stockanalysis.com/analysts/Andrea-Teixeira/,Not found
Andreas Sheppard,9936,https://stockanalysis.com/analysts/Andreas-Sheppard/,Not found
Andres Maldonado,9936,https://stockanalysis.com/analysts/Andres-Maldonado/,Not found
Tim Thein,9936,https://stockanalysis.com/analysts/Tim-Thein/,Not found
Joao Pedro,9936,https://stockanalysis.com/analysts/Joao-Pedro/,Not found
Kelly Shi,9936,https://stockanalysis.com/analysts/Kelly-Shi/,Not found
Ken Goldman,9936,https://stockanalysis.com/analysts/Ken-Goldman/,Not found
Ken Herbert,9936,https://stockanalysis.com/analysts/Ken-Herbert/,Not found
Ken Newman,9936,https://stockanalysis.com/analysts/Ken-Newman/,Not found
Ken Wong,9936,https://stockanalysis.com/analysts/Ken-Wong/,Not found
Katherine Griffin,9936,https://stockanalysis.com/analysts/Katherine-Griffin/,Not found
Katie Fleischer,9936,https://stockanalysis.com/analysts/Katie-Fleischer/,Not found
Keegan Carl,9936,https://stockanalysis.com/analysts/Keegan-Carl/,Not found
Toni Sacconaghi,9936,https://stockanalysis.com/analysts/Toni-Sacconaghi/,Not found
Tony DiMatteo,9936,https://stockanalysis.com/analysts/Tony-DiMatteo/,Not found
Toshiya Hari,9936,https://stockanalysis.com/analysts/Toshiya-Hari/,Not found
Trevor Walsh,9936,https://stockanalysis.com/analysts/Trevor-Walsh/,Not found
Todd Weller,9936,https://stockanalysis.com/analysts/Todd-Weller/,Not found
Tom Fitzgerald,9936,https://stockanalysis.com/analysts/Tom-Fitzgerald/,Not found
Joe Giordano,9936,https://stockanalysis.com/analysts/Joe-Giordano/,Not found
Joe Goodwin,9936,https://stockanalysis.com/analysts/Joe-Goodwin/,Not found
Joe Meares,9936,https://stockanalysis.com/analysts/Joe-Meares/,Not found
Joe Quatrochi,9936,https://stockanalysis.com/analysts/Joe-Quatrochi/,Not found
Joe Reagor,9936,https://stockanalysis.com/analysts/Joe-Reagor/,Not found
Joe Vruwink,9936,https://stockanalysis.com/analysts/Joe-Vruwink/,Not found
Joel Beatty,9936,https://stockanalysis.com/analysts/Joel-Beatty/,Not found
Joel Fishbein,9936,https://stockanalysis.com/analysts/Joel-Fishbein/,Not found
Joel Lederman,9936,https://stockanalysis.com/analysts/Joel-Lederman/,Not found
Kaio Prato,9936,https://stockanalysis.com/analysts/Kaio-Prato/,Not found
Karol Chmiel,9936,https://stockanalysis.com/analysts/Karol-Chmiel/,Not found
Ali Faghri,9936,https://stockanalysis.com/analysts/Ali-Faghri/,Not found
Alice Xiao,9936,https://stockanalysis.com/analysts/Alice-Xiao/,Not found
Tsin Huang,9936,https://stockanalysis.com/analysts/Tsin-Huang/,Not found
Tyler Brown,9936,https://stockanalysis.com/analysts/Tyler-Brown/,Not found
Van Sinderen,9936,https://stockanalysis.com/analysts/Van-Sinderen/,Not found
Ally Yseen,9936,https://stockanalysis.com/analysts/Ally-Yseen/,Not found
Amanda Sweitzer,9936,https://stockanalysis.com/analysts/Amanda-Sweitzer/,Not found
Kartik Mehta,9936,https://stockanalysis.com/analysts/Kartik-Mehta/,Not found
John Edelman,9936,https://stockanalysis.com/analysts/John-Edelman/,Not found
John Egbert,9936,https://stockanalysis.com/analysts/John-Egbert/,Not found
John Gibson,9936,https://stockanalysis.com/analysts/John-Gibson/,Not found
John Glass,9936,https://stockanalysis.com/analysts/John-Glass/,Not found
John McDonald,9936,https://stockanalysis.com/analysts/John-McDonald/,Not found
John Murphy,9936,https://stockanalysis.com/analysts/John-Murphy/,Not found
John Nadel,9936,https://stockanalysis.com/analysts/John-Nadel/,Not found
John Roberts,9936,https://stockanalysis.com/analysts/John-Roberts/,Not found
John Rogers,9936,https://stockanalysis.com/analysts/John-Rogers/,Not found
Juan Sanabria,9936,https://stockanalysis.com/analysts/Juan-Sanabria/,Not found
Vikram Malhorta,9936,https://stockanalysis.com/analysts/Vikram-Malhorta/,Not found
Vikram Purohit,9936,https://stockanalysis.com/analysts/Vikram-Purohit/,Not found
Vilas Abraham,9936,https://stockanalysis.com/analysts/Vilas-Abraham/,Not found
Vincent Ciantic,9936,https://stockanalysis.com/analysts/Vincent-Ciantic/,Not found
Alexander Waters,9936,https://stockanalysis.com/analysts/Alexander-Waters/,Not found
Alexandra Steiger,9936,https://stockanalysis.com/analysts/Alexandra-Steiger/,Not found
Alexia Howard,9936,https://stockanalysis.com/analysts/Alexia-Howard/,Not found
John Rowan,9936,https://stockanalysis.com/analysts/John-Rowan/,Not found
John Sourbeer,9936,https://stockanalysis.com/analysts/John-Sourbeer/,Not found
John Te,9936,https://stockanalysis.com/analysts/John-Te/,Not found
John Wilkin,9936,https://stockanalysis.com/analysts/John-Wilkin/,Not found
John Young,9936,https://stockanalysis.com/analysts/John-Young/,Not found
Jon Young,9936,https://stockanalysis.com/analysts/Jon-Young/,Not found
Josh Schimmer,9936,https://stockanalysis.com/analysts/Josh-Schimmer/,Not found
Joshua Jennings,9936,https://stockanalysis.com/analysts/Joshua-Jennings/,Not found
Jonathan Bock,9936,https://stockanalysis.com/analysts/Jonathan-Bock/,Not found
Jonathan Brandt,9936,https://stockanalysis.com/analysts/Jonathan-Brandt/,Not found
Weng Chen,9936,https://stockanalysis.com/analysts/Weng-Chen/,Not found
Wesley Golladay,9936,https://stockanalysis.com/analysts/Wesley-Golladay/,Not found
Alex Stranahan,9936,https://stockanalysis.com/analysts/Alex-Stranahan/,Not found
Alex Straton,9936,https://stockanalysis.com/analysts/Alex-Straton/,Not found
Alex Thompson,9936,https://stockanalysis.com/analysts/Alex-Thompson/,Not found
Alexander Platt,9936,https://stockanalysis.com/analysts/Alexander-Platt/,Not found
Alex Perry,9936,https://stockanalysis.com/analysts/Alex-Perry/,Not found
Alex Potter,9936,https://stockanalysis.com/analysts/Alex-Potter/,Not found
Weston Bloomer,9936,https://stockanalysis.com/analysts/Weston-Bloomer/,Not found
William Crow,9936,https://stockanalysis.com/analysts/William-Crow/,Not found
William Jellison,9936,https://stockanalysis.com/analysts/William-Jellison/,Not found
William Kirk,9936,https://stockanalysis.com/analysts/William-Kirk/,Not found
Vincent Sinisi,9936,https://stockanalysis.com/analysts/Vincent-Sinisi/,Not found
Vitor Tomita,9936,https://stockanalysis.com/analysts/Vitor-Tomita/,Not found
Vivien Azer,9936,https://stockanalysis.com/analysts/Vivien-Azer/,Not found
Vladimir Bystricky,9936,https://stockanalysis.com/analysts/Vladimir-Bystricky/,Not found
Jonathan Hughes,9936,https://stockanalysis.com/analysts/Jonathan-Hughes/,Not found
Jonathan Lee,9936,https://stockanalysis.com/analysts/Jonathan-Lee/,Not found
Jonathan Reeder,9936,https://stockanalysis.com/analysts/Jonathan-Reeder/,Not found
Jonathan Siegmann,9936,https://stockanalysis.com/analysts/Jonathan-Siegmann/,Not found
Jordan Boretz,9936,https://stockanalysis.com/analysts/Jordan-Boretz/,Not found
Jorg Friedemann,9936,https://stockanalysis.com/analysts/Jorg-Friedemann/,Not found
Joseph Feldman,9936,https://stockanalysis.com/analysts/Joseph-Feldman/,Not found
Joseph Grabowski,9936,https://stockanalysis.com/analysts/Joseph-Grabowski/,Not found
del Valle,9936,https://stockanalysis.com/analysts/del-Valle/,Not found
Air Ma,9936,https://stockanalysis.com/analysts/Air-Ma/,Not found
Zijie Yang,9936,https://stockanalysis.com/analysts/Zijie-Yang/,Not found
Aidan Hall,9936,https://stockanalysis.com/analysts/Aidan-Hall/,Not found
Agnieszka Pustula,9936,https://stockanalysis.com/analysts/Agnieszka-Pustula/,Not found
Adam Samuelson,9936,https://stockanalysis.com/analysts/Adam-Samuelson/,Not found
lvan Tuerkcan,9936,https://stockanalysis.com/analysts/lvan-Tuerkcan/,Not found
Zixiao Yang,9936,https://stockanalysis.com/analysts/Zixiao-Yang/,Not found
de Angele,9936,https://stockanalysis.com/analysts/de-Angele/,Not found
