Analyst name,Ranking,URL,Last update
Asiya Merchant,2,https://stockanalysis.com/analysts/Asiya-Merchant/,02 Sep 2026
Justin Jenkins,5,https://stockanalysis.com/analysts/Justin-Jenkins/,11 Aug 2026
Timothy Arcuri,6,https://stockanalysis.com/analysts/Timothy-Arcuri/,01 Sep 2026
Samik Chatterjee,7,https://stockanalysis.com/analysts/Samik-Chatterjee/,02 Sep 2026
Michael Siperco,8,https://stockanalysis.com/analysts/Michael-Siperco/,10 Dec 2025
Atif Malik,9,https://stockanalysis.com/analysts/Atif-Malik/,28 Aug 2026
Harsh Kumar,10,https://stockanalysis.com/analysts/Harsh-Kumar/,02 Sep 2026
Aaron Rakers,11,https://stockanalysis.com/analysts/Aaron-Rakers/,02 Sep 2026
Vijay Rakesh,12,https://stockanalysis.com/analysts/Vijay-Rakesh/,02 Sep 2026
Richard Shannon,13,https://stockanalysis.com/analysts/Richard-Shannon/,31 Aug 2026
Matt Bryson,15,https://stockanalysis.com/analysts/Matt-Bryson/,21 Aug 2026
Chris Hallam,17,https://stockanalysis.com/analysts/Chris-Hallam/,01 Sep 2026
William Stein,19,https://stockanalysis.com/analysts/William-Stein/,27 Aug 2026
Theresa Chen,20,https://stockanalysis.com/analysts/Theresa-Chen/,03 Sep 2026
Ebrahim Poonawala,21,https://stockanalysis.com/analysts/Ebrahim-Poonawala/,31 Aug 2026
Josh Wolfson,22,https://stockanalysis.com/analysts/Josh-Wolfson/,17 Aug 2026
Dan Payne,23,https://stockanalysis.com/analysts/Dan-Payne/,07 Aug 2026
Rick Schafer,24,https://stockanalysis.com/analysts/Rick-Schafer/,28 Aug 2026
Josh Sullivan,25,https://stockanalysis.com/analysts/Josh-Sullivan/,15 Jul 2026
Amit Daryanani,26,https://stockanalysis.com/analysts/Amit-Daryanani/,02 Sep 2026
Harlan Sur,27,https://stockanalysis.com/analysts/Harlan-Sur/,02 Sep 2026
Ruben Roy,29,https://stockanalysis.com/analysts/Ruben-Roy/,30 Aug 2026
John Freeman,30,https://stockanalysis.com/analysts/John-Freeman/,02 Sep 2026
Krish Sankar,31,https://stockanalysis.com/analysts/Krish-Sankar/,02 Sep 2026
Heiko Ihle,32,https://stockanalysis.com/analysts/Heiko-Ihle/,02 Sep 2026
Brian MacArthur,33,https://stockanalysis.com/analysts/Brian-MacArthur/,26 Aug 2026
Jim Kelleher,34,https://stockanalysis.com/analysts/Jim-Kelleher/,27 Aug 2026
Mark Lipacis,35,https://stockanalysis.com/analysts/Mark-Lipacis/,02 Sep 2026
Wamsi Mohan,36,https://stockanalysis.com/analysts/Wamsi-Mohan/,03 Sep 2026
Quinn Bolton,37,https://stockanalysis.com/analysts/Quinn-Bolton/,02 Sep 2026
Mark Miller,39,https://stockanalysis.com/analysts/Mark-Miller/,15 Jan 2026
Jeremy Hoy,41,https://stockanalysis.com/analysts/Jeremy-Hoy/,11 Aug 2026
Cody Acree,46,https://stockanalysis.com/analysts/Cody-Acree/,28 Aug 2026
Leo Mariani,49,https://stockanalysis.com/analysts/Leo-Mariani/,02 Sep 2026
Carey Macrury,50,https://stockanalysis.com/analysts/Carey-Macrury/,26 Aug 2026
Devin Ryan,51,https://stockanalysis.com/analysts/Devin-Ryan/,11 Aug 2026
Brent Thielman,52,https://stockanalysis.com/analysts/Brent-Thielman/,31 Aug 2026
Richard Hatch,54,https://stockanalysis.com/analysts/Richard-Hatch/,28 Aug 2026
Blayne Curtis,55,https://stockanalysis.com/analysts/Blayne-Curtis/,02 Sep 2026
David Risinger,56,https://stockanalysis.com/analysts/David-Risinger/,18 Aug 2026
Patrick Trucchio,59,https://stockanalysis.com/analysts/Patrick-Trucchio/,02 Sep 2026
Christopher Rolland,60,https://stockanalysis.com/analysts/Christopher-Rolland/,02 Sep 2026
Ritu Baral,61,https://stockanalysis.com/analysts/Ritu-Baral/,31 Aug 2026
Thomas Smith,62,https://stockanalysis.com/analysts/Thomas-Smith/,04 Aug 2026
Julian Harrison,63,https://stockanalysis.com/analysts/Julian-Harrison/,27 Aug 2026
Sam Slutsky,64,https://stockanalysis.com/analysts/Sam-Slutsky/,02 Sep 2026
Eric Winmill,69,https://stockanalysis.com/analysts/Eric-Winmill/,31 Aug 2026
Shrenik Kothari,72,https://stockanalysis.com/analysts/Shrenik-Kothari/,02 Sep 2026
Kian Abouhossein,73,https://stockanalysis.com/analysts/Kian-Abouhossein/,18 Aug 2026
Faisal Khurshid,75,https://stockanalysis.com/analysts/Faisal-Khurshid/,31 Aug 2026
Selman Akyol,76,https://stockanalysis.com/analysts/Selman-Akyol/,07 Aug 2026
Mark Hughes,77,https://stockanalysis.com/analysts/Mark-Hughes/,02 Sep 2026
Ross Seymore,78,https://stockanalysis.com/analysts/Ross-Seymore/,29 Jun 2026
Mike Mayo,79,https://stockanalysis.com/analysts/Mike-Mayo/,19 Aug 2026
Daniel Fannon,80,https://stockanalysis.com/analysts/Daniel-Fannon/,31 Aug 2026
Jason Seidl,81,https://stockanalysis.com/analysts/Jason-Seidl/,07 Aug 2026
Keith Mackey,83,https://stockanalysis.com/analysts/Keith-Mackey/,25 Aug 2026
Myles Minter,84,https://stockanalysis.com/analysts/Myles-Minter/,31 Aug 2026
Chris Caso,85,https://stockanalysis.com/analysts/Chris-Caso/,04 Aug 2026
Etzer Darout,86,https://stockanalysis.com/analysts/Etzer-Darout/,01 Sep 2026
Joon Lee,87,https://stockanalysis.com/analysts/Joon-Lee/,17 Mar 2026
Ami Fadia,88,https://stockanalysis.com/analysts/Ami-Fadia/,31 Aug 2026
Kevin Cassidy,89,https://stockanalysis.com/analysts/Kevin-Cassidy/,27 Aug 2026
Christian Schwab,90,https://stockanalysis.com/analysts/Christian-Schwab/,28 Aug 2026
Tim Savageaux,91,https://stockanalysis.com/analysts/Tim-Savageaux/,28 Aug 2026
Andres Coello,92,https://stockanalysis.com/analysts/Andres-Coello/,07 Aug 2026
Bill Papanastasiou,94,https://stockanalysis.com/analysts/Bill-Papanastasiou/,11 Aug 2026
Gary Tenner,95,https://stockanalysis.com/analysts/Gary-Tenner/,31 Aug 2026
Phil Hardie,96,https://stockanalysis.com/analysts/Phil-Hardie/,07 Aug 2026
Paul Newsome,97,https://stockanalysis.com/analysts/Paul-Newsome/,01 Sep 2026
Sanjay Sakhrani,98,https://stockanalysis.com/analysts/Sanjay-Sakhrani/,28 Aug 2026
Gautam Khanna,100,https://stockanalysis.com/analysts/Gautam-Khanna/,01 Sep 2026
Walter Spracklin,101,https://stockanalysis.com/analysts/Walter-Spracklin/,11 Aug 2026
Moshe Orenbuch,102,https://stockanalysis.com/analysts/Moshe-Orenbuch/,28 Aug 2026
Brian Chin,103,https://stockanalysis.com/analysts/Brian-Chin/,14 Aug 2026
Jonathan Ruykhaver,105,https://stockanalysis.com/analysts/Jonathan-Ruykhaver/,02 Sep 2026
Michael Ciarmoli,106,https://stockanalysis.com/analysts/Michael-Ciarmoli/,20 Aug 2026
Mehdi Hosseini,107,https://stockanalysis.com/analysts/Mehdi-Hosseini/,27 Aug 2026
Yaron Werber,108,https://stockanalysis.com/analysts/Yaron-Werber/,02 Sep 2026
Simon Leopold,109,https://stockanalysis.com/analysts/Simon-Leopold/,02 Sep 2026
Mike Colonnese,110,https://stockanalysis.com/analysts/Mike-Colonnese/,02 Sep 2026
John Todaro,111,https://stockanalysis.com/analysts/John-Todaro/,28 Aug 2026
Chase Knickerbocker,112,https://stockanalysis.com/analysts/Chase-Knickerbocker/,02 Sep 2026
Tristan Gerra,113,https://stockanalysis.com/analysts/Tristan-Gerra/,26 Aug 2026
Mark Newman,115,https://stockanalysis.com/analysts/Mark-Newman/,02 Sep 2026
Srini Pajjuri,116,https://stockanalysis.com/analysts/Srini-Pajjuri/,28 Aug 2026
Patrick Moley,119,https://stockanalysis.com/analysts/Patrick-Moley/,02 Sep 2026
Bose George,120,https://stockanalysis.com/analysts/Bose-George/,17 Aug 2026
Manav Gupta,121,https://stockanalysis.com/analysts/Manav-Gupta/,31 Aug 2026
Alexander Blostein,122,https://stockanalysis.com/analysts/Alexander-Blostein/,27 Aug 2026
Gerard Cassidy,124,https://stockanalysis.com/analysts/Gerard-Cassidy/,01 Sep 2026
Patrick Brown,125,https://stockanalysis.com/analysts/Patrick-Brown/,20 Aug 2026
Charles Minervino,126,https://stockanalysis.com/analysts/Charles-Minervino/,27 Aug 2026
Stacy Rasgon,128,https://stockanalysis.com/analysts/Stacy-Rasgon/,02 Sep 2026
Seamus Fernandez,129,https://stockanalysis.com/analysts/Seamus-Fernandez/,31 Aug 2026
Craig Stanley,130,https://stockanalysis.com/analysts/Craig-Stanley/,07 Aug 2026
Justin Post,131,https://stockanalysis.com/analysts/Justin-Post/,02 Sep 2026
Dave Kang,132,https://stockanalysis.com/analysts/Dave-Kang/,31 Aug 2026
Andrew Kaplowitz,133,https://stockanalysis.com/analysts/Andrew-Kaplowitz/,12 Aug 2026
Sam Crittenden,134,https://stockanalysis.com/analysts/Sam-Crittenden/,17 Aug 2026
John Vinh,136,https://stockanalysis.com/analysts/John-Vinh/,28 Aug 2026
Michael Schmidt,138,https://stockanalysis.com/analysts/Michael-Schmidt/,01 Sep 2026
Robert Brown,139,https://stockanalysis.com/analysts/Robert-Brown/,02 Sep 2026
Craig Ellis,140,https://stockanalysis.com/analysts/Craig-Ellis/,28 Aug 2026
Joseph Schwartz,141,https://stockanalysis.com/analysts/Joseph-Schwartz/,27 Jul 2026
Junaid Siddiqui,144,https://stockanalysis.com/analysts/Junaid-Siddiqui/,02 Sep 2026
David Konrad,147,https://stockanalysis.com/analysts/David-Konrad/,31 Aug 2026
Ariel Rosa,148,https://stockanalysis.com/analysts/Ariel-Rosa/,27 Aug 2026
Meyer Shields,150,https://stockanalysis.com/analysts/Meyer-Shields/,01 Sep 2026
Elvira Scotto,151,https://stockanalysis.com/analysts/Elvira-Scotto/,01 Sep 2026
Jason Goldberg,152,https://stockanalysis.com/analysts/Jason-Goldberg/,10 Aug 2026
Chris Kotowski,153,https://stockanalysis.com/analysts/Chris-Kotowski/,27 Aug 2026
Scott Hanold,155,https://stockanalysis.com/analysts/Scott-Hanold/,01 Sep 2026
Jonathan Chappell,156,https://stockanalysis.com/analysts/Jonathan-Chappell/,31 Aug 2026
Steve Barger,157,https://stockanalysis.com/analysts/Steve-Barger/,14 Aug 2026
Rob Owens,158,https://stockanalysis.com/analysts/Rob-Owens/,02 Sep 2026
Srikripa Devarakonda,159,https://stockanalysis.com/analysts/Srikripa-Devarakonda/,02 Sep 2026
Brian Quast,160,https://stockanalysis.com/analysts/Brian-Quast/,19 Aug 2026
Tore Svanberg,161,https://stockanalysis.com/analysts/Tore-Svanberg/,02 Sep 2026
James Ricchiuti,162,https://stockanalysis.com/analysts/James-Ricchiuti/,24 Aug 2026
David Williams,163,https://stockanalysis.com/analysts/David-Williams/,14 Aug 2026
Edward Nash,164,https://stockanalysis.com/analysts/Edward-Nash/,01 Sep 2026
Joseph Pantginis,165,https://stockanalysis.com/analysts/Joseph-Pantginis/,02 Sep 2026
Yatin Suneja,166,https://stockanalysis.com/analysts/Yatin-Suneja/,01 Sep 2026
Martin Fan,167,https://stockanalysis.com/analysts/Martin-Fan/,18 Aug 2026
Damon Delmonte,170,https://stockanalysis.com/analysts/Damon-Delmonte/,28 Aug 2026
Brett Huff,171,https://stockanalysis.com/analysts/Brett-Huff/,11 Aug 2026
Sam Margolin,174,https://stockanalysis.com/analysts/Sam-Margolin/,02 Sep 2026
Jamie Cook,178,https://stockanalysis.com/analysts/Jamie-Cook/,31 Aug 2026
Stephen Volkmann,181,https://stockanalysis.com/analysts/Stephen-Volkmann/,24 Aug 2026
Joshua Buchalter,182,https://stockanalysis.com/analysts/Joshua-Buchalter/,02 Sep 2026
Mark Delaney,183,https://stockanalysis.com/analysts/Mark-Delaney/,31 Aug 2026
Jason Gerberry,184,https://stockanalysis.com/analysts/Jason-Gerberry/,02 Sep 2026
Lloyd Walmsley,185,https://stockanalysis.com/analysts/Lloyd-Walmsley/,17 Aug 2026
Orest Wowkodaw,187,https://stockanalysis.com/analysts/Orest-Wowkodaw/,28 Aug 2026
Joseph Moore,188,https://stockanalysis.com/analysts/Joseph-Moore/,31 Aug 2026
Nehal Chokshi,189,https://stockanalysis.com/analysts/Nehal-Chokshi/,02 Sep 2026
Douglas Tsao,190,https://stockanalysis.com/analysts/Douglas-Tsao/,02 Sep 2026
Gregory Lewis,191,https://stockanalysis.com/analysts/Gregory-Lewis/,02 Sep 2026
Yasmeen Rahimi,192,https://stockanalysis.com/analysts/Yasmeen-Rahimi/,31 Aug 2026
Colin Rusch,193,https://stockanalysis.com/analysts/Colin-Rusch/,25 Aug 2026
Alex Platt,194,https://stockanalysis.com/analysts/Alex-Platt/,18 May 2026
Keith Horowitz,196,https://stockanalysis.com/analysts/Keith-Horowitz/,08 May 2026
Subbu Nambi,197,https://stockanalysis.com/analysts/Subbu-Nambi/,20 Aug 2026
Rudy Li,200,https://stockanalysis.com/analysts/Rudy-Li/,26 Aug 2026
Erik Rasmussen,201,https://stockanalysis.com/analysts/Erik-Rasmussen/,27 Aug 2026
Brian Brophy,202,https://stockanalysis.com/analysts/Brian-Brophy/,13 Aug 2026
Andrew Percoco,204,https://stockanalysis.com/analysts/Andrew-Percoco/,02 Sep 2026
Fatima Boolani,205,https://stockanalysis.com/analysts/Fatima-Boolani/,02 Sep 2026
Nathan Jones,208,https://stockanalysis.com/analysts/Nathan-Jones/,02 Sep 2026
Doug Schenkel,209,https://stockanalysis.com/analysts/Doug-Schenkel/,10 Dec 2025
Debanjana Chatterjee,210,https://stockanalysis.com/analysts/Debanjana-Chatterjee/,02 Sep 2026
Fadi Chamoun,212,https://stockanalysis.com/analysts/Fadi-Chamoun/,21 Aug 2026
Peter Arment,213,https://stockanalysis.com/analysts/Peter-Arment/,24 Aug 2026
Leonid Timashev,215,https://stockanalysis.com/analysts/Leonid-Timashev/,01 Sep 2026
Alexander Paris,216,https://stockanalysis.com/analysts/Alexander-Paris/,28 Aug 2026
Brian Bedell,217,https://stockanalysis.com/analysts/Brian-Bedell/,19 Aug 2026
Cory Kasimov,218,https://stockanalysis.com/analysts/Cory-Kasimov/,31 Aug 2026
Andrew Fein,220,https://stockanalysis.com/analysts/Andrew-Fein/,24 Aug 2026
George Sutton,221,https://stockanalysis.com/analysts/George-Sutton/,31 Aug 2026
Andrew Coombs,222,https://stockanalysis.com/analysts/Andrew-Coombs/,04 Aug 2026
Christopher Allen,224,https://stockanalysis.com/analysts/Christopher-Allen/,02 Sep 2026
Kelsey Goodwin,225,https://stockanalysis.com/analysts/Kelsey-Goodwin/,27 Aug 2026
Christopher McGratty,226,https://stockanalysis.com/analysts/Christopher-McGratty/,26 Aug 2026
Charles Zhu,230,https://stockanalysis.com/analysts/Charles-Zhu/,02 Sep 2026
Frederic Bastien,232,https://stockanalysis.com/analysts/Frederic-Bastien/,10 Aug 2026
Allison Bratzel,234,https://stockanalysis.com/analysts/Allison-Bratzel/,01 Sep 2026
John DiFucci,235,https://stockanalysis.com/analysts/John-DiFucci/,02 Sep 2026
Shaul Eyal,237,https://stockanalysis.com/analysts/Shaul-Eyal/,02 Sep 2026
Lloyd Byrne,238,https://stockanalysis.com/analysts/Lloyd-Byrne/,01 Sep 2026
Cosmos Chiu,239,https://stockanalysis.com/analysts/Cosmos-Chiu/,26 Aug 2026
Vivek Arya,242,https://stockanalysis.com/analysts/Vivek-Arya/,03 Sep 2026
Jay Olson,246,https://stockanalysis.com/analysts/Jay-Olson/,01 Sep 2026
Brian Meredith,254,https://stockanalysis.com/analysts/Brian-Meredith/,31 Aug 2026
Daniel Major,255,https://stockanalysis.com/analysts/Daniel-Major/,28 Aug 2026
Stephen Tusa,259,https://stockanalysis.com/analysts/Stephen-Tusa/,11 Jun 2026
Scot Ciccarelli,260,https://stockanalysis.com/analysts/Scot-Ciccarelli/,28 Aug 2026
Michael Lasser,261,https://stockanalysis.com/analysts/Michael-Lasser/,28 Aug 2026
Andrew Obin,262,https://stockanalysis.com/analysts/Andrew-Obin/,31 Aug 2026
Brandon Couillard,263,https://stockanalysis.com/analysts/Brandon-Couillard/,14 Aug 2026
Scott Gruber,264,https://stockanalysis.com/analysts/Scott-Gruber/,31 Aug 2026
Christopher Glynn,265,https://stockanalysis.com/analysts/Christopher-Glynn/,31 Aug 2026
Noah Kaye,266,https://stockanalysis.com/analysts/Noah-Kaye/,14 Aug 2026
Mike Cikos,267,https://stockanalysis.com/analysts/Mike-Cikos/,02 Sep 2026
Ronald Epstein,268,https://stockanalysis.com/analysts/Ronald-Epstein/,02 Sep 2026
Derek Archila,269,https://stockanalysis.com/analysts/Derek-Archila/,02 Sep 2026
Jonathan Wolleben,271,https://stockanalysis.com/analysts/Jonathan-Wolleben/,31 Aug 2026
Graig Suvannavejh,272,https://stockanalysis.com/analysts/Graig-Suvannavejh/,01 Sep 2026
Robert Burns,273,https://stockanalysis.com/analysts/Robert-Burns/,01 Sep 2026
Trevor Allred,276,https://stockanalysis.com/analysts/Trevor-Allred/,05 Aug 2026
Wood Lay,277,https://stockanalysis.com/analysts/Wood-Lay/,01 Sep 2026
Levi Spry,281,https://stockanalysis.com/analysts/Levi-Spry/,02 Sep 2026
Raj Ray,282,https://stockanalysis.com/analysts/Raj-Ray/,30 Aug 2026
Michael Blum,283,https://stockanalysis.com/analysts/Michael-Blum/,12 Aug 2026
Craig Hutchison,289,https://stockanalysis.com/analysts/Craig-Hutchison/,17 Aug 2026
Kevin Steinke,290,https://stockanalysis.com/analysts/Kevin-Steinke/,27 Aug 2026
Andrew Mikitchook,291,https://stockanalysis.com/analysts/Andrew-Mikitchook/,18 Aug 2026
Tim Long,292,https://stockanalysis.com/analysts/Tim-Long/,03 Sep 2026
William Power,293,https://stockanalysis.com/analysts/William-Power/,26 Aug 2026
Rami Katkhuda,295,https://stockanalysis.com/analysts/Rami-Katkhuda/,27 Aug 2026
Charles Shi,296,https://stockanalysis.com/analysts/Charles-Shi/,27 Aug 2026
Anupam Rama,297,https://stockanalysis.com/analysts/Anupam-Rama/,02 Sep 2026
Robert Dodd,298,https://stockanalysis.com/analysts/Robert-Dodd/,09 Jul 2026
Peter Benedict,300,https://stockanalysis.com/analysts/Peter-Benedict/,24 Aug 2026
Anita Soni,301,https://stockanalysis.com/analysts/Anita-Soni/,17 Aug 2026
John Eade,302,https://stockanalysis.com/analysts/John-Eade/,02 Sep 2026
Ross Sandler,303,https://stockanalysis.com/analysts/Ross-Sandler/,12 Aug 2026
Mark Devries,305,https://stockanalysis.com/analysts/Mark-Devries/,20 Aug 2026
Mark DeVries,305,https://stockanalysis.com/analysts/Mark-DeVries/,20 Aug 2026
Thomas Diffely,306,https://stockanalysis.com/analysts/Thomas-Diffely/,11 Dec 2025
Bryan Blair,307,https://stockanalysis.com/analysts/Bryan-Blair/,21 Aug 2026
Naved Khan,309,https://stockanalysis.com/analysts/Naved-Khan/,02 Sep 2026
Erik Woodring,310,https://stockanalysis.com/analysts/Erik-Woodring/,02 Sep 2026
Daniel Ives,311,https://stockanalysis.com/analysts/Daniel-Ives/,30 Jun 2026
Gregory Renza,312,https://stockanalysis.com/analysts/Gregory-Renza/,01 Sep 2026
Ovais Habib,313,https://stockanalysis.com/analysts/Ovais-Habib/,01 Sep 2026
Chip Moore,314,https://stockanalysis.com/analysts/Chip-Moore/,14 Aug 2026
Mike Crawford,315,https://stockanalysis.com/analysts/Mike-Crawford/,13 Aug 2026
Ananda Baruah,316,https://stockanalysis.com/analysts/Ananda-Baruah/,19 Aug 2026
Gus Richard,317,https://stockanalysis.com/analysts/Gus-Richard/,02 Sep 2026
David Nierengarten,318,https://stockanalysis.com/analysts/David-Nierengarten/,02 Sep 2026
Joseph Stringer,319,https://stockanalysis.com/analysts/Joseph-Stringer/,19 Aug 2026
Ryan Koontz,320,https://stockanalysis.com/analysts/Ryan-Koontz/,26 Aug 2026
Melissa Fairbanks,324,https://stockanalysis.com/analysts/Melissa-Fairbanks/,07 Aug 2026
Sebastien Naji,325,https://stockanalysis.com/analysts/Sebastien-Naji/,02 Sep 2026
Miller Jump,326,https://stockanalysis.com/analysts/Miller-Jump/,02 Sep 2026
David Feaster,330,https://stockanalysis.com/analysts/David-Feaster/,31 Aug 2026
George Notter,332,https://stockanalysis.com/analysts/George-Notter/,12 Aug 2026
David Manthey,334,https://stockanalysis.com/analysts/David-Manthey/,11 Aug 2026
Mark Kelley,335,https://stockanalysis.com/analysts/Mark-Kelley/,16 Jun 2026
Alex Zukin,336,https://stockanalysis.com/analysts/Alex-Zukin/,26 Aug 2026
Lawson Winder,337,https://stockanalysis.com/analysts/Lawson-Winder/,31 Aug 2026
Joseph Thome,338,https://stockanalysis.com/analysts/Joseph-Thome/,02 Sep 2026
Marc Goodman,340,https://stockanalysis.com/analysts/Marc-Goodman/,13 Jul 2026
Andrew Berens,341,https://stockanalysis.com/analysts/Andrew-Berens/,07 Aug 2026
Chris Dendrinos,342,https://stockanalysis.com/analysts/Chris-Dendrinos/,28 Aug 2026
Jaeson Schmidt,343,https://stockanalysis.com/analysts/Jaeson-Schmidt/,02 Sep 2026
Melissa Weathers,348,https://stockanalysis.com/analysts/Melissa-Weathers/,14 Aug 2026
Edward Yang,349,https://stockanalysis.com/analysts/Edward-Yang/,07 Aug 2026
Stephen Biggar,352,https://stockanalysis.com/analysts/Stephen-Biggar/,11 Aug 2026
Corey Tarlowe,356,https://stockanalysis.com/analysts/Corey-Tarlowe/,01 Sep 2026
Julian Mitchell,357,https://stockanalysis.com/analysts/Julian-Mitchell/,12 Jun 2026
Vamil Divan,359,https://stockanalysis.com/analysts/Vamil-Divan/,24 Aug 2026
Ryan Todd,360,https://stockanalysis.com/analysts/Ryan-Todd/,23 Jul 2026
Patrick Jones,361,https://stockanalysis.com/analysts/Patrick-Jones/,17 Aug 2026
Geoff Meacham,362,https://stockanalysis.com/analysts/Geoff-Meacham/,02 Sep 2026
Brendan Smith,364,https://stockanalysis.com/analysts/Brendan-Smith/,17 Aug 2026
Jacob Stephan,365,https://stockanalysis.com/analysts/Jacob-Stephan/,20 Aug 2026
Brian Nagel,368,https://stockanalysis.com/analysts/Brian-Nagel/,26 Aug 2026
Katie Lachapelle,369,https://stockanalysis.com/analysts/Katie-Lachapelle/,19 May 2026
Ed Arce,371,https://stockanalysis.com/analysts/Ed-Arce/,30 Apr 2026
Adam Borg,375,https://stockanalysis.com/analysts/Adam-Borg/,02 Sep 2026
Kenneth Lee,377,https://stockanalysis.com/analysts/Kenneth-Lee/,20 Aug 2026
Andrew Wittmann,378,https://stockanalysis.com/analysts/Andrew-Wittmann/,27 Aug 2026
Ryan MacWilliams,379,https://stockanalysis.com/analysts/Ryan-MacWilliams/,02 Sep 2026
Ryan Macwilliams,379,https://stockanalysis.com/analysts/Ryan-Macwilliams/,02 Sep 2026
Andrew Tsai,381,https://stockanalysis.com/analysts/Andrew-Tsai/,31 Aug 2026
Erin Wright,382,https://stockanalysis.com/analysts/Erin-Wright/,25 Aug 2026
James Schneider,383,https://stockanalysis.com/analysts/James-Schneider/,02 Sep 2026
Matthew Carletti,384,https://stockanalysis.com/analysts/Matthew-Carletti/,07 Aug 2026
Jon Arfstrom,385,https://stockanalysis.com/analysts/Jon-Arfstrom/,26 Aug 2026
Craig Siegenthaler,387,https://stockanalysis.com/analysts/Craig-Siegenthaler/,14 Aug 2026
Erik Suppiger,388,https://stockanalysis.com/analysts/Erik-Suppiger/,02 Sep 2026
David Amsellem,389,https://stockanalysis.com/analysts/David-Amsellem/,27 Aug 2026
Deepak Mathivanan,390,https://stockanalysis.com/analysts/Deepak-Mathivanan/,24 Aug 2026
Chris LaFemina,391,https://stockanalysis.com/analysts/Chris-LaFemina/,31 Aug 2026
Tara Bancroft,393,https://stockanalysis.com/analysts/Tara-Bancroft/,02 Sep 2026
Swayampakula Ramakanth,395,https://stockanalysis.com/analysts/Swayampakula-Ramakanth/,01 Sep 2026
Katja Jancic,397,https://stockanalysis.com/analysts/Katja-Jancic/,07 Aug 2026
Catherine Mealor,398,https://stockanalysis.com/analysts/Catherine-Mealor/,06 Aug 2026
Brian Drab,399,https://stockanalysis.com/analysts/Brian-Drab/,28 Aug 2026
Tanya Jakusconek,400,https://stockanalysis.com/analysts/Tanya-Jakusconek/,26 Aug 2026
Brett Linzey,401,https://stockanalysis.com/analysts/Brett-Linzey/,25 Aug 2026
Arren Cyganovich,402,https://stockanalysis.com/analysts/Arren-Cyganovich/,12 Aug 2026
Seth Seifman,404,https://stockanalysis.com/analysts/Seth-Seifman/,02 Sep 2026
Gregory Peters,405,https://stockanalysis.com/analysts/Gregory-Peters/,24 Aug 2026
Daniela Costa,406,https://stockanalysis.com/analysts/Daniela-Costa/,02 Sep 2026
Nathan Race,407,https://stockanalysis.com/analysts/Nathan-Race/,02 Sep 2026
Neil Mehta,408,https://stockanalysis.com/analysts/Neil-Mehta/,02 Sep 2026
Karl Keirstead,410,https://stockanalysis.com/analysts/Karl-Keirstead/,02 Sep 2026
Benjamin Budish,411,https://stockanalysis.com/analysts/Benjamin-Budish/,02 Sep 2026
Jason Zemansky,412,https://stockanalysis.com/analysts/Jason-Zemansky/,31 Aug 2026
Brian Gesuale,413,https://stockanalysis.com/analysts/Brian-Gesuale/,29 Jul 2026
Randy Binner,414,https://stockanalysis.com/analysts/Randy-Binner/,31 Aug 2026
James Lee,415,https://stockanalysis.com/analysts/James-Lee/,27 Feb 2026
Bobby Brooks,416,https://stockanalysis.com/analysts/Bobby-Brooks/,01 Sep 2026
Keith Hughes,419,https://stockanalysis.com/analysts/Keith-Hughes/,31 Aug 2026
Alex Rygiel,420,https://stockanalysis.com/analysts/Alex-Rygiel/,27 Aug 2026
Greg Palm,421,https://stockanalysis.com/analysts/Greg-Palm/,14 Aug 2026
Jason Butler,422,https://stockanalysis.com/analysts/Jason-Butler/,18 Aug 2026
Michael Grondahl,423,https://stockanalysis.com/analysts/Michael-Grondahl/,01 Sep 2026
Kyle Menges,430,https://stockanalysis.com/analysts/Kyle-Menges/,24 Aug 2026
Eric Heath,431,https://stockanalysis.com/analysts/Eric-Heath/,28 Aug 2026
Joseph Gallo,432,https://stockanalysis.com/analysts/Joseph-Gallo/,02 Sep 2026
Myles Allsop,433,https://stockanalysis.com/analysts/Myles-Allsop/,14 Aug 2026
Andrew Brackmann,436,https://stockanalysis.com/analysts/Andrew-Brackmann/,02 Jul 2026
David Karnovsky,437,https://stockanalysis.com/analysts/David-Karnovsky/,21 Aug 2026
Jason Gabelman,438,https://stockanalysis.com/analysts/Jason-Gabelman/,12 Aug 2026
Joseph Quatrochi,441,https://stockanalysis.com/analysts/Joseph-Quatrochi/,27 Aug 2026
Gregg Moskowitz,442,https://stockanalysis.com/analysts/Gregg-Moskowitz/,02 Sep 2026
Stephanie Moore,443,https://stockanalysis.com/analysts/Stephanie-Moore/,24 Aug 2026
John Hecht,446,https://stockanalysis.com/analysts/John-Hecht/,18 Aug 2026
Mark Mahaney,447,https://stockanalysis.com/analysts/Mark-Mahaney/,31 Aug 2026
Gary Mobley,448,https://stockanalysis.com/analysts/Gary-Mobley/,27 Aug 2026
Mircea Dobre,450,https://stockanalysis.com/analysts/Mircea-Dobre/,31 Aug 2026
David Scharf,451,https://stockanalysis.com/analysts/David-Scharf/,11 Aug 2026
Andrew Nowinski,452,https://stockanalysis.com/analysts/Andrew-Nowinski/,02 Apr 2026
Trung Huynh,455,https://stockanalysis.com/analysts/Trung-Huynh/,01 Sep 2026
Nathan Martin,456,https://stockanalysis.com/analysts/Nathan-Martin/,06 Aug 2026
Scott Deuschle,459,https://stockanalysis.com/analysts/Scott-Deuschle/,02 Sep 2026
Tim Huff,460,https://stockanalysis.com/analysts/Tim-Huff/,11 Aug 2026
Alexander Hacking,462,https://stockanalysis.com/analysts/Alexander-Hacking/,03 Aug 2026
Sean Laaman,464,https://stockanalysis.com/analysts/Sean-Laaman/,01 Sep 2026
Josh Silverstein,466,https://stockanalysis.com/analysts/Josh-Silverstein/,31 Aug 2026
Sami Corwin,471,https://stockanalysis.com/analysts/Sami-Corwin/,02 Sep 2026
Ittai Kidron,472,https://stockanalysis.com/analysts/Ittai-Kidron/,02 Sep 2026
Jason Bazinet,473,https://stockanalysis.com/analysts/Jason-Bazinet/,01 Sep 2026
Nick Giles,474,https://stockanalysis.com/analysts/Nick-Giles/,02 Sep 2026
David Koning,475,https://stockanalysis.com/analysts/David-Koning/,07 Aug 2026
Annabel Samimy,477,https://stockanalysis.com/analysts/Annabel-Samimy/,14 Aug 2026
Peter Weed,480,https://stockanalysis.com/analysts/Peter-Weed/,02 Sep 2026
Jeff Rulis,481,https://stockanalysis.com/analysts/Jeff-Rulis/,01 Sep 2026
Yaron Kinar,484,https://stockanalysis.com/analysts/Yaron-Kinar/,01 Sep 2026
Robert Hope,485,https://stockanalysis.com/analysts/Robert-Hope/,01 Sep 2026
Brad Zelnick,489,https://stockanalysis.com/analysts/Brad-Zelnick/,02 Sep 2026
Brennan Hawken,490,https://stockanalysis.com/analysts/Brennan-Hawken/,06 Aug 2026
Edward Kelly,491,https://stockanalysis.com/analysts/Edward-Kelly/,28 Aug 2026
Richard Shane,492,https://stockanalysis.com/analysts/Richard-Shane/,20 Aug 2026
Keith Weiss,494,https://stockanalysis.com/analysts/Keith-Weiss/,01 Jun 2026
Rupesh Parikh,495,https://stockanalysis.com/analysts/Rupesh-Parikh/,25 Aug 2026
Saket Kalia,496,https://stockanalysis.com/analysts/Saket-Kalia/,03 Sep 2026
Gray Powell,497,https://stockanalysis.com/analysts/Gray-Powell/,02 Sep 2026
Rob Sanderson,500,https://stockanalysis.com/analysts/Rob-Sanderson/,15 Jun 2026
Liam Burke,501,https://stockanalysis.com/analysts/Liam-Burke/,31 Aug 2026
Paul Matteis,502,https://stockanalysis.com/analysts/Paul-Matteis/,31 Aug 2026
Jake Sekelsky,504,https://stockanalysis.com/analysts/Jake-Sekelsky/,21 Aug 2026
Debjit Chattopadhyay,505,https://stockanalysis.com/analysts/Debjit-Chattopadhyay/,18 Aug 2026
Kristen Kluska,506,https://stockanalysis.com/analysts/Kristen-Kluska/,01 Sep 2026
Lee Horowitz,507,https://stockanalysis.com/analysts/Lee-Horowitz/,13 Mar 2026
John Mackay,508,https://stockanalysis.com/analysts/John-Mackay/,02 Sep 2026
Jeet Mukherjee,509,https://stockanalysis.com/analysts/Jeet-Mukherjee/,02 Sep 2026
Stephen Scouten,510,https://stockanalysis.com/analysts/Stephen-Scouten/,27 Aug 2026
Derek Podhaizer,512,https://stockanalysis.com/analysts/Derek-Podhaizer/,27 Aug 2026
Joseph Bonner,513,https://stockanalysis.com/analysts/Joseph-Bonner/,31 Aug 2026
Jay McCanless,514,https://stockanalysis.com/analysts/Jay-McCanless/,21 Aug 2026
Eric Handler,515,https://stockanalysis.com/analysts/Eric-Handler/,31 Aug 2026
Bobby Griffin,518,https://stockanalysis.com/analysts/Bobby-Griffin/,28 Aug 2026
Anthony Pettinari,519,https://stockanalysis.com/analysts/Anthony-Pettinari/,24 Aug 2026
Nicole Deblase,520,https://stockanalysis.com/analysts/Nicole-Deblase/,06 Aug 2026
Hamir Patel,521,https://stockanalysis.com/analysts/Hamir-Patel/,14 Aug 2026
Jeffrey Hammond,522,https://stockanalysis.com/analysts/Jeffrey-Hammond/,02 Sep 2026
Brian Abrahams,525,https://stockanalysis.com/analysts/Brian-Abrahams/,02 Sep 2026
Robert Young,526,https://stockanalysis.com/analysts/Robert-Young/,15 May 2026
Hamed Khorsand,528,https://stockanalysis.com/analysts/Hamed-Khorsand/,01 Sep 2026
Whitney Ijem,530,https://stockanalysis.com/analysts/Whitney-Ijem/,01 Sep 2026
Justin Walsh,531,https://stockanalysis.com/analysts/Justin-Walsh/,02 Sep 2026
Richard Ramsden,535,https://stockanalysis.com/analysts/Richard-Ramsden/,16 Jul 2026
Patrick Kenny,537,https://stockanalysis.com/analysts/Patrick-Kenny/,15 Jun 2026
Sam Burwell,538,https://stockanalysis.com/analysts/Sam-Burwell/,01 Sep 2026
Mark Moerdler,539,https://stockanalysis.com/analysts/Mark-Moerdler/,02 Sep 2026
Laura Prendergast,540,https://stockanalysis.com/analysts/Laura-Prendergast/,27 Aug 2026
Joseph Dickerson,541,https://stockanalysis.com/analysts/Joseph-Dickerson/,31 Aug 2026
Anthony Chukumba,542,https://stockanalysis.com/analysts/Anthony-Chukumba/,25 Aug 2026
Scott Siefers,543,https://stockanalysis.com/analysts/Scott-Siefers/,14 May 2026
Stephen Richardson,545,https://stockanalysis.com/analysts/Stephen-Richardson/,01 Sep 2026
Michael Doumet,546,https://stockanalysis.com/analysts/Michael-Doumet/,23 Feb 2026
Douglas Harter,547,https://stockanalysis.com/analysts/Douglas-Harter/,01 Sep 2026
Myles Walton,548,https://stockanalysis.com/analysts/Myles-Walton/,26 Aug 2026
Blair Abernethy,549,https://stockanalysis.com/analysts/Blair-Abernethy/,02 Sep 2026
Andre Madrid,550,https://stockanalysis.com/analysts/Andre-Madrid/,01 Sep 2026
Christian Wetherbee,552,https://stockanalysis.com/analysts/Christian-Wetherbee/,01 Sep 2026
Richard Baldry,553,https://stockanalysis.com/analysts/Richard-Baldry/,27 Aug 2026
Hal Goetsch,555,https://stockanalysis.com/analysts/Hal-Goetsch/,31 Aug 2026
Josh Beck,556,https://stockanalysis.com/analysts/Josh-Beck/,17 Aug 2026
Steven Lichtman,557,https://stockanalysis.com/analysts/Steven-Lichtman/,02 Sep 2026
Laura Chico,558,https://stockanalysis.com/analysts/Laura-Chico/,19 Aug 2026
Maria Ripps,559,https://stockanalysis.com/analysts/Maria-Ripps/,13 Aug 2026
Maxwell Skor,562,https://stockanalysis.com/analysts/Maxwell-Skor/,01 Sep 2026
Ryan Krueger,563,https://stockanalysis.com/analysts/Ryan-Krueger/,11 Aug 2026
Devin Dodge,565,https://stockanalysis.com/analysts/Devin-Dodge/,17 Aug 2026
Jade Rahmani,566,https://stockanalysis.com/analysts/Jade-Rahmani/,28 Aug 2026
Steven Chubak,568,https://stockanalysis.com/analysts/Steven-Chubak/,12 Aug 2026
Brian Pitz,570,https://stockanalysis.com/analysts/Brian-Pitz/,01 Sep 2026
James Thalacker,573,https://stockanalysis.com/analysts/James-Thalacker/,31 Aug 2026
Akash Tewari,575,https://stockanalysis.com/analysts/Akash-Tewari/,01 Sep 2026
Konark Gupta,576,https://stockanalysis.com/analysts/Konark-Gupta/,02 Sep 2026
Colin Canfield,578,https://stockanalysis.com/analysts/Colin-Canfield/,10 Aug 2026
Ted Jackson,579,https://stockanalysis.com/analysts/Ted-Jackson/,02 Sep 2026
Conor Fitzpatrick,580,https://stockanalysis.com/analysts/Conor-Fitzpatrick/,01 Sep 2026
Brandon Bingham,582,https://stockanalysis.com/analysts/Brandon-Bingham/,01 Sep 2026
Stephen Bersey,590,https://stockanalysis.com/analysts/Stephen-Bersey/,10 Aug 2026
Harry Fong,591,https://stockanalysis.com/analysts/Harry-Fong/,01 Sep 2026
Pierre Ferragu,594,https://stockanalysis.com/analysts/Pierre-Ferragu/,30 Jul 2026
Andrew Jeffrey,602,https://stockanalysis.com/analysts/Andrew-Jeffrey/,28 Aug 2026
Mitch Kummetz,603,https://stockanalysis.com/analysts/Mitch-Kummetz/,20 Jul 2026
David Westenberg,604,https://stockanalysis.com/analysts/David-Westenberg/,01 Sep 2026
Gary Prestopino,605,https://stockanalysis.com/analysts/Gary-Prestopino/,02 Sep 2026
Stephen Gengaro,606,https://stockanalysis.com/analysts/Stephen-Gengaro/,02 Sep 2026
Jed Dorsheimer,607,https://stockanalysis.com/analysts/Jed-Dorsheimer/,01 Sep 2026
John Massocca,612,https://stockanalysis.com/analysts/John-Massocca/,22 Jul 2026
David Hoang,615,https://stockanalysis.com/analysts/David-Hoang/,28 Aug 2026
Paul Golding,617,https://stockanalysis.com/analysts/Paul-Golding/,04 Aug 2026
Stephen Kim,619,https://stockanalysis.com/analysts/Stephen-Kim/,19 Aug 2026
Michael Rollins,620,https://stockanalysis.com/analysts/Michael-Rollins/,02 Sep 2026
Evan Seigerman,624,https://stockanalysis.com/analysts/Evan-Seigerman/,01 Sep 2026
Philip Ng,625,https://stockanalysis.com/analysts/Philip-Ng/,18 Aug 2026
Danielle Brill,626,https://stockanalysis.com/analysts/Danielle-Brill/,31 Aug 2026
Sheila Kahyaoglu,627,https://stockanalysis.com/analysts/Sheila-Kahyaoglu/,03 Sep 2026
Lance Vitanza,629,https://stockanalysis.com/analysts/Lance-Vitanza/,31 Aug 2026
Yigal Nochomovitz,630,https://stockanalysis.com/analysts/Yigal-Nochomovitz/,31 Aug 2026
Brett Knoblauch,631,https://stockanalysis.com/analysts/Brett-Knoblauch/,27 Aug 2026
Ryan Deschner,638,https://stockanalysis.com/analysts/Ryan-Deschner/,13 Aug 2026
John Barnidge,641,https://stockanalysis.com/analysts/John-Barnidge/,06 Mar 2026
Jonathan Atkin,642,https://stockanalysis.com/analysts/Jonathan-Atkin/,02 Sep 2026
Brian McKenna,644,https://stockanalysis.com/analysts/Brian-McKenna/,07 Aug 2026
Dan Leonard,646,https://stockanalysis.com/analysts/Dan-Leonard/,01 Sep 2026
Mohit Bansal,647,https://stockanalysis.com/analysts/Mohit-Bansal/,01 Sep 2026
David Lebowitz,648,https://stockanalysis.com/analysts/David-Lebowitz/,31 Aug 2026
John Ransom,649,https://stockanalysis.com/analysts/John-Ransom/,31 Jul 2026
Kingsley Crane,650,https://stockanalysis.com/analysts/Kingsley-Crane/,02 Sep 2026
Rohit Kulkarni,651,https://stockanalysis.com/analysts/Rohit-Kulkarni/,03 Sep 2026
Sandeep Deshpande,652,https://stockanalysis.com/analysts/Sandeep-Deshpande/,19 Aug 2026
Andrew Boone,653,https://stockanalysis.com/analysts/Andrew-Boone/,11 Aug 2026
Jonathan Komp,655,https://stockanalysis.com/analysts/Jonathan-Komp/,26 Aug 2026
Chris Brendler,656,https://stockanalysis.com/analysts/Chris-Brendler/,28 Aug 2026
Susan Anderson,658,https://stockanalysis.com/analysts/Susan-Anderson/,28 Aug 2026
Fahad Tariq,662,https://stockanalysis.com/analysts/Fahad-Tariq/,21 Aug 2026
Suneet Kamath,663,https://stockanalysis.com/analysts/Suneet-Kamath/,13 Jul 2026
Dean Wilkinson,664,https://stockanalysis.com/analysts/Dean-Wilkinson/,14 Aug 2026
David George,665,https://stockanalysis.com/analysts/David-George/,17 Aug 2026
Daniel Tamayo,666,https://stockanalysis.com/analysts/Daniel-Tamayo/,27 Aug 2026
David Joyce,668,https://stockanalysis.com/analysts/David-Joyce/,07 Aug 2026
Matthew Clark,669,https://stockanalysis.com/analysts/Matthew-Clark/,02 Sep 2026
Brian Essex,671,https://stockanalysis.com/analysts/Brian-Essex/,02 Sep 2026
Bradley Thomas,672,https://stockanalysis.com/analysts/Bradley-Thomas/,27 Aug 2026
Deane Dray,674,https://stockanalysis.com/analysts/Deane-Dray/,18 Aug 2026
David Arcaro,675,https://stockanalysis.com/analysts/David-Arcaro/,02 Sep 2026
Aaron Bilkoski,676,https://stockanalysis.com/analysts/Aaron-Bilkoski/,27 Aug 2026
Matthew Hedberg,677,https://stockanalysis.com/analysts/Matthew-Hedberg/,02 Sep 2026
Vincent Colicchio,678,https://stockanalysis.com/analysts/Vincent-Colicchio/,21 Aug 2026
Max Michaelis,679,https://stockanalysis.com/analysts/Max-Michaelis/,02 Sep 2026
Matt Summerville,680,https://stockanalysis.com/analysts/Matt-Summerville/,31 Aug 2026
Omar Dessouky,681,https://stockanalysis.com/analysts/Omar-Dessouky/,31 Aug 2026
Gil Blum,682,https://stockanalysis.com/analysts/Gil-Blum/,02 Sep 2026
Joseph Vafi,683,https://stockanalysis.com/analysts/Joseph-Vafi/,28 Aug 2026
Allen Lutz,693,https://stockanalysis.com/analysts/Allen-Lutz/,02 Sep 2026
Matt Larew,694,https://stockanalysis.com/analysts/Matt-Larew/,01 Sep 2026
Donald Fandetti,695,https://stockanalysis.com/analysts/Donald-Fandetti/,26 Aug 2026
Michael Leshock,696,https://stockanalysis.com/analysts/Michael-Leshock/,28 Aug 2026
John Ivankoe,697,https://stockanalysis.com/analysts/John-Ivankoe/,27 Aug 2026
Alex Kramm,698,https://stockanalysis.com/analysts/Alex-Kramm/,17 Aug 2026
Bryan Kraft,702,https://stockanalysis.com/analysts/Bryan-Kraft/,02 Sep 2026
Michael Wiederhorn,704,https://stockanalysis.com/analysts/Michael-Wiederhorn/,19 Aug 2026
Koji Ikeda,706,https://stockanalysis.com/analysts/Koji-Ikeda/,31 Aug 2026
Steve Moss,707,https://stockanalysis.com/analysts/Steve-Moss/,31 Jul 2026
Asad Haider,709,https://stockanalysis.com/analysts/Asad-Haider/,26 Aug 2026
Chris Baker,710,https://stockanalysis.com/analysts/Chris-Baker/,10 Aug 2026
Manuel Navas,713,https://stockanalysis.com/analysts/Manuel-Navas/,26 Aug 2026
Lucas Servera,716,https://stockanalysis.com/analysts/Lucas-Servera/,11 Aug 2026
Daniel Imbro,717,https://stockanalysis.com/analysts/Daniel-Imbro/,16 Jan 2026
Mihir Bhatia,718,https://stockanalysis.com/analysts/Mihir-Bhatia/,01 Sep 2026
Angie Storozynski,720,https://stockanalysis.com/analysts/Angie-Storozynski/,16 Aug 2026
Bascome Majors,722,https://stockanalysis.com/analysts/Bascome-Majors/,06 Aug 2026
Peter Saleh,723,https://stockanalysis.com/analysts/Peter-Saleh/,24 Aug 2026
Michael Tupholme,724,https://stockanalysis.com/analysts/Michael-Tupholme/,18 Aug 2026
Gabriela Borges,726,https://stockanalysis.com/analysts/Gabriela-Borges/,02 Sep 2026
Devin McDermott,727,https://stockanalysis.com/analysts/Devin-McDermott/,20 Aug 2026
Cameron Doerksen,728,https://stockanalysis.com/analysts/Cameron-Doerksen/,19 Aug 2026
Gautam Chhugani,733,https://stockanalysis.com/analysts/Gautam-Chhugani/,01 Sep 2026
Clark Lampen,734,https://stockanalysis.com/analysts/Clark-Lampen/,31 Aug 2026
Silvan Tuerkcan,735,https://stockanalysis.com/analysts/Silvan-Tuerkcan/,10 Aug 2026
Ryan Pfingst,736,https://stockanalysis.com/analysts/Ryan-Pfingst/,17 Aug 2026
Justin Crowley,739,https://stockanalysis.com/analysts/Justin-Crowley/,19 Aug 2026
Mark Shmulik,743,https://stockanalysis.com/analysts/Mark-Shmulik/,01 Sep 2026
Durgesh Chopra,745,https://stockanalysis.com/analysts/Durgesh-Chopra/,07 Aug 2026
Andrew Sherman,746,https://stockanalysis.com/analysts/Andrew-Sherman/,28 Aug 2026
Robert Catellier,747,https://stockanalysis.com/analysts/Robert-Catellier/,28 Aug 2026
Terence Flynn,750,https://stockanalysis.com/analysts/Terence-Flynn/,02 Sep 2026
Arun Jayaram,751,https://stockanalysis.com/analysts/Arun-Jayaram/,17 Aug 2026
Rudy Kessinger,752,https://stockanalysis.com/analysts/Rudy-Kessinger/,02 Sep 2026
Joe Ritchie,754,https://stockanalysis.com/analysts/Joe-Ritchie/,24 Aug 2026
Drew Crum,756,https://stockanalysis.com/analysts/Drew-Crum/,01 Sep 2026
Shyam Patil,757,https://stockanalysis.com/analysts/Shyam-Patil/,02 Sep 2026
Brad Heffern,758,https://stockanalysis.com/analysts/Brad-Heffern/,07 Aug 2026
Fawne Jiang,759,https://stockanalysis.com/analysts/Fawne-Jiang/,26 Aug 2026
Sumant Kulkarni,760,https://stockanalysis.com/analysts/Sumant-Kulkarni/,02 Sep 2026
Serge Belanger,761,https://stockanalysis.com/analysts/Serge-Belanger/,28 Aug 2026
Jack Meehan,765,https://stockanalysis.com/analysts/Jack-Meehan/,26 Mar 2026
Nick Doyle,766,https://stockanalysis.com/analysts/Nick-Doyle/,10 Nov 2025
Mark Jarvi,767,https://stockanalysis.com/analysts/Mark-Jarvi/,17 Aug 2026
Christopher Kuhn,768,https://stockanalysis.com/analysts/Christopher-Kuhn/,16 Jul 2026
Garik Shmois,770,https://stockanalysis.com/analysts/Garik-Shmois/,01 Sep 2026
Christopher Carril,771,https://stockanalysis.com/analysts/Christopher-Carril/,27 Aug 2026
Scott Graham,774,https://stockanalysis.com/analysts/Scott-Graham/,09 Aug 2026
David Windley,775,https://stockanalysis.com/analysts/David-Windley/,03 Aug 2026
Laura Martin,778,https://stockanalysis.com/analysts/Laura-Martin/,27 Aug 2026
Daley Li,780,https://stockanalysis.com/analysts/Daley-Li/,19 Aug 2026
Alexander Potter,781,https://stockanalysis.com/analysts/Alexander-Potter/,01 Sep 2026
Chris Graja,784,https://stockanalysis.com/analysts/Chris-Graja/,02 Sep 2026
Owen Lau,787,https://stockanalysis.com/analysts/Owen-Lau/,02 Sep 2026
Darko Mihelic,790,https://stockanalysis.com/analysts/Darko-Mihelic/,28 Aug 2026
Liam Fitzpatrick,791,https://stockanalysis.com/analysts/Liam-Fitzpatrick/,19 Aug 2026
Michael Lewis,792,https://stockanalysis.com/analysts/Michael-Lewis/,02 Sep 2026
Kristine Liwag,794,https://stockanalysis.com/analysts/Kristine-Liwag/,02 Sep 2026
Adam Seiden,795,https://stockanalysis.com/analysts/Adam-Seiden/,21 Aug 2026
Doug Anmuth,796,https://stockanalysis.com/analysts/Doug-Anmuth/,01 Sep 2026
Jake Bartlett,797,https://stockanalysis.com/analysts/Jake-Bartlett/,18 Mar 2026
Brian Morrison,798,https://stockanalysis.com/analysts/Brian-Morrison/,24 Aug 2026
Michael Morris,799,https://stockanalysis.com/analysts/Michael-Morris/,25 Aug 2026
Yanan Zhu,803,https://stockanalysis.com/analysts/Yanan-Zhu/,26 Aug 2026
Nicolai Kempf,805,https://stockanalysis.com/analysts/Nicolai-Kempf/,14 Aug 2026
Howard Ma,806,https://stockanalysis.com/analysts/Howard-Ma/,02 Sep 2026
Andrew Kligerman,810,https://stockanalysis.com/analysts/Andrew-Kligerman/,02 Sep 2026
Mark Fitzgibbon,811,https://stockanalysis.com/analysts/Mark-Fitzgibbon/,27 Feb 2026
Jeff Jones,813,https://stockanalysis.com/analysts/Jeff-Jones/,02 Sep 2026
Sean McLoughlin,817,https://stockanalysis.com/analysts/Sean-McLoughlin/,08 May 2026
Sohrab Movahedi,818,https://stockanalysis.com/analysts/Sohrab-Movahedi/,01 Jun 2026
Casey Alexander,819,https://stockanalysis.com/analysts/Casey-Alexander/,10 Mar 2026
David Tarantino,825,https://stockanalysis.com/analysts/David-Tarantino/,23 Jul 2026
Jayson Bedford,826,https://stockanalysis.com/analysts/Jayson-Bedford/,02 Sep 2026
Gokul Hariharan,827,https://stockanalysis.com/analysts/Gokul-Hariharan/,16 Aug 2026
James Fish,829,https://stockanalysis.com/analysts/James-Fish/,02 Sep 2026
Mark Murphy,830,https://stockanalysis.com/analysts/Mark-Murphy/,14 Jul 2026
Doug Leggate,832,https://stockanalysis.com/analysts/Doug-Leggate/,03 Aug 2026
Adam Maeder,833,https://stockanalysis.com/analysts/Adam-Maeder/,02 Sep 2026
Raimo Lenschow,834,https://stockanalysis.com/analysts/Raimo-Lenschow/,02 Sep 2026
Scott Devitt,836,https://stockanalysis.com/analysts/Scott-Devitt/,02 Sep 2026
Anthony Stoss,837,https://stockanalysis.com/analysts/Anthony-Stoss/,20 Aug 2026
Peter Peng,842,https://stockanalysis.com/analysts/Peter-Peng/,08 May 2026
Glenn Schorr,845,https://stockanalysis.com/analysts/Glenn-Schorr/,10 Aug 2026
Doug Creutz,846,https://stockanalysis.com/analysts/Doug-Creutz/,28 Aug 2026
Ann Hynes,848,https://stockanalysis.com/analysts/Ann-Hynes/,11 Aug 2026
Benjamin Swinburne,849,https://stockanalysis.com/analysts/Benjamin-Swinburne/,16 Mar 2026
Shweta Khajuria,850,https://stockanalysis.com/analysts/Shweta-Khajuria/,03 Aug 2026
Catherine Novack,851,https://stockanalysis.com/analysts/Catherine-Novack/,31 Jul 2026
Ben Gerlinger,855,https://stockanalysis.com/analysts/Ben-Gerlinger/,28 Aug 2026
Marcio Farid,856,https://stockanalysis.com/analysts/Marcio-Farid/,31 Aug 2026
Kenneth Zener,857,https://stockanalysis.com/analysts/Kenneth-Zener/,06 Apr 2026
Cherilyn Radbourne,858,https://stockanalysis.com/analysts/Cherilyn-Radbourne/,14 Aug 2026
John Heinbockel,859,https://stockanalysis.com/analysts/John-Heinbockel/,27 Aug 2026
Joel Jackson,860,https://stockanalysis.com/analysts/Joel-Jackson/,21 Aug 2026
Darrin Peller,861,https://stockanalysis.com/analysts/Darrin-Peller/,25 Aug 2026
Phillip Jungwirth,862,https://stockanalysis.com/analysts/Phillip-Jungwirth/,02 Sep 2026
Ryan Nash,869,https://stockanalysis.com/analysts/Ryan-Nash/,10 Aug 2026
Yun Kim,871,https://stockanalysis.com/analysts/Yun-Kim/,04 Aug 2026
Alexander Duval,873,https://stockanalysis.com/analysts/Alexander-Duval/,25 Aug 2026
Tal Liani,874,https://stockanalysis.com/analysts/Tal-Liani/,02 Sep 2026
Jeff Martin,875,https://stockanalysis.com/analysts/Jeff-Martin/,21 Aug 2026
Brad Reback,876,https://stockanalysis.com/analysts/Brad-Reback/,02 Sep 2026
Salveen Richter,877,https://stockanalysis.com/analysts/Salveen-Richter/,01 Sep 2026
Mark Argento,878,https://stockanalysis.com/analysts/Mark-Argento/,07 Aug 2026
Stephen Willey,879,https://stockanalysis.com/analysts/Stephen-Willey/,17 Aug 2026
Lisa Lewandowski,886,https://stockanalysis.com/analysts/Lisa-Lewandowski/,24 Aug 2026
Andy Chen,887,https://stockanalysis.com/analysts/Andy-Chen/,04 Aug 2026
Mario Saric,891,https://stockanalysis.com/analysts/Mario-Saric/,11 Aug 2026
Peter Levine,892,https://stockanalysis.com/analysts/Peter-Levine/,31 Aug 2026
Ananda Ghosh,893,https://stockanalysis.com/analysts/Ananda-Ghosh/,25 Aug 2026
Tessa Romero,895,https://stockanalysis.com/analysts/Tessa-Romero/,20 Aug 2026
Keith Bachman,898,https://stockanalysis.com/analysts/Keith-Bachman/,02 Sep 2026
John Kernan,899,https://stockanalysis.com/analysts/John-Kernan/,04 Dec 2025
Philippe Houchois,900,https://stockanalysis.com/analysts/Philippe-Houchois/,26 Aug 2026
Adam Vogel,901,https://stockanalysis.com/analysts/Adam-Vogel/,12 Aug 2026
Kevin Heal,902,https://stockanalysis.com/analysts/Kevin-Heal/,02 Sep 2026
Chris Dankert,903,https://stockanalysis.com/analysts/Chris-Dankert/,01 Sep 2026
Louis Miscioscia,905,https://stockanalysis.com/analysts/Louis-Miscioscia/,12 May 2026
Kelly Bania,906,https://stockanalysis.com/analysts/Kelly-Bania/,31 Aug 2026
Michael Brown,907,https://stockanalysis.com/analysts/Michael-Brown/,02 Sep 2026
Alicia Reese,908,https://stockanalysis.com/analysts/Alicia-Reese/,12 Aug 2026
Mohammed Khallouf,909,https://stockanalysis.com/analysts/Mohammed-Khallouf/,10 Aug 2026
Jonathan Petersen,911,https://stockanalysis.com/analysts/Jonathan-Petersen/,25 Aug 2026
Nicholas Campanella,913,https://stockanalysis.com/analysts/Nicholas-Campanella/,13 Aug 2026
Jeremy Tonet,914,https://stockanalysis.com/analysts/Jeremy-Tonet/,01 Sep 2026
Timothy Horan,915,https://stockanalysis.com/analysts/Timothy-Horan/,02 Sep 2026
Michael Halloran,916,https://stockanalysis.com/analysts/Michael-Halloran/,21 Aug 2026
Youssef Squali,917,https://stockanalysis.com/analysts/Youssef-Squali/,01 Sep 2026
Edison Lee,918,https://stockanalysis.com/analysts/Edison-Lee/,02 Sep 2026
Craig Irwin,919,https://stockanalysis.com/analysts/Craig-Irwin/,01 Sep 2026
David Paige,920,https://stockanalysis.com/analysts/David-Paige/,11 Aug 2026
Oliver Wintermantel,921,https://stockanalysis.com/analysts/Oliver-Wintermantel/,01 Sep 2026
Katherine Lei,923,https://stockanalysis.com/analysts/Katherine-Lei/,02 Sep 2026
Dave Rochester,925,https://stockanalysis.com/analysts/Dave-Rochester/,19 Aug 2026
Michael Carroll,929,https://stockanalysis.com/analysts/Michael-Carroll/,24 Aug 2026
Christopher Horvers,930,https://stockanalysis.com/analysts/Christopher-Horvers/,02 Sep 2026
Kunal Madhukar,931,https://stockanalysis.com/analysts/Kunal-Madhukar/,25 Aug 2026
Zach Cummins,932,https://stockanalysis.com/analysts/Zach-Cummins/,14 Aug 2026
Steven Wieczynski,933,https://stockanalysis.com/analysts/Steven-Wieczynski/,28 Aug 2026
Martin Yang,934,https://stockanalysis.com/analysts/Martin-Yang/,11 Aug 2026
Lauren Silberman,937,https://stockanalysis.com/analysts/Lauren-Silberman/,01 Sep 2026
David Toung,938,https://stockanalysis.com/analysts/David-Toung/,20 Aug 2026
Brian Bittner,939,https://stockanalysis.com/analysts/Brian-Bittner/,24 Aug 2026
Alex Scott,940,https://stockanalysis.com/analysts/Alex-Scott/,21 Aug 2026
Craig Hettenbach,941,https://stockanalysis.com/analysts/Craig-Hettenbach/,31 Aug 2026
Simon Yarmak,943,https://stockanalysis.com/analysts/Simon-Yarmak/,19 Aug 2026
John Staszak,945,https://stockanalysis.com/analysts/John-Staszak/,27 Aug 2026
Jonathan Ho,946,https://stockanalysis.com/analysts/Jonathan-Ho/,02 Sep 2026
Scott Searle,948,https://stockanalysis.com/analysts/Scott-Searle/,31 Aug 2026
Eddie Hickman,950,https://stockanalysis.com/analysts/Eddie-Hickman/,14 Aug 2026
Ben Reitzes,952,https://stockanalysis.com/analysts/Ben-Reitzes/,02 Sep 2026
Victoria McCulloch,955,https://stockanalysis.com/analysts/Victoria-McCulloch/,24 Aug 2026
Tycho Peterson,956,https://stockanalysis.com/analysts/Tycho-Peterson/,02 Sep 2026
Peter Heckmann,957,https://stockanalysis.com/analysts/Peter-Heckmann/,01 Sep 2026
Joseph Catanzaro,958,https://stockanalysis.com/analysts/Joseph-Catanzaro/,13 Aug 2026
Mitchell Kapoor,959,https://stockanalysis.com/analysts/Mitchell-Kapoor/,02 Sep 2026
Richard Anderson,962,https://stockanalysis.com/analysts/Richard-Anderson/,27 Aug 2026
Steven Cahall,969,https://stockanalysis.com/analysts/Steven-Cahall/,31 Aug 2026
Andrew Liesch,970,https://stockanalysis.com/analysts/Andrew-Liesch/,08 Jul 2026
Paul Treiber,971,https://stockanalysis.com/analysts/Paul-Treiber/,26 Aug 2026
David Anderson,972,https://stockanalysis.com/analysts/David-Anderson/,02 Sep 2026
Richard Close,975,https://stockanalysis.com/analysts/Richard-Close/,01 Sep 2026
Jay Huang,981,https://stockanalysis.com/analysts/Jay-Huang/,20 Jul 2026
Dara Mohsenian,982,https://stockanalysis.com/analysts/Dara-Mohsenian/,02 Sep 2026
Vivek Juneja,987,https://stockanalysis.com/analysts/Vivek-Juneja/,04 Aug 2026
Mark Lear,988,https://stockanalysis.com/analysts/Mark-Lear/,10 Apr 2026
Brian Cheng,989,https://stockanalysis.com/analysts/Brian-Cheng/,02 Sep 2026
Anthony Petrone,991,https://stockanalysis.com/analysts/Anthony-Petrone/,02 Sep 2026
Gil Luria,992,https://stockanalysis.com/analysts/Gil-Luria/,02 Sep 2026
Luke Sergott,994,https://stockanalysis.com/analysts/Luke-Sergott/,27 Aug 2026
Robert Driscoll,995,https://stockanalysis.com/analysts/Robert-Driscoll/,27 Aug 2026
Alexander Pearce,998,https://stockanalysis.com/analysts/Alexander-Pearce/,22 Jul 2026
Eric Coldwell,1000,https://stockanalysis.com/analysts/Eric-Coldwell/,11 Aug 2026
Elyse Greenspan,1001,https://stockanalysis.com/analysts/Elyse-Greenspan/,01 Sep 2026
Kirk Materne,1002,https://stockanalysis.com/analysts/Kirk-Materne/,02 Sep 2026
Jeff Cantwell,1003,https://stockanalysis.com/analysts/Jeff-Cantwell/,17 Aug 2026
Patrick Sholl,1004,https://stockanalysis.com/analysts/Patrick-Sholl/,13 Aug 2026
Ivan Feinseth,1005,https://stockanalysis.com/analysts/Ivan-Feinseth/,01 Sep 2026
Scott Schneeberger,1006,https://stockanalysis.com/analysts/Scott-Schneeberger/,26 Aug 2026
Dan Dolev,1007,https://stockanalysis.com/analysts/Dan-Dolev/,01 Sep 2026
Justin Clare,1008,https://stockanalysis.com/analysts/Justin-Clare/,28 Aug 2026
Alexandra Yates,1010,https://stockanalysis.com/analysts/Alexandra-Yates/,21 Aug 2026
RJ Milligan,1012,https://stockanalysis.com/analysts/RJ-Milligan/,28 Jul 2026
Joshua Shanker,1013,https://stockanalysis.com/analysts/Joshua-Shanker/,20 Aug 2026
John Blackledge,1016,https://stockanalysis.com/analysts/John-Blackledge/,27 Aug 2026
Martin Auster,1017,https://stockanalysis.com/analysts/Martin-Auster/,25 Aug 2026
Jeremy Hamblin,1018,https://stockanalysis.com/analysts/Jeremy-Hamblin/,28 Aug 2026
Bernie McTernan,1019,https://stockanalysis.com/analysts/Bernie-McTernan/,26 Aug 2026
Joseph Osha,1020,https://stockanalysis.com/analysts/Joseph-Osha/,02 Sep 2026
Eric Martinuzzi,1022,https://stockanalysis.com/analysts/Eric-Martinuzzi/,27 Aug 2026
Josh Nichols,1023,https://stockanalysis.com/analysts/Josh-Nichols/,28 Aug 2026
Bennett Moore,1024,https://stockanalysis.com/analysts/Bennett-Moore/,14 Aug 2026
Michael Zaremski,1030,https://stockanalysis.com/analysts/Michael-Zaremski/,01 Sep 2026
Ronald Kamdem,1031,https://stockanalysis.com/analysts/Ronald-Kamdem/,02 Sep 2026
Omotayo Okusanya,1035,https://stockanalysis.com/analysts/Omotayo-Okusanya/,27 Aug 2026
Matthew Bouley,1038,https://stockanalysis.com/analysts/Matthew-Bouley/,02 Sep 2026
Subash Chandra,1040,https://stockanalysis.com/analysts/Subash-Chandra/,11 Aug 2026
Gregory Miller,1047,https://stockanalysis.com/analysts/Gregory-Miller/,01 Sep 2026
Tazeen Ahmad,1051,https://stockanalysis.com/analysts/Tazeen-Ahmad/,31 Aug 2026
George Hill,1052,https://stockanalysis.com/analysts/George-Hill/,31 Aug 2026
Yuan Zhi,1053,https://stockanalysis.com/analysts/Yuan-Zhi/,18 Aug 2026
Brian Kinstlinger,1054,https://stockanalysis.com/analysts/Brian-Kinstlinger/,02 Sep 2026
Matthew Galinko,1055,https://stockanalysis.com/analysts/Matthew-Galinko/,28 Aug 2026
Robert Stallard,1057,https://stockanalysis.com/analysts/Robert-Stallard/,01 Jul 2026
David Vernon,1061,https://stockanalysis.com/analysts/David-Vernon/,24 Aug 2026
Crispin Love,1062,https://stockanalysis.com/analysts/Crispin-Love/,11 Aug 2026
Tami Zakaria,1063,https://stockanalysis.com/analysts/Tami-Zakaria/,02 Sep 2026
Rafe Jadrosich,1066,https://stockanalysis.com/analysts/Rafe-Jadrosich/,31 Aug 2026
Ian Zaffino,1067,https://stockanalysis.com/analysts/Ian-Zaffino/,12 Aug 2026
Jeff Johnson,1068,https://stockanalysis.com/analysts/Jeff-Johnson/,07 Aug 2026
Brian Mullan,1073,https://stockanalysis.com/analysts/Brian-Mullan/,24 Aug 2026
Jon Tower,1074,https://stockanalysis.com/analysts/Jon-Tower/,01 Sep 2026
Patrick Scholes,1075,https://stockanalysis.com/analysts/Patrick-Scholes/,20 Aug 2026
Andy Barish,1076,https://stockanalysis.com/analysts/Andy-Barish/,24 Aug 2026
Eric Sheridan,1077,https://stockanalysis.com/analysts/Eric-Sheridan/,31 Aug 2026
Mark Zgutowicz,1079,https://stockanalysis.com/analysts/Mark-Zgutowicz/,27 Aug 2026
Steven Seedhouse,1080,https://stockanalysis.com/analysts/Steven-Seedhouse/,21 Aug 2026
Thomas Shrader,1081,https://stockanalysis.com/analysts/Thomas-Shrader/,02 Sep 2026
Matthew Martino,1083,https://stockanalysis.com/analysts/Matthew-Martino/,02 Sep 2026
Derick Ma,1087,https://stockanalysis.com/analysts/Derick-Ma/,24 Jul 2026
Christopher Marinac,1088,https://stockanalysis.com/analysts/Christopher-Marinac/,12 Jun 2026
Zach Parham,1089,https://stockanalysis.com/analysts/Zach-Parham/,06 May 2026
Lisa Gill,1092,https://stockanalysis.com/analysts/Lisa-Gill/,26 Aug 2026
Kevin Chiang,1094,https://stockanalysis.com/analysts/Kevin-Chiang/,31 Aug 2026
Joseph Stauff,1095,https://stockanalysis.com/analysts/Joseph-Stauff/,20 Aug 2026
Colin Sebastian,1096,https://stockanalysis.com/analysts/Colin-Sebastian/,02 Sep 2026
Sean McCutcheon,1097,https://stockanalysis.com/analysts/Sean-McCutcheon/,01 Sep 2026
Stephen Ju,1098,https://stockanalysis.com/analysts/Stephen-Ju/,27 Aug 2026
Ashwani Verma,1105,https://stockanalysis.com/analysts/Ashwani-Verma/,01 Sep 2026
Duffy Fischer,1106,https://stockanalysis.com/analysts/Duffy-Fischer/,31 Aug 2026
Michael Diana,1109,https://stockanalysis.com/analysts/Michael-Diana/,27 Aug 2026
Thomas Wadewitz,1110,https://stockanalysis.com/analysts/Thomas-Wadewitz/,07 Aug 2026
Michael Rose,1112,https://stockanalysis.com/analysts/Michael-Rose/,23 Jul 2026
Tiago Fauth,1113,https://stockanalysis.com/analysts/Tiago-Fauth/,17 Aug 2026
Guy Hardwick,1118,https://stockanalysis.com/analysts/Guy-Hardwick/,21 Aug 2026
Erika Najarian,1120,https://stockanalysis.com/analysts/Erika-Najarian/,05 Aug 2026
Thomas Flaten,1123,https://stockanalysis.com/analysts/Thomas-Flaten/,28 Aug 2026
Darren Aftahi,1125,https://stockanalysis.com/analysts/Darren-Aftahi/,11 Aug 2026
Mark Cash,1126,https://stockanalysis.com/analysts/Mark-Cash/,07 Aug 2026
Jeff Schmitt,1130,https://stockanalysis.com/analysts/Jeff-Schmitt/,20 Aug 2026
Kannan Venkateshwar,1136,https://stockanalysis.com/analysts/Kannan-Venkateshwar/,07 Aug 2026
Curry Baker,1137,https://stockanalysis.com/analysts/Curry-Baker/,02 Sep 2026
Joseph Altobello,1139,https://stockanalysis.com/analysts/Joseph-Altobello/,07 Aug 2026
Timothy Coffey,1142,https://stockanalysis.com/analysts/Timothy-Coffey/,30 Jul 2026
Terry McEvoy,1145,https://stockanalysis.com/analysts/Terry-McEvoy/,16 Jul 2026
Stephen Laszczyk,1146,https://stockanalysis.com/analysts/Stephen-Laszczyk/,31 Aug 2026
Michael Feniger,1147,https://stockanalysis.com/analysts/Michael-Feniger/,01 Sep 2026
Christopher Snyder,1148,https://stockanalysis.com/analysts/Christopher-Snyder/,02 Sep 2026
Meta Marshall,1149,https://stockanalysis.com/analysts/Meta-Marshall/,02 Sep 2026
Matthew Taylor,1150,https://stockanalysis.com/analysts/Matthew-Taylor/,02 Sep 2026
Alex Markgraff,1152,https://stockanalysis.com/analysts/Alex-Markgraff/,01 Sep 2026
Hanwen Chang,1155,https://stockanalysis.com/analysts/Hanwen-Chang/,02 Sep 2026
Peter Winter,1158,https://stockanalysis.com/analysts/Peter-Winter/,03 Aug 2026
Bill Selesky,1159,https://stockanalysis.com/analysts/Bill-Selesky/,19 Aug 2026
Trey Grooms,1160,https://stockanalysis.com/analysts/Trey-Grooms/,07 Aug 2026
Matthew Prisco,1161,https://stockanalysis.com/analysts/Matthew-Prisco/,17 Aug 2026
Greg Gibas,1163,https://stockanalysis.com/analysts/Greg-Gibas/,31 Aug 2026
Andrew Steinerman,1171,https://stockanalysis.com/analysts/Andrew-Steinerman/,17 Aug 2026
Corinne Johnson,1173,https://stockanalysis.com/analysts/Corinne-Johnson/,16 Jul 2026
Barton Crockett,1175,https://stockanalysis.com/analysts/Barton-Crockett/,01 Sep 2026
Ralph Schackart,1176,https://stockanalysis.com/analysts/Ralph-Schackart/,27 Aug 2026
Steven Forbes,1177,https://stockanalysis.com/analysts/Steven-Forbes/,27 Aug 2026
Brandon Oglenski,1178,https://stockanalysis.com/analysts/Brandon-Oglenski/,07 Aug 2026
Maury Raycroft,1179,https://stockanalysis.com/analysts/Maury-Raycroft/,06 Aug 2026
Daniel Cardenas,1183,https://stockanalysis.com/analysts/Daniel-Cardenas/,17 Aug 2026
Ingo Wermann,1186,https://stockanalysis.com/analysts/Ingo-Wermann/,27 Aug 2026
Anthony Crowdell,1187,https://stockanalysis.com/analysts/Anthony-Crowdell/,31 Aug 2026
Adam Berlin,1191,https://stockanalysis.com/analysts/Adam-Berlin/,02 Sep 2026
Reuben Garner,1193,https://stockanalysis.com/analysts/Reuben-Garner/,17 Aug 2026
Eric Joseph,1194,https://stockanalysis.com/analysts/Eric-Joseph/,31 Aug 2026
Thomas Chong,1195,https://stockanalysis.com/analysts/Thomas-Chong/,01 Sep 2026
Tim Anderson,1202,https://stockanalysis.com/analysts/Tim-Anderson/,18 Dec 2025
Tobey Sommer,1204,https://stockanalysis.com/analysts/Tobey-Sommer/,01 Sep 2026
Jessica Fye,1205,https://stockanalysis.com/analysts/Jessica-Fye/,01 Sep 2026
Michael Elias,1206,https://stockanalysis.com/analysts/Michael-Elias/,14 Aug 2026
Bradley Canino,1207,https://stockanalysis.com/analysts/Bradley-Canino/,31 Aug 2026
Kalpit Patel,1208,https://stockanalysis.com/analysts/Kalpit-Patel/,24 Aug 2026
Pito Chickering,1217,https://stockanalysis.com/analysts/Pito-Chickering/,02 Sep 2026
Eugene Hsiao,1218,https://stockanalysis.com/analysts/Eugene-Hsiao/,25 Aug 2026
Paul Choi,1220,https://stockanalysis.com/analysts/Paul-Choi/,01 Sep 2026
Alan Gould,1221,https://stockanalysis.com/analysts/Alan-Gould/,04 Jun 2026
Michael Baker,1222,https://stockanalysis.com/analysts/Michael-Baker/,31 Aug 2026
Paul Lejuez,1223,https://stockanalysis.com/analysts/Paul-Lejuez/,02 Sep 2026
Troy Jensen,1224,https://stockanalysis.com/analysts/Troy-Jensen/,11 Aug 2026
Michael Swartz,1225,https://stockanalysis.com/analysts/Michael-Swartz/,21 Apr 2026
Edward Tenthoff,1226,https://stockanalysis.com/analysts/Edward-Tenthoff/,01 Sep 2026
Rajesh Kumar,1231,https://stockanalysis.com/analysts/Rajesh-Kumar/,13 Jul 2026
Bret Jordan,1232,https://stockanalysis.com/analysts/Bret-Jordan/,13 Aug 2026
Bryan Keane,1233,https://stockanalysis.com/analysts/Bryan-Keane/,28 Aug 2026
Joshua Chan,1234,https://stockanalysis.com/analysts/Joshua-Chan/,26 Aug 2026
Jeffrey Silber,1235,https://stockanalysis.com/analysts/Jeffrey-Silber/,31 Aug 2026
Timothy Wojs,1236,https://stockanalysis.com/analysts/Timothy-Wojs/,11 Aug 2026
Suraj Kalia,1237,https://stockanalysis.com/analysts/Suraj-Kalia/,24 Aug 2026
Todd Coupland,1238,https://stockanalysis.com/analysts/Todd-Coupland/,02 Sep 2026
Biren Amin,1239,https://stockanalysis.com/analysts/Biren-Amin/,31 Aug 2026
Kelsey Chia,1242,https://stockanalysis.com/analysts/Kelsey-Chia/,27 Aug 2026
David Dai,1246,https://stockanalysis.com/analysts/David-Dai/,21 Aug 2026
David Vogt,1247,https://stockanalysis.com/analysts/David-Vogt/,02 Sep 2026
Christopher Nolan,1248,https://stockanalysis.com/analysts/Christopher-Nolan/,07 Aug 2026
Tavy Rosner,1249,https://stockanalysis.com/analysts/Tavy-Rosner/,18 Mar 2026
Eric Luebchow,1253,https://stockanalysis.com/analysts/Eric-Luebchow/,01 Sep 2026
William Janela,1254,https://stockanalysis.com/analysts/William-Janela/,04 Aug 2026
Connor Murphy,1257,https://stockanalysis.com/analysts/Connor-Murphy/,28 Aug 2026
Alexander Slagle,1260,https://stockanalysis.com/analysts/Alexander-Slagle/,14 May 2026
John Hodulik,1264,https://stockanalysis.com/analysts/John-Hodulik/,17 Aug 2026
Sanjit Singh,1268,https://stockanalysis.com/analysts/Sanjit-Singh/,02 Sep 2026
Andreas Argyrides,1270,https://stockanalysis.com/analysts/Andreas-Argyrides/,19 Aug 2026
David Bishop,1273,https://stockanalysis.com/analysts/David-Bishop/,27 Jul 2026
Timur Braziler,1276,https://stockanalysis.com/analysts/Timur-Braziler/,10 Aug 2026
Nelson Ng,1279,https://stockanalysis.com/analysts/Nelson-Ng/,31 Aug 2026
Aleksey Yefremov,1280,https://stockanalysis.com/analysts/Aleksey-Yefremov/,04 Mar 2026
David Deckelbaum,1282,https://stockanalysis.com/analysts/David-Deckelbaum/,26 Mar 2026
Daniel Arias,1283,https://stockanalysis.com/analysts/Daniel-Arias/,30 Aug 2026
David Long,1284,https://stockanalysis.com/analysts/David-Long/,01 Jul 2026
Mark Carden,1286,https://stockanalysis.com/analysts/Mark-Carden/,27 Aug 2026
Richard Garchitorena,1287,https://stockanalysis.com/analysts/Richard-Garchitorena/,24 Aug 2026
Todd Thomas,1292,https://stockanalysis.com/analysts/Todd-Thomas/,18 Aug 2026
Chris Schott,1294,https://stockanalysis.com/analysts/Chris-Schott/,02 Sep 2026
Alexei Gogolev,1295,https://stockanalysis.com/analysts/Alexei-Gogolev/,02 Sep 2026
Mike Kratky,1297,https://stockanalysis.com/analysts/Mike-Kratky/,06 Aug 2026
Tate Sullivan,1298,https://stockanalysis.com/analysts/Tate-Sullivan/,31 Aug 2026
Matthew Caufield,1299,https://stockanalysis.com/analysts/Matthew-Caufield/,02 Sep 2026
Sudan Loganathan,1301,https://stockanalysis.com/analysts/Sudan-Loganathan/,04 Jun 2026
Jimmy Bhullar,1303,https://stockanalysis.com/analysts/Jimmy-Bhullar/,20 Apr 2026
Manan Gosalia,1304,https://stockanalysis.com/analysts/Manan-Gosalia/,05 Aug 2026
John Royall,1306,https://stockanalysis.com/analysts/John-Royall/,10 Aug 2026
Patrick Colville,1311,https://stockanalysis.com/analysts/Patrick-Colville/,02 Sep 2026
Amit Mehrotra,1312,https://stockanalysis.com/analysts/Amit-Mehrotra/,17 Aug 2026
Thomas Blakey,1313,https://stockanalysis.com/analysts/Thomas-Blakey/,01 Sep 2026
Robbie Marcus,1314,https://stockanalysis.com/analysts/Robbie-Marcus/,01 Sep 2026
Michael Linenberg,1315,https://stockanalysis.com/analysts/Michael-Linenberg/,31 Jul 2026
Brian Tanquilut,1316,https://stockanalysis.com/analysts/Brian-Tanquilut/,31 Aug 2026
Matthew Weston,1318,https://stockanalysis.com/analysts/Matthew-Weston/,01 Sep 2026
David Motemaden,1322,https://stockanalysis.com/analysts/David-Motemaden/,02 Sep 2026
Jimmy Shan,1324,https://stockanalysis.com/analysts/Jimmy-Shan/,18 Aug 2026
Chiara Battistini,1325,https://stockanalysis.com/analysts/Chiara-Battistini/,13 Aug 2026
Scott Group,1327,https://stockanalysis.com/analysts/Scott-Group/,11 Aug 2026
Sabahat Khan,1328,https://stockanalysis.com/analysts/Sabahat-Khan/,24 Aug 2026
Justin Kim,1329,https://stockanalysis.com/analysts/Justin-Kim/,08 Jun 2026
Mark Smith,1330,https://stockanalysis.com/analysts/Mark-Smith/,02 Sep 2026
Geulah Livshits,1331,https://stockanalysis.com/analysts/Geulah-Livshits/,07 Jul 2026
Michael Latimore,1332,https://stockanalysis.com/analysts/Michael-Latimore/,27 Aug 2026
Andrei Stadnik,1342,https://stockanalysis.com/analysts/Andrei-Stadnik/,31 Aug 2026
Chris Parkinson,1343,https://stockanalysis.com/analysts/Chris-Parkinson/,10 Aug 2026
Greg Melich,1344,https://stockanalysis.com/analysts/Greg-Melich/,21 Aug 2026
Stephanie Price,1346,https://stockanalysis.com/analysts/Stephanie-Price/,14 Aug 2026
Kurt Yinger,1348,https://stockanalysis.com/analysts/Kurt-Yinger/,01 Sep 2026
Richard Newitter,1350,https://stockanalysis.com/analysts/Richard-Newitter/,02 Sep 2026
Vikram Gandhi,1352,https://stockanalysis.com/analysts/Vikram-Gandhi/,20 Jul 2026
David Raso,1354,https://stockanalysis.com/analysts/David-Raso/,02 Sep 2026
Bonnie Herzog,1362,https://stockanalysis.com/analysts/Bonnie-Herzog/,02 Sep 2026
Brian Nowak,1363,https://stockanalysis.com/analysts/Brian-Nowak/,25 Aug 2026
David Stanton,1366,https://stockanalysis.com/analysts/David-Stanton/,01 Sep 2026
Ben Hendrix,1367,https://stockanalysis.com/analysts/Ben-Hendrix/,02 Sep 2026
Rowland Mayor,1369,https://stockanalysis.com/analysts/Rowland-Mayor/,14 Aug 2026
Brian Foran,1370,https://stockanalysis.com/analysts/Brian-Foran/,04 Aug 2026
Clark Wright,1372,https://stockanalysis.com/analysts/Clark-Wright/,02 Sep 2026
Kristina Ruggeri,1374,https://stockanalysis.com/analysts/Kristina-Ruggeri/,31 Aug 2026
Ghansham Panjabi,1375,https://stockanalysis.com/analysts/Ghansham-Panjabi/,13 Aug 2026
Vijay Kumar,1376,https://stockanalysis.com/analysts/Vijay-Kumar/,27 Aug 2026
Josh Baer,1377,https://stockanalysis.com/analysts/Josh-Baer/,26 Aug 2026
Luke Hannan,1378,https://stockanalysis.com/analysts/Luke-Hannan/,06 Aug 2026
Justin Lake,1382,https://stockanalysis.com/analysts/Justin-Lake/,05 May 2026
Bruno Amorim,1384,https://stockanalysis.com/analysts/Bruno-Amorim/,26 Aug 2026
Michael Ryskin,1385,https://stockanalysis.com/analysts/Michael-Ryskin/,31 Aug 2026
Mauricio Serna,1387,https://stockanalysis.com/analysts/Mauricio-Serna/,01 Sep 2026
Brian Schwartz,1389,https://stockanalysis.com/analysts/Brian-Schwartz/,28 Aug 2026
Michael Kupinski,1391,https://stockanalysis.com/analysts/Michael-Kupinski/,31 Aug 2026
Kelly Motta,1394,https://stockanalysis.com/analysts/Kelly-Motta/,03 Aug 2026
Robert Stein,1398,https://stockanalysis.com/analysts/Robert-Stein/,12 Aug 2026
Brian Peterson,1402,https://stockanalysis.com/analysts/Brian-Peterson/,27 Aug 2026
Robert Wasserman,1403,https://stockanalysis.com/analysts/Robert-Wasserman/,10 Aug 2026
Rick Patel,1404,https://stockanalysis.com/analysts/Rick-Patel/,27 Aug 2026
Steven Etoch,1406,https://stockanalysis.com/analysts/Steven-Etoch/,27 Jul 2026
Roger Boyd,1414,https://stockanalysis.com/analysts/Roger-Boyd/,02 Sep 2026
Amos Fletcher,1415,https://stockanalysis.com/analysts/Amos-Fletcher/,28 Aug 2026
Arjun Bhatia,1420,https://stockanalysis.com/analysts/Arjun-Bhatia/,02 Sep 2026
Douglas Harned,1421,https://stockanalysis.com/analysts/Douglas-Harned/,31 Aug 2026
Stephen Byrd,1422,https://stockanalysis.com/analysts/Stephen-Byrd/,13 Aug 2026
Harshita Rawat,1426,https://stockanalysis.com/analysts/Harshita-Rawat/,31 Aug 2026
Peter Supino,1431,https://stockanalysis.com/analysts/Peter-Supino/,02 Sep 2026
Robert Kad,1432,https://stockanalysis.com/analysts/Robert-Kad/,26 Aug 2026
Buck Horne,1433,https://stockanalysis.com/analysts/Buck-Horne/,10 Jul 2026
Cameron Bean,1435,https://stockanalysis.com/analysts/Cameron-Bean/,01 Apr 2026
Bill Peterson,1437,https://stockanalysis.com/analysts/Bill-Peterson/,10 Aug 2026
Justin Patterson,1438,https://stockanalysis.com/analysts/Justin-Patterson/,02 Sep 2026
Kevin Fisk,1440,https://stockanalysis.com/analysts/Kevin-Fisk/,27 Aug 2026
Jason Celino,1446,https://stockanalysis.com/analysts/Jason-Celino/,02 Sep 2026
Anne Ling,1448,https://stockanalysis.com/analysts/Anne-Ling/,01 Sep 2026
Adithya Metuku,1453,https://stockanalysis.com/analysts/Adithya-Metuku/,27 Jul 2026
Kyle Joseph,1455,https://stockanalysis.com/analysts/Kyle-Joseph/,11 Aug 2026
John Colantuoni,1456,https://stockanalysis.com/analysts/John-Colantuoni/,10 Aug 2026
Barry Sine,1457,https://stockanalysis.com/analysts/Barry-Sine/,04 Aug 2026
Adam Klauber,1458,https://stockanalysis.com/analysts/Adam-Klauber/,26 Aug 2026
Mathieu Robilliard,1459,https://stockanalysis.com/analysts/Mathieu-Robilliard/,10 Aug 2026
Adam Tindle,1460,https://stockanalysis.com/analysts/Adam-Tindle/,02 Sep 2026
Prakhar Agrawal,1461,https://stockanalysis.com/analysts/Prakhar-Agrawal/,17 Jul 2026
Shlomo Rosenbaum,1470,https://stockanalysis.com/analysts/Shlomo-Rosenbaum/,14 Aug 2026
Michael Rehaut,1471,https://stockanalysis.com/analysts/Michael-Rehaut/,16 Jun 2026
Jake Fuller,1472,https://stockanalysis.com/analysts/Jake-Fuller/,27 Aug 2026
Sean Steuart,1473,https://stockanalysis.com/analysts/Sean-Steuart/,20 Aug 2026
Kash Rangan,1474,https://stockanalysis.com/analysts/Kash-Rangan/,02 Feb 2026
Pete Stavropoulos,1475,https://stockanalysis.com/analysts/Pete-Stavropoulos/,24 Aug 2026
Daniel Osley,1476,https://stockanalysis.com/analysts/Daniel-Osley/,05 Aug 2026
Damian Karas,1478,https://stockanalysis.com/analysts/Damian-Karas/,05 Aug 2026
Paul Fremont,1479,https://stockanalysis.com/analysts/Paul-Fremont/,17 Aug 2026
Daniel Stauder,1482,https://stockanalysis.com/analysts/Daniel-Stauder/,27 Aug 2026
Ketan Mamtora,1484,https://stockanalysis.com/analysts/Ketan-Mamtora/,17 Aug 2026
Carter Gould,1485,https://stockanalysis.com/analysts/Carter-Gould/,18 Aug 2026
Steven Delaney,1486,https://stockanalysis.com/analysts/Steven-Delaney/,18 Aug 2026
Gerry Sweeney,1487,https://stockanalysis.com/analysts/Gerry-Sweeney/,07 Aug 2026
Matt Phipps,1489,https://stockanalysis.com/analysts/Matt-Phipps/,02 Sep 2026
Jeffrey Spector,1495,https://stockanalysis.com/analysts/Jeffrey-Spector/,24 Aug 2026
Kevin Grundy,1496,https://stockanalysis.com/analysts/Kevin-Grundy/,08 Jul 2026
Marcelo Santos,1499,https://stockanalysis.com/analysts/Marcelo-Santos/,02 Sep 2026
Daryl Young,1500,https://stockanalysis.com/analysts/Daryl-Young/,18 Aug 2026
Jordan Alliger,1501,https://stockanalysis.com/analysts/Jordan-Alliger/,04 Aug 2026
Jonathan Goldman,1503,https://stockanalysis.com/analysts/Jonathan-Goldman/,17 Aug 2026
Patrick Walravens,1504,https://stockanalysis.com/analysts/Patrick-Walravens/,19 Aug 2026
Brian Martin,1507,https://stockanalysis.com/analysts/Brian-Martin/,07 Aug 2026
Lance Wilkes,1510,https://stockanalysis.com/analysts/Lance-Wilkes/,28 Aug 2026
Nigel Coe,1511,https://stockanalysis.com/analysts/Nigel-Coe/,21 Jul 2026
Tyler Radke,1512,https://stockanalysis.com/analysts/Tyler-Radke/,02 Sep 2026
Mathew Blackman,1513,https://stockanalysis.com/analysts/Mathew-Blackman/,06 Aug 2026
Christopher Stathoulopoulos,1514,https://stockanalysis.com/analysts/Christopher-Stathoulopoulos/,18 Aug 2026
Mark Altschwager,1515,https://stockanalysis.com/analysts/Mark-Altschwager/,27 Aug 2026
John Babcock,1526,https://stockanalysis.com/analysts/John-Babcock/,26 Aug 2026
Emma Xu,1529,https://stockanalysis.com/analysts/Emma-Xu/,21 Aug 2026
Brian Vaccaro,1530,https://stockanalysis.com/analysts/Brian-Vaccaro/,24 Aug 2026
Brian Ossenbeck,1531,https://stockanalysis.com/analysts/Brian-Ossenbeck/,10 Aug 2026
Dennis Ip,1533,https://stockanalysis.com/analysts/Dennis-Ip/,22 May 2026
Robert Jamieson,1536,https://stockanalysis.com/analysts/Robert-Jamieson/,27 May 2026
Kristen Owen,1538,https://stockanalysis.com/analysts/Kristen-Owen/,21 Aug 2026
Charles Rhyee,1539,https://stockanalysis.com/analysts/Charles-Rhyee/,27 Aug 2026
Brandt Montour,1541,https://stockanalysis.com/analysts/Brandt-Montour/,31 Aug 2026
Marc Bianchi,1542,https://stockanalysis.com/analysts/Marc-Bianchi/,25 Aug 2026
Andrew Charles,1543,https://stockanalysis.com/analysts/Andrew-Charles/,26 Aug 2026
Peter Keith,1544,https://stockanalysis.com/analysts/Peter-Keith/,31 Aug 2026
David Katz,1545,https://stockanalysis.com/analysts/David-Katz/,27 Aug 2026
Emily Bodnar,1546,https://stockanalysis.com/analysts/Emily-Bodnar/,01 Sep 2026
Polo Tang,1550,https://stockanalysis.com/analysts/Polo-Tang/,13 Aug 2026
Lauren Lieberman,1552,https://stockanalysis.com/analysts/Lauren-Lieberman/,27 Aug 2026
Reginald Smith,1553,https://stockanalysis.com/analysts/Reginald-Smith/,28 Aug 2026
Benjamin Theurer,1554,https://stockanalysis.com/analysts/Benjamin-Theurer/,28 Aug 2026
Savanthi Syth,1556,https://stockanalysis.com/analysts/Savanthi-Syth/,24 Aug 2026
Uy Ear,1557,https://stockanalysis.com/analysts/Uy-Ear/,27 Aug 2026
Philip Shen,1558,https://stockanalysis.com/analysts/Philip-Shen/,01 Sep 2026
Rustam Kanga,1562,https://stockanalysis.com/analysts/Rustam-Kanga/,04 Aug 2026
Joe Laetsch,1563,https://stockanalysis.com/analysts/Joe-Laetsch/,20 Aug 2026
Pablo Monsivais,1564,https://stockanalysis.com/analysts/Pablo-Monsivais/,15 May 2026
Duane Pfennigwerth,1566,https://stockanalysis.com/analysts/Duane-Pfennigwerth/,19 Aug 2026
Adam Jonas,1569,https://stockanalysis.com/analysts/Adam-Jonas/,01 Sep 2026
Leland Gershell,1570,https://stockanalysis.com/analysts/Leland-Gershell/,02 Sep 2026
Dan Bergstrom,1576,https://stockanalysis.com/analysts/Dan-Bergstrom/,30 Jul 2026
Jasper Hellweg,1580,https://stockanalysis.com/analysts/Jasper-Hellweg/,28 Aug 2026
David Palmer,1581,https://stockanalysis.com/analysts/David-Palmer/,31 Aug 2026
Robert Ohmes,1584,https://stockanalysis.com/analysts/Robert-Ohmes/,28 Aug 2026
Thomas Champion,1586,https://stockanalysis.com/analysts/Thomas-Champion/,26 Aug 2026
William Plovanic,1587,https://stockanalysis.com/analysts/William-Plovanic/,27 Aug 2026
Mickey Schleien,1589,https://stockanalysis.com/analysts/Mickey-Schleien/,03 Mar 2026
Thomas Gallagher,1590,https://stockanalysis.com/analysts/Thomas-Gallagher/,20 Aug 2026
Alex Irving,1591,https://stockanalysis.com/analysts/Alex-Irving/,02 Sep 2026
Brent Thill,1592,https://stockanalysis.com/analysts/Brent-Thill/,01 Sep 2026
Thomas Stephan,1593,https://stockanalysis.com/analysts/Thomas-Stephan/,25 Aug 2026
Noah Poponak,1594,https://stockanalysis.com/analysts/Noah-Poponak/,02 Sep 2026
Jon Windham,1596,https://stockanalysis.com/analysts/Jon-Windham/,01 Sep 2026
Mark Massaro,1597,https://stockanalysis.com/analysts/Mark-Massaro/,02 Sep 2026
Michael Cherny,1610,https://stockanalysis.com/analysts/Michael-Cherny/,11 Aug 2026
John Lovallo,1611,https://stockanalysis.com/analysts/John-Lovallo/,20 Aug 2026
Steven Alexopoulos,1616,https://stockanalysis.com/analysts/Steven-Alexopoulos/,27 Jul 2026
Biraj Borkhataria,1617,https://stockanalysis.com/analysts/Biraj-Borkhataria/,02 Sep 2026
James Yaro,1618,https://stockanalysis.com/analysts/James-Yaro/,01 Sep 2026
Ben Isaacson,1622,https://stockanalysis.com/analysts/Ben-Isaacson/,02 Sep 2026
Matthew Boss,1624,https://stockanalysis.com/analysts/Matthew-Boss/,02 Sep 2026
Daniel Kurnos,1626,https://stockanalysis.com/analysts/Daniel-Kurnos/,10 Aug 2026
Radi Sultan,1628,https://stockanalysis.com/analysts/Radi-Sultan/,02 Sep 2026
Michael Morton,1629,https://stockanalysis.com/analysts/Michael-Morton/,10 Jun 2026
Jason Bandel,1631,https://stockanalysis.com/analysts/Jason-Bandel/,07 Aug 2026
Kallum Titchmarsh,1632,https://stockanalysis.com/analysts/Kallum-Titchmarsh/,02 Sep 2026
Laurie Havener,1633,https://stockanalysis.com/analysts/Laurie-Havener/,29 Jul 2026
Merrill Ross,1635,https://stockanalysis.com/analysts/Merrill-Ross/,13 May 2026
Anthony Codling,1636,https://stockanalysis.com/analysts/Anthony-Codling/,28 Aug 2026
Mark Schappel,1637,https://stockanalysis.com/analysts/Mark-Schappel/,18 Aug 2026
Brad Erickson,1638,https://stockanalysis.com/analysts/Brad-Erickson/,20 Aug 2026
Jonathan Chang,1640,https://stockanalysis.com/analysts/Jonathan-Chang/,13 Jul 2026
Venugopal Garre,1643,https://stockanalysis.com/analysts/Venugopal-Garre/,24 Aug 2026
Gaurav Jain,1646,https://stockanalysis.com/analysts/Gaurav-Jain/,11 Aug 2026
Steven Fisher,1647,https://stockanalysis.com/analysts/Steven-Fisher/,28 Aug 2026
Jonathan Matuszewski,1649,https://stockanalysis.com/analysts/Jonathan-Matuszewski/,27 Aug 2026
Tom Narayan,1652,https://stockanalysis.com/analysts/Tom-Narayan/,31 Aug 2026
Daniil Gataulin,1654,https://stockanalysis.com/analysts/Daniil-Gataulin/,25 Jun 2026
Ben Mohr,1658,https://stockanalysis.com/analysts/Ben-Mohr/,14 Aug 2026
Richard Choe,1662,https://stockanalysis.com/analysts/Richard-Choe/,02 Sep 2026
Charles Meade,1663,https://stockanalysis.com/analysts/Charles-Meade/,17 Aug 2026
Anthony Hau,1665,https://stockanalysis.com/analysts/Anthony-Hau/,28 Jul 2026
Andrew Terrell,1667,https://stockanalysis.com/analysts/Andrew-Terrell/,31 Aug 2026
Stephen Grambling,1668,https://stockanalysis.com/analysts/Stephen-Grambling/,02 Sep 2026
Christopher Nardone,1669,https://stockanalysis.com/analysts/Christopher-Nardone/,28 Aug 2026
Michael Shlisky,1672,https://stockanalysis.com/analysts/Michael-Shlisky/,24 Aug 2026
Sathish Kasinathan,1674,https://stockanalysis.com/analysts/Sathish-Kasinathan/,20 Aug 2026
Russell Gunther,1677,https://stockanalysis.com/analysts/Russell-Gunther/,21 Aug 2026
Ari Klein,1681,https://stockanalysis.com/analysts/Ari-Klein/,01 Sep 2026
Ross Sparenblek,1689,https://stockanalysis.com/analysts/Ross-Sparenblek/,01 Sep 2026
Sarah James,1690,https://stockanalysis.com/analysts/Sarah-James/,02 Sep 2026
Ronald Josey,1692,https://stockanalysis.com/analysts/Ronald-Josey/,01 Sep 2026
Karen Holthouse,1695,https://stockanalysis.com/analysts/Karen-Holthouse/,13 Aug 2026
John Dunn,1697,https://stockanalysis.com/analysts/John-Dunn/,10 Aug 2026
Dennis Ding,1698,https://stockanalysis.com/analysts/Dennis-Ding/,13 Jul 2026
Sebastiano Petti,1700,https://stockanalysis.com/analysts/Sebastiano-Petti/,02 Sep 2026
Emmanuel Papadakis,1701,https://stockanalysis.com/analysts/Emmanuel-Papadakis/,02 Sep 2026
Steve Fleishman,1702,https://stockanalysis.com/analysts/Steve-Fleishman/,11 Aug 2026
Alex Terentiew,1703,https://stockanalysis.com/analysts/Alex-Terentiew/,08 Jun 2026
Sam Darkatsh,1705,https://stockanalysis.com/analysts/Sam-Darkatsh/,19 Aug 2026
Jed Kelly,1706,https://stockanalysis.com/analysts/Jed-Kelly/,27 Aug 2026
Jonathan Block,1707,https://stockanalysis.com/analysts/Jonathan-Block/,20 Aug 2026
Mayank Mamtani,1708,https://stockanalysis.com/analysts/Mayank-Mamtani/,02 Sep 2026
Casey Woodring,1710,https://stockanalysis.com/analysts/Casey-Woodring/,27 Aug 2026
Stephen Powers,1711,https://stockanalysis.com/analysts/Stephen-Powers/,27 Aug 2026
Chad Dillard,1713,https://stockanalysis.com/analysts/Chad-Dillard/,01 Sep 2026
Kalei Akamine,1714,https://stockanalysis.com/analysts/Kalei-Akamine/,27 Apr 2026
Ruplu Bhattacharya,1716,https://stockanalysis.com/analysts/Ruplu-Bhattacharya/,27 Aug 2026
John Baumgartner,1717,https://stockanalysis.com/analysts/John-Baumgartner/,20 May 2026
Michael Bellisario,1718,https://stockanalysis.com/analysts/Michael-Bellisario/,24 Aug 2026
Joe Feldman,1719,https://stockanalysis.com/analysts/Joe-Feldman/,02 Sep 2026
James Rollyson,1729,https://stockanalysis.com/analysts/James-Rollyson/,06 Aug 2026
Michael Binetti,1730,https://stockanalysis.com/analysts/Michael-Binetti/,02 Sep 2026
Sangita Jain,1731,https://stockanalysis.com/analysts/Sangita-Jain/,27 Aug 2026
Jon Hickman,1732,https://stockanalysis.com/analysts/Jon-Hickman/,19 Aug 2026
Robert Stevenson,1736,https://stockanalysis.com/analysts/Robert-Stevenson/,13 Jan 2026
Anthony Bonadio,1738,https://stockanalysis.com/analysts/Anthony-Bonadio/,20 Aug 2026
Scott Davis,1740,https://stockanalysis.com/analysts/Scott-Davis/,27 Jan 2026
Barry Oxford,1741,https://stockanalysis.com/analysts/Barry-Oxford/,18 Aug 2026
Gavin Parsons,1743,https://stockanalysis.com/analysts/Gavin-Parsons/,01 Sep 2026
Nikhil Devnani,1744,https://stockanalysis.com/analysts/Nikhil-Devnani/,14 Aug 2026
Kevin Mcveigh,1745,https://stockanalysis.com/analysts/Kevin-Mcveigh/,01 Sep 2026
Kevin McVeigh,1745,https://stockanalysis.com/analysts/Kevin-McVeigh/,01 Sep 2026
Tyler Batory,1746,https://stockanalysis.com/analysts/Tyler-Batory/,11 Aug 2026
Adrian Huerta,1747,https://stockanalysis.com/analysts/Adrian-Huerta/,02 Sep 2026
James Faucette,1754,https://stockanalysis.com/analysts/James-Faucette/,28 Aug 2026
Ross Fowler,1762,https://stockanalysis.com/analysts/Ross-Fowler/,02 Sep 2026
Simon Coles,1763,https://stockanalysis.com/analysts/Simon-Coles/,21 Aug 2026
John McNulty,1765,https://stockanalysis.com/analysts/John-McNulty/,02 Sep 2026
Robert Drbul,1766,https://stockanalysis.com/analysts/Robert-Drbul/,28 Aug 2026
Caitlin Cronin,1773,https://stockanalysis.com/analysts/Caitlin-Cronin/,02 Sep 2026
Allen Gong,1774,https://stockanalysis.com/analysts/Allen-Gong/,10 Aug 2026
James Hardiman,1775,https://stockanalysis.com/analysts/James-Hardiman/,02 Sep 2026
Matthew Harrigan,1783,https://stockanalysis.com/analysts/Matthew-Harrigan/,06 Aug 2026
Pablo Singzon,1789,https://stockanalysis.com/analysts/Pablo-Singzon/,25 Aug 2026
Kevin Caliendo,1791,https://stockanalysis.com/analysts/Kevin-Caliendo/,24 Aug 2026
Larry Biegelsen,1793,https://stockanalysis.com/analysts/Larry-Biegelsen/,02 Sep 2026
Timothy Hoff,1794,https://stockanalysis.com/analysts/Timothy-Hoff/,28 Aug 2026
Michael Lavery,1795,https://stockanalysis.com/analysts/Michael-Lavery/,24 Aug 2026
Ben Kallo,1797,https://stockanalysis.com/analysts/Ben-Kallo/,18 Aug 2026
Tommy Moll,1802,https://stockanalysis.com/analysts/Tommy-Moll/,18 Aug 2026
Matt Olney,1804,https://stockanalysis.com/analysts/Matt-Olney/,06 Aug 2026
Stacy Ku,1805,https://stockanalysis.com/analysts/Stacy-Ku/,20 Aug 2026
Thiago Batista,1811,https://stockanalysis.com/analysts/Thiago-Batista/,20 Aug 2026
Jeff Grampp,1815,https://stockanalysis.com/analysts/Jeff-Grampp/,28 Aug 2026
Vijit Jain,1819,https://stockanalysis.com/analysts/Vijit-Jain/,19 May 2026
Simeon Gutman,1820,https://stockanalysis.com/analysts/Simeon-Gutman/,31 Aug 2026
Janet Lee,1822,https://stockanalysis.com/analysts/Janet-Lee/,02 Sep 2026
Richa Harnain,1823,https://stockanalysis.com/analysts/Richa-Harnain/,24 Jul 2026
Piyush Choudhary,1827,https://stockanalysis.com/analysts/Piyush-Choudhary/,16 Jan 2026
Drew McReynolds,1830,https://stockanalysis.com/analysts/Drew-McReynolds/,27 Aug 2026
Douglas Miehm,1831,https://stockanalysis.com/analysts/Douglas-Miehm/,12 Aug 2026
Alec Stranahan,1832,https://stockanalysis.com/analysts/Alec-Stranahan/,27 Aug 2026
Daniel Politzer,1834,https://stockanalysis.com/analysts/Daniel-Politzer/,12 Aug 2026
Chris Woronka,1835,https://stockanalysis.com/analysts/Chris-Woronka/,14 Aug 2026
Joshua Reilly,1836,https://stockanalysis.com/analysts/Joshua-Reilly/,02 Sep 2026
Simon Toyne,1838,https://stockanalysis.com/analysts/Simon-Toyne/,31 Mar 2026
Mitchel Penn,1840,https://stockanalysis.com/analysts/Mitchel-Penn/,20 Aug 2026
Jonathan Brandt,1842,https://stockanalysis.com/analysts/Jonathan-Brandt/,20 Aug 2026
Jack Slevin,1843,https://stockanalysis.com/analysts/Jack-Slevin/,19 Aug 2026
Axel Herlinghaus,1845,https://stockanalysis.com/analysts/Axel-Herlinghaus/,13 Aug 2026
Namita Samtani,1846,https://stockanalysis.com/analysts/Namita-Samtani/,14 Aug 2026
David Grossman,1847,https://stockanalysis.com/analysts/David-Grossman/,27 Aug 2026
Puneet Souda,1849,https://stockanalysis.com/analysts/Puneet-Souda/,07 Aug 2026
Sophie Karp,1858,https://stockanalysis.com/analysts/Sophie-Karp/,03 Sep 2026
Eric Gonzalez,1860,https://stockanalysis.com/analysts/Eric-Gonzalez/,27 Aug 2026
Rodolfo Angele,1861,https://stockanalysis.com/analysts/Rodolfo-Angele/,01 Sep 2026
Sam Eiber,1871,https://stockanalysis.com/analysts/Sam-Eiber/,01 Sep 2026
Saree Boroditsky,1874,https://stockanalysis.com/analysts/Saree-Boroditsky/,09 Feb 2026
Gregory Francfort,1882,https://stockanalysis.com/analysts/Gregory-Francfort/,24 Aug 2026
Jasper Bibb,1883,https://stockanalysis.com/analysts/Jasper-Bibb/,01 Sep 2026
Matt Miksic,1884,https://stockanalysis.com/analysts/Matt-Miksic/,28 May 2026
David Rescott,1887,https://stockanalysis.com/analysts/David-Rescott/,02 Sep 2026
Mark Weintraub,1891,https://stockanalysis.com/analysts/Mark-Weintraub/,03 May 2026
Andrew Weisel,1892,https://stockanalysis.com/analysts/Andrew-Weisel/,10 Aug 2026
Olivia Tong,1896,https://stockanalysis.com/analysts/Olivia-Tong/,27 Aug 2026
Chad Beynon,1898,https://stockanalysis.com/analysts/Chad-Beynon/,21 Aug 2026
Taylor Conrad,1902,https://stockanalysis.com/analysts/Taylor-Conrad/,26 Aug 2026
Maher Yaghi,1905,https://stockanalysis.com/analysts/Maher-Yaghi/,11 Aug 2026
Christopher Liu,1907,https://stockanalysis.com/analysts/Christopher-Liu/,05 Aug 2026
Judith Elliott,1910,https://stockanalysis.com/analysts/Judith-Elliott/,07 Aug 2026
Brendan Nosal,1913,https://stockanalysis.com/analysts/Brendan-Nosal/,30 Jul 2026
Peter Steyn,1915,https://stockanalysis.com/analysts/Peter-Steyn/,20 May 2026
Jared Shaw,1917,https://stockanalysis.com/analysts/Jared-Shaw/,26 Aug 2026
Betty Jiang,1919,https://stockanalysis.com/analysts/Betty-Jiang/,20 Aug 2026
Bruno Montanari,1924,https://stockanalysis.com/analysts/Bruno-Montanari/,16 Jul 2026
Anderson Schock,1928,https://stockanalysis.com/analysts/Anderson-Schock/,10 Aug 2026
Kerry Holford,1929,https://stockanalysis.com/analysts/Kerry-Holford/,17 Aug 2026
Michael Roxland,1931,https://stockanalysis.com/analysts/Michael-Roxland/,31 Aug 2026
George Tong,1932,https://stockanalysis.com/analysts/George-Tong/,12 Aug 2026
Jeffrey Zekauskas,1933,https://stockanalysis.com/analysts/Jeffrey-Zekauskas/,25 Aug 2026
Matthew Smith,1935,https://stockanalysis.com/analysts/Matthew-Smith/,13 May 2026
Wilma Burdis,1937,https://stockanalysis.com/analysts/Wilma-Burdis/,02 Sep 2026
Jeffrey Kiang,1942,https://stockanalysis.com/analysts/Jeffrey-Kiang/,25 Aug 2026
Nicholas Yulico,1943,https://stockanalysis.com/analysts/Nicholas-Yulico/,02 Sep 2026
Steve Hansen,1945,https://stockanalysis.com/analysts/Steve-Hansen/,24 Aug 2026
Ygal Arounian,1946,https://stockanalysis.com/analysts/Ygal-Arounian/,01 Sep 2026
Christine Dooley,1950,https://stockanalysis.com/analysts/Christine-Dooley/,31 Aug 2026
Matthew DeYoe,1952,https://stockanalysis.com/analysts/Matthew-DeYoe/,02 Sep 2026
Robert Ottenstein,1955,https://stockanalysis.com/analysts/Robert-Ottenstein/,19 Aug 2026
Jonna Kim,1956,https://stockanalysis.com/analysts/Jonna-Kim/,28 Aug 2026
Brandon Nispel,1958,https://stockanalysis.com/analysts/Brandon-Nispel/,02 Sep 2026
Tom Forte,1960,https://stockanalysis.com/analysts/Tom-Forte/,28 Aug 2026
Nicholas Lorusso,1964,https://stockanalysis.com/analysts/Nicholas-Lorusso/,25 Aug 2026
Austin Wurschmidt,1967,https://stockanalysis.com/analysts/Austin-Wurschmidt/,26 Aug 2026
Faiza Alwy,1968,https://stockanalysis.com/analysts/Faiza-Alwy/,27 Aug 2026
Vincent Caintic,1971,https://stockanalysis.com/analysts/Vincent-Caintic/,27 Aug 2026
Ric Prentiss,1973,https://stockanalysis.com/analysts/Ric-Prentiss/,25 Aug 2026
Joseph Cardoso,1974,https://stockanalysis.com/analysts/Joseph-Cardoso/,02 Sep 2026
Andrew Strelzik,1976,https://stockanalysis.com/analysts/Andrew-Strelzik/,27 Aug 2026
Catharine Trebnick,1977,https://stockanalysis.com/analysts/Catharine-Trebnick/,02 Sep 2026
Francois Brisebois,1979,https://stockanalysis.com/analysts/Francois-Brisebois/,02 Sep 2026
Adam Baumgarten,1981,https://stockanalysis.com/analysts/Adam-Baumgarten/,27 Feb 2026
Andrea Alfonso,1988,https://stockanalysis.com/analysts/Andrea-Alfonso/,07 Aug 2026
Daniel Jester,1993,https://stockanalysis.com/analysts/Daniel-Jester/,02 Sep 2026
Ryan Zimmerman,1995,https://stockanalysis.com/analysts/Ryan-Zimmerman/,01 Sep 2026
Robert Mollins,2003,https://stockanalysis.com/analysts/Robert-Mollins/,10 Jun 2026
Manav Patnaik,2006,https://stockanalysis.com/analysts/Manav-Patnaik/,02 Sep 2026
Michael Gorman,2007,https://stockanalysis.com/analysts/Michael-Gorman/,28 Aug 2026
Joe Dickstein,2008,https://stockanalysis.com/analysts/Joe-Dickstein/,01 Jun 2026
Richard Safran,2010,https://stockanalysis.com/analysts/Richard-Safran/,26 May 2026
Edlain Rodriguez,2011,https://stockanalysis.com/analysts/Edlain-Rodriguez/,05 Aug 2026
Daniel Magder,2012,https://stockanalysis.com/analysts/Daniel-Magder/,16 Jul 2026
Bhavesh Lodaya,2013,https://stockanalysis.com/analysts/Bhavesh-Lodaya/,07 Aug 2026
Michael Ward,2014,https://stockanalysis.com/analysts/Michael-Ward/,24 Aug 2026
Amit Dayal,2016,https://stockanalysis.com/analysts/Amit-Dayal/,02 Sep 2026
Saul Martinez,2018,https://stockanalysis.com/analysts/Saul-Martinez/,20 Jul 2026
Joshua Tilton,2020,https://stockanalysis.com/analysts/Joshua-Tilton/,09 Jun 2026
Hector Maya,2022,https://stockanalysis.com/analysts/Hector-Maya/,27 Aug 2026
Danielle Antalffy,2029,https://stockanalysis.com/analysts/Danielle-Antalffy/,07 Aug 2026
Jiong Shao,2033,https://stockanalysis.com/analysts/Jiong-Shao/,02 Sep 2026
Owen Rickert,2043,https://stockanalysis.com/analysts/Owen-Rickert/,26 Aug 2026
David Roman,2044,https://stockanalysis.com/analysts/David-Roman/,15 Jul 2026
Omar Mejias,2049,https://stockanalysis.com/analysts/Omar-Mejias/,06 Aug 2026
Phillip Blee,2054,https://stockanalysis.com/analysts/Phillip-Blee/,02 Sep 2026
Paul Gong,2055,https://stockanalysis.com/analysts/Paul-Gong/,02 Sep 2026
Kevin Garrigan,2056,https://stockanalysis.com/analysts/Kevin-Garrigan/,14 Aug 2026
Nicholas Holowko,2059,https://stockanalysis.com/analysts/Nicholas-Holowko/,03 Aug 2026
Matthew Condon,2061,https://stockanalysis.com/analysts/Matthew-Condon/,07 Aug 2026
Jonathan Yong,2064,https://stockanalysis.com/analysts/Jonathan-Yong/,07 Aug 2026
Conor Cunningham,2065,https://stockanalysis.com/analysts/Conor-Cunningham/,07 Jul 2026
George Kelly,2068,https://stockanalysis.com/analysts/George-Kelly/,19 Aug 2026
Simon Hales,2077,https://stockanalysis.com/analysts/Simon-Hales/,28 Aug 2026
Lee Simpson,2078,https://stockanalysis.com/analysts/Lee-Simpson/,19 Aug 2026
Kevin Kopelman,2080,https://stockanalysis.com/analysts/Kevin-Kopelman/,07 Aug 2026
Whit Mayo,2082,https://stockanalysis.com/analysts/Whit-Mayo/,30 Jul 2026
Andres Cardona,2092,https://stockanalysis.com/analysts/Andres-Cardona/,13 Aug 2026
Sergey Glinyanov,2095,https://stockanalysis.com/analysts/Sergey-Glinyanov/,20 Aug 2026
Jenny Ping,2097,https://stockanalysis.com/analysts/Jenny-Ping/,26 Aug 2026
Michael Goldsmith,2098,https://stockanalysis.com/analysts/Michael-Goldsmith/,25 Aug 2026
Jason Cassorla,2099,https://stockanalysis.com/analysts/Jason-Cassorla/,07 Aug 2026
Caitlin Roberts,2100,https://stockanalysis.com/analysts/Caitlin-Roberts/,01 Sep 2026
Benjamin Rossi,2103,https://stockanalysis.com/analysts/Benjamin-Rossi/,02 Sep 2026
Jairam Nathan,2105,https://stockanalysis.com/analysts/Jairam-Nathan/,29 Jun 2026
Ashish Sabadra,2109,https://stockanalysis.com/analysts/Ashish-Sabadra/,02 Sep 2026
Jay Sole,2111,https://stockanalysis.com/analysts/Jay-Sole/,02 Sep 2026
Hassan Ahmed,2112,https://stockanalysis.com/analysts/Hassan-Ahmed/,02 Sep 2026
Ken Gawrelski,2118,https://stockanalysis.com/analysts/Ken-Gawrelski/,02 Sep 2026
Judah Frommer,2119,https://stockanalysis.com/analysts/Judah-Frommer/,31 Aug 2026
Stephen Baxter,2121,https://stockanalysis.com/analysts/Stephen-Baxter/,26 Aug 2026
Sachin Salgaonkar,2122,https://stockanalysis.com/analysts/Sachin-Salgaonkar/,11 Aug 2026
Cristina Fernandez,2123,https://stockanalysis.com/analysts/Cristina-Fernandez/,02 Sep 2026
Anja Soderstrom,2126,https://stockanalysis.com/analysts/Anja-Soderstrom/,31 Jul 2026
Timna Tanners,2134,https://stockanalysis.com/analysts/Timna-Tanners/,26 Aug 2026
George Choi,2138,https://stockanalysis.com/analysts/George-Choi/,25 Aug 2026
Asthika Goonewardene,2139,https://stockanalysis.com/analysts/Asthika-Goonewardene/,22 Jun 2026
Luisa Hector,2142,https://stockanalysis.com/analysts/Luisa-Hector/,24 Aug 2026
Glen Santangelo,2146,https://stockanalysis.com/analysts/Glen-Santangelo/,26 Aug 2026
Aaron Hecht,2147,https://stockanalysis.com/analysts/Aaron-Hecht/,10 Aug 2026
Nat Schindler,2148,https://stockanalysis.com/analysts/Nat-Schindler/,13 Aug 2026
Janine Stichter,2149,https://stockanalysis.com/analysts/Janine-Stichter/,27 Aug 2026
Michael Nathanson,2155,https://stockanalysis.com/analysts/Michael-Nathanson/,07 Aug 2026
Jordan Lyonnais,2159,https://stockanalysis.com/analysts/Jordan-Lyonnais/,07 May 2026
Joshua Dennerlein,2162,https://stockanalysis.com/analysts/Joshua-Dennerlein/,04 Aug 2025
Derek Hewett,2168,https://stockanalysis.com/analysts/Derek-Hewett/,24 Aug 2026
Tom Nikic,2176,https://stockanalysis.com/analysts/Tom-Nikic/,26 Aug 2026
Andres Sheppard,2177,https://stockanalysis.com/analysts/Andres-Sheppard/,17 Aug 2026
Arthur Truslove,2182,https://stockanalysis.com/analysts/Arthur-Truslove/,17 Aug 2026
John Newman,2185,https://stockanalysis.com/analysts/John-Newman/,02 Sep 2026
Mark Strouse,2186,https://stockanalysis.com/analysts/Mark-Strouse/,17 Aug 2026
Kyle Boucher,2187,https://stockanalysis.com/analysts/Kyle-Boucher/,11 Aug 2026
Edison Yu,2193,https://stockanalysis.com/analysts/Edison-Yu/,02 Sep 2026
Paul Johnson,2197,https://stockanalysis.com/analysts/Paul-Johnson/,27 Aug 2026
John Kilichowski,2201,https://stockanalysis.com/analysts/John-Kilichowski/,01 Sep 2026
Eliana Merle,2205,https://stockanalysis.com/analysts/Eliana-Merle/,01 Sep 2026
Bill Sutherland,2207,https://stockanalysis.com/analysts/Bill-Sutherland/,17 Aug 2026
Pradeep Ramani,2208,https://stockanalysis.com/analysts/Pradeep-Ramani/,02 Feb 2026
Melissa Wedel,2211,https://stockanalysis.com/analysts/Melissa-Wedel/,01 Sep 2026
Priya Sachdeva,2217,https://stockanalysis.com/analysts/Priya-Sachdeva/,28 Jul 2026
James Kammert,2219,https://stockanalysis.com/analysts/James-Kammert/,17 Aug 2026
Thibault Boutherin,2222,https://stockanalysis.com/analysts/Thibault-Boutherin/,01 Sep 2026
Timothy Chiodo,2225,https://stockanalysis.com/analysts/Timothy-Chiodo/,28 Aug 2026
Vincent Andrews,2232,https://stockanalysis.com/analysts/Vincent-Andrews/,17 Aug 2026
Patrick Creuset,2233,https://stockanalysis.com/analysts/Patrick-Creuset/,10 Aug 2026
Andrew DeGasperi,2235,https://stockanalysis.com/analysts/Andrew-DeGasperi/,13 Jul 2026
Pooran Sharma,2240,https://stockanalysis.com/analysts/Pooran-Sharma/,28 Aug 2026
Brian McNamara,2246,https://stockanalysis.com/analysts/Brian-McNamara/,01 Sep 2026
Tim Mulrooney,2247,https://stockanalysis.com/analysts/Tim-Mulrooney/,21 Aug 2026
Caleb Stein,2249,https://stockanalysis.com/analysts/Caleb-Stein/,30 Jul 2026
Joshua Spector,2255,https://stockanalysis.com/analysts/Joshua-Spector/,31 Aug 2026
Paul Knight,2258,https://stockanalysis.com/analysts/Paul-Knight/,06 Aug 2026
Jason Weaver,2262,https://stockanalysis.com/analysts/Jason-Weaver/,24 Aug 2026
Dominick Gabriele,2264,https://stockanalysis.com/analysts/Dominick-Gabriele/,28 Aug 2026
George Staphos,2265,https://stockanalysis.com/analysts/George-Staphos/,21 Aug 2026
Scott Stember,2282,https://stockanalysis.com/analysts/Scott-Stember/,21 Aug 2026
Natalya Davies,2284,https://stockanalysis.com/analysts/Natalya-Davies/,02 Sep 2026
Kim Fustier,2288,https://stockanalysis.com/analysts/Kim-Fustier/,03 Aug 2026
Omar Sheikh,2291,https://stockanalysis.com/analysts/Omar-Sheikh/,10 Mar 2026
Justin Kleber,2293,https://stockanalysis.com/analysts/Justin-Kleber/,31 Jul 2026
Bryan Burgmeier,2296,https://stockanalysis.com/analysts/Bryan-Burgmeier/,30 Jul 2026
Wesley Brooks,2298,https://stockanalysis.com/analysts/Wesley-Brooks/,07 May 2026
Jim Sanderson,2299,https://stockanalysis.com/analysts/Jim-Sanderson/,13 Aug 2026
Jared Levine,2301,https://stockanalysis.com/analysts/Jared-Levine/,27 Aug 2026
Ellie Jiang,2307,https://stockanalysis.com/analysts/Ellie-Jiang/,25 Jun 2026
Brandon Folkes,2315,https://stockanalysis.com/analysts/Brandon-Folkes/,26 Aug 2026
Aaron Kimson,2322,https://stockanalysis.com/analysts/Aaron-Kimson/,26 Aug 2026
Ken Hoexter,2324,https://stockanalysis.com/analysts/Ken-Hoexter/,01 Sep 2026
Daniel Grosslight,2325,https://stockanalysis.com/analysts/Daniel-Grosslight/,12 Aug 2026
Joyce Ju,2327,https://stockanalysis.com/analysts/Joyce-Ju/,27 Aug 2026
Sameer Joshi,2328,https://stockanalysis.com/analysts/Sameer-Joshi/,01 Sep 2026
Marie Ferguson,2336,https://stockanalysis.com/analysts/Marie-Ferguson/,28 Aug 2026
Linda Huang,2338,https://stockanalysis.com/analysts/Linda-Huang/,28 Aug 2026
Leah Jordan,2341,https://stockanalysis.com/analysts/Leah-Jordan/,02 Sep 2026
Sebastian Sandler,2343,https://stockanalysis.com/analysts/Sebastian-Sandler/,30 Jul 2026
Ilya Zubkov,2349,https://stockanalysis.com/analysts/Ilya-Zubkov/,11 Aug 2026
Anthony Paolone,2352,https://stockanalysis.com/analysts/Anthony-Paolone/,02 Sep 2026
Michael Sarcone,2354,https://stockanalysis.com/analysts/Michael-Sarcone/,31 Jul 2026
Dae Lee,2356,https://stockanalysis.com/analysts/Dae-Lee/,11 Aug 2026
Roger Song,2357,https://stockanalysis.com/analysts/Roger-Song/,17 Aug 2026
Alexander Hess,2358,https://stockanalysis.com/analysts/Alexander-Hess/,12 Aug 2026
Mike Hickey,2362,https://stockanalysis.com/analysts/Mike-Hickey/,01 Sep 2026
Craig Mailman,2367,https://stockanalysis.com/analysts/Craig-Mailman/,05 Mar 2026
Alejandro Demichelis,2369,https://stockanalysis.com/analysts/Alejandro-Demichelis/,11 Aug 2026
Kate McShane,2370,https://stockanalysis.com/analysts/Kate-McShane/,31 Aug 2026
Emma Schwartz,2375,https://stockanalysis.com/analysts/Emma-Schwartz/,10 Aug 2026
Adam Frisch,2377,https://stockanalysis.com/analysts/Adam-Frisch/,26 Aug 2026
John Pancari,2382,https://stockanalysis.com/analysts/John-Pancari/,05 Aug 2026
Matthew Biegler,2383,https://stockanalysis.com/analysts/Matthew-Biegler/,14 Aug 2026
James Feldman,2387,https://stockanalysis.com/analysts/James-Feldman/,01 Sep 2026
Richard Clarke,2388,https://stockanalysis.com/analysts/Richard-Clarke/,28 Aug 2026
Oliver Chen,2389,https://stockanalysis.com/analysts/Oliver-Chen/,28 Aug 2026
Gena Wang,2390,https://stockanalysis.com/analysts/Gena-Wang/,28 May 2026
Peyton Dorne,2392,https://stockanalysis.com/analysts/Peyton-Dorne/,10 Aug 2026
Matthew Erdner,2394,https://stockanalysis.com/analysts/Matthew-Erdner/,25 Aug 2026
Laurent Vasilescu,2398,https://stockanalysis.com/analysts/Laurent-Vasilescu/,22 Jul 2026
Rayna Kumar,2400,https://stockanalysis.com/analysts/Rayna-Kumar/,31 Aug 2026
Firoz Valliji,2411,https://stockanalysis.com/analysts/Firoz-Valliji/,02 Sep 2026
Daniel Clark,2412,https://stockanalysis.com/analysts/Daniel-Clark/,24 Feb 2026
Adam Bubes,2415,https://stockanalysis.com/analysts/Adam-Bubes/,02 Sep 2026
Steven Pizzella,2417,https://stockanalysis.com/analysts/Steven-Pizzella/,13 Aug 2026
Michael Petusky,2418,https://stockanalysis.com/analysts/Michael-Petusky/,24 Aug 2026
Dana Telsey,2419,https://stockanalysis.com/analysts/Dana-Telsey/,02 Sep 2026
Michael Cho,2420,https://stockanalysis.com/analysts/Michael-Cho/,10 Aug 2026
Chris McNally,2425,https://stockanalysis.com/analysts/Chris-McNally/,24 Aug 2026
Jeffrey Meuler,2426,https://stockanalysis.com/analysts/Jeffrey-Meuler/,28 Aug 2026
Richard Vosser,2429,https://stockanalysis.com/analysts/Richard-Vosser/,01 Sep 2026
Jackson Ader,2431,https://stockanalysis.com/analysts/Jackson-Ader/,27 Aug 2026
Jonathan Keypour,2436,https://stockanalysis.com/analysts/Jonathan-Keypour/,27 Aug 2026
Sam Reid,2438,https://stockanalysis.com/analysts/Sam-Reid/,24 Aug 2026
Samantha Semenkow,2439,https://stockanalysis.com/analysts/Samantha-Semenkow/,02 Sep 2026
Matthew Heimermann,2443,https://stockanalysis.com/analysts/Matthew-Heimermann/,31 Aug 2026
Robert Fishman,2444,https://stockanalysis.com/analysts/Robert-Fishman/,30 Jul 2026
Michael Cyprys,2446,https://stockanalysis.com/analysts/Michael-Cyprys/,01 Sep 2026
Simeon Siegel,2447,https://stockanalysis.com/analysts/Simeon-Siegel/,31 Aug 2026
Joseph Yanchunis,2449,https://stockanalysis.com/analysts/Joseph-Yanchunis/,11 Aug 2026
William Pickering,2453,https://stockanalysis.com/analysts/William-Pickering/,11 Aug 2026
Jakob Bluestone,2455,https://stockanalysis.com/analysts/Jakob-Bluestone/,02 Feb 2026
Keith Stanley,2465,https://stockanalysis.com/analysts/Keith-Stanley/,26 Aug 2026
Ryan Merkel,2467,https://stockanalysis.com/analysts/Ryan-Merkel/,01 Sep 2026
Jeff Lick,2468,https://stockanalysis.com/analysts/Jeff-Lick/,11 Aug 2026
Mark Palmer,2469,https://stockanalysis.com/analysts/Mark-Palmer/,21 Aug 2026
Ken Worthington,2472,https://stockanalysis.com/analysts/Ken-Worthington/,02 Sep 2026
Jeffrey Stevenson,2473,https://stockanalysis.com/analysts/Jeffrey-Stevenson/,28 Apr 2026
Ranjan Sharma,2478,https://stockanalysis.com/analysts/Ranjan-Sharma/,17 Aug 2026
Michael Ulz,2480,https://stockanalysis.com/analysts/Michael-Ulz/,01 Sep 2026
Brian Wilczynski,2481,https://stockanalysis.com/analysts/Brian-Wilczynski/,30 Jul 2026
Nicholas Thillman,2488,https://stockanalysis.com/analysts/Nicholas-Thillman/,31 Aug 2026
Jamie Baker,2496,https://stockanalysis.com/analysts/Jamie-Baker/,30 Jul 2026
Justin Zelin,2499,https://stockanalysis.com/analysts/Justin-Zelin/,02 Feb 2026
Benjamin Soff,2507,https://stockanalysis.com/analysts/Benjamin-Soff/,18 Aug 2026
Vitaly Umansky,2512,https://stockanalysis.com/analysts/Vitaly-Umansky/,07 Jun 2026
Patrick Cunningham,2513,https://stockanalysis.com/analysts/Patrick-Cunningham/,07 Aug 2026
Alexander Goldfarb,2516,https://stockanalysis.com/analysts/Alexander-Goldfarb/,01 Sep 2026
Peter Galbo,2521,https://stockanalysis.com/analysts/Peter-Galbo/,02 Sep 2026
Ryan Levine,2528,https://stockanalysis.com/analysts/Ryan-Levine/,09 Aug 2026
Yuri Fernandes,2535,https://stockanalysis.com/analysts/Yuri-Fernandes/,01 Sep 2026
Brett Rabatin,2537,https://stockanalysis.com/analysts/Brett-Rabatin/,31 Aug 2026
William Appicelli,2545,https://stockanalysis.com/analysts/William-Appicelli/,28 Jul 2026
Filippo Falorni,2552,https://stockanalysis.com/analysts/Filippo-Falorni/,21 Aug 2026
James Condulis,2554,https://stockanalysis.com/analysts/James-Condulis/,31 Aug 2026
Sharon Zackfia,2555,https://stockanalysis.com/analysts/Sharon-Zackfia/,29 Aug 2026
George Gianarikas,2556,https://stockanalysis.com/analysts/George-Gianarikas/,25 Aug 2026
Lilyanna Yang,2558,https://stockanalysis.com/analysts/Lilyanna-Yang/,26 May 2026
Will Kirkness,2561,https://stockanalysis.com/analysts/Will-Kirkness/,02 Sep 2026
Trevor Romeo,2576,https://stockanalysis.com/analysts/Trevor-Romeo/,26 Aug 2026
Lisa Walter,2578,https://stockanalysis.com/analysts/Lisa-Walter/,25 Aug 2026
Keegan Cox,2579,https://stockanalysis.com/analysts/Keegan-Cox/,27 Aug 2026
Joanne Wuensch,2580,https://stockanalysis.com/analysts/Joanne-Wuensch/,02 Sep 2026
Bradley Sills,2581,https://stockanalysis.com/analysts/Bradley-Sills/,12 Mar 2026
Rodrigo Alcantara,2582,https://stockanalysis.com/analysts/Rodrigo-Alcantara/,11 Aug 2026
Robert Labick,2583,https://stockanalysis.com/analysts/Robert-Labick/,10 Dec 2025
Blaine Heck,2586,https://stockanalysis.com/analysts/Blaine-Heck/,01 Sep 2026
Steve Frankel,2589,https://stockanalysis.com/analysts/Steve-Frankel/,27 Aug 2026
Adrienne Yih,2590,https://stockanalysis.com/analysts/Adrienne-Yih/,31 Aug 2026
Michael Legg,2591,https://stockanalysis.com/analysts/Michael-Legg/,03 Mar 2026
Keay Nakae,2592,https://stockanalysis.com/analysts/Keay-Nakae/,01 Sep 2026
Steve Sakwa,2603,https://stockanalysis.com/analysts/Steve-Sakwa/,19 Aug 2026
Eddie Kim,2613,https://stockanalysis.com/analysts/Eddie-Kim/,12 Aug 2026
Max Rakhlenko,2619,https://stockanalysis.com/analysts/Max-Rakhlenko/,02 Sep 2026
Glenn Chin,2624,https://stockanalysis.com/analysts/Glenn-Chin/,02 Aug 2026
Detlef Winckelmann,2631,https://stockanalysis.com/analysts/Detlef-Winckelmann/,06 Aug 2026
Alfonso Salazar,2632,https://stockanalysis.com/analysts/Alfonso-Salazar/,27 Aug 2026
Andrew Didora,2636,https://stockanalysis.com/analysts/Andrew-Didora/,01 Sep 2026
Nik Modi,2637,https://stockanalysis.com/analysts/Nik-Modi/,01 Sep 2026
James Gordon,2641,https://stockanalysis.com/analysts/James-Gordon/,27 Aug 2026
Julien Blouin,2645,https://stockanalysis.com/analysts/Julien-Blouin/,26 Aug 2026
David Begleiter,2648,https://stockanalysis.com/analysts/David-Begleiter/,01 Sep 2026
Shaun Kelley,2649,https://stockanalysis.com/analysts/Shaun-Kelley/,25 Aug 2026
Emily Field,2654,https://stockanalysis.com/analysts/Emily-Field/,31 Aug 2026
Dan Levy,2655,https://stockanalysis.com/analysts/Dan-Levy/,27 Aug 2026
Ed Vyvyan,2658,https://stockanalysis.com/analysts/Ed-Vyvyan/,27 Feb 2026
Patrick Baumann,2659,https://stockanalysis.com/analysts/Patrick-Baumann/,18 May 2026
Chris Muller,2660,https://stockanalysis.com/analysts/Chris-Muller/,05 Aug 2026
Tyler DiMatteo,2663,https://stockanalysis.com/analysts/Tyler-DiMatteo/,20 Aug 2026
Martijn Rats,2665,https://stockanalysis.com/analysts/Martijn-Rats/,10 Jul 2026
Upal Rana,2668,https://stockanalysis.com/analysts/Upal-Rana/,19 Aug 2026
Guilherme Mendes,2673,https://stockanalysis.com/analysts/Guilherme-Mendes/,15 Jun 2026
Dina Ramadane,2678,https://stockanalysis.com/analysts/Dina-Ramadane/,27 Aug 2026
Adam Hotchkiss,2702,https://stockanalysis.com/analysts/Adam-Hotchkiss/,31 Jul 2026
Christopher Raymond,2703,https://stockanalysis.com/analysts/Christopher-Raymond/,26 Aug 2026
Barry Jonas,2704,https://stockanalysis.com/analysts/Barry-Jonas/,19 Aug 2026
Matthew Hershenhorn,2707,https://stockanalysis.com/analysts/Matthew-Hershenhorn/,05 Aug 2026
Andrew Spinola,2712,https://stockanalysis.com/analysts/Andrew-Spinola/,19 Aug 2026
Nicholas Joseph,2714,https://stockanalysis.com/analysts/Nicholas-Joseph/,17 Aug 2026
Helena Wang,2716,https://stockanalysis.com/analysts/Helena-Wang/,17 Aug 2026
Derrick Wood,2722,https://stockanalysis.com/analysts/Derrick-Wood/,02 Sep 2026
Alicia Yap,2723,https://stockanalysis.com/analysts/Alicia-Yap/,31 Aug 2026
Karl Shepard,2733,https://stockanalysis.com/analysts/Karl-Shepard/,30 Jul 2026
Mikhail Goberman,2734,https://stockanalysis.com/analysts/Mikhail-Goberman/,11 Aug 2026
Toni Kaplan,2740,https://stockanalysis.com/analysts/Toni-Kaplan/,02 Sep 2026
Ashley Wallace,2751,https://stockanalysis.com/analysts/Ashley-Wallace/,27 Aug 2026
David Lantz,2753,https://stockanalysis.com/analysts/David-Lantz/,18 Aug 2026
Aravinda Galappatthige,2756,https://stockanalysis.com/analysts/Aravinda-Galappatthige/,27 Aug 2026
Luke Junk,2761,https://stockanalysis.com/analysts/Luke-Junk/,20 Aug 2026
James Shin,2766,https://stockanalysis.com/analysts/James-Shin/,07 May 2026
Praneeth Satish,2767,https://stockanalysis.com/analysts/Praneeth-Satish/,02 Sep 2026
Anna Lizzul,2776,https://stockanalysis.com/analysts/Anna-Lizzul/,01 Sep 2026
Noah Hungness,2777,https://stockanalysis.com/analysts/Noah-Hungness/,27 Apr 2026
Louie DiPalma,2778,https://stockanalysis.com/analysts/Louie-DiPalma/,02 Sep 2026
Samad Samana,2780,https://stockanalysis.com/analysts/Samad-Samana/,30 Aug 2026
Surinder Thind,2781,https://stockanalysis.com/analysts/Surinder-Thind/,01 Sep 2026
Alex Yao,2782,https://stockanalysis.com/analysts/Alex-Yao/,30 Aug 2026
Austin Moeller,2786,https://stockanalysis.com/analysts/Austin-Moeller/,01 Sep 2026
Narumi Nakagiri,2788,https://stockanalysis.com/analysts/Narumi-Nakagiri/,14 May 2026
Vikram Malhotra,2791,https://stockanalysis.com/analysts/Vikram-Malhotra/,31 Aug 2026
Frank Takkinen,2793,https://stockanalysis.com/analysts/Frank-Takkinen/,01 Sep 2026
Robin Zhu,2799,https://stockanalysis.com/analysts/Robin-Zhu/,04 Aug 2026
James Sidoti,2805,https://stockanalysis.com/analysts/James-Sidoti/,10 Aug 2026
David Saxon,2807,https://stockanalysis.com/analysts/David-Saxon/,13 Aug 2026
Arun Viswanathan,2811,https://stockanalysis.com/analysts/Arun-Viswanathan/,31 Aug 2026
Emily Ericksen,2815,https://stockanalysis.com/analysts/Emily-Ericksen/,20 Feb 2026
Tasso Vasconcellos,2820,https://stockanalysis.com/analysts/Tasso-Vasconcellos/,27 Aug 2026
Michael Gaugler,2825,https://stockanalysis.com/analysts/Michael-Gaugler/,24 Nov 2025
Andrea Newkirk,2826,https://stockanalysis.com/analysts/Andrea-Newkirk/,11 Feb 2026
Ernesto Gabilondo,2840,https://stockanalysis.com/analysts/Ernesto-Gabilondo/,27 Aug 2026
Avinatan Jaroslawicz,2842,https://stockanalysis.com/analysts/Avinatan-Jaroslawicz/,02 Sep 2026
Ross MacDonald,2844,https://stockanalysis.com/analysts/Ross-MacDonald/,11 Aug 2026
Elizabeth Sun,2850,https://stockanalysis.com/analysts/Elizabeth-Sun/,10 Aug 2026
Wyatt Swanson,2859,https://stockanalysis.com/analysts/Wyatt-Swanson/,01 Sep 2026
Gaurav Mehta,2864,https://stockanalysis.com/analysts/Gaurav-Mehta/,14 Aug 2026
Richard Sunderland,2865,https://stockanalysis.com/analysts/Richard-Sunderland/,31 Aug 2026
Eunice Lee,2866,https://stockanalysis.com/analysts/Eunice-Lee/,02 Sep 2026
Daniel Mckenzie,2869,https://stockanalysis.com/analysts/Daniel-Mckenzie/,17 Aug 2026
Andrew Lazar,2877,https://stockanalysis.com/analysts/Andrew-Lazar/,31 Aug 2026
Yi Chen,2881,https://stockanalysis.com/analysts/Yi-Chen/,01 Sep 2026
Greg McGinniss,2886,https://stockanalysis.com/analysts/Greg-McGinniss/,01 Sep 2026
Lorraine Hutchinson,2887,https://stockanalysis.com/analysts/Lorraine-Hutchinson/,28 Aug 2026
Zhihan Ma,2896,https://stockanalysis.com/analysts/Zhihan-Ma/,28 Aug 2026
Paul Rossington,2905,https://stockanalysis.com/analysts/Paul-Rossington/,02 Jun 2026
Duksan Jang,2907,https://stockanalysis.com/analysts/Duksan-Jang/,07 Aug 2026
Eli Jossen,2908,https://stockanalysis.com/analysts/Eli-Jossen/,02 Sep 2026
Gregg Orrill,2913,https://stockanalysis.com/analysts/Gregg-Orrill/,01 Sep 2026
Timothy Zhao,2917,https://stockanalysis.com/analysts/Timothy-Zhao/,24 Aug 2026
Laurence Alexander,2922,https://stockanalysis.com/analysts/Laurence-Alexander/,02 Sep 2026
Randal Konik,2924,https://stockanalysis.com/analysts/Randal-Konik/,01 Sep 2026
Judy Zhang,2943,https://stockanalysis.com/analysts/Judy-Zhang/,01 Sep 2026
Fedor Shabalin,2945,https://stockanalysis.com/analysts/Fedor-Shabalin/,31 Aug 2026
Farzin Haque,2950,https://stockanalysis.com/analysts/Farzin-Haque/,29 Mar 2026
Taylor Manley,2961,https://stockanalysis.com/analysts/Taylor-Manley/,07 Aug 2026
James Friedman,2962,https://stockanalysis.com/analysts/James-Friedman/,02 Sep 2026
Tina Hou,2965,https://stockanalysis.com/analysts/Tina-Hou/,02 Sep 2026
John Davis,2974,https://stockanalysis.com/analysts/John-Davis/,31 Jul 2026
Peter Christiansen,2975,https://stockanalysis.com/analysts/Peter-Christiansen/,20 Aug 2026
Laura Sutcliffe,2976,https://stockanalysis.com/analysts/Laura-Sutcliffe/,31 Aug 2026
Bart Dziarski,2977,https://stockanalysis.com/analysts/Bart-Dziarski/,31 Aug 2026
Terry Ma,2982,https://stockanalysis.com/analysts/Terry-Ma/,18 Aug 2026
Samantha Hoh,2984,https://stockanalysis.com/analysts/Samantha-Hoh/,22 Apr 2026
Gary Nachman,2989,https://stockanalysis.com/analysts/Gary-Nachman/,01 Sep 2026
Ricardo Alves,2991,https://stockanalysis.com/analysts/Ricardo-Alves/,19 Aug 2026
Ryland Conrad,2998,https://stockanalysis.com/analysts/Ryland-Conrad/,16 Aug 2026
Ryan Gravett,3004,https://stockanalysis.com/analysts/Ryan-Gravett/,07 Aug 2026
Piyush Avasthy,3005,https://stockanalysis.com/analysts/Piyush-Avasthy/,10 Aug 2026
Kelly Crago,3006,https://stockanalysis.com/analysts/Kelly-Crago/,12 May 2026
Nathan Feather,3009,https://stockanalysis.com/analysts/Nathan-Feather/,26 Aug 2026
Mikhail Paramonov,3013,https://stockanalysis.com/analysts/Mikhail-Paramonov/,27 Aug 2026
John Kim,3017,https://stockanalysis.com/analysts/John-Kim/,24 Aug 2026
Andre Salles,3024,https://stockanalysis.com/analysts/Andre-Salles/,01 May 2026
Ty Collin,3026,https://stockanalysis.com/analysts/Ty-Collin/,02 Sep 2026
Joanna Gajuk,3033,https://stockanalysis.com/analysts/Joanna-Gajuk/,13 Aug 2026
Luke Horton,3048,https://stockanalysis.com/analysts/Luke-Horton/,13 Aug 2026
Eric Boyes,3050,https://stockanalysis.com/analysts/Eric-Boyes/,07 Aug 2026
Vikram Kesavabhotla,3051,https://stockanalysis.com/analysts/Vikram-Kesavabhotla/,07 Aug 2026
Rick Wise,3054,https://stockanalysis.com/analysts/Rick-Wise/,02 Sep 2026
Max Gumport,3062,https://stockanalysis.com/analysts/Max-Gumport/,09 Apr 2026
David Bellinger,3064,https://stockanalysis.com/analysts/David-Bellinger/,01 Sep 2026
Cooper Clark,3065,https://stockanalysis.com/analysts/Cooper-Clark/,01 Sep 2026
Brooke Roach,3067,https://stockanalysis.com/analysts/Brooke-Roach/,31 Aug 2026
Griffin Bryan,3072,https://stockanalysis.com/analysts/Griffin-Bryan/,28 Aug 2026
Anthony Elian,3082,https://stockanalysis.com/analysts/Anthony-Elian/,20 Aug 2026
Lucas Ferreira,3083,https://stockanalysis.com/analysts/Lucas-Ferreira/,02 Sep 2026
Samir Khanal,3086,https://stockanalysis.com/analysts/Samir-Khanal/,26 Aug 2026
Chris Luyckx,3090,https://stockanalysis.com/analysts/Chris-Luyckx/,23 Apr 2026
Alexander Perry,3095,https://stockanalysis.com/analysts/Alexander-Perry/,10 Aug 2026
Andrew Marok,3096,https://stockanalysis.com/analysts/Andrew-Marok/,25 Aug 2026
Abhishek Shukla,3100,https://stockanalysis.com/analysts/Abhishek-Shukla/,14 Aug 2026
Lu Li,3102,https://stockanalysis.com/analysts/Lu-Li/,07 May 2026
Scott Buck,3115,https://stockanalysis.com/analysts/Scott-Buck/,31 Mar 2026
Joseph Giordano,3136,https://stockanalysis.com/analysts/Joseph-Giordano/,21 Jul 2026
Jamie Clark,3138,https://stockanalysis.com/analysts/Jamie-Clark/,17 Feb 2026
Luke Morison,3152,https://stockanalysis.com/analysts/Luke-Morison/,12 Aug 2026
Maheep Mandloi,3162,https://stockanalysis.com/analysts/Maheep-Mandloi/,28 Aug 2026
Rock Hoffman,3170,https://stockanalysis.com/analysts/Rock-Hoffman/,02 Apr 2026
Phani Kanumuri,3171,https://stockanalysis.com/analysts/Phani-Kanumuri/,14 Aug 2026
Winnie Dong,3173,https://stockanalysis.com/analysts/Winnie-Dong/,12 Aug 2026
Scott Wurtzel,3186,https://stockanalysis.com/analysts/Scott-Wurtzel/,17 Aug 2026
Daria Nasledysheva,3187,https://stockanalysis.com/analysts/Daria-Nasledysheva/,24 Jul 2026
Wei Fang,3193,https://stockanalysis.com/analysts/Wei-Fang/,21 Aug 2026
Michael Montani,3198,https://stockanalysis.com/analysts/Michael-Montani/,01 Sep 2026
Christine Cho,3202,https://stockanalysis.com/analysts/Christine-Cho/,14 May 2026
Andrew Andersen,3209,https://stockanalysis.com/analysts/Andrew-Andersen/,25 Aug 2026
Dennis Geiger,3213,https://stockanalysis.com/analysts/Dennis-Geiger/,02 Sep 2026
Leonardo Olmos,3214,https://stockanalysis.com/analysts/Leonardo-Olmos/,17 Aug 2026
John Choi,3216,https://stockanalysis.com/analysts/John-Choi/,24 Jun 2026
Robert Oliver,3221,https://stockanalysis.com/analysts/Robert-Oliver/,01 Sep 2026
Nicholas Amicucci,3234,https://stockanalysis.com/analysts/Nicholas-Amicucci/,01 Sep 2026
Michael Ng,3235,https://stockanalysis.com/analysts/Michael-Ng/,20 Aug 2026
Susan Maklari,3244,https://stockanalysis.com/analysts/Susan-Maklari/,02 Sep 2026
Vijay Jayant,3250,https://stockanalysis.com/analysts/Vijay-Jayant/,12 Nov 2024
Matthew Coad,3255,https://stockanalysis.com/analysts/Matthew-Coad/,01 Sep 2026
Marvin Fong,3259,https://stockanalysis.com/analysts/Marvin-Fong/,18 Aug 2026
Steve Byrne,3262,https://stockanalysis.com/analysts/Steve-Byrne/,08 Jan 2026
John Stansel,3270,https://stockanalysis.com/analysts/John-Stansel/,20 Aug 2026
Trevor Allinson,3277,https://stockanalysis.com/analysts/Trevor-Allinson/,24 Aug 2026
Vince Valentini,3279,https://stockanalysis.com/analysts/Vince-Valentini/,25 Aug 2026
Vik Chopra,3280,https://stockanalysis.com/analysts/Vik-Chopra/,01 Sep 2026
Harry Bartlett,3284,https://stockanalysis.com/analysts/Harry-Bartlett/,28 Jan 2026
Niall Alexander,3285,https://stockanalysis.com/analysts/Niall-Alexander/,22 Jun 2026
Kevin Fischbeck,3288,https://stockanalysis.com/analysts/Kevin-Fischbeck/,10 Aug 2026
Justin Bowers,3289,https://stockanalysis.com/analysts/Justin-Bowers/,10 Aug 2026
Dushyant Ailani,3290,https://stockanalysis.com/analysts/Dushyant-Ailani/,10 Jun 2026
Mayank Tandon,3295,https://stockanalysis.com/analysts/Mayank-Tandon/,26 Aug 2026
Kostas Biliouris,3296,https://stockanalysis.com/analysts/Kostas-Biliouris/,14 Aug 2026
Louis Raffetto,3298,https://stockanalysis.com/analysts/Louis-Raffetto/,29 Jan 2026
Kendall Toscano,3323,https://stockanalysis.com/analysts/Kendall-Toscano/,28 Aug 2026
Steven Valiquette,3324,https://stockanalysis.com/analysts/Steven-Valiquette/,27 Aug 2026
Seyon Park,3331,https://stockanalysis.com/analysts/Seyon-Park/,05 Aug 2026
Martin Jungfleisch,3334,https://stockanalysis.com/analysts/Martin-Jungfleisch/,09 Jul 2026
Robert Moskow,3338,https://stockanalysis.com/analysts/Robert-Moskow/,02 Sep 2026
Julien Roch,3351,https://stockanalysis.com/analysts/Julien-Roch/,13 Aug 2026
Eric Hagen,3360,https://stockanalysis.com/analysts/Eric-Hagen/,30 Apr 2026
Pujarini Ghosh,3361,https://stockanalysis.com/analysts/Pujarini-Ghosh/,26 Aug 2026
Bhavin Shah,3373,https://stockanalysis.com/analysts/Bhavin-Shah/,06 Aug 2026
Scott Fletcher,3386,https://stockanalysis.com/analysts/Scott-Fletcher/,17 Aug 2026
Benjamin Burnett,3389,https://stockanalysis.com/analysts/Benjamin-Burnett/,02 Sep 2026
Spencer Hanus,3391,https://stockanalysis.com/analysts/Spencer-Hanus/,29 Jul 2026
Faham Baig,3392,https://stockanalysis.com/analysts/Faham-Baig/,02 Sep 2026
Seth Bergey,3409,https://stockanalysis.com/analysts/Seth-Bergey/,03 Aug 2026
Paul Jeng,3410,https://stockanalysis.com/analysts/Paul-Jeng/,12 Aug 2026
Ike Boruchow,3443,https://stockanalysis.com/analysts/Ike-Boruchow/,31 Aug 2026
Warren Ackerman,3459,https://stockanalysis.com/analysts/Warren-Ackerman/,02 Sep 2026
Steven Zaccone,3460,https://stockanalysis.com/analysts/Steven-Zaccone/,31 Aug 2026
Nitin Bansal,3465,https://stockanalysis.com/analysts/Nitin-Bansal/,07 Aug 2026
John Zamparo,3470,https://stockanalysis.com/analysts/John-Zamparo/,02 Sep 2026
Ella Smith,3480,https://stockanalysis.com/analysts/Ella-Smith/,26 Aug 2026
Trevor Williams,3500,https://stockanalysis.com/analysts/Trevor-Williams/,09 Feb 2026
Simon Clinch,3504,https://stockanalysis.com/analysts/Simon-Clinch/,21 Aug 2026
Anne Samuel,3512,https://stockanalysis.com/analysts/Anne-Samuel/,06 Feb 2026
Andrew Harte,3513,https://stockanalysis.com/analysts/Andrew-Harte/,27 Aug 2026
Matthew Swanson,3536,https://stockanalysis.com/analysts/Matthew-Swanson/,02 Sep 2026
Michael Turrin,3541,https://stockanalysis.com/analysts/Michael-Turrin/,28 Aug 2026
Alec Brondolo,3542,https://stockanalysis.com/analysts/Alec-Brondolo/,01 Sep 2026
Angel Castillo,3603,https://stockanalysis.com/analysts/Angel-Castillo/,21 Aug 2026
Edward Lewis,3604,https://stockanalysis.com/analysts/Edward-Lewis/,16 Jun 2026
Leo Carrington,3609,https://stockanalysis.com/analysts/Leo-Carrington/,21 Aug 2026
Katie Fleischer,3628,https://stockanalysis.com/analysts/Katie-Fleischer/,07 Aug 2026
Daniela Haigian,3631,https://stockanalysis.com/analysts/Daniela-Haigian/,07 Aug 2026
Bob Huang,3632,https://stockanalysis.com/analysts/Bob-Huang/,01 Sep 2026
Thiago Bortoluci,3640,https://stockanalysis.com/analysts/Thiago-Bortoluci/,26 Aug 2026
Nafeesa Gupta,3641,https://stockanalysis.com/analysts/Nafeesa-Gupta/,06 Aug 2026
Cory Carpenter,3645,https://stockanalysis.com/analysts/Cory-Carpenter/,24 Aug 2026
Kemp Dolliver,3652,https://stockanalysis.com/analysts/Kemp-Dolliver/,28 Jul 2026
Jason Helfstein,3656,https://stockanalysis.com/analysts/Jason-Helfstein/,17 Aug 2026
Lucky Schreiner,3672,https://stockanalysis.com/analysts/Lucky-Schreiner/,02 Sep 2026
Laurent Yoon,3673,https://stockanalysis.com/analysts/Laurent-Yoon/,31 Aug 2026
David Mak,3676,https://stockanalysis.com/analysts/David-Mak/,29 Jun 2026
James Kirby,3680,https://stockanalysis.com/analysts/James-Kirby/,07 Aug 2026
Roanna Ruiz,3683,https://stockanalysis.com/analysts/Roanna-Ruiz/,07 Aug 2026
Alexander Sklar,3684,https://stockanalysis.com/analysts/Alexander-Sklar/,24 Aug 2026
Neal Burk,3693,https://stockanalysis.com/analysts/Neal-Burk/,01 Sep 2026
Charlie Lederer,3699,https://stockanalysis.com/analysts/Charlie-Lederer/,28 Aug 2026
Renata Cabral,3700,https://stockanalysis.com/analysts/Renata-Cabral/,31 Jul 2026
Andrew Schmitt,3703,https://stockanalysis.com/analysts/Andrew-Schmitt/,14 Aug 2026
Javier Escalante,3705,https://stockanalysis.com/analysts/Javier-Escalante/,06 Aug 2026
Romain Gourvil,3710,https://stockanalysis.com/analysts/Romain-Gourvil/,29 Jul 2026
Julian Radlinger,3717,https://stockanalysis.com/analysts/Julian-Radlinger/,19 Aug 2026
Matt Roberts,3718,https://stockanalysis.com/analysts/Matt-Roberts/,22 Jul 2026
Hong Zhang,3719,https://stockanalysis.com/analysts/Hong-Zhang/,29 Jun 2026
Martin Malloy,3725,https://stockanalysis.com/analysts/Martin-Malloy/,05 Jan 2026
Brett Fishbin,3730,https://stockanalysis.com/analysts/Brett-Fishbin/,31 Aug 2026
Sara Senatore,3731,https://stockanalysis.com/analysts/Sara-Senatore/,01 Sep 2026
Jorge Kuri,3733,https://stockanalysis.com/analysts/Jorge-Kuri/,18 Aug 2026
Nathan Stein,3742,https://stockanalysis.com/analysts/Nathan-Stein/,20 Aug 2026
Scott Berg,3743,https://stockanalysis.com/analysts/Scott-Berg/,02 Sep 2026
Kyle Peterson,3745,https://stockanalysis.com/analysts/Kyle-Peterson/,28 Aug 2026
Filipe Nielsen,3750,https://stockanalysis.com/analysts/Filipe-Nielsen/,17 Mar 2026
Alex Bond,3754,https://stockanalysis.com/analysts/Alex-Bond/,10 Aug 2026
Aneesha Sherman,3769,https://stockanalysis.com/analysts/Aneesha-Sherman/,02 Sep 2026
Matthew Cost,3773,https://stockanalysis.com/analysts/Matthew-Cost/,28 Aug 2026
Ami Probandt,3778,https://stockanalysis.com/analysts/Ami-Probandt/,13 Aug 2026
Steven Shemesh,3779,https://stockanalysis.com/analysts/Steven-Shemesh/,27 Aug 2026
Arpine Kocharyan,3780,https://stockanalysis.com/analysts/Arpine-Kocharyan/,26 Aug 2026
Gustavo Schroden,3781,https://stockanalysis.com/analysts/Gustavo-Schroden/,12 Jun 2026
Matt Koranda,3791,https://stockanalysis.com/analysts/Matt-Koranda/,25 Aug 2026
Siti Panigrahi,3797,https://stockanalysis.com/analysts/Siti-Panigrahi/,02 Sep 2026
Neal Dingmann,3798,https://stockanalysis.com/analysts/Neal-Dingmann/,27 Aug 2026
Luca Issi,3799,https://stockanalysis.com/analysts/Luca-Issi/,31 Aug 2026
Matheus Enfeldt,3805,https://stockanalysis.com/analysts/Matheus-Enfeldt/,27 Aug 2026
Alberto Valerio,3808,https://stockanalysis.com/analysts/Alberto-Valerio/,27 Aug 2026
Rashad Kawan,3812,https://stockanalysis.com/analysts/Rashad-Kawan/,24 Apr 2026
Yiwen Zhang,3820,https://stockanalysis.com/analysts/Yiwen-Zhang/,20 Aug 2026
Ryan Brinkman,3824,https://stockanalysis.com/analysts/Ryan-Brinkman/,04 Aug 2026
Michael Nedelcovych,3834,https://stockanalysis.com/analysts/Michael-Nedelcovych/,13 Jul 2026
Edward DeArias,3839,https://stockanalysis.com/analysts/Edward-DeArias/,10 Aug 2026
Alex Kania,3844,https://stockanalysis.com/analysts/Alex-Kania/,07 Aug 2026
Adam Kramer,3855,https://stockanalysis.com/analysts/Adam-Kramer/,25 Aug 2026
Nik Cremo,3858,https://stockanalysis.com/analysts/Nik-Cremo/,28 Aug 2026
Sergio Segura,3861,https://stockanalysis.com/analysts/Sergio-Segura/,10 Aug 2026
Martin Englert,3868,https://stockanalysis.com/analysts/Martin-Englert/,28 Apr 2026
Gregory Williams,3870,https://stockanalysis.com/analysts/Gregory-Williams/,07 Aug 2026
Chad Larkin,3872,https://stockanalysis.com/analysts/Chad-Larkin/,07 Aug 2026
Amy Li,3879,https://stockanalysis.com/analysts/Amy-Li/,11 May 2026
Lucy Yu,3881,https://stockanalysis.com/analysts/Lucy-Yu/,31 Aug 2026
Parker Snure,3883,https://stockanalysis.com/analysts/Parker-Snure/,07 Aug 2026
Ben Haynor,3885,https://stockanalysis.com/analysts/Ben-Haynor/,26 Aug 2026
Richard Hightower,3901,https://stockanalysis.com/analysts/Richard-Hightower/,02 Sep 2026
Ravi Shanker,3910,https://stockanalysis.com/analysts/Ravi-Shanker/,11 Aug 2026
Clarke Jeffries,3912,https://stockanalysis.com/analysts/Clarke-Jeffries/,02 Sep 2026
Anojja Shah,3915,https://stockanalysis.com/analysts/Anojja-Shah/,13 Aug 2026
Ryan Langston,3917,https://stockanalysis.com/analysts/Ryan-Langston/,27 Aug 2026
Peter McGoldrick,3919,https://stockanalysis.com/analysts/Peter-McGoldrick/,31 Aug 2026
Jordan Bender,3920,https://stockanalysis.com/analysts/Jordan-Bender/,07 Aug 2026
Michael Goldie,3929,https://stockanalysis.com/analysts/Michael-Goldie/,24 Aug 2026
Chris Quintero,3939,https://stockanalysis.com/analysts/Chris-Quintero/,31 Aug 2026
Zachary Fadem,3940,https://stockanalysis.com/analysts/Zachary-Fadem/,28 Aug 2026
Fulvio Cazzol,3953,https://stockanalysis.com/analysts/Fulvio-Cazzol/,24 Aug 2026
Carly Davenport,3954,https://stockanalysis.com/analysts/Carly-Davenport/,20 Aug 2026
Chad Messer,3955,https://stockanalysis.com/analysts/Chad-Messer/,21 Jul 2026
Michael Mueller,3958,https://stockanalysis.com/analysts/Michael-Mueller/,25 Aug 2026
Michael Toomey,3963,https://stockanalysis.com/analysts/Michael-Toomey/,16 Jul 2026
Eric Serotta,3966,https://stockanalysis.com/analysts/Eric-Serotta/,02 Sep 2026
Stan Berenshteyn,3977,https://stockanalysis.com/analysts/Stan-Berenshteyn/,27 Aug 2026
Graham Doyle,3978,https://stockanalysis.com/analysts/Graham-Doyle/,01 Sep 2026
Ryan Kenny,3994,https://stockanalysis.com/analysts/Ryan-Kenny/,07 Aug 2026
George Kurosawa,3996,https://stockanalysis.com/analysts/George-Kurosawa/,29 Jul 2026
Neha Agarwala,3997,https://stockanalysis.com/analysts/Neha-Agarwala/,04 Mar 2026
Kaumil Gajrawala,4000,https://stockanalysis.com/analysts/Kaumil-Gajrawala/,26 Aug 2026
Jamie Rollo,4010,https://stockanalysis.com/analysts/Jamie-Rollo/,12 Aug 2026
Ryan Tunis,4012,https://stockanalysis.com/analysts/Ryan-Tunis/,01 Sep 2026
Carlos Peyrelongue,4015,https://stockanalysis.com/analysts/Carlos-Peyrelongue/,17 Aug 2026
Kenneth Fong,4023,https://stockanalysis.com/analysts/Kenneth-Fong/,18 Mar 2026
Daniel Moore,4026,https://stockanalysis.com/analysts/Daniel-Moore/,27 May 2026
Patrick Wood,4030,https://stockanalysis.com/analysts/Patrick-Wood/,02 Sep 2026
Andrea Pistacchi,4035,https://stockanalysis.com/analysts/Andrea-Pistacchi/,06 Aug 2026
Thomas Yeh,4044,https://stockanalysis.com/analysts/Thomas-Yeh/,07 May 2026
Nadine Sarwat,4047,https://stockanalysis.com/analysts/Nadine-Sarwat/,03 Aug 2026
Lee Hambright,4057,https://stockanalysis.com/analysts/Lee-Hambright/,11 Aug 2026
Jack Lin,4058,https://stockanalysis.com/analysts/Jack-Lin/,26 Aug 2026
Thomas Palmer,4059,https://stockanalysis.com/analysts/Thomas-Palmer/,02 Sep 2026
Ben Klieve,4060,https://stockanalysis.com/analysts/Ben-Klieve/,25 Aug 2026
Frank Louthan,4064,https://stockanalysis.com/analysts/Frank-Louthan/,25 Aug 2026
Matthew Lofting,4072,https://stockanalysis.com/analysts/Matthew-Lofting/,04 Aug 2026
Batya Levi,4073,https://stockanalysis.com/analysts/Batya-Levi/,04 Aug 2026
Craig Kennison,4082,https://stockanalysis.com/analysts/Craig-Kennison/,24 Aug 2026
Hoang Nguyen,4085,https://stockanalysis.com/analysts/Hoang-Nguyen/,10 Aug 2026
Michael DiFiore,4086,https://stockanalysis.com/analysts/Michael-DiFiore/,07 May 2026
Peter Grom,4087,https://stockanalysis.com/analysts/Peter-Grom/,27 Aug 2026
Carlos Laboy,4088,https://stockanalysis.com/analysts/Carlos-Laboy/,28 Jul 2026
Tito Labarta,4089,https://stockanalysis.com/analysts/Tito-Labarta/,01 Sep 2026
Olivia Brayer,4090,https://stockanalysis.com/analysts/Olivia-Brayer/,01 Sep 2026
Ned Baramov,4094,https://stockanalysis.com/analysts/Ned-Baramov/,07 Aug 2026
Caitlin Burrows,4102,https://stockanalysis.com/analysts/Caitlin-Burrows/,01 Sep 2026
Chasen Bender,4104,https://stockanalysis.com/analysts/Chasen-Bender/,14 Aug 2026
Ekaterina Knyazkova,4118,https://stockanalysis.com/analysts/Ekaterina-Knyazkova/,02 Sep 2026
Matthew Johnson,4120,https://stockanalysis.com/analysts/Matthew-Johnson/,30 Jul 2026
Estelle Weingrod,4133,https://stockanalysis.com/analysts/Estelle-Weingrod/,17 Aug 2026
Andrew Cooper,4138,https://stockanalysis.com/analysts/Andrew-Cooper/,07 Aug 2026
Brendan Lynch,4140,https://stockanalysis.com/analysts/Brendan-Lynch/,25 Aug 2026
Kevin Krishnaratne,4142,https://stockanalysis.com/analysts/Kevin-Krishnaratne/,28 Aug 2026
Fan Tso,4145,https://stockanalysis.com/analysts/Fan-Tso/,19 Aug 2026
Wahid Amin,4153,https://stockanalysis.com/analysts/Wahid-Amin/,05 Aug 2026
Ameet Thakkar,4154,https://stockanalysis.com/analysts/Ameet-Thakkar/,28 Aug 2026
Austin Wang,4158,https://stockanalysis.com/analysts/Austin-Wang/,07 Aug 2026
Lizzie Dove,4159,https://stockanalysis.com/analysts/Lizzie-Dove/,19 Aug 2026
Nathan Treybeck,4162,https://stockanalysis.com/analysts/Nathan-Treybeck/,18 Aug 2026
Michael Okunewitch,4168,https://stockanalysis.com/analysts/Michael-Okunewitch/,27 Aug 2026
Stephen Glagola,4178,https://stockanalysis.com/analysts/Stephen-Glagola/,02 Sep 2026
David Chiaverini,4183,https://stockanalysis.com/analysts/David-Chiaverini/,03 Aug 2026
Mason Carrico,4187,https://stockanalysis.com/analysts/Mason-Carrico/,18 Aug 2026
Megan Alexander,4190,https://stockanalysis.com/analysts/Megan-Alexander/,24 Jun 2026
Mario Pierry,4193,https://stockanalysis.com/analysts/Mario-Pierry/,25 Aug 2026
Tim Rezvan,4195,https://stockanalysis.com/analysts/Tim-Rezvan/,31 Aug 2026
Michael Fairbanks,4198,https://stockanalysis.com/analysts/Michael-Fairbanks/,25 Aug 2026
Wei Xiong,4199,https://stockanalysis.com/analysts/Wei-Xiong/,12 Aug 2026
Matt Ma,4200,https://stockanalysis.com/analysts/Matt-Ma/,01 Sep 2026
Danilo Gargiulo,4210,https://stockanalysis.com/analysts/Danilo-Gargiulo/,24 Aug 2026
Trevor Young,4211,https://stockanalysis.com/analysts/Trevor-Young/,11 Jun 2026
Salvator Tiano,4212,https://stockanalysis.com/analysts/Salvator-Tiano/,21 Apr 2026
Cameron McVeigh,4213,https://stockanalysis.com/analysts/Cameron-McVeigh/,28 Aug 2026
Atul Maheswari,4214,https://stockanalysis.com/analysts/Atul-Maheswari/,05 Aug 2026
Derek Soderberg,4215,https://stockanalysis.com/analysts/Derek-Soderberg/,14 Aug 2026
Charles Zhou,4216,https://stockanalysis.com/analysts/Charles-Zhou/,26 Aug 2026
Stephanie Piazzola,4221,https://stockanalysis.com/analysts/Stephanie-Piazzola/,05 Aug 2026
Alton Stump,4223,https://stockanalysis.com/analysts/Alton-Stump/,10 Aug 2026
Michael Ha,4226,https://stockanalysis.com/analysts/Michael-Ha/,07 Aug 2026
Craig Moffett,4240,https://stockanalysis.com/analysts/Craig-Moffett/,08 Apr 2026
Jessica Tassan,4242,https://stockanalysis.com/analysts/Jessica-Tassan/,26 Aug 2026
Kevin Dede,4244,https://stockanalysis.com/analysts/Kevin-Dede/,09 Apr 2026
Aidan Kelly,4246,https://stockanalysis.com/analysts/Aidan-Kelly/,02 Sep 2026
Lincoln Kong,4253,https://stockanalysis.com/analysts/Lincoln-Kong/,24 Aug 2026
Greg Parrish,4255,https://stockanalysis.com/analysts/Greg-Parrish/,12 Aug 2026
Terry Tillman,4260,https://stockanalysis.com/analysts/Terry-Tillman/,02 Sep 2026
Brian Holland,4262,https://stockanalysis.com/analysts/Brian-Holland/,10 Aug 2026
Jason Stewart,4278,https://stockanalysis.com/analysts/Jason-Stewart/,26 Aug 2026
Brendan Sproules,4279,https://stockanalysis.com/analysts/Brendan-Sproules/,03 Jul 2026
Christian Carlino,4285,https://stockanalysis.com/analysts/Christian-Carlino/,12 Nov 2025
Paul Kearney,4295,https://stockanalysis.com/analysts/Paul-Kearney/,04 Nov 2025
Andrew Polkowitz,4302,https://stockanalysis.com/analysts/Andrew-Polkowitz/,01 May 2026
Todd Brooks,4307,https://stockanalysis.com/analysts/Todd-Brooks/,07 Aug 2026
Rishi Jaluria,4316,https://stockanalysis.com/analysts/Rishi-Jaluria/,02 Sep 2026
Thomas Wendler,4324,https://stockanalysis.com/analysts/Thomas-Wendler/,30 Jul 2026
Taylor McGinnis,4333,https://stockanalysis.com/analysts/Taylor-McGinnis/,28 Aug 2026
Elizabeth Porter,4338,https://stockanalysis.com/analysts/Elizabeth-Porter/,28 Aug 2026
Tom White,4340,https://stockanalysis.com/analysts/Tom-White/,31 Aug 2026
Nate Svensson,4341,https://stockanalysis.com/analysts/Nate-Svensson/,06 Aug 2026
Sean McGowan,4345,https://stockanalysis.com/analysts/Sean-McGowan/,18 Aug 2026
Charles Nabhan,4346,https://stockanalysis.com/analysts/Charles-Nabhan/,08 May 2026
Zachary Silverberg,4349,https://stockanalysis.com/analysts/Zachary-Silverberg/,21 Aug 2026
Samuel Nielsen,4352,https://stockanalysis.com/analysts/Samuel-Nielsen/,04 Aug 2026
James West,4357,https://stockanalysis.com/analysts/James-West/,16 Jun 2026
Akshay Gupta,4361,https://stockanalysis.com/analysts/Akshay-Gupta/,13 Apr 2026
Nick Lai,4365,https://stockanalysis.com/analysts/Nick-Lai/,02 Sep 2026
Ed Engel,4366,https://stockanalysis.com/analysts/Ed-Engel/,02 Aug 2026
Brian Harbour,4368,https://stockanalysis.com/analysts/Brian-Harbour/,26 Aug 2026
Brandon Vazquez,4372,https://stockanalysis.com/analysts/Brandon-Vazquez/,02 Sep 2026
Austin Bohlig,4375,https://stockanalysis.com/analysts/Austin-Bohlig/,27 Aug 2026
Bryan Bergin,4379,https://stockanalysis.com/analysts/Bryan-Bergin/,27 Aug 2026
Michael Sison,4381,https://stockanalysis.com/analysts/Michael-Sison/,03 Aug 2026
Matthew VanVliet,4383,https://stockanalysis.com/analysts/Matthew-VanVliet/,02 Sep 2026
Vasundhara Govil,4390,https://stockanalysis.com/analysts/Vasundhara-Govil/,20 Aug 2026
Boobalan Pachaiyappan,4400,https://stockanalysis.com/analysts/Boobalan-Pachaiyappan/,01 Sep 2026
Noah Zatzkin,4401,https://stockanalysis.com/analysts/Noah-Zatzkin/,02 Sep 2026
Casey Ryan,4403,https://stockanalysis.com/analysts/Casey-Ryan/,08 Jan 2026
Jack Matten,4408,https://stockanalysis.com/analysts/Jack-Matten/,12 Aug 2026
Anna Glaessgen,4415,https://stockanalysis.com/analysts/Anna-Glaessgen/,31 Aug 2026
Jason Bednar,4419,https://stockanalysis.com/analysts/Jason-Bednar/,01 Sep 2026
Gerald Pascarelli,4421,https://stockanalysis.com/analysts/Gerald-Pascarelli/,11 Aug 2026
Robert Farnam,4427,https://stockanalysis.com/analysts/Robert-Farnam/,25 Mar 2026
Anthony Trainor,4431,https://stockanalysis.com/analysts/Anthony-Trainor/,06 Aug 2026
Marco Limite,4433,https://stockanalysis.com/analysts/Marco-Limite/,27 Aug 2026
Tomohiko Sano,4436,https://stockanalysis.com/analysts/Tomohiko-Sano/,21 Aug 2026
Anthony Valentini,4438,https://stockanalysis.com/analysts/Anthony-Valentini/,14 Jul 2026
Richard Kramer,4447,https://stockanalysis.com/analysts/Richard-Kramer/,30 Jun 2026
Bryan Smilek,4449,https://stockanalysis.com/analysts/Bryan-Smilek/,02 Sep 2026
Li Watsek,4451,https://stockanalysis.com/analysts/Li-Watsek/,21 Aug 2026
Madeline Brooks,4454,https://stockanalysis.com/analysts/Madeline-Brooks/,27 Feb 2026
Aaron Grey,4458,https://stockanalysis.com/analysts/Aaron-Grey/,24 Aug 2026
Carl Byrnes,4459,https://stockanalysis.com/analysts/Carl-Byrnes/,24 Apr 2026
Andrea Tan,4463,https://stockanalysis.com/analysts/Andrea-Tan/,05 Feb 2026
Stephen Sheldon,4464,https://stockanalysis.com/analysts/Stephen-Sheldon/,27 Aug 2026
Matthew Hurwit,4467,https://stockanalysis.com/analysts/Matthew-Hurwit/,25 Mar 2026
Tracy Benguigui,4468,https://stockanalysis.com/analysts/Tracy-Benguigui/,19 Aug 2026
Jake Roberge,4470,https://stockanalysis.com/analysts/Jake-Roberge/,18 Mar 2026
Jason Tilchen,4473,https://stockanalysis.com/analysts/Jason-Tilchen/,12 Aug 2026
Gordon Johnson,4479,https://stockanalysis.com/analysts/Gordon-Johnson/,27 Aug 2026
David Turkaly,4480,https://stockanalysis.com/analysts/David-Turkaly/,02 Sep 2026
Leo Chiang,4490,https://stockanalysis.com/analysts/Leo-Chiang/,28 Jul 2026
Ben Shelley,4491,https://stockanalysis.com/analysts/Ben-Shelley/,06 Aug 2026
Bill Kerr,4493,https://stockanalysis.com/analysts/Bill-Kerr/,11 Dec 2025
Rahul Krotthapalli,4500,https://stockanalysis.com/analysts/Rahul-Krotthapalli/,12 Aug 2026
Jeff Chung,4501,https://stockanalysis.com/analysts/Jeff-Chung/,02 Sep 2026
Greg Konrad,4505,https://stockanalysis.com/analysts/Greg-Konrad/,17 May 2026
Ashley Owens,4507,https://stockanalysis.com/analysts/Ashley-Owens/,26 Aug 2026
Kumaraguru Raja,4516,https://stockanalysis.com/analysts/Kumaraguru-Raja/,27 Jul 2026
Ryan Meyers,4522,https://stockanalysis.com/analysts/Ryan-Meyers/,28 Aug 2026
Cheng Li,4524,https://stockanalysis.com/analysts/Cheng-Li/,27 Feb 2026
Michael Pachter,4529,https://stockanalysis.com/analysts/Michael-Pachter/,12 Aug 2026
James Quigley,4530,https://stockanalysis.com/analysts/James-Quigley/,06 Aug 2026
Jeffrey Adelson,4532,https://stockanalysis.com/analysts/Jeffrey-Adelson/,17 Aug 2026
Benjamin Mayhew,4538,https://stockanalysis.com/analysts/Benjamin-Mayhew/,07 Aug 2026
Michael Funk,4545,https://stockanalysis.com/analysts/Michael-Funk/,28 Aug 2026
Mickey Legg,4548,https://stockanalysis.com/analysts/Mickey-Legg/,31 Jul 2026
Will Nance,4552,https://stockanalysis.com/analysts/Will-Nance/,02 Sep 2026
Mani Foroohar,4553,https://stockanalysis.com/analysts/Mani-Foroohar/,04 Jun 2026
Priyanka Grover,4558,https://stockanalysis.com/analysts/Priyanka-Grover/,18 Aug 2026
Logan Reich,4560,https://stockanalysis.com/analysts/Logan-Reich/,24 Aug 2026
Kai Klose,4562,https://stockanalysis.com/analysts/Kai-Klose/,27 Aug 2026
David Larsen,4565,https://stockanalysis.com/analysts/David-Larsen/,28 Aug 2026
Jim Salera,4566,https://stockanalysis.com/analysts/Jim-Salera/,28 Aug 2026
Jailendra Singh,4569,https://stockanalysis.com/analysts/Jailendra-Singh/,01 Sep 2026
David Adlington,4579,https://stockanalysis.com/analysts/David-Adlington/,01 Sep 2026
Ryan Tomasello,4581,https://stockanalysis.com/analysts/Ryan-Tomasello/,26 Aug 2026
Marc Torrente,4583,https://stockanalysis.com/analysts/Marc-Torrente/,06 Aug 2026
Isabella Simonato,4587,https://stockanalysis.com/analysts/Isabella-Simonato/,19 Aug 2026
Jeffrey Stantial,4588,https://stockanalysis.com/analysts/Jeffrey-Stantial/,28 Aug 2026
Sean Kennedy,4590,https://stockanalysis.com/analysts/Sean-Kennedy/,11 Aug 2026
Curtis Nagle,4592,https://stockanalysis.com/analysts/Curtis-Nagle/,25 Aug 2026
David Hynes,4593,https://stockanalysis.com/analysts/David-Hynes/,28 Aug 2026
Chris Pierce,4596,https://stockanalysis.com/analysts/Chris-Pierce/,12 Aug 2026
Scott Schoenhaus,4597,https://stockanalysis.com/analysts/Scott-Schoenhaus/,24 Aug 2026
Shilan Modi,4601,https://stockanalysis.com/analysts/Shilan-Modi/,14 Apr 2026
Nora Min,4604,https://stockanalysis.com/analysts/Nora-Min/,31 Jul 2026
Yun Zhong,4605,https://stockanalysis.com/analysts/Yun-Zhong/,02 Sep 2026
Corinne Blanchard,4608,https://stockanalysis.com/analysts/Corinne-Blanchard/,26 Aug 2026
Tim Hsiao,4609,https://stockanalysis.com/analysts/Tim-Hsiao/,01 Sep 2026
Colin Langan,4614,https://stockanalysis.com/analysts/Colin-Langan/,20 Aug 2026
Tom Curran,4616,https://stockanalysis.com/analysts/Tom-Curran/,08 Jan 2026
William Grippin,4618,https://stockanalysis.com/analysts/William-Grippin/,02 Sep 2026
Seth Sigman,4622,https://stockanalysis.com/analysts/Seth-Sigman/,03 Sep 2026
Daniel Perlin,4623,https://stockanalysis.com/analysts/Daniel-Perlin/,28 Aug 2026
Sean Milligan,4627,https://stockanalysis.com/analysts/Sean-Milligan/,02 Sep 2026
Alexandria Hammond,4632,https://stockanalysis.com/analysts/Alexandria-Hammond/,25 Aug 2026
Brian Skorney,4634,https://stockanalysis.com/analysts/Brian-Skorney/,01 Sep 2026
Alexia Dogani,4636,https://stockanalysis.com/analysts/Alexia-Dogani/,17 Aug 2026
Naz Rahman,4637,https://stockanalysis.com/analysts/Naz-Rahman/,28 Aug 2026
Constantine Davides,4638,https://stockanalysis.com/analysts/Constantine-Davides/,29 Jul 2026
Anna Andreeva,4639,https://stockanalysis.com/analysts/Anna-Andreeva/,02 Sep 2026
Caroline Palomeque,4641,https://stockanalysis.com/analysts/Caroline-Palomeque/,16 Jun 2026
Puneet Jain,4643,https://stockanalysis.com/analysts/Puneet-Jain/,26 Aug 2026
Matthew Keller,4644,https://stockanalysis.com/analysts/Matthew-Keller/,01 Sep 2026
Joseph Civello,4645,https://stockanalysis.com/analysts/Joseph-Civello/,31 Aug 2026
Sara Nik,4646,https://stockanalysis.com/analysts/Sara-Nik/,28 Aug 2026
Jason Kupferberg,4647,https://stockanalysis.com/analysts/Jason-Kupferberg/,31 Aug 2026
Daina Graybosch,4648,https://stockanalysis.com/analysts/Daina-Graybosch/,11 Aug 2026
Bill Kirk,4649,https://stockanalysis.com/analysts/Bill-Kirk/,26 Aug 2026
Bruce Jackson,4656,https://stockanalysis.com/analysts/Bruce-Jackson/,20 Aug 2026
Michael Albanese,4657,https://stockanalysis.com/analysts/Michael-Albanese/,19 Aug 2026
Sarang Vora,4660,https://stockanalysis.com/analysts/Sarang-Vora/,21 Aug 2026
Young Li,4662,https://stockanalysis.com/analysts/Young-Li/,07 Jul 2026
Piral Dadhania,4665,https://stockanalysis.com/analysts/Piral-Dadhania/,24 Aug 2026
Reni Benjamin,4669,https://stockanalysis.com/analysts/Reni-Benjamin/,07 Aug 2026
Joseph Spak,4673,https://stockanalysis.com/analysts/Joseph-Spak/,20 Aug 2026
Ryan MacDonald,4674,https://stockanalysis.com/analysts/Ryan-MacDonald/,02 Sep 2026
Marie Thibault,4675,https://stockanalysis.com/analysts/Marie-Thibault/,02 Sep 2026
Jason Kolbert,4676,https://stockanalysis.com/analysts/Jason-Kolbert/,13 May 2026
Christopher Souther,4678,https://stockanalysis.com/analysts/Christopher-Souther/,02 Sep 2026
Vikram Bagri,4681,https://stockanalysis.com/analysts/Vikram-Bagri/,28 Aug 2026
Kyle Bauser,4682,https://stockanalysis.com/analysts/Kyle-Bauser/,28 Aug 2026
Jason McCarthy,4683,https://stockanalysis.com/analysts/Jason-McCarthy/,26 Aug 2026
Jack Allen,4684,https://stockanalysis.com/analysts/Jack-Allen/,30 Jun 2026
James Molloy,4686,https://stockanalysis.com/analysts/James-Molloy/,31 Aug 2026
Itay Michaeli,4688,https://stockanalysis.com/analysts/Itay-Michaeli/,11 Aug 2026
Eric Wold,4689,https://stockanalysis.com/analysts/Eric-Wold/,15 Jul 2026
Edward Woo,4690,https://stockanalysis.com/analysts/Edward-Woo/,28 Aug 2026
Allen Klee,4691,https://stockanalysis.com/analysts/Allen-Klee/,21 Aug 2026
Anthony Vendetti,4693,https://stockanalysis.com/analysts/Anthony-Vendetti/,02 Sep 2026
James McIlree,4694,https://stockanalysis.com/analysts/James-McIlree/,28 Aug 2026
Lucas Ward,4695,https://stockanalysis.com/analysts/Lucas-Ward/,04 Jun 2026
Woody Lay,9915,https://stockanalysis.com/analysts/Woody-Lay/,Not found
Xavier Bouvignies,9915,https://stockanalysis.com/analysts/Xavier-Bouvignies/,Not found
Yessica Sanchez,9915,https://stockanalysis.com/analysts/Yessica-Sanchez/,Not found
Yi Fu,9915,https://stockanalysis.com/analysts/Yi-Fu/,Not found
Alex Goldfarb,9915,https://stockanalysis.com/analysts/Alex-Goldfarb/,Not found
Alex Haissl,9915,https://stockanalysis.com/analysts/Alex-Haissl/,Not found
Alex Nowark,9915,https://stockanalysis.com/analysts/Alex-Nowark/,Not found
del Valle,9915,https://stockanalysis.com/analysts/del-Valle/,Not found
Aaron Kessler,9915,https://stockanalysis.com/analysts/Aaron-Kessler/,Not found
Abhi Agarwal,9915,https://stockanalysis.com/analysts/Abhi-Agarwal/,Not found
Zachary Warring,9915,https://stockanalysis.com/analysts/Zachary-Warring/,Not found
Air Ma,9915,https://stockanalysis.com/analysts/Air-Ma/,Not found
Paul Steep,9915,https://stockanalysis.com/analysts/Paul-Steep/,Not found
Paul Zimbardo,9915,https://stockanalysis.com/analysts/Paul-Zimbardo/,Not found
Perez Mora,9915,https://stockanalysis.com/analysts/Perez-Mora/,Not found
Pete Skibitski,9915,https://stockanalysis.com/analysts/Pete-Skibitski/,Not found
Derik De,9915,https://stockanalysis.com/analysts/Derik-De/,Not found
Destiny Hance,9915,https://stockanalysis.com/analysts/Destiny-Hance/,Not found
Diego Aragao,9915,https://stockanalysis.com/analysts/Diego-Aragao/,Not found
Patrick R. Trucchio,9915,https://stockanalysis.com/analysts/Patrick-R.-Trucchio/,Not found
Patrick Tyler,9915,https://stockanalysis.com/analysts/Patrick-Tyler/,Not found
Patty Kanada,9915,https://stockanalysis.com/analysts/Patty-Kanada/,Not found
Paul Adams,9915,https://stockanalysis.com/analysts/Paul-Adams/,Not found
Paul Cheng,9915,https://stockanalysis.com/analysts/Paul-Cheng/,Not found
Paul Chung,9915,https://stockanalysis.com/analysts/Paul-Chung/,Not found
Paul Coster,9915,https://stockanalysis.com/analysts/Paul-Coster/,Not found
Paul Diamond,9915,https://stockanalysis.com/analysts/Paul-Diamond/,Not found
Dillon Cumming,9915,https://stockanalysis.com/analysts/Dillon-Cumming/,Not found
Dimple Gosa,9915,https://stockanalysis.com/analysts/Dimple-Gosa/,Not found
Dimple Gosai,9915,https://stockanalysis.com/analysts/Dimple-Gosai/,Not found
Divya Goyal,9915,https://stockanalysis.com/analysts/Divya-Goyal/,Not found
Domingos Falavina,9915,https://stockanalysis.com/analysts/Domingos-Falavina/,Not found
Don Carducci,9915,https://stockanalysis.com/analysts/Don-Carducci/,Not found
Dori Kesten,9915,https://stockanalysis.com/analysts/Dori-Kesten/,Not found
Doug Harter,9915,https://stockanalysis.com/analysts/Doug-Harter/,Not found
Pablo Zuanic,9915,https://stockanalysis.com/analysts/Pablo-Zuanic/,Not found
Papa Sylla,9915,https://stockanalysis.com/analysts/Papa-Sylla/,Not found
Parker Lane,9915,https://stockanalysis.com/analysts/Parker-Lane/,Not found
Peter Costa,9915,https://stockanalysis.com/analysts/Peter-Costa/,Not found
Peter Lawson,9915,https://stockanalysis.com/analysts/Peter-Lawson/,Not found
Peter Osterland,9915,https://stockanalysis.com/analysts/Peter-Osterland/,Not found
David Togut,9915,https://stockanalysis.com/analysts/David-Togut/,Not found
De Bruin,9915,https://stockanalysis.com/analysts/De-Bruin/,Not found
Deborah Ciervo,9915,https://stockanalysis.com/analysts/Deborah-Ciervo/,Not found
Paul McTaggart,9915,https://stockanalysis.com/analysts/Paul-McTaggart/,Not found
Paul Obrecht,9915,https://stockanalysis.com/analysts/Paul-Obrecht/,Not found
Patrick Donnelly,9915,https://stockanalysis.com/analysts/Patrick-Donnelly/,Not found
Douglas Irwin,9915,https://stockanalysis.com/analysts/Douglas-Irwin/,Not found
Drew Chamberlain,9915,https://stockanalysis.com/analysts/Drew-Chamberlain/,Not found
Drew Ranieri,9915,https://stockanalysis.com/analysts/Drew-Ranieri/,Not found
Duane Pfenningwerth,9915,https://stockanalysis.com/analysts/Duane-Pfenningwerth/,Not found
Ed Yang,9915,https://stockanalysis.com/analysts/Ed-Yang/,Not found
Eddie Leung,9915,https://stockanalysis.com/analysts/Eddie-Leung/,Not found
Philipp Häßler,9915,empty,Not found
Pinjalim Bora,9915,https://stockanalysis.com/analysts/Pinjalim-Bora/,Not found
David Kang,9915,https://stockanalysis.com/analysts/David-Kang/,Not found
David Lebovitz,9915,https://stockanalysis.com/analysts/David-Lebovitz/,Not found
David Leiker,9915,https://stockanalysis.com/analysts/David-Leiker/,Not found
David Lewis,9915,https://stockanalysis.com/analysts/David-Lewis/,Not found
David MacDonald,9915,https://stockanalysis.com/analysts/David-MacDonald/,Not found
David Motemeden,9915,https://stockanalysis.com/analysts/David-Motemeden/,Not found
David Rodgers,9915,https://stockanalysis.com/analysts/David-Rodgers/,Not found
David Seigerman,9915,https://stockanalysis.com/analysts/David-Seigerman/,Not found
David Smith,9915,https://stockanalysis.com/analysts/David-Smith/,Not found
David Strauss,9915,https://stockanalysis.com/analysts/David-Strauss/,Not found
Ole Slorer,9915,https://stockanalysis.com/analysts/Ole-Slorer/,Not found
Omar Nokta,9915,https://stockanalysis.com/analysts/Omar-Nokta/,Not found
Elizabeth Anderson,9915,https://stockanalysis.com/analysts/Elizabeth-Anderson/,Not found
Elizabeth Garcia,9915,https://stockanalysis.com/analysts/Elizabeth-Garcia/,Not found
Elizabeth Suzuki,9915,https://stockanalysis.com/analysts/Elizabeth-Suzuki/,Not found
Prashant Rao,9915,https://stockanalysis.com/analysts/Prashant-Rao/,Not found
Pérez Mora,9915,empty,Not found
David Belinger,9915,https://stockanalysis.com/analysts/David-Belinger/,Not found
David Bouchey,9915,https://stockanalysis.com/analysts/David-Bouchey/,Not found
David Hicks,9915,https://stockanalysis.com/analysts/David-Hicks/,Not found
Philip Cusick,9915,https://stockanalysis.com/analysts/Philip-Cusick/,Not found
Philip Gibbs,9915,https://stockanalysis.com/analysts/Philip-Gibbs/,Not found
Nick Pope,9915,https://stockanalysis.com/analysts/Nick-Pope/,Not found
Nicole Germino,9915,https://stockanalysis.com/analysts/Nicole-Germino/,Not found
Nicole Miller,9915,https://stockanalysis.com/analysts/Nicole-Miller/,Not found
Nigel Dally,9915,https://stockanalysis.com/analysts/Nigel-Dally/,Not found
Nitin Kumar,9915,https://stockanalysis.com/analysts/Nitin-Kumar/,Not found
Noah Herman,9915,https://stockanalysis.com/analysts/Noah-Herman/,Not found
Nicholas Jones,9915,https://stockanalysis.com/analysts/Nicholas-Jones/,Not found
Q3 EPS,9915,https://stockanalysis.com/analysts/Q3-EPS/,Not found
Q3 Marketplace,9915,https://stockanalysis.com/analysts/Q3-Marketplace/,Not found
Rachel Vatnsdal,9915,https://stockanalysis.com/analysts/Rachel-Vatnsdal/,Not found
Raghuram Selvaraju,9915,https://stockanalysis.com/analysts/Raghuram-Selvaraju/,Not found
Raj Kumar,9915,https://stockanalysis.com/analysts/Raj-Kumar/,Not found
Raj Sharma,9915,https://stockanalysis.com/analysts/Raj-Sharma/,Not found
Rajat Gupta,9915,https://stockanalysis.com/analysts/Rajat-Gupta/,Not found
Ralph Profiti,9915,https://stockanalysis.com/analysts/Ralph-Profiti/,Not found
Darren Leung,9915,https://stockanalysis.com/analysts/Darren-Leung/,Not found
Nicholas Thomas,9915,https://stockanalysis.com/analysts/Nicholas-Thomas/,Not found
Nicholas Watts,9915,https://stockanalysis.com/analysts/Nicholas-Watts/,Not found
Nick Abbott,9915,https://stockanalysis.com/analysts/Nick-Abbott/,Not found
Nick Del,9915,https://stockanalysis.com/analysts/Nick-Del/,Not found
Nick Housden,9915,https://stockanalysis.com/analysts/Nick-Housden/,Not found
Nick Joseph,9915,https://stockanalysis.com/analysts/Nick-Joseph/,Not found
Eric Beaumont,9915,https://stockanalysis.com/analysts/Eric-Beaumont/,Not found
Eric Des,9915,https://stockanalysis.com/analysts/Eric-Des/,Not found
Eric Schmidt,9915,https://stockanalysis.com/analysts/Eric-Schmidt/,Not found
Nathan Rice,9915,https://stockanalysis.com/analysts/Nathan-Rice/,Not found
Daniel Hibshman,9915,https://stockanalysis.com/analysts/Daniel-Hibshman/,Not found
Reif Ehrlich,9915,https://stockanalysis.com/analysts/Reif-Ehrlich/,Not found
Ricardo Rezende,9915,https://stockanalysis.com/analysts/Ricardo-Rezende/,Not found
Daniel Kutz,9915,https://stockanalysis.com/analysts/Daniel-Kutz/,Not found
Daniel Markowitz,9915,https://stockanalysis.com/analysts/Daniel-Markowitz/,Not found
Daniel Roeska,9915,https://stockanalysis.com/analysts/Daniel-Roeska/,Not found
Neel Kumar,9915,https://stockanalysis.com/analysts/Neel-Kumar/,Not found
Neil Kalton,9915,https://stockanalysis.com/analysts/Neil-Kalton/,Not found
Nichola Holowko,9915,https://stockanalysis.com/analysts/Nichola-Holowko/,Not found
Erin Wilson,9915,https://stockanalysis.com/analysts/Erin-Wilson/,Not found
Erwan Rambourg,9915,https://stockanalysis.com/analysts/Erwan-Rambourg/,Not found
Esme Pau,9915,https://stockanalysis.com/analysts/Esme-Pau/,Not found
Esther Rajavelu,9915,https://stockanalysis.com/analysts/Esther-Rajavelu/,Not found
Eun Yang,9915,https://stockanalysis.com/analysts/Eun-Yang/,Not found
Dan Brennan,9915,https://stockanalysis.com/analysts/Dan-Brennan/,Not found
Dan Ives,9915,https://stockanalysis.com/analysts/Dan-Ives/,Not found
Rich Hightower,9915,https://stockanalysis.com/analysts/Rich-Hightower/,Not found
Rich Hilliker,9915,https://stockanalysis.com/analysts/Rich-Hilliker/,Not found
Richard Eastman,9915,https://stockanalysis.com/analysts/Richard-Eastman/,Not found
Richard Hill,9915,https://stockanalysis.com/analysts/Richard-Hill/,Not found
Richard Law,9915,https://stockanalysis.com/analysts/Richard-Law/,Not found
Dan Silverstein,9915,https://stockanalysis.com/analysts/Dan-Silverstein/,Not found
Dane Leone,9915,https://stockanalysis.com/analysts/Dane-Leone/,Not found
Daniel Chan,9915,https://stockanalysis.com/analysts/Daniel-Chan/,Not found
Daniel Chen,9915,https://stockanalysis.com/analysts/Daniel-Chen/,Not found
Daniel Ford,9915,https://stockanalysis.com/analysts/Daniel-Ford/,Not found
Nathan Janes,9915,https://stockanalysis.com/analysts/Nathan-Janes/,Not found
Eva Fortea,9915,https://stockanalysis.com/analysts/Eva-Fortea/,Not found
Evan David,9915,https://stockanalysis.com/analysts/Evan-David/,Not found
Farooq Hamed,9915,https://stockanalysis.com/analysts/Farooq-Hamed/,Not found
Federico Merendi,9915,https://stockanalysis.com/analysts/Federico-Merendi/,Not found
Mike Matson,9915,https://stockanalysis.com/analysts/Mike-Matson/,Not found
Rick Paterson,9915,https://stockanalysis.com/analysts/Rick-Paterson/,Not found
Ricky Goldwasser,9915,https://stockanalysis.com/analysts/Ricky-Goldwasser/,Not found
Cristina Fernández,9915,empty,Not found
Cristopher Kennedy,9915,https://stockanalysis.com/analysts/Cristopher-Kennedy/,Not found
Curt Woodworth,9915,https://stockanalysis.com/analysts/Curt-Woodworth/,Not found
Curtis Shauger,9915,https://stockanalysis.com/analysts/Curtis-Shauger/,Not found
Da Wei,9915,https://stockanalysis.com/analysts/Da-Wei/,Not found
Dae Gon,9915,https://stockanalysis.com/analysts/Dae-Gon/,Not found
Dailey Fairbanks,9915,https://stockanalysis.com/analysts/Dailey-Fairbanks/,Not found
Robert Bek,9915,https://stockanalysis.com/analysts/Robert-Bek/,Not found
Robert Cox,9915,https://stockanalysis.com/analysts/Robert-Cox/,Not found
Colleen Kusy,9915,https://stockanalysis.com/analysts/Colleen-Kusy/,Not found
Connor Chamberlain,9915,https://stockanalysis.com/analysts/Connor-Chamberlain/,Not found
Connor Lynagh,9915,https://stockanalysis.com/analysts/Connor-Lynagh/,Not found
Connor Siversky,9915,https://stockanalysis.com/analysts/Connor-Siversky/,Not found
Conor Fitzgerald,9915,https://stockanalysis.com/analysts/Conor-Fitzgerald/,Not found
Conor McNamara,9915,https://stockanalysis.com/analysts/Conor-McNamara/,Not found
Corinne Jenkins,9915,https://stockanalysis.com/analysts/Corinne-Jenkins/,Not found
Richard Radbourne,9915,https://stockanalysis.com/analysts/Richard-Radbourne/,Not found
Richard Repetto,9915,https://stockanalysis.com/analysts/Richard-Repetto/,Not found
Mike Morris,9915,https://stockanalysis.com/analysts/Mike-Morris/,Not found
Mike Polark,9915,https://stockanalysis.com/analysts/Mike-Polark/,Not found
Mike Scialla,9915,https://stockanalysis.com/analysts/Mike-Scialla/,Not found
Ming Hsun,9915,https://stockanalysis.com/analysts/Ming-Hsun/,Not found
Mitch Germain,9915,https://stockanalysis.com/analysts/Mitch-Germain/,Not found
Felicia Hendrix,9915,https://stockanalysis.com/analysts/Felicia-Hendrix/,Not found
Fernando Abdalla,9915,https://stockanalysis.com/analysts/Fernando-Abdalla/,Not found
Floris Van,9915,https://stockanalysis.com/analysts/Floris-Van/,Not found
Francisco Suarez,9915,https://stockanalysis.com/analysts/Francisco-Suarez/,Not found
Frank Lee,9915,https://stockanalysis.com/analysts/Frank-Lee/,Not found
Robert Napoli,9915,https://stockanalysis.com/analysts/Robert-Napoli/,Not found
Christyne McGarvey,9915,https://stockanalysis.com/analysts/Christyne-McGarvey/,Not found
Chuck Grom,9915,https://stockanalysis.com/analysts/Chuck-Grom/,Not found
Cleveland Rueckert,9915,https://stockanalysis.com/analysts/Cleveland-Rueckert/,Not found
Cody Ross,9915,https://stockanalysis.com/analysts/Cody-Ross/,Not found
Colin Bristow,9915,https://stockanalysis.com/analysts/Colin-Bristow/,Not found
Colin Isaac,9915,https://stockanalysis.com/analysts/Colin-Isaac/,Not found
Rob Brown,9915,https://stockanalysis.com/analysts/Rob-Brown/,Not found
Rob Dickerson,9915,https://stockanalysis.com/analysts/Rob-Dickerson/,Not found
Rob Oliver,9915,https://stockanalysis.com/analysts/Rob-Oliver/,Not found
Rob Wertheimer,9915,https://stockanalysis.com/analysts/Rob-Wertheimer/,Not found
Roger Read,9915,https://stockanalysis.com/analysts/Roger-Read/,Not found
Rohin Patel,9915,https://stockanalysis.com/analysts/Rohin-Patel/,Not found
Ronald J,9915,https://stockanalysis.com/analysts/Ronald-J/,Not found
Christopher LaFemina,9915,https://stockanalysis.com/analysts/Christopher-LaFemina/,Not found
Christopher LeFemina,9915,https://stockanalysis.com/analysts/Christopher-LeFemina/,Not found
Christopher Mandeville,9915,https://stockanalysis.com/analysts/Christopher-Mandeville/,Not found
Christopher Merwin,9915,https://stockanalysis.com/analysts/Christopher-Merwin/,Not found
Christopher Moore,9915,https://stockanalysis.com/analysts/Christopher-Moore/,Not found
Christopher Parkinson,9915,https://stockanalysis.com/analysts/Christopher-Parkinson/,Not found
Christopher Schoell,9915,https://stockanalysis.com/analysts/Christopher-Schoell/,Not found
Robert Mason,9915,https://stockanalysis.com/analysts/Robert-Mason/,Not found
Robert Mosca,9915,https://stockanalysis.com/analysts/Robert-Mosca/,Not found
Ross Muken,9915,https://stockanalysis.com/analysts/Ross-Muken/,Not found
Ross Osborn,9915,https://stockanalysis.com/analysts/Ross-Osborn/,Not found
Ross Smotrich,9915,https://stockanalysis.com/analysts/Ross-Smotrich/,Not found
Roy Buchanan,9915,https://stockanalysis.com/analysts/Roy-Buchanan/,Not found
Chris Senyek,9915,https://stockanalysis.com/analysts/Chris-Senyek/,Not found
Chris Snyder,9915,https://stockanalysis.com/analysts/Chris-Snyder/,Not found
Chris Zhang,9915,https://stockanalysis.com/analysts/Chris-Zhang/,Not found
Christopher Danely,9915,https://stockanalysis.com/analysts/Christopher-Danely/,Not found
Christopher Dendrinos,9915,https://stockanalysis.com/analysts/Christopher-Dendrinos/,Not found
Christopher Graja,9915,https://stockanalysis.com/analysts/Christopher-Graja/,Not found
Robin Farley,9915,https://stockanalysis.com/analysts/Robin-Farley/,Not found
Robyn Karnauskas,9915,https://stockanalysis.com/analysts/Robyn-Karnauskas/,Not found
Fu Lee,9915,https://stockanalysis.com/analysts/Fu-Lee/,Not found
Gabe Hajde,9915,https://stockanalysis.com/analysts/Gabe-Hajde/,Not found
Gabriel Moreen,9915,https://stockanalysis.com/analysts/Gabriel-Moreen/,Not found
Mike Albanese,9915,https://stockanalysis.com/analysts/Mike-Albanese/,Not found
Mike Burton,9915,https://stockanalysis.com/analysts/Mike-Burton/,Not found
Mike Cyprys,9915,https://stockanalysis.com/analysts/Mike-Cyprys/,Not found
Mike Dahl,9915,https://stockanalysis.com/analysts/Mike-Dahl/,Not found
Mike Genovese,9915,https://stockanalysis.com/analysts/Mike-Genovese/,Not found
Mike Grondahl,9915,https://stockanalysis.com/analysts/Mike-Grondahl/,Not found
Mike Harris,9915,https://stockanalysis.com/analysts/Mike-Harris/,Not found
Mike Lavery,9915,https://stockanalysis.com/analysts/Mike-Lavery/,Not found
Ryan Griffin,9915,https://stockanalysis.com/analysts/Ryan-Griffin/,Not found
Ryan Krieger,9915,https://stockanalysis.com/analysts/Ryan-Krieger/,Not found
Chris Kuntarich,9915,https://stockanalysis.com/analysts/Chris-Kuntarich/,Not found
Chris Mcgratty,9915,https://stockanalysis.com/analysts/Chris-Mcgratty/,Not found
Chris Merwin,9915,https://stockanalysis.com/analysts/Chris-Merwin/,Not found
Chris Raymond,9915,https://stockanalysis.com/analysts/Chris-Raymond/,Not found
Chris Robertson,9915,https://stockanalysis.com/analysts/Chris-Robertson/,Not found
Ronald Jewsikow,9915,https://stockanalysis.com/analysts/Ronald-Jewsikow/,Not found
Ross Gilardi,9915,https://stockanalysis.com/analysts/Ross-Gilardi/,Not found
Michael Tyndall,9915,https://stockanalysis.com/analysts/Michael-Tyndall/,Not found
Michael Walkley,9915,https://stockanalysis.com/analysts/Michael-Walkley/,Not found
Michael Weinstein,9915,https://stockanalysis.com/analysts/Michael-Weinstein/,Not found
Micheal Bellisario,9915,https://stockanalysis.com/analysts/Micheal-Bellisario/,Not found
Michelle Fang,9915,https://stockanalysis.com/analysts/Michelle-Fang/,Not found
Geoff Lowery,9915,https://stockanalysis.com/analysts/Geoff-Lowery/,Not found
George Bose,9915,https://stockanalysis.com/analysts/George-Bose/,Not found
George Farmer,9915,https://stockanalysis.com/analysts/George-Farmer/,Not found
George Galliers,9915,https://stockanalysis.com/analysts/George-Galliers/,Not found
George Wang,9915,https://stockanalysis.com/analysts/George-Wang/,Not found
Ryan McKeveny,9915,https://stockanalysis.com/analysts/Ryan-McKeveny/,Not found
Chi Fong,9915,https://stockanalysis.com/analysts/Chi-Fong/,Not found
Chris Carey,9915,https://stockanalysis.com/analysts/Chris-Carey/,Not found
Russell Quelch,9915,https://stockanalysis.com/analysts/Russell-Quelch/,Not found
Ryan Cooke,9915,https://stockanalysis.com/analysts/Ryan-Cooke/,Not found
Michael Perito,9915,https://stockanalysis.com/analysts/Michael-Perito/,Not found
Michael Phillips,9915,https://stockanalysis.com/analysts/Michael-Phillips/,Not found
Michael Schmitz,9915,https://stockanalysis.com/analysts/Michael-Schmitz/,Not found
Glenn Mattson,9915,https://stockanalysis.com/analysts/Glenn-Mattson/,Not found
Greg Harrison,9915,https://stockanalysis.com/analysts/Greg-Harrison/,Not found
Greg Lewis,9915,https://stockanalysis.com/analysts/Greg-Lewis/,Not found
Michael Jalonen,9915,https://stockanalysis.com/analysts/Michael-Jalonen/,Not found
Michael Kaye,9915,https://stockanalysis.com/analysts/Michael-Kaye/,Not found
Michael McGovern,9915,https://stockanalysis.com/analysts/Michael-McGovern/,Not found
Michael Minchak,9915,https://stockanalysis.com/analysts/Michael-Minchak/,Not found
Greg Miller,9915,https://stockanalysis.com/analysts/Greg-Miller/,Not found
Greg Pardy,9915,https://stockanalysis.com/analysts/Greg-Pardy/,Not found
Gregory Fraser,9915,https://stockanalysis.com/analysts/Gregory-Fraser/,Not found
Griffin Boss,9915,https://stockanalysis.com/analysts/Griffin-Boss/,Not found
Sabrina Abrams,9915,https://stockanalysis.com/analysts/Sabrina-Abrams/,Not found
Catherine Ramsey,9915,https://stockanalysis.com/analysts/Catherine-Ramsey/,Not found
Catherine Schulte,9915,https://stockanalysis.com/analysts/Catherine-Schulte/,Not found
Cecilia Furlong,9915,https://stockanalysis.com/analysts/Cecilia-Furlong/,Not found
Cerena Chen,9915,https://stockanalysis.com/analysts/Cerena-Chen/,Not found
Chad Bennett,9915,https://stockanalysis.com/analysts/Chad-Bennett/,Not found
Charles Duncan,9915,https://stockanalysis.com/analysts/Charles-Duncan/,Not found
Ryan Lynch,9915,https://stockanalysis.com/analysts/Ryan-Lynch/,Not found
Michael Harrison,9915,https://stockanalysis.com/analysts/Michael-Harrison/,Not found
Hamza Fodderwala,9915,https://stockanalysis.com/analysts/Hamza-Fodderwala/,Not found
Hans Mosesmann,9915,https://stockanalysis.com/analysts/Hans-Mosesmann/,Not found
Harmen Puri,9915,https://stockanalysis.com/analysts/Harmen-Puri/,Not found
Harold Goetsch,9915,https://stockanalysis.com/analysts/Harold-Goetsch/,Not found
Harry Read,9915,https://stockanalysis.com/analysts/Harry-Read/,Not found
Meyer Sheilds,9915,https://stockanalysis.com/analysts/Meyer-Sheilds/,Not found
Michael Albanses,9915,https://stockanalysis.com/analysts/Michael-Albanses/,Not found
Sanjeev Rana,9915,https://stockanalysis.com/analysts/Sanjeev-Rana/,Not found
Cameron Mansson,9915,https://stockanalysis.com/analysts/Cameron-Mansson/,Not found
Camille Bonnel,9915,https://stockanalysis.com/analysts/Camille-Bonnel/,Not found
Carlos De,9915,https://stockanalysis.com/analysts/Carlos-De/,Not found
Carly Kenselaar,9915,https://stockanalysis.com/analysts/Carly-Kenselaar/,Not found
Michael Carrier,9915,https://stockanalysis.com/analysts/Michael-Carrier/,Not found
Hartaj Singh,9915,https://stockanalysis.com/analysts/Hartaj-Singh/,Not found
Heather Balsky,9915,https://stockanalysis.com/analysts/Heather-Balsky/,Not found
Helfey Hannah,9915,https://stockanalysis.com/analysts/Helfey-Hannah/,Not found
Henry Meyer,9915,https://stockanalysis.com/analysts/Henry-Meyer/,Not found
Himanshu Gupta,9915,https://stockanalysis.com/analysts/Himanshu-Gupta/,Not found
Holly Stewart,9915,https://stockanalysis.com/analysts/Holly-Stewart/,Not found
Ian Macpherson,9915,https://stockanalysis.com/analysts/Ian-Macpherson/,Not found
Max Hopkins,9915,https://stockanalysis.com/analysts/Max-Hopkins/,Not found
Medhi Hosseini,9915,https://stockanalysis.com/analysts/Medhi-Hosseini/,Not found
Scott Ciccarelli,9915,https://stockanalysis.com/analysts/Scott-Ciccarelli/,Not found
Scott Fidel,9915,https://stockanalysis.com/analysts/Scott-Fidel/,Not found
Scott Marks,9915,https://stockanalysis.com/analysts/Scott-Marks/,Not found
Bryan Maher,9915,https://stockanalysis.com/analysts/Bryan-Maher/,Not found
Bryan Spillane,9915,https://stockanalysis.com/analysts/Bryan-Spillane/,Not found
Bryce Rowe,9915,https://stockanalysis.com/analysts/Bryce-Rowe/,Not found
Burrows Szczupak,9915,https://stockanalysis.com/analysts/Burrows-Szczupak/,Not found
C J,9915,https://stockanalysis.com/analysts/C-J/,Not found
Samuel Eisner,9915,https://stockanalysis.com/analysts/Samuel-Eisner/,Not found
Melanie Nunez,9915,https://stockanalysis.com/analysts/Melanie-Nunez/,Not found
Ian Moore,9915,https://stockanalysis.com/analysts/Ian-Moore/,Not found
JESALYN Wong,9915,https://stockanalysis.com/analysts/JESALYN-Wong/,Not found
Jack Cummins,9915,https://stockanalysis.com/analysts/Jack-Cummins/,Not found
Matthew Krueger,9915,https://stockanalysis.com/analysts/Matthew-Krueger/,Not found
Matthew McClintock,9915,https://stockanalysis.com/analysts/Matthew-McClintock/,Not found
Matthew McKellar,9915,https://stockanalysis.com/analysts/Matthew-McKellar/,Not found
Sean King,9915,https://stockanalysis.com/analysts/Sean-King/,Not found
Sean Lee,9915,https://stockanalysis.com/analysts/Sean-Lee/,Not found
Sean Meakim,9915,https://stockanalysis.com/analysts/Sean-Meakim/,Not found
Brian Lee,9915,https://stockanalysis.com/analysts/Brian-Lee/,Not found
Brock Vandervliet,9915,https://stockanalysis.com/analysts/Brock-Vandervliet/,Not found
Bruce Chan,9915,https://stockanalysis.com/analysts/Bruce-Chan/,Not found
Bryan Adams,9915,https://stockanalysis.com/analysts/Bryan-Adams/,Not found
Matthew Murphy,9915,https://stockanalysis.com/analysts/Matthew-Murphy/,Not found
Matthew Sheerin,9915,https://stockanalysis.com/analysts/Matthew-Sheerin/,Not found
Matthew Stanton,9915,https://stockanalysis.com/analysts/Matthew-Stanton/,Not found
Matthew Summerville,9915,https://stockanalysis.com/analysts/Matthew-Summerville/,Not found
Jack Vander,9915,https://stockanalysis.com/analysts/Jack-Vander/,Not found
Jacob Smith,9915,https://stockanalysis.com/analysts/Jacob-Smith/,Not found
James Callahan,9915,https://stockanalysis.com/analysts/James-Callahan/,Not found
Matthew Gillmor,9915,https://stockanalysis.com/analysts/Matthew-Gillmor/,Not found
Sean Wieland,9915,https://stockanalysis.com/analysts/Sean-Wieland/,Not found
Seth Gilbert,9915,https://stockanalysis.com/analysts/Seth-Gilbert/,Not found
Shagun Singh,9915,https://stockanalysis.com/analysts/Shagun-Singh/,Not found
Shane Brett,9915,https://stockanalysis.com/analysts/Shane-Brett/,Not found
Brett Simpson,9915,https://stockanalysis.com/analysts/Brett-Simpson/,Not found
Brian Brungardt,9915,https://stockanalysis.com/analysts/Brian-Brungardt/,Not found
Brian Butler,9915,https://stockanalysis.com/analysts/Brian-Butler/,Not found
Brian Fitzgerald,9915,https://stockanalysis.com/analysts/Brian-Fitzgerald/,Not found
Brian Flores,9915,https://stockanalysis.com/analysts/Brian-Flores/,Not found
Matthew Harrison,9915,https://stockanalysis.com/analysts/Matthew-Harrison/,Not found
Matthew Herrmann,9915,https://stockanalysis.com/analysts/Matthew-Herrmann/,Not found
Matthew Hewitt,9915,https://stockanalysis.com/analysts/Matthew-Hewitt/,Not found
James Fotheringham,9915,https://stockanalysis.com/analysts/James-Fotheringham/,Not found
James Goss,9915,https://stockanalysis.com/analysts/James-Goss/,Not found
James Heaney,9915,https://stockanalysis.com/analysts/James-Heaney/,Not found
Shiwen Li,9915,https://stockanalysis.com/analysts/Shiwen-Li/,Not found
Shneur Gershuni,9915,https://stockanalysis.com/analysts/Shneur-Gershuni/,Not found
Sidney Ho,9915,https://stockanalysis.com/analysts/Sidney-Ho/,Not found
Brad Sills,9915,https://stockanalysis.com/analysts/Brad-Sills/,Not found
Bradley Berning,9915,https://stockanalysis.com/analysts/Bradley-Berning/,Not found
Brady Gailey,9915,https://stockanalysis.com/analysts/Brady-Gailey/,Not found
Brandon King,9915,https://stockanalysis.com/analysts/Brandon-King/,Not found
Brent Bracelin,9915,https://stockanalysis.com/analysts/Brent-Bracelin/,Not found
Brent Dilts,9915,https://stockanalysis.com/analysts/Brent-Dilts/,Not found
Brent Navon,9915,https://stockanalysis.com/analysts/Brent-Navon/,Not found
Brett Feldman,9915,https://stockanalysis.com/analysts/Brett-Feldman/,Not found
Boris Van,9915,https://stockanalysis.com/analysts/Boris-Van/,Not found
Brad Canino,9915,https://stockanalysis.com/analysts/Brad-Canino/,Not found
Brad Capuzzi,9915,https://stockanalysis.com/analysts/Brad-Capuzzi/,Not found
Simon Flannery,9915,https://stockanalysis.com/analysts/Simon-Flannery/,Not found
Smedes Rose,9915,https://stockanalysis.com/analysts/Smedes-Rose/,Not found
Soe Naing,9915,https://stockanalysis.com/analysts/Soe-Naing/,Not found
Sorabh Daga,9915,https://stockanalysis.com/analysts/Sorabh-Daga/,Not found
Soumit Roy,9915,https://stockanalysis.com/analysts/Soumit-Roy/,Not found
Spiro Dounis,9915,https://stockanalysis.com/analysts/Spiro-Dounis/,Not found
Sheila McGrath,9915,https://stockanalysis.com/analysts/Sheila-McGrath/,Not found
Matt McGinley,9915,https://stockanalysis.com/analysts/Matt-McGinley/,Not found
Matt Niknam,9915,https://stockanalysis.com/analysts/Matt-Niknam/,Not found
Matt OBrien,9915,https://stockanalysis.com/analysts/Matt-OBrien/,Not found
Matt Venezia,9915,https://stockanalysis.com/analysts/Matt-Venezia/,Not found
James Sheehan,9915,https://stockanalysis.com/analysts/James-Sheehan/,Not found
Janco Venter,9915,https://stockanalysis.com/analysts/Janco-Venter/,Not found
Janice Quek,9915,https://stockanalysis.com/analysts/Janice-Quek/,Not found
Jared Dinges,9915,https://stockanalysis.com/analysts/Jared-Dinges/,Not found
Bill Maughan,9915,https://stockanalysis.com/analysts/Bill-Maughan/,Not found
Bin Kim,9915,https://stockanalysis.com/analysts/Bin-Kim/,Not found
Srini Pajjuir,9915,https://stockanalysis.com/analysts/Srini-Pajjuir/,Not found
Stan Zlotsky,9915,https://stockanalysis.com/analysts/Stan-Zlotsky/,Not found
Stanley Elliott,9915,https://stockanalysis.com/analysts/Stanley-Elliott/,Not found
Stephanie Davis,9915,https://stockanalysis.com/analysts/Stephanie-Davis/,Not found
Stephanie Grambling,9915,https://stockanalysis.com/analysts/Stephanie-Grambling/,Not found
Bob Drbul,9915,https://stockanalysis.com/analysts/Bob-Drbul/,Not found
Bob Jian,9915,https://stockanalysis.com/analysts/Bob-Jian/,Not found
Bobby Zolper,9915,https://stockanalysis.com/analysts/Bobby-Zolper/,Not found
Boonie Herzog,9915,https://stockanalysis.com/analysts/Boonie-Herzog/,Not found
Matt Breese,9915,https://stockanalysis.com/analysts/Matt-Breese/,Not found
Matt Farrell,9915,https://stockanalysis.com/analysts/Matt-Farrell/,Not found
Matt Howlett,9915,https://stockanalysis.com/analysts/Matt-Howlett/,Not found
Jason Bouvier,9915,https://stockanalysis.com/analysts/Jason-Bouvier/,Not found
Jason English,9915,https://stockanalysis.com/analysts/Jason-English/,Not found
Jason Gursky,9915,https://stockanalysis.com/analysts/Jason-Gursky/,Not found
Jason Haas,9915,https://stockanalysis.com/analysts/Jason-Haas/,Not found
Benjamin Gerlinger,9915,https://stockanalysis.com/analysts/Benjamin-Gerlinger/,Not found
Benjamin Haynor,9915,https://stockanalysis.com/analysts/Benjamin-Haynor/,Not found
Benjamin Miller,9915,https://stockanalysis.com/analysts/Benjamin-Miller/,Not found
Bert Subin,9915,https://stockanalysis.com/analysts/Bert-Subin/,Not found
Betsy Graseck,9915,https://stockanalysis.com/analysts/Betsy-Graseck/,Not found
Betty Jing,9915,https://stockanalysis.com/analysts/Betty-Jing/,Not found
Bhumi Kanabar,9915,https://stockanalysis.com/analysts/Bhumi-Kanabar/,Not found
Biju Perincheril,9915,https://stockanalysis.com/analysts/Biju-Perincheril/,Not found
Bill Chappell,9915,https://stockanalysis.com/analysts/Bill-Chappell/,Not found
Bill Katz,9915,https://stockanalysis.com/analysts/Bill-Katz/,Not found
Mark Purcell,9915,https://stockanalysis.com/analysts/Mark-Purcell/,Not found
Market Perform,9915,https://stockanalysis.com/analysts/Market-Perform/,Not found
Jason Mills,9915,https://stockanalysis.com/analysts/Jason-Mills/,Not found
Jason Wittes,9915,https://stockanalysis.com/analysts/Jason-Wittes/,Not found
Javier Martinez,9915,https://stockanalysis.com/analysts/Javier-Martinez/,Not found
Jean Ann,9915,https://stockanalysis.com/analysts/Jean-Ann/,Not found
Jeff Adelson,9915,https://stockanalysis.com/analysts/Jeff-Adelson/,Not found
Steve Seedhouse,9915,https://stockanalysis.com/analysts/Steve-Seedhouse/,Not found
Steve Silver,9915,https://stockanalysis.com/analysts/Steve-Silver/,Not found
Steve Valiquette,9915,https://stockanalysis.com/analysts/Steve-Valiquette/,Not found
Steve Wieczynski,9915,https://stockanalysis.com/analysts/Steve-Wieczynski/,Not found
Steven Alexoloulos,9915,https://stockanalysis.com/analysts/Steven-Alexoloulos/,Not found
Ben Chaiken,9915,https://stockanalysis.com/analysts/Ben-Chaiken/,Not found
Ben Miller,9915,https://stockanalysis.com/analysts/Ben-Miller/,Not found
Benjamin Black,9915,https://stockanalysis.com/analysts/Benjamin-Black/,Not found
Stephen Trent,9915,https://stockanalysis.com/analysts/Stephen-Trent/,Not found
Jeff Cohen,9915,https://stockanalysis.com/analysts/Jeff-Cohen/,Not found
Jeff Garro,9915,https://stockanalysis.com/analysts/Jeff-Garro/,Not found
Jeff Hickey,9915,https://stockanalysis.com/analysts/Jeff-Hickey/,Not found
Jeff Kessler,9915,https://stockanalysis.com/analysts/Jeff-Kessler/,Not found
Jeff Van,9915,https://stockanalysis.com/analysts/Jeff-Van/,Not found
Jefferey Hammond,9915,https://stockanalysis.com/analysts/Jefferey-Hammond/,Not found
Jefferson Harralson,9915,https://stockanalysis.com/analysts/Jefferson-Harralson/,Not found
Jeffery Harte,9915,https://stockanalysis.com/analysts/Jeffery-Harte/,Not found
Jeffrey Bernstein,9915,https://stockanalysis.com/analysts/Jeffrey-Bernstein/,Not found
Jeffrey Hung,9915,https://stockanalysis.com/analysts/Jeffrey-Hung/,Not found
Jeffrey Lick,9915,https://stockanalysis.com/analysts/Jeffrey-Lick/,Not found
MarK Shutley,9915,https://stockanalysis.com/analysts/MarK-Shutley/,Not found
Ati Modak,9915,https://stockanalysis.com/analysts/Ati-Modak/,Not found
Austin Dietz,9915,https://stockanalysis.com/analysts/Austin-Dietz/,Not found
Steve Brozak,9915,https://stockanalysis.com/analysts/Steve-Brozak/,Not found
Steve Koenig,9915,https://stockanalysis.com/analysts/Steve-Koenig/,Not found
Steve Powers,9915,https://stockanalysis.com/analysts/Steve-Powers/,Not found
Susy Tibaldi,9915,https://stockanalysis.com/analysts/Susy-Tibaldi/,Not found
Arnon Shirazi,9915,https://stockanalysis.com/analysts/Arnon-Shirazi/,Not found
Arthur He,9915,https://stockanalysis.com/analysts/Arthur-He/,Not found
Arthur Lai,9915,https://stockanalysis.com/analysts/Arthur-Lai/,Not found
Ashley Helgans,9915,https://stockanalysis.com/analysts/Ashley-Helgans/,Not found
Ashwin Shirvaikar,9915,https://stockanalysis.com/analysts/Ashwin-Shirvaikar/,Not found
Steven Cahill,9915,https://stockanalysis.com/analysts/Steven-Cahill/,Not found
Steven Enders,9915,https://stockanalysis.com/analysts/Steven-Enders/,Not found
Steven Frankel,9915,https://stockanalysis.com/analysts/Steven-Frankel/,Not found
Steven Madden,9915,https://stockanalysis.com/analysts/Steven-Madden/,Not found
Steven Sheeckutz,9915,https://stockanalysis.com/analysts/Steven-Sheeckutz/,Not found
Marcus Cole,9915,https://stockanalysis.com/analysts/Marcus-Cole/,Not found
Maria Thibault,9915,https://stockanalysis.com/analysts/Maria-Thibault/,Not found
Mariana Perez,9915,https://stockanalysis.com/analysts/Mariana-Perez/,Not found
Mariana Taddeo,9915,https://stockanalysis.com/analysts/Mariana-Taddeo/,Not found
Mario Lu,9915,https://stockanalysis.com/analysts/Mario-Lu/,Not found
Jeffrey Osborne,9915,https://stockanalysis.com/analysts/Jeffrey-Osborne/,Not found
Jeffrey Reive,9915,https://stockanalysis.com/analysts/Jeffrey-Reive/,Not found
Jeffrey Rulis,9915,https://stockanalysis.com/analysts/Jeffrey-Rulis/,Not found
Jeffrey Zekaukas,9915,https://stockanalysis.com/analysts/Jeffrey-Zekaukas/,Not found
Jennifer Demba,9915,https://stockanalysis.com/analysts/Jennifer-Demba/,Not found
Jennifer Swanson,9915,https://stockanalysis.com/analysts/Jennifer-Swanson/,Not found
Jesse Sobelson,9915,https://stockanalysis.com/analysts/Jesse-Sobelson/,Not found
Luiz Carvalho,9915,https://stockanalysis.com/analysts/Luiz-Carvalho/,Not found
Taylor Morrison,9915,https://stockanalysis.com/analysts/Taylor-Morrison/,Not found
Taz Koujalgi,9915,https://stockanalysis.com/analysts/Taz-Koujalgi/,Not found
Tejas Savant,9915,https://stockanalysis.com/analysts/Tejas-Savant/,Not found
Anthony Linton,9915,https://stockanalysis.com/analysts/Anthony-Linton/,Not found
Anthony Powell,9915,https://stockanalysis.com/analysts/Anthony-Powell/,Not found
Strong Buy,9915,https://stockanalysis.com/analysts/Strong-Buy/,Not found
Suji Desilva,9915,https://stockanalysis.com/analysts/Suji-Desilva/,Not found
Sung Ji,9915,https://stockanalysis.com/analysts/Sung-Ji/,Not found
Luke Lemoine,9915,https://stockanalysis.com/analysts/Luke-Lemoine/,Not found
Madhu Kumar,9915,https://stockanalysis.com/analysts/Madhu-Kumar/,Not found
Jessica Ehrlich,9915,https://stockanalysis.com/analysts/Jessica-Ehrlich/,Not found
Jessica Reif,9915,https://stockanalysis.com/analysts/Jessica-Reif/,Not found
Jim Duffy,9915,https://stockanalysis.com/analysts/Jim-Duffy/,Not found
Jimmy Yoon,9915,https://stockanalysis.com/analysts/Jimmy-Yoon/,Not found
Jin Yoon,9915,https://stockanalysis.com/analysts/Jin-Yoon/,Not found
Joao Pedro,9915,https://stockanalysis.com/analysts/Joao-Pedro/,Not found
Louise Singlehurst,9915,https://stockanalysis.com/analysts/Louise-Singlehurst/,Not found
Louthan IV,9915,https://stockanalysis.com/analysts/Louthan-IV/,Not found
Lucas Pipes,9915,https://stockanalysis.com/analysts/Lucas-Pipes/,Not found
Terence Malone,9915,https://stockanalysis.com/analysts/Terence-Malone/,Not found
Thomas Burlton,9915,https://stockanalysis.com/analysts/Thomas-Burlton/,Not found
Thomas Catherwood,9915,https://stockanalysis.com/analysts/Thomas-Catherwood/,Not found
Anne Meisner,9915,https://stockanalysis.com/analysts/Anne-Meisner/,Not found
Tao Qiu,9915,https://stockanalysis.com/analysts/Tao-Qiu/,Not found
Andrew Schmidt,9915,https://stockanalysis.com/analysts/Andrew-Schmidt/,Not found
Tim Chiodo,9915,https://stockanalysis.com/analysts/Tim-Chiodo/,Not found
Tim Perz,9915,https://stockanalysis.com/analysts/Tim-Perz/,Not found
Andrew Uerkwitz,9915,https://stockanalysis.com/analysts/Andrew-Uerkwitz/,Not found
Andrew Wong,9915,https://stockanalysis.com/analysts/Andrew-Wong/,Not found
André Uggedal,9915,empty,Not found
Andy Marok,9915,https://stockanalysis.com/analysts/Andy-Marok/,Not found
Andy Terrell,9915,https://stockanalysis.com/analysts/Andy-Terrell/,Not found
Andy Yu,9915,https://stockanalysis.com/analysts/Andy-Yu/,Not found
Liisa Bayko,9915,https://stockanalysis.com/analysts/Liisa-Bayko/,Not found
Lili Nsongo,9915,https://stockanalysis.com/analysts/Lili-Nsongo/,Not found
Lisa Clive,9915,https://stockanalysis.com/analysts/Lisa-Clive/,Not found
Joe Giordano,9915,https://stockanalysis.com/analysts/Joe-Giordano/,Not found
Joe Goodwin,9915,https://stockanalysis.com/analysts/Joe-Goodwin/,Not found
Joe Meares,9915,https://stockanalysis.com/analysts/Joe-Meares/,Not found
Joe Quatrochi,9915,https://stockanalysis.com/analysts/Joe-Quatrochi/,Not found
Joe Reagor,9915,https://stockanalysis.com/analysts/Joe-Reagor/,Not found
Joe Vruwink,9915,https://stockanalysis.com/analysts/Joe-Vruwink/,Not found
Joel Beatty,9915,https://stockanalysis.com/analysts/Joel-Beatty/,Not found
Joel Fishbein,9915,https://stockanalysis.com/analysts/Joel-Fishbein/,Not found
Joel Lederman,9915,https://stockanalysis.com/analysts/Joel-Lederman/,Not found
Andrew Baum,9915,https://stockanalysis.com/analysts/Andrew-Baum/,Not found
Andrew Bowler,9915,https://stockanalysis.com/analysts/Andrew-Bowler/,Not found
Andrew Carter,9915,https://stockanalysis.com/analysts/Andrew-Carter/,Not found
Andrew Jones,9915,https://stockanalysis.com/analysts/Andrew-Jones/,Not found
Andrew Madrid,9915,https://stockanalysis.com/analysts/Andrew-Madrid/,Not found
Andrew Mok,9915,https://stockanalysis.com/analysts/Andrew-Mok/,Not found
Andrew Rosivach,9915,https://stockanalysis.com/analysts/Andrew-Rosivach/,Not found
Lawrence Biegelsen,9915,https://stockanalysis.com/analysts/Lawrence-Biegelsen/,Not found
Leandro Bastos,9915,https://stockanalysis.com/analysts/Leandro-Bastos/,Not found
Lee Krowl,9915,https://stockanalysis.com/analysts/Lee-Krowl/,Not found
John Edelman,9915,https://stockanalysis.com/analysts/John-Edelman/,Not found
John Egbert,9915,https://stockanalysis.com/analysts/John-Egbert/,Not found
John Gibson,9915,https://stockanalysis.com/analysts/John-Gibson/,Not found
John Glass,9915,https://stockanalysis.com/analysts/John-Glass/,Not found
Kyle Mikson,9915,https://stockanalysis.com/analysts/Kyle-Mikson/,Not found
Andreas Sheppard,9915,https://stockanalysis.com/analysts/Andreas-Sheppard/,Not found
Andres Maldonado,9915,https://stockanalysis.com/analysts/Andres-Maldonado/,Not found
Todd Weller,9915,https://stockanalysis.com/analysts/Todd-Weller/,Not found
Tom Fitzgerald,9915,https://stockanalysis.com/analysts/Tom-Fitzgerald/,Not found
Tom Hayes,9915,https://stockanalysis.com/analysts/Tom-Hayes/,Not found
Tom McGovern,9915,https://stockanalysis.com/analysts/Tom-McGovern/,Not found
Tom O Malley,9915,https://stockanalysis.com/analysts/Tom-O-Malley/,Not found
Tom Stephan,9915,https://stockanalysis.com/analysts/Tom-Stephan/,Not found
Tommy McJoynt,9915,https://stockanalysis.com/analysts/Tommy-McJoynt/,Not found
Tim Thein,9915,https://stockanalysis.com/analysts/Tim-Thein/,Not found
Timothy Switzer,9915,https://stockanalysis.com/analysts/Timothy-Switzer/,Not found
Kyle Voigt,9915,https://stockanalysis.com/analysts/Kyle-Voigt/,Not found
Landon Park,9915,https://stockanalysis.com/analysts/Landon-Park/,Not found
Larry Solow,9915,https://stockanalysis.com/analysts/Larry-Solow/,Not found
Lauren Schenk,9915,https://stockanalysis.com/analysts/Lauren-Schenk/,Not found
John McDonald,9915,https://stockanalysis.com/analysts/John-McDonald/,Not found
John Murphy,9915,https://stockanalysis.com/analysts/John-Murphy/,Not found
John Nadel,9915,https://stockanalysis.com/analysts/John-Nadel/,Not found
John Roberts,9915,https://stockanalysis.com/analysts/John-Roberts/,Not found
John Rogers,9915,https://stockanalysis.com/analysts/John-Rogers/,Not found
Korinne Wolfmeyer,9915,https://stockanalysis.com/analysts/Korinne-Wolfmeyer/,Not found
Kosta Tasoulis,9915,https://stockanalysis.com/analysts/Kosta-Tasoulis/,Not found
Toni Sacconaghi,9915,https://stockanalysis.com/analysts/Toni-Sacconaghi/,Not found
Tony DiMatteo,9915,https://stockanalysis.com/analysts/Tony-DiMatteo/,Not found
Toshiya Hari,9915,https://stockanalysis.com/analysts/Toshiya-Hari/,Not found
Trevor Walsh,9915,https://stockanalysis.com/analysts/Trevor-Walsh/,Not found
Andre Uggedal,9915,https://stockanalysis.com/analysts/Andre-Uggedal/,Not found
Andrea Teixeira,9915,https://stockanalysis.com/analysts/Andrea-Teixeira/,Not found
John Rowan,9915,https://stockanalysis.com/analysts/John-Rowan/,Not found
John Sourbeer,9915,https://stockanalysis.com/analysts/John-Sourbeer/,Not found
John Te,9915,https://stockanalysis.com/analysts/John-Te/,Not found
John Wilkin,9915,https://stockanalysis.com/analysts/John-Wilkin/,24 Aug 2026
John Young,9915,https://stockanalysis.com/analysts/John-Young/,Not found
Jon Young,9915,https://stockanalysis.com/analysts/Jon-Young/,Not found
Jonathan Bock,9915,https://stockanalysis.com/analysts/Jonathan-Bock/,Not found
Jonathan Hughes,9915,https://stockanalysis.com/analysts/Jonathan-Hughes/,Not found
Jonathan Lee,9915,https://stockanalysis.com/analysts/Jonathan-Lee/,Not found
Jonathan Reeder,9915,https://stockanalysis.com/analysts/Jonathan-Reeder/,Not found
Kevin Liu,9915,https://stockanalysis.com/analysts/Kevin-Liu/,Not found
Ki Bin,9915,https://stockanalysis.com/analysts/Ki-Bin/,Not found
Tsin Huang,9915,https://stockanalysis.com/analysts/Tsin-Huang/,Not found
Tyler Brown,9915,https://stockanalysis.com/analysts/Tyler-Brown/,Not found
Van Sinderen,9915,https://stockanalysis.com/analysts/Van-Sinderen/,Not found
Ally Yseen,9915,https://stockanalysis.com/analysts/Ally-Yseen/,Not found
Amanda Sweitzer,9915,https://stockanalysis.com/analysts/Amanda-Sweitzer/,Not found
Vikram Malhorta,9915,https://stockanalysis.com/analysts/Vikram-Malhorta/,Not found
Vikram Purohit,9915,https://stockanalysis.com/analysts/Vikram-Purohit/,Not found
Vilas Abraham,9915,https://stockanalysis.com/analysts/Vilas-Abraham/,Not found
Vincent Ciantic,9915,https://stockanalysis.com/analysts/Vincent-Ciantic/,Not found
Alexander Waters,9915,https://stockanalysis.com/analysts/Alexander-Waters/,Not found
Alexandra Steiger,9915,https://stockanalysis.com/analysts/Alexandra-Steiger/,Not found
Alexia Howard,9915,https://stockanalysis.com/analysts/Alexia-Howard/,Not found
Ali Faghri,9915,https://stockanalysis.com/analysts/Ali-Faghri/,Not found
Alice Xiao,9915,https://stockanalysis.com/analysts/Alice-Xiao/,Not found
Kieran De,9915,https://stockanalysis.com/analysts/Kieran-De/,Not found
Kimberly Greenberger,9915,https://stockanalysis.com/analysts/Kimberly-Greenberger/,Not found
Jonathan Siegmann,9915,https://stockanalysis.com/analysts/Jonathan-Siegmann/,Not found
Jordan Boretz,9915,https://stockanalysis.com/analysts/Jordan-Boretz/,Not found
Jorg Friedemann,9915,https://stockanalysis.com/analysts/Jorg-Friedemann/,Not found
Joseph Feldman,9915,https://stockanalysis.com/analysts/Joseph-Feldman/,Not found
Joseph Grabowski,9915,https://stockanalysis.com/analysts/Joseph-Grabowski/,Not found
Kenneth Shiu,9915,https://stockanalysis.com/analysts/Kenneth-Shiu/,Not found
Kenneth Worthington,9915,https://stockanalysis.com/analysts/Kenneth-Worthington/,Not found
Kevin Barker,9915,https://stockanalysis.com/analysts/Kevin-Barker/,Not found
Kevin Fitzsimmons,9915,https://stockanalysis.com/analysts/Kevin-Fitzsimmons/,Not found
Josh Schimmer,9915,https://stockanalysis.com/analysts/Josh-Schimmer/,Not found
Joshua Jennings,9915,https://stockanalysis.com/analysts/Joshua-Jennings/,Not found
Juan Sanabria,9915,https://stockanalysis.com/analysts/Juan-Sanabria/,Not found
Kelly Shi,9915,https://stockanalysis.com/analysts/Kelly-Shi/,Not found
Ken Goldman,9915,https://stockanalysis.com/analysts/Ken-Goldman/,Not found
Weng Chen,9915,https://stockanalysis.com/analysts/Weng-Chen/,Not found
Wesley Golladay,9915,https://stockanalysis.com/analysts/Wesley-Golladay/,Not found
Alex Stranahan,9915,https://stockanalysis.com/analysts/Alex-Stranahan/,Not found
Alex Straton,9915,https://stockanalysis.com/analysts/Alex-Straton/,Not found
Alex Thompson,9915,https://stockanalysis.com/analysts/Alex-Thompson/,Not found
Alexander Platt,9915,https://stockanalysis.com/analysts/Alexander-Platt/,Not found
Alex Perry,9915,https://stockanalysis.com/analysts/Alex-Perry/,Not found
Alex Potter,9915,https://stockanalysis.com/analysts/Alex-Potter/,Not found
Weston Bloomer,9915,https://stockanalysis.com/analysts/Weston-Bloomer/,Not found
William Crow,9915,https://stockanalysis.com/analysts/William-Crow/,Not found
William Jellison,9915,https://stockanalysis.com/analysts/William-Jellison/,Not found
William Kirk,9915,https://stockanalysis.com/analysts/William-Kirk/,Not found
Vincent Sinisi,9915,https://stockanalysis.com/analysts/Vincent-Sinisi/,Not found
Vitor Tomita,9915,https://stockanalysis.com/analysts/Vitor-Tomita/,Not found
Vivien Azer,9915,https://stockanalysis.com/analysts/Vivien-Azer/,Not found
Vladimir Bystricky,9915,https://stockanalysis.com/analysts/Vladimir-Bystricky/,Not found
Ken Herbert,9915,https://stockanalysis.com/analysts/Ken-Herbert/,Not found
Ken Newman,9915,https://stockanalysis.com/analysts/Ken-Newman/,Not found
Ken Wong,9915,https://stockanalysis.com/analysts/Ken-Wong/,Not found
Kaio Prato,9915,https://stockanalysis.com/analysts/Kaio-Prato/,Not found
Karol Chmiel,9915,https://stockanalysis.com/analysts/Karol-Chmiel/,Not found
Kartik Mehta,9915,https://stockanalysis.com/analysts/Kartik-Mehta/,Not found
Katherine Griffin,9915,https://stockanalysis.com/analysts/Katherine-Griffin/,Not found
Keegan Carl,9915,https://stockanalysis.com/analysts/Keegan-Carl/,Not found
Zhijing Liu,9915,https://stockanalysis.com/analysts/Zhijing-Liu/,Not found
Aidan Hall,9915,https://stockanalysis.com/analysts/Aidan-Hall/,Not found
Agnieszka Pustula,9915,https://stockanalysis.com/analysts/Agnieszka-Pustula/,Not found
Zijie Yang,9915,https://stockanalysis.com/analysts/Zijie-Yang/,Not found
Adam Samuelson,9915,https://stockanalysis.com/analysts/Adam-Samuelson/,Not found
lvan Tuerkcan,9915,https://stockanalysis.com/analysts/lvan-Tuerkcan/,Not found
Zixiao Yang,9915,https://stockanalysis.com/analysts/Zixiao-Yang/,Not found
de Angele,9915,https://stockanalysis.com/analysts/de-Angele/,Not found
