Analyst name,Ranking,URL,Last update
Asiya Merchant,1,https://stockanalysis.com/analysts/Asiya-Merchant/,03 Aug 2026
Atif Malik,3,https://stockanalysis.com/analysts/Atif-Malik/,05 Aug 2026
Timothy Arcuri,5,https://stockanalysis.com/analysts/Timothy-Arcuri/,05 Aug 2026
Samik Chatterjee,6,https://stockanalysis.com/analysts/Samik-Chatterjee/,31 Jul 2026
William Stein,7,https://stockanalysis.com/analysts/William-Stein/,05 Aug 2026
Aaron Rakers,8,https://stockanalysis.com/analysts/Aaron-Rakers/,04 Aug 2026
Vijay Rakesh,9,https://stockanalysis.com/analysts/Vijay-Rakesh/,04 Aug 2026
Harsh Kumar,10,https://stockanalysis.com/analysts/Harsh-Kumar/,26 Feb 2026
Krish Sankar,11,https://stockanalysis.com/analysts/Krish-Sankar/,05 Aug 2026
Richard Shannon,12,https://stockanalysis.com/analysts/Richard-Shannon/,22 Jul 2026
Matt Bryson,14,https://stockanalysis.com/analysts/Matt-Bryson/,03 Aug 2026
Chris Hallam,16,https://stockanalysis.com/analysts/Chris-Hallam/,31 Jul 2026
Justin Jenkins,17,https://stockanalysis.com/analysts/Justin-Jenkins/,13 Jul 2026
Ebrahim Poonawala,19,https://stockanalysis.com/analysts/Ebrahim-Poonawala/,31 Jul 2026
Ruben Roy,20,https://stockanalysis.com/analysts/Ruben-Roy/,05 Aug 2026
Harlan Sur,21,https://stockanalysis.com/analysts/Harlan-Sur/,05 Aug 2026
Theresa Chen,23,https://stockanalysis.com/analysts/Theresa-Chen/,04 Aug 2026
Mark Hughes,24,https://stockanalysis.com/analysts/Mark-Hughes/,05 Aug 2026
Rick Schafer,25,https://stockanalysis.com/analysts/Rick-Schafer/,05 Aug 2026
Josh Sullivan,26,https://stockanalysis.com/analysts/Josh-Sullivan/,15 Jul 2026
Mark Lipacis,27,https://stockanalysis.com/analysts/Mark-Lipacis/,05 Aug 2026
Michael Siperco,28,https://stockanalysis.com/analysts/Michael-Siperco/,10 Dec 2025
Dan Payne,29,https://stockanalysis.com/analysts/Dan-Payne/,07 Jul 2026
Amit Daryanani,30,https://stockanalysis.com/analysts/Amit-Daryanani/,05 Aug 2026
Andrew Kaplowitz,31,https://stockanalysis.com/analysts/Andrew-Kaplowitz/,05 Aug 2026
Quinn Bolton,32,https://stockanalysis.com/analysts/Quinn-Bolton/,05 Aug 2026
Jim Kelleher,33,https://stockanalysis.com/analysts/Jim-Kelleher/,04 Aug 2026
Brent Thielman,34,https://stockanalysis.com/analysts/Brent-Thielman/,05 Aug 2026
Christopher Rolland,35,https://stockanalysis.com/analysts/Christopher-Rolland/,05 Aug 2026
Blayne Curtis,36,https://stockanalysis.com/analysts/Blayne-Curtis/,04 Aug 2026
Wamsi Mohan,37,https://stockanalysis.com/analysts/Wamsi-Mohan/,04 Aug 2026
Mark Miller,40,https://stockanalysis.com/analysts/Mark-Miller/,15 Jan 2026
Sam Slutsky,41,https://stockanalysis.com/analysts/Sam-Slutsky/,05 Aug 2026
Gary Tenner,44,https://stockanalysis.com/analysts/Gary-Tenner/,31 Jul 2026
Gautam Khanna,47,https://stockanalysis.com/analysts/Gautam-Khanna/,03 Aug 2026
Cody Acree,48,https://stockanalysis.com/analysts/Cody-Acree/,05 Aug 2026
Moshe Orenbuch,49,https://stockanalysis.com/analysts/Moshe-Orenbuch/,05 Aug 2026
Jason Seidl,51,https://stockanalysis.com/analysts/Jason-Seidl/,05 Aug 2026
Devin Ryan,52,https://stockanalysis.com/analysts/Devin-Ryan/,23 Jul 2026
Michael Ciarmoli,53,https://stockanalysis.com/analysts/Michael-Ciarmoli/,29 Jul 2026
John Todaro,54,https://stockanalysis.com/analysts/John-Todaro/,05 Aug 2026
John Freeman,55,https://stockanalysis.com/analysts/John-Freeman/,31 Jul 2026
David Risinger,57,https://stockanalysis.com/analysts/David-Risinger/,17 Jul 2026
Christian Schwab,58,https://stockanalysis.com/analysts/Christian-Schwab/,05 Aug 2026
Kevin Cassidy,60,https://stockanalysis.com/analysts/Kevin-Cassidy/,05 Aug 2026
Tim Savageaux,61,https://stockanalysis.com/analysts/Tim-Savageaux/,05 Aug 2026
Julian Harrison,62,https://stockanalysis.com/analysts/Julian-Harrison/,04 Aug 2026
Thomas Smith,63,https://stockanalysis.com/analysts/Thomas-Smith/,04 Aug 2026
Ritu Baral,65,https://stockanalysis.com/analysts/Ritu-Baral/,05 Aug 2026
Brian Brophy,67,https://stockanalysis.com/analysts/Brian-Brophy/,05 Aug 2026
Kian Abouhossein,69,https://stockanalysis.com/analysts/Kian-Abouhossein/,04 Aug 2026
Bose George,70,https://stockanalysis.com/analysts/Bose-George/,03 Aug 2026
Faisal Khurshid,71,https://stockanalysis.com/analysts/Faisal-Khurshid/,31 Jul 2026
Meyer Shields,72,https://stockanalysis.com/analysts/Meyer-Shields/,05 Aug 2026
Gerard Cassidy,73,https://stockanalysis.com/analysts/Gerard-Cassidy/,03 Aug 2026
Mike Mayo,74,https://stockanalysis.com/analysts/Mike-Mayo/,04 Aug 2026
Ross Seymore,75,https://stockanalysis.com/analysts/Ross-Seymore/,29 Jun 2026
Nathan Jones,76,https://stockanalysis.com/analysts/Nathan-Jones/,03 Aug 2026
Brian Chin,77,https://stockanalysis.com/analysts/Brian-Chin/,05 Aug 2026
Stacy Rasgon,78,https://stockanalysis.com/analysts/Stacy-Rasgon/,05 Aug 2026
Leo Mariani,79,https://stockanalysis.com/analysts/Leo-Mariani/,05 Aug 2026
Brian MacArthur,82,https://stockanalysis.com/analysts/Brian-MacArthur/,23 Jul 2026
Tore Svanberg,83,https://stockanalysis.com/analysts/Tore-Svanberg/,05 Aug 2026
Chase Knickerbocker,85,https://stockanalysis.com/analysts/Chase-Knickerbocker/,04 Aug 2026
Joon Lee,86,https://stockanalysis.com/analysts/Joon-Lee/,17 Mar 2026
Craig Ellis,87,https://stockanalysis.com/analysts/Craig-Ellis/,04 Aug 2026
Heiko Ihle,88,https://stockanalysis.com/analysts/Heiko-Ihle/,05 Aug 2026
Andres Coello,90,https://stockanalysis.com/analysts/Andres-Coello/,29 Jul 2026
Bill Papanastasiou,91,https://stockanalysis.com/analysts/Bill-Papanastasiou/,27 Jul 2026
Srini Pajjuri,92,https://stockanalysis.com/analysts/Srini-Pajjuri/,05 Aug 2026
Phil Hardie,93,https://stockanalysis.com/analysts/Phil-Hardie/,04 Aug 2026
Alexander Blostein,95,https://stockanalysis.com/analysts/Alexander-Blostein/,03 Aug 2026
Selman Akyol,96,https://stockanalysis.com/analysts/Selman-Akyol/,05 Aug 2026
Sanjay Sakhrani,97,https://stockanalysis.com/analysts/Sanjay-Sakhrani/,05 Aug 2026
Steve Barger,99,https://stockanalysis.com/analysts/Steve-Barger/,05 Aug 2026
Charles Minervino,100,https://stockanalysis.com/analysts/Charles-Minervino/,03 Aug 2026
Dave Kang,101,https://stockanalysis.com/analysts/Dave-Kang/,31 Jul 2026
Chris Caso,102,https://stockanalysis.com/analysts/Chris-Caso/,04 Aug 2026
Carey Macrury,103,https://stockanalysis.com/analysts/Carey-Macrury/,06 Jul 2026
Mehdi Hosseini,104,https://stockanalysis.com/analysts/Mehdi-Hosseini/,31 Jul 2026
Mike Colonnese,105,https://stockanalysis.com/analysts/Mike-Colonnese/,04 Aug 2026
Myles Minter,106,https://stockanalysis.com/analysts/Myles-Minter/,05 Aug 2026
James Ricchiuti,107,https://stockanalysis.com/analysts/James-Ricchiuti/,05 Aug 2026
David Williams,108,https://stockanalysis.com/analysts/David-Williams/,04 Aug 2026
Ami Fadia,109,https://stockanalysis.com/analysts/Ami-Fadia/,05 Aug 2026
Robert Brown,110,https://stockanalysis.com/analysts/Robert-Brown/,05 Aug 2026
Tristan Gerra,111,https://stockanalysis.com/analysts/Tristan-Gerra/,04 Aug 2026
Mark Newman,115,https://stockanalysis.com/analysts/Mark-Newman/,20 Jul 2026
David Konrad,116,https://stockanalysis.com/analysts/David-Konrad/,04 Aug 2026
Damon Delmonte,117,https://stockanalysis.com/analysts/Damon-Delmonte/,03 Aug 2026
Jeremy Hoy,118,https://stockanalysis.com/analysts/Jeremy-Hoy/,20 Jul 2026
Bobby Brooks,119,https://stockanalysis.com/analysts/Bobby-Brooks/,05 Aug 2026
Ariel Rosa,120,https://stockanalysis.com/analysts/Ariel-Rosa/,04 Aug 2026
Debanjana Chatterjee,122,https://stockanalysis.com/analysts/Debanjana-Chatterjee/,05 Aug 2026
Eric Winmill,123,https://stockanalysis.com/analysts/Eric-Winmill/,05 Aug 2026
Daniel Fannon,124,https://stockanalysis.com/analysts/Daniel-Fannon/,31 Jul 2026
Andrew Obin,125,https://stockanalysis.com/analysts/Andrew-Obin/,05 Aug 2026
Jamie Cook,126,https://stockanalysis.com/analysts/Jamie-Cook/,05 Aug 2026
Chris Kotowski,127,https://stockanalysis.com/analysts/Chris-Kotowski/,05 Aug 2026
Walter Spracklin,128,https://stockanalysis.com/analysts/Walter-Spracklin/,29 Jul 2026
Joshua Buchalter,129,https://stockanalysis.com/analysts/Joshua-Buchalter/,04 Aug 2026
Patrick Brown,130,https://stockanalysis.com/analysts/Patrick-Brown/,31 Jul 2026
Ronald Epstein,132,https://stockanalysis.com/analysts/Ronald-Epstein/,04 Aug 2026
Seamus Fernandez,133,https://stockanalysis.com/analysts/Seamus-Fernandez/,04 Aug 2026
Justin Post,134,https://stockanalysis.com/analysts/Justin-Post/,05 Aug 2026
Keith Mackey,136,https://stockanalysis.com/analysts/Keith-Mackey/,04 Aug 2026
Jonathan Ruykhaver,137,https://stockanalysis.com/analysts/Jonathan-Ruykhaver/,03 Aug 2026
John Vinh,138,https://stockanalysis.com/analysts/John-Vinh/,05 Aug 2026
Yatin Suneja,139,https://stockanalysis.com/analysts/Yatin-Suneja/,04 Aug 2026
Simon Leopold,140,https://stockanalysis.com/analysts/Simon-Leopold/,01 Jul 2026
Patrick Trucchio,141,https://stockanalysis.com/analysts/Patrick-Trucchio/,05 Aug 2026
Patrick Moley,146,https://stockanalysis.com/analysts/Patrick-Moley/,05 Aug 2026
Paul Newsome,147,https://stockanalysis.com/analysts/Paul-Newsome/,05 Aug 2026
Shrenik Kothari,148,https://stockanalysis.com/analysts/Shrenik-Kothari/,05 Aug 2026
Jason Goldberg,149,https://stockanalysis.com/analysts/Jason-Goldberg/,05 Aug 2026
Stephen Volkmann,151,https://stockanalysis.com/analysts/Stephen-Volkmann/,29 Jul 2026
Jonathan Chappell,152,https://stockanalysis.com/analysts/Jonathan-Chappell/,30 Jul 2026
Peter Arment,153,https://stockanalysis.com/analysts/Peter-Arment/,04 Aug 2026
Alexander Paris,154,https://stockanalysis.com/analysts/Alexander-Paris/,05 Aug 2026
Vivek Arya,156,https://stockanalysis.com/analysts/Vivek-Arya/,05 Aug 2026
Joseph Moore,157,https://stockanalysis.com/analysts/Joseph-Moore/,05 Aug 2026
Yaron Werber,158,https://stockanalysis.com/analysts/Yaron-Werber/,05 Aug 2026
Nehal Chokshi,159,https://stockanalysis.com/analysts/Nehal-Chokshi/,05 Aug 2026
Etzer Darout,160,https://stockanalysis.com/analysts/Etzer-Darout/,04 Aug 2026
Michael Schmidt,161,https://stockanalysis.com/analysts/Michael-Schmidt/,31 Jul 2026
George Sutton,163,https://stockanalysis.com/analysts/George-Sutton/,31 Jul 2026
Joseph Schwartz,164,https://stockanalysis.com/analysts/Joseph-Schwartz/,27 Jul 2026
Colin Rusch,165,https://stockanalysis.com/analysts/Colin-Rusch/,31 Jul 2026
Wood Lay,166,https://stockanalysis.com/analysts/Wood-Lay/,05 Aug 2026
Sebastien Naji,167,https://stockanalysis.com/analysts/Sebastien-Naji/,05 Aug 2026
Kyle Menges,168,https://stockanalysis.com/analysts/Kyle-Menges/,05 Aug 2026
Keith Horowitz,170,https://stockanalysis.com/analysts/Keith-Horowitz/,08 May 2026
Christopher McGratty,172,https://stockanalysis.com/analysts/Christopher-McGratty/,05 Aug 2026
Erik Rasmussen,173,https://stockanalysis.com/analysts/Erik-Rasmussen/,03 Aug 2026
Elvira Scotto,179,https://stockanalysis.com/analysts/Elvira-Scotto/,21 Jul 2026
Bryan Blair,180,https://stockanalysis.com/analysts/Bryan-Blair/,05 Aug 2026
Julian Mitchell,181,https://stockanalysis.com/analysts/Julian-Mitchell/,12 Jun 2026
Christopher Glynn,182,https://stockanalysis.com/analysts/Christopher-Glynn/,05 Aug 2026
Mark Delaney,184,https://stockanalysis.com/analysts/Mark-Delaney/,05 Aug 2026
Lloyd Walmsley,185,https://stockanalysis.com/analysts/Lloyd-Walmsley/,05 Aug 2026
Sam Crittenden,186,https://stockanalysis.com/analysts/Sam-Crittenden/,31 Jul 2026
Charles Shi,187,https://stockanalysis.com/analysts/Charles-Shi/,05 Aug 2026
Richard Hatch,189,https://stockanalysis.com/analysts/Richard-Hatch/,30 Jul 2026
Gregory Lewis,190,https://stockanalysis.com/analysts/Gregory-Lewis/,03 Aug 2026
Yasmeen Rahimi,192,https://stockanalysis.com/analysts/Yasmeen-Rahimi/,04 Aug 2026
Melissa Weathers,193,https://stockanalysis.com/analysts/Melissa-Weathers/,05 Aug 2026
Andrew Coombs,197,https://stockanalysis.com/analysts/Andrew-Coombs/,04 Aug 2026
Brian Meredith,198,https://stockanalysis.com/analysts/Brian-Meredith/,03 Aug 2026
Manav Gupta,202,https://stockanalysis.com/analysts/Manav-Gupta/,04 Aug 2026
Fadi Chamoun,206,https://stockanalysis.com/analysts/Fadi-Chamoun/,03 Aug 2026
Michael Lasser,208,https://stockanalysis.com/analysts/Michael-Lasser/,05 Aug 2026
Doug Schenkel,209,https://stockanalysis.com/analysts/Doug-Schenkel/,10 Dec 2025
Scott Hanold,212,https://stockanalysis.com/analysts/Scott-Hanold/,24 Jul 2026
Rob Owens,213,https://stockanalysis.com/analysts/Rob-Owens/,05 Aug 2026
Tim Long,214,https://stockanalysis.com/analysts/Tim-Long/,05 Aug 2026
Craig Stanley,215,https://stockanalysis.com/analysts/Craig-Stanley/,14 May 2026
Chris Dendrinos,216,https://stockanalysis.com/analysts/Chris-Dendrinos/,04 Aug 2026
Gus Richard,217,https://stockanalysis.com/analysts/Gus-Richard/,05 Aug 2026
Edward Nash,218,https://stockanalysis.com/analysts/Edward-Nash/,30 Jul 2026
Ryan Koontz,220,https://stockanalysis.com/analysts/Ryan-Koontz/,05 Aug 2026
Alex Platt,221,https://stockanalysis.com/analysts/Alex-Platt/,18 May 2026
Brett Huff,224,https://stockanalysis.com/analysts/Brett-Huff/,04 Aug 2026
Andrew Percoco,229,https://stockanalysis.com/analysts/Andrew-Percoco/,05 Aug 2026
Stephen Tusa,230,https://stockanalysis.com/analysts/Stephen-Tusa/,11 Jun 2026
Frederic Bastien,231,https://stockanalysis.com/analysts/Frederic-Bastien/,02 Jul 2026
Scot Ciccarelli,232,https://stockanalysis.com/analysts/Scot-Ciccarelli/,31 Jul 2026
Allison Bratzel,235,https://stockanalysis.com/analysts/Allison-Bratzel/,31 Jul 2026
Noah Kaye,236,https://stockanalysis.com/analysts/Noah-Kaye/,31 Jul 2026
Erik Woodring,237,https://stockanalysis.com/analysts/Erik-Woodring/,05 Aug 2026
Shaul Eyal,239,https://stockanalysis.com/analysts/Shaul-Eyal/,05 Aug 2026
Jason Gerberry,240,https://stockanalysis.com/analysts/Jason-Gerberry/,04 Aug 2026
Douglas Tsao,241,https://stockanalysis.com/analysts/Douglas-Tsao/,05 Aug 2026
Trevor Allred,243,https://stockanalysis.com/analysts/Trevor-Allred/,05 Aug 2026
Martin Fan,245,https://stockanalysis.com/analysts/Martin-Fan/,28 Jul 2026
Edward Yang,249,https://stockanalysis.com/analysts/Edward-Yang/,05 Aug 2026
Kelsey Goodwin,251,https://stockanalysis.com/analysts/Kelsey-Goodwin/,04 Aug 2026
Brett Linzey,254,https://stockanalysis.com/analysts/Brett-Linzey/,05 Aug 2026
Rudy Li,258,https://stockanalysis.com/analysts/Rudy-Li/,03 Aug 2026
Peter Benedict,259,https://stockanalysis.com/analysts/Peter-Benedict/,20 Jul 2026
Jeffrey Hammond,260,https://stockanalysis.com/analysts/Jeffrey-Hammond/,03 Aug 2026
Srikripa Devarakonda,263,https://stockanalysis.com/analysts/Srikripa-Devarakonda/,31 Jul 2026
Brian Bedell,264,https://stockanalysis.com/analysts/Brian-Bedell/,05 Aug 2026
Chip Moore,265,https://stockanalysis.com/analysts/Chip-Moore/,05 Aug 2026
Brian Quast,266,https://stockanalysis.com/analysts/Brian-Quast/,31 Jul 2026
Derek Archila,267,https://stockanalysis.com/analysts/Derek-Archila/,05 Aug 2026
Anupam Rama,271,https://stockanalysis.com/analysts/Anupam-Rama/,03 Aug 2026
Jaeson Schmidt,272,https://stockanalysis.com/analysts/Jaeson-Schmidt/,31 Jul 2026
Junaid Siddiqui,274,https://stockanalysis.com/analysts/Junaid-Siddiqui/,05 Aug 2026
Seth Seifman,275,https://stockanalysis.com/analysts/Seth-Seifman/,04 Aug 2026
David Feaster,276,https://stockanalysis.com/analysts/David-Feaster/,17 Jul 2026
Nathan Race,278,https://stockanalysis.com/analysts/Nathan-Race/,05 Aug 2026
Fatima Boolani,280,https://stockanalysis.com/analysts/Fatima-Boolani/,03 Aug 2026
David Manthey,282,https://stockanalysis.com/analysts/David-Manthey/,05 Aug 2026
Corey Tarlowe,283,https://stockanalysis.com/analysts/Corey-Tarlowe/,31 Jul 2026
John Eade,284,https://stockanalysis.com/analysts/John-Eade/,04 Aug 2026
Mark DeVries,285,https://stockanalysis.com/analysts/Mark-DeVries/,30 Jul 2026
Mark Devries,285,https://stockanalysis.com/analysts/Mark-Devries/,30 Jul 2026
Ross Sandler,286,https://stockanalysis.com/analysts/Ross-Sandler/,05 Aug 2026
Mark Kelley,287,https://stockanalysis.com/analysts/Mark-Kelley/,16 Jun 2026
John DiFucci,289,https://stockanalysis.com/analysts/John-DiFucci/,05 Aug 2026
Cory Kasimov,290,https://stockanalysis.com/analysts/Cory-Kasimov/,05 Aug 2026
Orest Wowkodaw,292,https://stockanalysis.com/analysts/Orest-Wowkodaw/,04 Aug 2026
Mike Crawford,293,https://stockanalysis.com/analysts/Mike-Crawford/,17 Jul 2026
Jonathan Wolleben,294,https://stockanalysis.com/analysts/Jonathan-Wolleben/,05 Aug 2026
Jay Olson,295,https://stockanalysis.com/analysts/Jay-Olson/,05 Aug 2026
Scott Deuschle,298,https://stockanalysis.com/analysts/Scott-Deuschle/,05 Aug 2026
Brian Drab,299,https://stockanalysis.com/analysts/Brian-Drab/,05 Aug 2026
Catherine Mealor,301,https://stockanalysis.com/analysts/Catherine-Mealor/,04 Aug 2026
Andre Madrid,302,https://stockanalysis.com/analysts/Andre-Madrid/,05 Aug 2026
Robert Dodd,304,https://stockanalysis.com/analysts/Robert-Dodd/,09 Jul 2026
Michael Blum,305,https://stockanalysis.com/analysts/Michael-Blum/,04 Aug 2026
James Schneider,307,https://stockanalysis.com/analysts/James-Schneider/,04 Aug 2026
George Notter,308,https://stockanalysis.com/analysts/George-Notter/,28 Jul 2026
Erin Wright,310,https://stockanalysis.com/analysts/Erin-Wright/,05 Aug 2026
Sheila Kahyaoglu,311,https://stockanalysis.com/analysts/Sheila-Kahyaoglu/,05 Aug 2026
Thomas Diffely,312,https://stockanalysis.com/analysts/Thomas-Diffely/,11 Dec 2025
Keith Hughes,314,https://stockanalysis.com/analysts/Keith-Hughes/,05 Aug 2026
Mike Cikos,315,https://stockanalysis.com/analysts/Mike-Cikos/,05 Aug 2026
Naved Khan,316,https://stockanalysis.com/analysts/Naved-Khan/,05 Aug 2026
Craig Hutchison,317,https://stockanalysis.com/analysts/Craig-Hutchison/,30 Jul 2026
Josh Wolfson,318,https://stockanalysis.com/analysts/Josh-Wolfson/,28 Jul 2026
Rami Katkhuda,319,https://stockanalysis.com/analysts/Rami-Katkhuda/,04 Aug 2026
Ananda Baruah,320,https://stockanalysis.com/analysts/Ananda-Baruah/,02 Jun 2026
David Nierengarten,321,https://stockanalysis.com/analysts/David-Nierengarten/,05 Aug 2026
Andrew Fein,322,https://stockanalysis.com/analysts/Andrew-Fein/,05 Aug 2026
Robert Burns,323,https://stockanalysis.com/analysts/Robert-Burns/,05 Aug 2026
Melissa Fairbanks,330,https://stockanalysis.com/analysts/Melissa-Fairbanks/,04 Aug 2026
Christopher Allen,333,https://stockanalysis.com/analysts/Christopher-Allen/,05 Aug 2026
Sam Margolin,334,https://stockanalysis.com/analysts/Sam-Margolin/,04 Aug 2026
Stephen Biggar,335,https://stockanalysis.com/analysts/Stephen-Biggar/,03 Aug 2026
Max Michaelis,337,https://stockanalysis.com/analysts/Max-Michaelis/,05 Aug 2026
Joseph Quatrochi,338,https://stockanalysis.com/analysts/Joseph-Quatrochi/,04 Aug 2026
Jon Arfstrom,339,https://stockanalysis.com/analysts/Jon-Arfstrom/,30 Jul 2026
Brandon Couillard,341,https://stockanalysis.com/analysts/Brandon-Couillard/,05 Aug 2026
Leonid Timashev,343,https://stockanalysis.com/analysts/Leonid-Timashev/,31 Jul 2026
Kevin Steinke,344,https://stockanalysis.com/analysts/Kevin-Steinke/,05 Aug 2026
Alex Zukin,345,https://stockanalysis.com/analysts/Alex-Zukin/,03 Aug 2026
William Power,346,https://stockanalysis.com/analysts/William-Power/,05 Aug 2026
Brian Nagel,347,https://stockanalysis.com/analysts/Brian-Nagel/,26 Jun 2026
Greg Palm,349,https://stockanalysis.com/analysts/Greg-Palm/,04 Aug 2026
Michael Grondahl,352,https://stockanalysis.com/analysts/Michael-Grondahl/,05 Aug 2026
Jeff Rulis,353,https://stockanalysis.com/analysts/Jeff-Rulis/,03 Aug 2026
Stephen Scouten,354,https://stockanalysis.com/analysts/Stephen-Scouten/,30 Jul 2026
Brian Gesuale,358,https://stockanalysis.com/analysts/Brian-Gesuale/,29 Jul 2026
Christian Wetherbee,359,https://stockanalysis.com/analysts/Christian-Wetherbee/,31 Jul 2026
Scott Gruber,360,https://stockanalysis.com/analysts/Scott-Gruber/,03 Aug 2026
Hamed Khorsand,363,https://stockanalysis.com/analysts/Hamed-Khorsand/,04 Aug 2026
Cosmos Chiu,364,https://stockanalysis.com/analysts/Cosmos-Chiu/,05 Aug 2026
Joseph Thome,365,https://stockanalysis.com/analysts/Joseph-Thome/,05 Aug 2026
Andrew Berens,368,https://stockanalysis.com/analysts/Andrew-Berens/,03 Aug 2026
Joseph Stringer,370,https://stockanalysis.com/analysts/Joseph-Stringer/,05 Aug 2026
Andrew Brackmann,371,https://stockanalysis.com/analysts/Andrew-Brackmann/,02 Jul 2026
Subbu Nambi,373,https://stockanalysis.com/analysts/Subbu-Nambi/,04 Aug 2026
Daniela Costa,375,https://stockanalysis.com/analysts/Daniela-Costa/,04 Aug 2026
Andrew Wittmann,376,https://stockanalysis.com/analysts/Andrew-Wittmann/,05 Aug 2026
Andrew Tsai,377,https://stockanalysis.com/analysts/Andrew-Tsai/,30 Jul 2026
James Thalacker,378,https://stockanalysis.com/analysts/James-Thalacker/,05 Aug 2026
Anthony Pettinari,381,https://stockanalysis.com/analysts/Anthony-Pettinari/,04 Aug 2026
Randy Binner,382,https://stockanalysis.com/analysts/Randy-Binner/,13 Jul 2026
Ryan Todd,383,https://stockanalysis.com/analysts/Ryan-Todd/,23 Jul 2026
Erik Suppiger,384,https://stockanalysis.com/analysts/Erik-Suppiger/,04 Aug 2026
Jacob Stephan,385,https://stockanalysis.com/analysts/Jacob-Stephan/,05 Aug 2026
Daniel Ives,386,https://stockanalysis.com/analysts/Daniel-Ives/,30 Jun 2026
Lloyd Byrne,387,https://stockanalysis.com/analysts/Lloyd-Byrne/,05 Aug 2026
Andrew Mikitchook,388,https://stockanalysis.com/analysts/Andrew-Mikitchook/,31 Jul 2026
Katie Lachapelle,389,https://stockanalysis.com/analysts/Katie-Lachapelle/,19 May 2026
Marc Goodman,390,https://stockanalysis.com/analysts/Marc-Goodman/,13 Jul 2026
Joseph Pantginis,391,https://stockanalysis.com/analysts/Joseph-Pantginis/,05 Aug 2026
Ed Arce,392,https://stockanalysis.com/analysts/Ed-Arce/,30 Apr 2026
Justin Crowley,395,https://stockanalysis.com/analysts/Justin-Crowley/,04 Aug 2026
Katja Jancic,396,https://stockanalysis.com/analysts/Katja-Jancic/,29 Jul 2026
Yaron Kinar,398,https://stockanalysis.com/analysts/Yaron-Kinar/,05 Aug 2026
David Karnovsky,402,https://stockanalysis.com/analysts/David-Karnovsky/,04 Aug 2026
Raj Ray,405,https://stockanalysis.com/analysts/Raj-Ray/,03 Aug 2026
Charles Zhu,406,https://stockanalysis.com/analysts/Charles-Zhu/,04 Aug 2026
Matthew Carletti,407,https://stockanalysis.com/analysts/Matthew-Carletti/,04 Aug 2026
James Lee,408,https://stockanalysis.com/analysts/James-Lee/,27 Feb 2026
David Amsellem,409,https://stockanalysis.com/analysts/David-Amsellem/,05 Aug 2026
Hal Goetsch,410,https://stockanalysis.com/analysts/Hal-Goetsch/,05 Aug 2026
Deepak Mathivanan,412,https://stockanalysis.com/analysts/Deepak-Mathivanan/,05 Aug 2026
Nick Giles,413,https://stockanalysis.com/analysts/Nick-Giles/,05 Aug 2026
John Hecht,414,https://stockanalysis.com/analysts/John-Hecht/,22 Jul 2026
Gary Mobley,415,https://stockanalysis.com/analysts/Gary-Mobley/,29 Jul 2026
Mircea Dobre,416,https://stockanalysis.com/analysts/Mircea-Dobre/,05 Aug 2026
David Scharf,417,https://stockanalysis.com/analysts/David-Scharf/,31 Jul 2026
Alex Rygiel,418,https://stockanalysis.com/analysts/Alex-Rygiel/,21 Jul 2026
Graig Suvannavejh,421,https://stockanalysis.com/analysts/Graig-Suvannavejh/,05 Aug 2026
Joseph Vafi,422,https://stockanalysis.com/analysts/Joseph-Vafi/,05 Aug 2026
Manuel Navas,427,https://stockanalysis.com/analysts/Manuel-Navas/,05 Aug 2026
Devin Dodge,429,https://stockanalysis.com/analysts/Devin-Dodge/,30 Jul 2026
Michael Lewis,431,https://stockanalysis.com/analysts/Michael-Lewis/,05 Aug 2026
Arren Cyganovich,432,https://stockanalysis.com/analysts/Arren-Cyganovich/,05 Aug 2026
Gregory Peters,434,https://stockanalysis.com/analysts/Gregory-Peters/,06 Jul 2026
Brian Pitz,436,https://stockanalysis.com/analysts/Brian-Pitz/,05 Aug 2026
Deane Dray,437,https://stockanalysis.com/analysts/Deane-Dray/,04 Aug 2026
Karl Keirstead,438,https://stockanalysis.com/analysts/Karl-Keirstead/,04 Aug 2026
Stephanie Moore,440,https://stockanalysis.com/analysts/Stephanie-Moore/,31 Jul 2026
Patrick Jones,442,https://stockanalysis.com/analysts/Patrick-Jones/,05 Aug 2026
Andrew Nowinski,443,https://stockanalysis.com/analysts/Andrew-Nowinski/,02 Apr 2026
Gregory Renza,444,https://stockanalysis.com/analysts/Gregory-Renza/,05 Aug 2026
Jason Butler,445,https://stockanalysis.com/analysts/Jason-Butler/,05 Aug 2026
Harry Fong,451,https://stockanalysis.com/analysts/Harry-Fong/,31 Jul 2026
Robert Hope,455,https://stockanalysis.com/analysts/Robert-Hope/,03 Aug 2026
Jade Rahmani,456,https://stockanalysis.com/analysts/Jade-Rahmani/,05 Aug 2026
Edward Kelly,458,https://stockanalysis.com/analysts/Edward-Kelly/,30 Jul 2026
Jay McCanless,459,https://stockanalysis.com/analysts/Jay-McCanless/,09 Apr 2026
Richard Shane,460,https://stockanalysis.com/analysts/Richard-Shane/,04 Aug 2026
Eric Handler,461,https://stockanalysis.com/analysts/Eric-Handler/,05 Aug 2026
Bobby Griffin,463,https://stockanalysis.com/analysts/Bobby-Griffin/,31 Jul 2026
Ted Jackson,466,https://stockanalysis.com/analysts/Ted-Jackson/,05 Aug 2026
Jason Bazinet,467,https://stockanalysis.com/analysts/Jason-Bazinet/,04 Aug 2026
Chris LaFemina,468,https://stockanalysis.com/analysts/Chris-LaFemina/,29 Jul 2026
Paul Matteis,469,https://stockanalysis.com/analysts/Paul-Matteis/,05 Aug 2026
Tara Bancroft,470,https://stockanalysis.com/analysts/Tara-Bancroft/,05 Aug 2026
Annabel Samimy,471,https://stockanalysis.com/analysts/Annabel-Samimy/,04 Aug 2026
Lucas Servera,472,https://stockanalysis.com/analysts/Lucas-Servera/,05 Aug 2026
Myles Allsop,475,https://stockanalysis.com/analysts/Myles-Allsop/,30 Jul 2026
Scott Siefers,477,https://stockanalysis.com/analysts/Scott-Siefers/,14 May 2026
Daniel Major,480,https://stockanalysis.com/analysts/Daniel-Major/,05 Aug 2026
Douglas Harter,482,https://stockanalysis.com/analysts/Douglas-Harter/,04 Aug 2026
Bradley Thomas,483,https://stockanalysis.com/analysts/Bradley-Thomas/,31 Jul 2026
Geoff Meacham,486,https://stockanalysis.com/analysts/Geoff-Meacham/,05 Aug 2026
Gary Prestopino,487,https://stockanalysis.com/analysts/Gary-Prestopino/,05 Aug 2026
Josh Beck,489,https://stockanalysis.com/analysts/Josh-Beck/,31 Jul 2026
Ovais Habib,491,https://stockanalysis.com/analysts/Ovais-Habib/,04 Aug 2026
Maria Ripps,492,https://stockanalysis.com/analysts/Maria-Ripps/,05 Aug 2026
Jed Dorsheimer,493,https://stockanalysis.com/analysts/Jed-Dorsheimer/,05 Aug 2026
Richard Ramsden,496,https://stockanalysis.com/analysts/Richard-Ramsden/,16 Jul 2026
Trung Huynh,497,https://stockanalysis.com/analysts/Trung-Huynh/,04 Aug 2026
Eric Heath,499,https://stockanalysis.com/analysts/Eric-Heath/,29 Jul 2026
Laura Prendergast,500,https://stockanalysis.com/analysts/Laura-Prendergast/,04 Aug 2026
Matthew Clark,501,https://stockanalysis.com/analysts/Matthew-Clark/,03 Aug 2026
Adam Borg,502,https://stockanalysis.com/analysts/Adam-Borg/,31 Jul 2026
Joseph Dickerson,503,https://stockanalysis.com/analysts/Joseph-Dickerson/,04 Aug 2026
Anthony Chukumba,504,https://stockanalysis.com/analysts/Anthony-Chukumba/,13 Jul 2026
Konark Gupta,507,https://stockanalysis.com/analysts/Konark-Gupta/,31 Jul 2026
Rupesh Parikh,509,https://stockanalysis.com/analysts/Rupesh-Parikh/,04 Aug 2026
Nicole Deblase,510,https://stockanalysis.com/analysts/Nicole-Deblase/,31 Jul 2026
Vamil Divan,511,https://stockanalysis.com/analysts/Vamil-Divan/,05 Aug 2026
Craig Siegenthaler,512,https://stockanalysis.com/analysts/Craig-Siegenthaler/,05 Aug 2026
Colin Canfield,513,https://stockanalysis.com/analysts/Colin-Canfield/,05 Aug 2026
Rob Sanderson,514,https://stockanalysis.com/analysts/Rob-Sanderson/,15 Jun 2026
David Koning,515,https://stockanalysis.com/analysts/David-Koning/,05 Aug 2026
Mark Mahaney,516,https://stockanalysis.com/analysts/Mark-Mahaney/,05 Aug 2026
Liam Burke,518,https://stockanalysis.com/analysts/Liam-Burke/,31 Jul 2026
Stephen Gengaro,519,https://stockanalysis.com/analysts/Stephen-Gengaro/,05 Aug 2026
Kristen Kluska,520,https://stockanalysis.com/analysts/Kristen-Kluska/,04 Aug 2026
Swayampakula Ramakanth,521,https://stockanalysis.com/analysts/Swayampakula-Ramakanth/,05 Aug 2026
Ben Gerlinger,524,https://stockanalysis.com/analysts/Ben-Gerlinger/,31 Jul 2026
John Massocca,525,https://stockanalysis.com/analysts/John-Massocca/,22 Jul 2026
Patrick Kenny,526,https://stockanalysis.com/analysts/Patrick-Kenny/,15 Jun 2026
Nathan Martin,528,https://stockanalysis.com/analysts/Nathan-Martin/,30 Jul 2026
Sean Laaman,529,https://stockanalysis.com/analysts/Sean-Laaman/,05 Aug 2026
Kenneth Lee,530,https://stockanalysis.com/analysts/Kenneth-Lee/,04 Aug 2026
Kristine Liwag,532,https://stockanalysis.com/analysts/Kristine-Liwag/,05 Aug 2026
Myles Walton,533,https://stockanalysis.com/analysts/Myles-Walton/,05 Aug 2026
Adam Seiden,534,https://stockanalysis.com/analysts/Adam-Seiden/,04 Aug 2026
Benjamin Budish,535,https://stockanalysis.com/analysts/Benjamin-Budish/,04 Aug 2026
Gray Powell,537,https://stockanalysis.com/analysts/Gray-Powell/,04 Aug 2026
David Arcaro,538,https://stockanalysis.com/analysts/David-Arcaro/,05 Aug 2026
Hamir Patel,539,https://stockanalysis.com/analysts/Hamir-Patel/,31 Jul 2026
Anita Soni,540,https://stockanalysis.com/analysts/Anita-Soni/,05 Aug 2026
Robert Young,541,https://stockanalysis.com/analysts/Robert-Young/,15 May 2026
Laura Chico,542,https://stockanalysis.com/analysts/Laura-Chico/,05 Aug 2026
Chris Brendler,543,https://stockanalysis.com/analysts/Chris-Brendler/,05 Aug 2026
Debjit Chattopadhyay,544,https://stockanalysis.com/analysts/Debjit-Chattopadhyay/,03 Aug 2026
Maxwell Skor,547,https://stockanalysis.com/analysts/Maxwell-Skor/,04 Aug 2026
David Hoang,549,https://stockanalysis.com/analysts/David-Hoang/,05 Aug 2026
Daniel Tamayo,550,https://stockanalysis.com/analysts/Daniel-Tamayo/,31 Jul 2026
Lee Horowitz,551,https://stockanalysis.com/analysts/Lee-Horowitz/,13 Mar 2026
Paul Golding,555,https://stockanalysis.com/analysts/Paul-Golding/,04 Aug 2026
Donald Fandetti,557,https://stockanalysis.com/analysts/Donald-Fandetti/,05 Aug 2026
Joseph Bonner,558,https://stockanalysis.com/analysts/Joseph-Bonner/,04 Aug 2026
Michael Doumet,560,https://stockanalysis.com/analysts/Michael-Doumet/,23 Feb 2026
Steven Chubak,561,https://stockanalysis.com/analysts/Steven-Chubak/,15 Jun 2026
Brennan Hawken,562,https://stockanalysis.com/analysts/Brennan-Hawken/,03 Aug 2026
Joe Ritchie,563,https://stockanalysis.com/analysts/Joe-Ritchie/,31 Jul 2026
Omar Dessouky,564,https://stockanalysis.com/analysts/Omar-Dessouky/,04 Aug 2026
Mitch Kummetz,565,https://stockanalysis.com/analysts/Mitch-Kummetz/,20 Jul 2026
Steven Lichtman,567,https://stockanalysis.com/analysts/Steven-Lichtman/,05 Aug 2026
Lawson Winder,568,https://stockanalysis.com/analysts/Lawson-Winder/,05 Aug 2026
Brett Knoblauch,571,https://stockanalysis.com/analysts/Brett-Knoblauch/,05 Aug 2026
Ryan Deschner,575,https://stockanalysis.com/analysts/Ryan-Deschner/,10 Jul 2026
Ryan Krueger,576,https://stockanalysis.com/analysts/Ryan-Krueger/,05 Aug 2026
Stephen Bersey,578,https://stockanalysis.com/analysts/Stephen-Bersey/,02 Jul 2026
Dean Wilkinson,579,https://stockanalysis.com/analysts/Dean-Wilkinson/,30 Jul 2026
Mark Moerdler,580,https://stockanalysis.com/analysts/Mark-Moerdler/,30 Jul 2026
Mihir Bhatia,581,https://stockanalysis.com/analysts/Mihir-Bhatia/,05 Aug 2026
Allen Lutz,582,https://stockanalysis.com/analysts/Allen-Lutz/,31 Jul 2026
Michael Leshock,584,https://stockanalysis.com/analysts/Michael-Leshock/,22 Jul 2026
Brad Zelnick,587,https://stockanalysis.com/analysts/Brad-Zelnick/,04 Aug 2026
Tim Huff,588,https://stockanalysis.com/analysts/Tim-Huff/,13 May 2026
Philip Ng,592,https://stockanalysis.com/analysts/Philip-Ng/,31 Jul 2026
Paul Lejuez,593,https://stockanalysis.com/analysts/Paul-Lejuez/,05 Aug 2026
Jason Zemansky,594,https://stockanalysis.com/analysts/Jason-Zemansky/,05 Aug 2026
Sami Corwin,596,https://stockanalysis.com/analysts/Sami-Corwin/,05 Aug 2026
Jonathan Komp,597,https://stockanalysis.com/analysts/Jonathan-Komp/,31 Jul 2026
Eric Martinuzzi,598,https://stockanalysis.com/analysts/Eric-Martinuzzi/,05 Aug 2026
Whitney Ijem,599,https://stockanalysis.com/analysts/Whitney-Ijem/,05 Aug 2026
Susan Anderson,600,https://stockanalysis.com/analysts/Susan-Anderson/,05 Aug 2026
Joseph Gallo,607,https://stockanalysis.com/analysts/Joseph-Gallo/,05 Aug 2026
Pierre Ferragu,608,https://stockanalysis.com/analysts/Pierre-Ferragu/,30 Jul 2026
Bascome Majors,611,https://stockanalysis.com/analysts/Bascome-Majors/,31 Jul 2026
Stephen Kim,613,https://stockanalysis.com/analysts/Stephen-Kim/,05 Aug 2026
Matt Summerville,616,https://stockanalysis.com/analysts/Matt-Summerville/,05 Aug 2026
Ittai Kidron,617,https://stockanalysis.com/analysts/Ittai-Kidron/,04 Aug 2026
Rohit Kulkarni,618,https://stockanalysis.com/analysts/Rohit-Kulkarni/,03 Aug 2026
Brian Abrahams,620,https://stockanalysis.com/analysts/Brian-Abrahams/,04 Aug 2026
Ryan Pfingst,622,https://stockanalysis.com/analysts/Ryan-Pfingst/,02 Jul 2026
Jake Sekelsky,623,https://stockanalysis.com/analysts/Jake-Sekelsky/,05 Aug 2026
Mark Jarvi,626,https://stockanalysis.com/analysts/Mark-Jarvi/,30 Jul 2026
Angie Storozynski,627,https://stockanalysis.com/analysts/Angie-Storozynski/,15 Jun 2026
Jason Gabelman,628,https://stockanalysis.com/analysts/Jason-Gabelman/,05 Aug 2026
Alexander Hacking,629,https://stockanalysis.com/analysts/Alexander-Hacking/,03 Aug 2026
Nicholas Campanella,630,https://stockanalysis.com/analysts/Nicholas-Campanella/,05 Aug 2026
Josh Silverstein,631,https://stockanalysis.com/analysts/Josh-Silverstein/,31 Jul 2026
Steve Moss,635,https://stockanalysis.com/analysts/Steve-Moss/,31 Jul 2026
Richard Baldry,636,https://stockanalysis.com/analysts/Richard-Baldry/,05 Aug 2026
Mark Shmulik,643,https://stockanalysis.com/analysts/Mark-Shmulik/,31 Jul 2026
Suneet Kamath,646,https://stockanalysis.com/analysts/Suneet-Kamath/,13 Jul 2026
Christopher Kuhn,647,https://stockanalysis.com/analysts/Christopher-Kuhn/,16 Jul 2026
David George,648,https://stockanalysis.com/analysts/David-George/,24 Jul 2026
Jeet Mukherjee,649,https://stockanalysis.com/analysts/Jeet-Mukherjee/,04 Aug 2026
David Joyce,650,https://stockanalysis.com/analysts/David-Joyce/,26 Jul 2026
John Ivankoe,652,https://stockanalysis.com/analysts/John-Ivankoe/,05 Aug 2026
Michael Tupholme,653,https://stockanalysis.com/analysts/Michael-Tupholme/,04 Aug 2026
Ryan Macwilliams,655,https://stockanalysis.com/analysts/Ryan-Macwilliams/,04 Aug 2026
Ryan MacWilliams,655,https://stockanalysis.com/analysts/Ryan-MacWilliams/,04 Aug 2026
Andrew Jeffrey,656,https://stockanalysis.com/analysts/Andrew-Jeffrey/,05 Aug 2026
Michael Rollins,657,https://stockanalysis.com/analysts/Michael-Rollins/,04 Aug 2026
Michael Halloran,658,https://stockanalysis.com/analysts/Michael-Halloran/,05 Aug 2026
Michael Wiederhorn,659,https://stockanalysis.com/analysts/Michael-Wiederhorn/,04 Aug 2026
Daley Li,661,https://stockanalysis.com/analysts/Daley-Li/,03 Aug 2026
Sandeep Deshpande,662,https://stockanalysis.com/analysts/Sandeep-Deshpande/,05 Aug 2026
Andrew Boone,663,https://stockanalysis.com/analysts/Andrew-Boone/,04 Aug 2026
Anthony Stoss,664,https://stockanalysis.com/analysts/Anthony-Stoss/,05 Aug 2026
Fawne Jiang,665,https://stockanalysis.com/analysts/Fawne-Jiang/,25 Jun 2026
Serge Belanger,666,https://stockanalysis.com/analysts/Serge-Belanger/,05 Aug 2026
Justin Walsh,667,https://stockanalysis.com/analysts/Justin-Walsh/,03 Aug 2026
Peter Peng,670,https://stockanalysis.com/analysts/Peter-Peng/,08 May 2026
Jay Huang,674,https://stockanalysis.com/analysts/Jay-Huang/,20 Jul 2026
John Barnidge,678,https://stockanalysis.com/analysts/John-Barnidge/,06 Mar 2026
Scott Graham,679,https://stockanalysis.com/analysts/Scott-Graham/,05 Aug 2026
Neil Mehta,681,https://stockanalysis.com/analysts/Neil-Mehta/,04 Aug 2026
John Ransom,682,https://stockanalysis.com/analysts/John-Ransom/,31 Jul 2026
Koji Ikeda,683,https://stockanalysis.com/analysts/Koji-Ikeda/,30 Jul 2026
Danielle Brill,684,https://stockanalysis.com/analysts/Danielle-Brill/,05 Aug 2026
David Westenberg,685,https://stockanalysis.com/analysts/David-Westenberg/,05 Aug 2026
Laura Martin,687,https://stockanalysis.com/analysts/Laura-Martin/,05 Aug 2026
Clark Lampen,688,https://stockanalysis.com/analysts/Clark-Lampen/,04 Aug 2026
Daniel Imbro,697,https://stockanalysis.com/analysts/Daniel-Imbro/,16 Jan 2026
Sam Burwell,698,https://stockanalysis.com/analysts/Sam-Burwell/,04 Aug 2026
Garik Shmois,699,https://stockanalysis.com/analysts/Garik-Shmois/,28 Jan 2026
Christopher Carril,701,https://stockanalysis.com/analysts/Christopher-Carril/,15 Jul 2026
John Mackay,702,https://stockanalysis.com/analysts/John-Mackay/,04 Aug 2026
Simon Yarmak,704,https://stockanalysis.com/analysts/Simon-Yarmak/,05 Aug 2026
Brian McKenna,706,https://stockanalysis.com/analysts/Brian-McKenna/,22 Apr 2026
Keith Weiss,708,https://stockanalysis.com/analysts/Keith-Weiss/,21 Jul 2026
Blair Abernethy,710,https://stockanalysis.com/analysts/Blair-Abernethy/,04 Aug 2026
Cameron Doerksen,711,https://stockanalysis.com/analysts/Cameron-Doerksen/,07 Jul 2026
Bryan Kraft,712,https://stockanalysis.com/analysts/Bryan-Kraft/,04 Aug 2026
Drew Crum,713,https://stockanalysis.com/analysts/Drew-Crum/,03 Aug 2026
Brian Morrison,715,https://stockanalysis.com/analysts/Brian-Morrison/,05 Aug 2026
Steven Wieczynski,719,https://stockanalysis.com/analysts/Steven-Wieczynski/,05 Aug 2026
Scott Searle,720,https://stockanalysis.com/analysts/Scott-Searle/,03 Aug 2026
Ross Sparenblek,722,https://stockanalysis.com/analysts/Ross-Sparenblek/,05 Aug 2026
Matthew Prisco,723,https://stockanalysis.com/analysts/Matthew-Prisco/,04 Aug 2026
Chris Dankert,724,https://stockanalysis.com/analysts/Chris-Dankert/,03 Aug 2026
Chris Graja,725,https://stockanalysis.com/analysts/Chris-Graja/,27 Jul 2026
Dave Rochester,727,https://stockanalysis.com/analysts/Dave-Rochester/,22 Jul 2026
David Vernon,728,https://stockanalysis.com/analysts/David-Vernon/,28 Jul 2026
Andrew Kligerman,729,https://stockanalysis.com/analysts/Andrew-Kligerman/,28 Jul 2026
Cherilyn Radbourne,730,https://stockanalysis.com/analysts/Cherilyn-Radbourne/,03 Aug 2026
Darko Mihelic,732,https://stockanalysis.com/analysts/Darko-Mihelic/,29 Jul 2026
Tanya Jakusconek,733,https://stockanalysis.com/analysts/Tanya-Jakusconek/,03 Aug 2026
Patrick Sholl,734,https://stockanalysis.com/analysts/Patrick-Sholl/,05 Aug 2026
Peter Saleh,735,https://stockanalysis.com/analysts/Peter-Saleh/,05 Aug 2026
Tal Liani,737,https://stockanalysis.com/analysts/Tal-Liani/,05 Aug 2026
Akash Tewari,739,https://stockanalysis.com/analysts/Akash-Tewari/,05 Aug 2026
John Blackledge,740,https://stockanalysis.com/analysts/John-Blackledge/,05 Aug 2026
Brad Heffern,742,https://stockanalysis.com/analysts/Brad-Heffern/,04 Aug 2026
Lance Vitanza,743,https://stockanalysis.com/analysts/Lance-Vitanza/,04 Aug 2026
Lisa Lewandowski,747,https://stockanalysis.com/analysts/Lisa-Lewandowski/,31 Jul 2026
Jack Meehan,751,https://stockanalysis.com/analysts/Jack-Meehan/,26 Mar 2026
Robert Catellier,753,https://stockanalysis.com/analysts/Robert-Catellier/,05 Aug 2026
Stephen Richardson,755,https://stockanalysis.com/analysts/Stephen-Richardson/,05 Aug 2026
Darrin Peller,757,https://stockanalysis.com/analysts/Darrin-Peller/,03 Aug 2026
Jonathan Atkin,758,https://stockanalysis.com/analysts/Jonathan-Atkin/,04 Aug 2026
Dan Leonard,760,https://stockanalysis.com/analysts/Dan-Leonard/,04 Aug 2026
Matthew Bouley,761,https://stockanalysis.com/analysts/Matthew-Bouley/,05 Aug 2026
Joseph Osha,764,https://stockanalysis.com/analysts/Joseph-Osha/,04 Aug 2026
Yigal Nochomovitz,765,https://stockanalysis.com/analysts/Yigal-Nochomovitz/,05 Aug 2026
Conor Fitzpatrick,766,https://stockanalysis.com/analysts/Conor-Fitzpatrick/,31 Jul 2026
Gregory Miller,768,https://stockanalysis.com/analysts/Gregory-Miller/,05 Aug 2026
Sohrab Movahedi,770,https://stockanalysis.com/analysts/Sohrab-Movahedi/,01 Jun 2026
Mark Fitzgibbon,772,https://stockanalysis.com/analysts/Mark-Fitzgibbon/,27 Feb 2026
Doug Creutz,773,https://stockanalysis.com/analysts/Doug-Creutz/,05 Aug 2026
Rudy Kessinger,774,https://stockanalysis.com/analysts/Rudy-Kessinger/,05 Aug 2026
Christopher Horvers,775,https://stockanalysis.com/analysts/Christopher-Horvers/,05 Aug 2026
Jayson Bedford,777,https://stockanalysis.com/analysts/Jayson-Bedford/,31 Jul 2026
Doug Anmuth,779,https://stockanalysis.com/analysts/Doug-Anmuth/,05 Aug 2026
Shyam Patil,780,https://stockanalysis.com/analysts/Shyam-Patil/,04 Aug 2026
Justin Clare,781,https://stockanalysis.com/analysts/Justin-Clare/,05 Aug 2026
Jake Bartlett,782,https://stockanalysis.com/analysts/Jake-Bartlett/,18 Mar 2026
Vincent Colicchio,783,https://stockanalysis.com/analysts/Vincent-Colicchio/,05 Aug 2026
Youssef Squali,784,https://stockanalysis.com/analysts/Youssef-Squali/,05 Aug 2026
John Kernan,785,https://stockanalysis.com/analysts/John-Kernan/,04 Dec 2025
Alexander Potter,786,https://stockanalysis.com/analysts/Alexander-Potter/,05 Aug 2026
Silvan Tuerkcan,787,https://stockanalysis.com/analysts/Silvan-Tuerkcan/,23 Jun 2026
Nicolai Kempf,788,https://stockanalysis.com/analysts/Nicolai-Kempf/,28 Jul 2026
Richard Anderson,789,https://stockanalysis.com/analysts/Richard-Anderson/,04 Aug 2026
Ryan Nash,791,https://stockanalysis.com/analysts/Ryan-Nash/,31 Jul 2026
Nick Doyle,795,https://stockanalysis.com/analysts/Nick-Doyle/,10 Nov 2025
John Heinbockel,796,https://stockanalysis.com/analysts/John-Heinbockel/,04 Aug 2026
Alex Kramm,798,https://stockanalysis.com/analysts/Alex-Kramm/,31 Jul 2026
Gokul Hariharan,799,https://stockanalysis.com/analysts/Gokul-Hariharan/,04 Aug 2026
David Windley,801,https://stockanalysis.com/analysts/David-Windley/,03 Aug 2026
Brendan Smith,802,https://stockanalysis.com/analysts/Brendan-Smith/,05 Aug 2026
Scott Schneeberger,803,https://stockanalysis.com/analysts/Scott-Schneeberger/,05 Aug 2026
Chris Baker,807,https://stockanalysis.com/analysts/Chris-Baker/,05 Aug 2026
Oliver Wintermantel,808,https://stockanalysis.com/analysts/Oliver-Wintermantel/,05 Aug 2026
Peter Weed,810,https://stockanalysis.com/analysts/Peter-Weed/,31 Jul 2026
Sean McLoughlin,812,https://stockanalysis.com/analysts/Sean-McLoughlin/,08 May 2026
Kelly Bania,814,https://stockanalysis.com/analysts/Kelly-Bania/,05 Aug 2026
Jonathan Petersen,817,https://stockanalysis.com/analysts/Jonathan-Petersen/,30 Jul 2026
Derek Podhaizer,819,https://stockanalysis.com/analysts/Derek-Podhaizer/,30 Jul 2026
David Tarantino,820,https://stockanalysis.com/analysts/David-Tarantino/,23 Jul 2026
Doug Leggate,821,https://stockanalysis.com/analysts/Doug-Leggate/,03 Aug 2026
Aaron Bilkoski,822,https://stockanalysis.com/analysts/Aaron-Bilkoski/,05 Aug 2026
Mark Argento,824,https://stockanalysis.com/analysts/Mark-Argento/,07 May 2026
Kevin Heal,827,https://stockanalysis.com/analysts/Kevin-Heal/,31 Jul 2026
Mohammed Khallouf,831,https://stockanalysis.com/analysts/Mohammed-Khallouf/,08 Jul 2026
Mario Saric,832,https://stockanalysis.com/analysts/Mario-Saric/,31 Jul 2026
Alicia Reese,833,https://stockanalysis.com/analysts/Alicia-Reese/,03 Aug 2026
Patrick Scholes,835,https://stockanalysis.com/analysts/Patrick-Scholes/,04 Aug 2026
Saket Kalia,836,https://stockanalysis.com/analysts/Saket-Kalia/,04 Aug 2026
Alexander Duval,837,https://stockanalysis.com/analysts/Alexander-Duval/,28 Jul 2026
Edison Lee,838,https://stockanalysis.com/analysts/Edison-Lee/,31 Jul 2026
Michael Morris,839,https://stockanalysis.com/analysts/Michael-Morris/,04 Aug 2026
Shweta Khajuria,840,https://stockanalysis.com/analysts/Shweta-Khajuria/,03 Aug 2026
Scott Devitt,841,https://stockanalysis.com/analysts/Scott-Devitt/,03 Aug 2026
Martin Yang,842,https://stockanalysis.com/analysts/Martin-Yang/,04 Aug 2026
Jeff Jones,843,https://stockanalysis.com/analysts/Jeff-Jones/,31 Jul 2026
Gil Blum,844,https://stockanalysis.com/analysts/Gil-Blum/,05 Aug 2026
Mohit Bansal,851,https://stockanalysis.com/analysts/Mohit-Bansal/,05 Aug 2026
John Staszak,852,https://stockanalysis.com/analysts/John-Staszak/,05 Aug 2026
Tessa Romero,853,https://stockanalysis.com/analysts/Tessa-Romero/,30 Jul 2026
Sumant Kulkarni,857,https://stockanalysis.com/analysts/Sumant-Kulkarni/,05 Aug 2026
David Paige,859,https://stockanalysis.com/analysts/David-Paige/,30 Jul 2026
Kenneth Zener,864,https://stockanalysis.com/analysts/Kenneth-Zener/,06 Apr 2026
Michael Carroll,866,https://stockanalysis.com/analysts/Michael-Carroll/,04 Aug 2026
Timothy Horan,868,https://stockanalysis.com/analysts/Timothy-Horan/,30 Jul 2026
Paul Treiber,870,https://stockanalysis.com/analysts/Paul-Treiber/,05 Aug 2026
Matthew Hedberg,871,https://stockanalysis.com/analysts/Matthew-Hedberg/,05 Aug 2026
Colin Sebastian,872,https://stockanalysis.com/analysts/Colin-Sebastian/,05 Aug 2026
Philippe Houchois,874,https://stockanalysis.com/analysts/Philippe-Houchois/,04 Aug 2026
Stephen Ju,876,https://stockanalysis.com/analysts/Stephen-Ju/,05 Aug 2026
Josh Nichols,877,https://stockanalysis.com/analysts/Josh-Nichols/,05 Aug 2026
Brandon Bingham,878,https://stockanalysis.com/analysts/Brandon-Bingham/,05 Aug 2026
Louis Miscioscia,880,https://stockanalysis.com/analysts/Louis-Miscioscia/,12 May 2026
Casey Alexander,881,https://stockanalysis.com/analysts/Casey-Alexander/,10 Mar 2026
Liam Fitzpatrick,885,https://stockanalysis.com/analysts/Liam-Fitzpatrick/,31 Jul 2026
Yun Kim,887,https://stockanalysis.com/analysts/Yun-Kim/,04 Aug 2026
Devin McDermott,888,https://stockanalysis.com/analysts/Devin-McDermott/,04 Aug 2026
Ivan Feinseth,889,https://stockanalysis.com/analysts/Ivan-Feinseth/,05 Aug 2026
Benjamin Swinburne,890,https://stockanalysis.com/analysts/Benjamin-Swinburne/,16 Mar 2026
Catherine Novack,892,https://stockanalysis.com/analysts/Catherine-Novack/,31 Jul 2026
Michael Kupinski,893,https://stockanalysis.com/analysts/Michael-Kupinski/,05 Aug 2026
RJ Milligan,896,https://stockanalysis.com/analysts/RJ-Milligan/,28 Jul 2026
Gabriela Borges,897,https://stockanalysis.com/analysts/Gabriela-Borges/,04 Aug 2026
James Fish,898,https://stockanalysis.com/analysts/James-Fish/,05 Aug 2026
Terence Flynn,899,https://stockanalysis.com/analysts/Terence-Flynn/,05 Aug 2026
Jeff Martin,901,https://stockanalysis.com/analysts/Jeff-Martin/,05 Aug 2026
Jeremy Hamblin,902,https://stockanalysis.com/analysts/Jeremy-Hamblin/,30 Jul 2026
Katherine Lei,905,https://stockanalysis.com/analysts/Katherine-Lei/,02 Jun 2026
Ann Hynes,907,https://stockanalysis.com/analysts/Ann-Hynes/,31 Jul 2026
Gregg Moskowitz,908,https://stockanalysis.com/analysts/Gregg-Moskowitz/,04 Aug 2026
Kingsley Crane,910,https://stockanalysis.com/analysts/Kingsley-Crane/,05 Aug 2026
Adam Maeder,911,https://stockanalysis.com/analysts/Adam-Maeder/,04 Aug 2026
Thomas Chong,912,https://stockanalysis.com/analysts/Thomas-Chong/,04 Aug 2026
Craig Irwin,913,https://stockanalysis.com/analysts/Craig-Irwin/,29 Jul 2026
Andy Chen,916,https://stockanalysis.com/analysts/Andy-Chen/,04 Aug 2026
Glenn Schorr,918,https://stockanalysis.com/analysts/Glenn-Schorr/,05 Aug 2026
Victoria McCulloch,919,https://stockanalysis.com/analysts/Victoria-McCulloch/,31 Jul 2026
Ananda Ghosh,920,https://stockanalysis.com/analysts/Ananda-Ghosh/,05 Aug 2026
Michael Brown,927,https://stockanalysis.com/analysts/Michael-Brown/,05 Aug 2026
Duane Pfennigwerth,928,https://stockanalysis.com/analysts/Duane-Pfennigwerth/,05 Aug 2026
Vivek Juneja,931,https://stockanalysis.com/analysts/Vivek-Juneja/,04 Aug 2026
Kunal Madhukar,933,https://stockanalysis.com/analysts/Kunal-Madhukar/,05 Aug 2026
Andrew Liesch,934,https://stockanalysis.com/analysts/Andrew-Liesch/,08 Jul 2026
Zach Cummins,937,https://stockanalysis.com/analysts/Zach-Cummins/,13 May 2026
Darren Aftahi,939,https://stockanalysis.com/analysts/Darren-Aftahi/,05 Aug 2026
Brian Foran,941,https://stockanalysis.com/analysts/Brian-Foran/,04 Aug 2026
Dara Mohsenian,946,https://stockanalysis.com/analysts/Dara-Mohsenian/,05 Aug 2026
Brian Bittner,947,https://stockanalysis.com/analysts/Brian-Bittner/,31 Jul 2026
Joseph Stauff,951,https://stockanalysis.com/analysts/Joseph-Stauff/,31 Jul 2026
Curry Baker,952,https://stockanalysis.com/analysts/Curry-Baker/,04 Aug 2026
Brian Essex,953,https://stockanalysis.com/analysts/Brian-Essex/,30 Jul 2026
Peter Heckmann,954,https://stockanalysis.com/analysts/Peter-Heckmann/,05 Aug 2026
Richard Close,956,https://stockanalysis.com/analysts/Richard-Close/,05 Aug 2026
Bennett Moore,958,https://stockanalysis.com/analysts/Bennett-Moore/,04 Aug 2026
Lauren Silberman,962,https://stockanalysis.com/analysts/Lauren-Silberman/,05 Aug 2026
Omotayo Okusanya,964,https://stockanalysis.com/analysts/Omotayo-Okusanya/,22 Jul 2026
Tami Zakaria,967,https://stockanalysis.com/analysts/Tami-Zakaria/,05 Aug 2026
Elyse Greenspan,968,https://stockanalysis.com/analysts/Elyse-Greenspan/,03 Aug 2026
Jeremy Tonet,969,https://stockanalysis.com/analysts/Jeremy-Tonet/,04 Aug 2026
Brandon Oglenski,970,https://stockanalysis.com/analysts/Brandon-Oglenski/,05 Aug 2026
Joseph Catanzaro,973,https://stockanalysis.com/analysts/Joseph-Catanzaro/,17 Jul 2026
Anthony Crowdell,977,https://stockanalysis.com/analysts/Anthony-Crowdell/,05 Aug 2026
David Toung,978,https://stockanalysis.com/analysts/David-Toung/,30 Jul 2026
Douglas Harned,979,https://stockanalysis.com/analysts/Douglas-Harned/,03 Aug 2026
Ben Reitzes,980,https://stockanalysis.com/analysts/Ben-Reitzes/,29 Jun 2026
Christopher Snyder,982,https://stockanalysis.com/analysts/Christopher-Snyder/,04 Aug 2026
Joel Jackson,983,https://stockanalysis.com/analysts/Joel-Jackson/,04 Aug 2026
Jonathan Ho,984,https://stockanalysis.com/analysts/Jonathan-Ho/,05 Aug 2026
Steven Cahall,985,https://stockanalysis.com/analysts/Steven-Cahall/,31 Jul 2026
Salveen Richter,986,https://stockanalysis.com/analysts/Salveen-Richter/,04 Aug 2026
Yanan Zhu,988,https://stockanalysis.com/analysts/Yanan-Zhu/,05 Aug 2026
Asad Haider,989,https://stockanalysis.com/analysts/Asad-Haider/,04 Aug 2026
Owen Lau,994,https://stockanalysis.com/analysts/Owen-Lau/,04 Aug 2026
Peter Winter,995,https://stockanalysis.com/analysts/Peter-Winter/,03 Aug 2026
Michael Feniger,997,https://stockanalysis.com/analysts/Michael-Feniger/,05 Aug 2026
Peter Levine,999,https://stockanalysis.com/analysts/Peter-Levine/,30 Jul 2026
Michael Baker,1003,https://stockanalysis.com/analysts/Michael-Baker/,05 Aug 2026
Ian Zaffino,1004,https://stockanalysis.com/analysts/Ian-Zaffino/,05 Aug 2026
Gil Luria,1005,https://stockanalysis.com/analysts/Gil-Luria/,05 Aug 2026
Jeff Johnson,1006,https://stockanalysis.com/analysts/Jeff-Johnson/,05 Aug 2026
Brian Kinstlinger,1007,https://stockanalysis.com/analysts/Brian-Kinstlinger/,05 Aug 2026
Gautam Chhugani,1008,https://stockanalysis.com/analysts/Gautam-Chhugani/,03 Aug 2026
Ketan Mamtora,1012,https://stockanalysis.com/analysts/Ketan-Mamtora/,05 Aug 2026
Robert Stallard,1014,https://stockanalysis.com/analysts/Robert-Stallard/,01 Jul 2026
Kurt Yinger,1016,https://stockanalysis.com/analysts/Kurt-Yinger/,05 Aug 2026
Miller Jump,1017,https://stockanalysis.com/analysts/Miller-Jump/,23 Jul 2026
Joshua Shanker,1018,https://stockanalysis.com/analysts/Joshua-Shanker/,05 Aug 2026
Kevin Chiang,1020,https://stockanalysis.com/analysts/Kevin-Chiang/,31 Jul 2026
Tycho Peterson,1021,https://stockanalysis.com/analysts/Tycho-Peterson/,31 Jul 2026
Mark Murphy,1022,https://stockanalysis.com/analysts/Mark-Murphy/,14 Jul 2026
Jeff Cantwell,1023,https://stockanalysis.com/analysts/Jeff-Cantwell/,24 May 2026
Chad Dillard,1027,https://stockanalysis.com/analysts/Chad-Dillard/,03 Aug 2026
Tim Anderson,1029,https://stockanalysis.com/analysts/Tim-Anderson/,18 Dec 2025
Ronald Kamdem,1030,https://stockanalysis.com/analysts/Ronald-Kamdem/,05 Aug 2026
Erika Najarian,1031,https://stockanalysis.com/analysts/Erika-Najarian/,03 Aug 2026
Arun Jayaram,1032,https://stockanalysis.com/analysts/Arun-Jayaram/,04 Aug 2026
Andy Barish,1033,https://stockanalysis.com/analysts/Andy-Barish/,28 Jul 2026
Duffy Fischer,1037,https://stockanalysis.com/analysts/Duffy-Fischer/,03 Aug 2026
Alexander Pearce,1038,https://stockanalysis.com/analysts/Alexander-Pearce/,22 Jul 2026
Eric Coldwell,1040,https://stockanalysis.com/analysts/Eric-Coldwell/,05 Aug 2026
Levi Spry,1041,https://stockanalysis.com/analysts/Levi-Spry/,29 Jul 2026
Matthew Boss,1042,https://stockanalysis.com/analysts/Matthew-Boss/,05 Aug 2026
Todd Coupland,1043,https://stockanalysis.com/analysts/Todd-Coupland/,31 Jul 2026
Martin Auster,1044,https://stockanalysis.com/analysts/Martin-Auster/,04 Aug 2026
Troy Jensen,1045,https://stockanalysis.com/analysts/Troy-Jensen/,04 Aug 2026
Mark Zgutowicz,1046,https://stockanalysis.com/analysts/Mark-Zgutowicz/,05 Aug 2026
Yuan Zhi,1048,https://stockanalysis.com/analysts/Yuan-Zhi/,30 Jul 2026
Christopher Marinac,1052,https://stockanalysis.com/analysts/Christopher-Marinac/,12 Jun 2026
Alex Scott,1054,https://stockanalysis.com/analysts/Alex-Scott/,04 Aug 2026
Steven Forbes,1057,https://stockanalysis.com/analysts/Steven-Forbes/,04 Aug 2026
Timothy Wojs,1059,https://stockanalysis.com/analysts/Timothy-Wojs/,05 Aug 2026
Michael Rose,1060,https://stockanalysis.com/analysts/Michael-Rose/,23 Jul 2026
Eddie Hickman,1066,https://stockanalysis.com/analysts/Eddie-Hickman/,28 Jul 2026
Crispin Love,1068,https://stockanalysis.com/analysts/Crispin-Love/,03 Aug 2026
Christopher Stathoulopoulos,1070,https://stockanalysis.com/analysts/Christopher-Stathoulopoulos/,03 Aug 2026
Lisa Gill,1071,https://stockanalysis.com/analysts/Lisa-Gill/,03 Aug 2026
Barton Crockett,1072,https://stockanalysis.com/analysts/Barton-Crockett/,05 Aug 2026
Evan Seigerman,1073,https://stockanalysis.com/analysts/Evan-Seigerman/,05 Aug 2026
Thomas Wadewitz,1074,https://stockanalysis.com/analysts/Thomas-Wadewitz/,05 Aug 2026
Subash Chandra,1076,https://stockanalysis.com/analysts/Subash-Chandra/,30 Jul 2026
Mitchell Kapoor,1077,https://stockanalysis.com/analysts/Mitchell-Kapoor/,05 Aug 2026
Matthew Galinko,1078,https://stockanalysis.com/analysts/Matthew-Galinko/,03 Aug 2026
Brian Mullan,1085,https://stockanalysis.com/analysts/Brian-Mullan/,05 Aug 2026
Jon Tower,1087,https://stockanalysis.com/analysts/Jon-Tower/,05 Aug 2026
Rafe Jadrosich,1090,https://stockanalysis.com/analysts/Rafe-Jadrosich/,05 Aug 2026
Sabahat Khan,1092,https://stockanalysis.com/analysts/Sabahat-Khan/,05 Aug 2026
George Hill,1093,https://stockanalysis.com/analysts/George-Hill/,03 Aug 2026
David Anderson,1094,https://stockanalysis.com/analysts/David-Anderson/,05 Aug 2026
Brad Reback,1095,https://stockanalysis.com/analysts/Brad-Reback/,05 Aug 2026
Caitlin Roberts,1099,https://stockanalysis.com/analysts/Caitlin-Roberts/,05 Aug 2026
Stephen Laszczyk,1103,https://stockanalysis.com/analysts/Stephen-Laszczyk/,03 Aug 2026
Tobey Sommer,1106,https://stockanalysis.com/analysts/Tobey-Sommer/,05 Aug 2026
Trey Grooms,1107,https://stockanalysis.com/analysts/Trey-Grooms/,05 Aug 2026
Jessica Fye,1108,https://stockanalysis.com/analysts/Jessica-Fye/,04 Aug 2026
Dan Dolev,1109,https://stockanalysis.com/analysts/Dan-Dolev/,05 Aug 2026
Joseph Altobello,1111,https://stockanalysis.com/analysts/Joseph-Altobello/,31 Jul 2026
Janet Lee,1114,https://stockanalysis.com/analysts/Janet-Lee/,31 Jul 2026
Timothy Coffey,1115,https://stockanalysis.com/analysts/Timothy-Coffey/,30 Jul 2026
David Vogt,1118,https://stockanalysis.com/analysts/David-Vogt/,05 Aug 2026
Terry McEvoy,1119,https://stockanalysis.com/analysts/Terry-McEvoy/,16 Jul 2026
Eugene Hsiao,1120,https://stockanalysis.com/analysts/Eugene-Hsiao/,29 May 2026
Todd Thomas,1121,https://stockanalysis.com/analysts/Todd-Thomas/,04 Aug 2026
Joshua Chan,1123,https://stockanalysis.com/analysts/Joshua-Chan/,05 Aug 2026
Nelson Ng,1124,https://stockanalysis.com/analysts/Nelson-Ng/,04 Aug 2026
Matthew Taylor,1126,https://stockanalysis.com/analysts/Matthew-Taylor/,30 Jul 2026
Jasper Bibb,1130,https://stockanalysis.com/analysts/Jasper-Bibb/,05 Aug 2026
Daniel Cardenas,1131,https://stockanalysis.com/analysts/Daniel-Cardenas/,12 Mar 2026
Ingo Wermann,1133,https://stockanalysis.com/analysts/Ingo-Wermann/,05 Aug 2026
Michael Zaremski,1134,https://stockanalysis.com/analysts/Michael-Zaremski/,04 Aug 2026
Ralph Schackart,1138,https://stockanalysis.com/analysts/Ralph-Schackart/,05 Aug 2026
Eric Sheridan,1140,https://stockanalysis.com/analysts/Eric-Sheridan/,05 Aug 2026
Rick Patel,1141,https://stockanalysis.com/analysts/Rick-Patel/,23 Jul 2026
Gavin Parsons,1145,https://stockanalysis.com/analysts/Gavin-Parsons/,05 Aug 2026
Jimmy Shan,1147,https://stockanalysis.com/analysts/Jimmy-Shan/,31 Jul 2026
Pito Chickering,1148,https://stockanalysis.com/analysts/Pito-Chickering/,05 Aug 2026
Amit Mehrotra,1149,https://stockanalysis.com/analysts/Amit-Mehrotra/,30 Jul 2026
Kirk Materne,1150,https://stockanalysis.com/analysts/Kirk-Materne/,05 Aug 2026
Michael Elias,1154,https://stockanalysis.com/analysts/Michael-Elias/,04 Aug 2026
Anthony Petrone,1155,https://stockanalysis.com/analysts/Anthony-Petrone/,04 Aug 2026
Alex Markgraff,1156,https://stockanalysis.com/analysts/Alex-Markgraff/,22 Jul 2026
Tiago Fauth,1157,https://stockanalysis.com/analysts/Tiago-Fauth/,09 Jul 2026
Steven Seedhouse,1159,https://stockanalysis.com/analysts/Steven-Seedhouse/,04 Aug 2026
Kristina Ruggeri,1162,https://stockanalysis.com/analysts/Kristina-Ruggeri/,03 Aug 2026
Ashwani Verma,1166,https://stockanalysis.com/analysts/Ashwani-Verma/,04 Aug 2026
Eric Luebchow,1168,https://stockanalysis.com/analysts/Eric-Luebchow/,04 Aug 2026
Michael Linenberg,1169,https://stockanalysis.com/analysts/Michael-Linenberg/,31 Jul 2026
Ben Hendrix,1170,https://stockanalysis.com/analysts/Ben-Hendrix/,05 Aug 2026
Keith Bachman,1171,https://stockanalysis.com/analysts/Keith-Bachman/,03 Aug 2026
Maury Raycroft,1172,https://stockanalysis.com/analysts/Maury-Raycroft/,05 Aug 2026
Kelly Motta,1176,https://stockanalysis.com/analysts/Kelly-Motta/,03 Aug 2026
Mark Carden,1177,https://stockanalysis.com/analysts/Mark-Carden/,05 Aug 2026
Timur Braziler,1181,https://stockanalysis.com/analysts/Timur-Braziler/,28 Jul 2026
Bret Jordan,1182,https://stockanalysis.com/analysts/Bret-Jordan/,30 Jun 2026
John Lovallo,1185,https://stockanalysis.com/analysts/John-Lovallo/,05 Aug 2026
Mark Lear,1188,https://stockanalysis.com/analysts/Mark-Lear/,10 Apr 2026
Andrew Sherman,1189,https://stockanalysis.com/analysts/Andrew-Sherman/,30 Jul 2026
Phillip Jungwirth,1190,https://stockanalysis.com/analysts/Phillip-Jungwirth/,28 Jul 2026
Thomas Flaten,1191,https://stockanalysis.com/analysts/Thomas-Flaten/,05 Aug 2026
Adam Vogel,1192,https://stockanalysis.com/analysts/Adam-Vogel/,04 Aug 2026
Alexandra Yates,1193,https://stockanalysis.com/analysts/Alexandra-Yates/,31 Jul 2026
David Bishop,1196,https://stockanalysis.com/analysts/David-Bishop/,27 Jul 2026
John Babcock,1199,https://stockanalysis.com/analysts/John-Babcock/,04 Aug 2026
Bryan Keane,1200,https://stockanalysis.com/analysts/Bryan-Keane/,05 Aug 2026
Marcio Farid,1201,https://stockanalysis.com/analysts/Marcio-Farid/,31 Jul 2026
Reuben Garner,1202,https://stockanalysis.com/analysts/Reuben-Garner/,05 Aug 2026
Peter Keith,1203,https://stockanalysis.com/analysts/Peter-Keith/,04 Aug 2026
Stephen Willey,1206,https://stockanalysis.com/analysts/Stephen-Willey/,05 Aug 2026
Manan Gosalia,1211,https://stockanalysis.com/analysts/Manan-Gosalia/,05 Aug 2026
Bill Selesky,1212,https://stockanalysis.com/analysts/Bill-Selesky/,24 Jul 2026
Adam Berlin,1214,https://stockanalysis.com/analysts/Adam-Berlin/,03 Aug 2026
Alan Gould,1215,https://stockanalysis.com/analysts/Alan-Gould/,04 Jun 2026
Kannan Venkateshwar,1216,https://stockanalysis.com/analysts/Kannan-Venkateshwar/,04 Aug 2026
Stephen Byrd,1217,https://stockanalysis.com/analysts/Stephen-Byrd/,24 Jul 2026
Eric Joseph,1218,https://stockanalysis.com/analysts/Eric-Joseph/,03 Aug 2026
Greg Gibas,1219,https://stockanalysis.com/analysts/Greg-Gibas/,05 Aug 2026
Alexander Slagle,1221,https://stockanalysis.com/analysts/Alexander-Slagle/,14 May 2026
Andrew Steinerman,1223,https://stockanalysis.com/analysts/Andrew-Steinerman/,04 Aug 2026
Christopher Nolan,1224,https://stockanalysis.com/analysts/Christopher-Nolan/,31 Jul 2026
Zach Parham,1228,https://stockanalysis.com/analysts/Zach-Parham/,06 May 2026
Sanjit Singh,1231,https://stockanalysis.com/analysts/Sanjit-Singh/,04 Aug 2026
Paul Choi,1232,https://stockanalysis.com/analysts/Paul-Choi/,30 Jul 2026
Aleksey Yefremov,1233,https://stockanalysis.com/analysts/Aleksey-Yefremov/,04 Mar 2026
Sean McCutcheon,1236,https://stockanalysis.com/analysts/Sean-McCutcheon/,31 Jul 2026
Kalpit Patel,1237,https://stockanalysis.com/analysts/Kalpit-Patel/,29 Jul 2026
Jeff Schmitt,1242,https://stockanalysis.com/analysts/Jeff-Schmitt/,05 Aug 2026
Craig Hettenbach,1243,https://stockanalysis.com/analysts/Craig-Hettenbach/,05 Aug 2026
Meta Marshall,1244,https://stockanalysis.com/analysts/Meta-Marshall/,05 Aug 2026
Jon Windham,1246,https://stockanalysis.com/analysts/Jon-Windham/,05 Aug 2026
Bernie McTernan,1248,https://stockanalysis.com/analysts/Bernie-McTernan/,05 Aug 2026
David Long,1249,https://stockanalysis.com/analysts/David-Long/,01 Jul 2026
Robert Driscoll,1250,https://stockanalysis.com/analysts/Robert-Driscoll/,05 Aug 2026
Philip Shen,1251,https://stockanalysis.com/analysts/Philip-Shen/,04 Aug 2026
Michael Swartz,1252,https://stockanalysis.com/analysts/Michael-Swartz/,21 Apr 2026
David Raso,1255,https://stockanalysis.com/analysts/David-Raso/,02 Aug 2026
Richard Newitter,1264,https://stockanalysis.com/analysts/Richard-Newitter/,05 Aug 2026
Matthew Weston,1267,https://stockanalysis.com/analysts/Matthew-Weston/,05 Aug 2026
Ross Fowler,1273,https://stockanalysis.com/analysts/Ross-Fowler/,04 Aug 2026
Daryl Young,1274,https://stockanalysis.com/analysts/Daryl-Young/,05 Aug 2026
Brian Nowak,1276,https://stockanalysis.com/analysts/Brian-Nowak/,05 Aug 2026
Patrick Colville,1278,https://stockanalysis.com/analysts/Patrick-Colville/,05 Aug 2026
Derick Ma,1279,https://stockanalysis.com/analysts/Derick-Ma/,24 Jul 2026
Brian Tanquilut,1280,https://stockanalysis.com/analysts/Brian-Tanquilut/,31 Jul 2026
Alec Stranahan,1281,https://stockanalysis.com/analysts/Alec-Stranahan/,05 Aug 2026
Pablo Monsivais,1285,https://stockanalysis.com/analysts/Pablo-Monsivais/,15 May 2026
Greg Melich,1286,https://stockanalysis.com/analysts/Greg-Melich/,04 Aug 2026
Biren Amin,1288,https://stockanalysis.com/analysts/Biren-Amin/,03 Aug 2026
Mauricio Serna,1295,https://stockanalysis.com/analysts/Mauricio-Serna/,31 Jul 2026
Scott Group,1296,https://stockanalysis.com/analysts/Scott-Group/,04 Aug 2026
Tavy Rosner,1298,https://stockanalysis.com/analysts/Tavy-Rosner/,18 Mar 2026
Jay Sole,1299,https://stockanalysis.com/analysts/Jay-Sole/,05 Aug 2026
Savanthi Syth,1300,https://stockanalysis.com/analysts/Savanthi-Syth/,14 Jul 2026
Brandt Montour,1301,https://stockanalysis.com/analysts/Brandt-Montour/,05 Aug 2026
Daniel Kurnos,1302,https://stockanalysis.com/analysts/Daniel-Kurnos/,05 Aug 2026
Mark Smith,1303,https://stockanalysis.com/analysts/Mark-Smith/,30 Jul 2026
Anne Ling,1304,https://stockanalysis.com/analysts/Anne-Ling/,31 Jul 2026
Kelsey Chia,1306,https://stockanalysis.com/analysts/Kelsey-Chia/,31 Jul 2026
Rajesh Kumar,1310,https://stockanalysis.com/analysts/Rajesh-Kumar/,13 Jul 2026
Chiara Battistini,1311,https://stockanalysis.com/analysts/Chiara-Battistini/,04 Aug 2026
Chris Parkinson,1312,https://stockanalysis.com/analysts/Chris-Parkinson/,29 Jul 2026
Michael Diana,1313,https://stockanalysis.com/analysts/Michael-Diana/,31 Jul 2026
Noah Poponak,1314,https://stockanalysis.com/analysts/Noah-Poponak/,04 Aug 2026
Suraj Kalia,1317,https://stockanalysis.com/analysts/Suraj-Kalia/,05 Aug 2026
Mark Strouse,1318,https://stockanalysis.com/analysts/Mark-Strouse/,03 Aug 2026
David Motemaden,1322,https://stockanalysis.com/analysts/David-Motemaden/,05 Aug 2026
Justin Kim,1327,https://stockanalysis.com/analysts/Justin-Kim/,08 Jun 2026
Justin Lake,1329,https://stockanalysis.com/analysts/Justin-Lake/,05 May 2026
Damian Karas,1330,https://stockanalysis.com/analysts/Damian-Karas/,05 Aug 2026
Michael Roxland,1333,https://stockanalysis.com/analysts/Michael-Roxland/,05 Aug 2026
Kyle Joseph,1334,https://stockanalysis.com/analysts/Kyle-Joseph/,30 Jul 2026
Andrei Stadnik,1337,https://stockanalysis.com/analysts/Andrei-Stadnik/,08 May 2026
Steven Fisher,1340,https://stockanalysis.com/analysts/Steven-Fisher/,05 Aug 2026
Louie DiPalma,1341,https://stockanalysis.com/analysts/Louie-DiPalma/,05 Aug 2026
Mike Kratky,1345,https://stockanalysis.com/analysts/Mike-Kratky/,30 Jul 2026
Bradley Canino,1346,https://stockanalysis.com/analysts/Bradley-Canino/,03 Aug 2026
Vikram Gandhi,1349,https://stockanalysis.com/analysts/Vikram-Gandhi/,20 Jul 2026
Guy Hardwick,1350,https://stockanalysis.com/analysts/Guy-Hardwick/,04 Aug 2026
Bruno Amorim,1352,https://stockanalysis.com/analysts/Bruno-Amorim/,16 Jul 2026
Jeffrey Spector,1353,https://stockanalysis.com/analysts/Jeffrey-Spector/,03 Aug 2026
Fahad Tariq,1354,https://stockanalysis.com/analysts/Fahad-Tariq/,04 Aug 2026
John Hodulik,1355,https://stockanalysis.com/analysts/John-Hodulik/,05 Aug 2026
Tazeen Ahmad,1357,https://stockanalysis.com/analysts/Tazeen-Ahmad/,05 Aug 2026
Reginald Smith,1358,https://stockanalysis.com/analysts/Reginald-Smith/,08 Jul 2026
Nigel Coe,1359,https://stockanalysis.com/analysts/Nigel-Coe/,21 Jul 2026
Sangita Jain,1360,https://stockanalysis.com/analysts/Sangita-Jain/,05 Aug 2026
Raimo Lenschow,1361,https://stockanalysis.com/analysts/Raimo-Lenschow/,05 Aug 2026
Michael Latimore,1363,https://stockanalysis.com/analysts/Michael-Latimore/,05 Aug 2026
Daniel Osley,1364,https://stockanalysis.com/analysts/Daniel-Osley/,15 Jul 2026
Connor Murphy,1367,https://stockanalysis.com/analysts/Connor-Murphy/,16 Jul 2026
Richard Choe,1368,https://stockanalysis.com/analysts/Richard-Choe/,05 Aug 2026
Jimmy Bhullar,1370,https://stockanalysis.com/analysts/Jimmy-Bhullar/,20 Apr 2026
Ghansham Panjabi,1371,https://stockanalysis.com/analysts/Ghansham-Panjabi/,30 Jul 2026
Jonathan Goldman,1374,https://stockanalysis.com/analysts/Jonathan-Goldman/,05 Aug 2026
Jordan Alliger,1375,https://stockanalysis.com/analysts/Jordan-Alliger/,04 Aug 2026
Joe Feldman,1376,https://stockanalysis.com/analysts/Joe-Feldman/,04 Aug 2026
Brian Cheng,1378,https://stockanalysis.com/analysts/Brian-Cheng/,04 Aug 2026
David Deckelbaum,1380,https://stockanalysis.com/analysts/David-Deckelbaum/,26 Mar 2026
Adithya Metuku,1384,https://stockanalysis.com/analysts/Adithya-Metuku/,27 Jul 2026
John Royall,1387,https://stockanalysis.com/analysts/John-Royall/,04 Aug 2026
Stephanie Price,1388,https://stockanalysis.com/analysts/Stephanie-Price/,31 Jul 2026
Michael Rehaut,1389,https://stockanalysis.com/analysts/Michael-Rehaut/,16 Jun 2026
Buck Horne,1390,https://stockanalysis.com/analysts/Buck-Horne/,10 Jul 2026
Matt Larew,1391,https://stockanalysis.com/analysts/Matt-Larew/,05 Aug 2026
Andrew Charles,1394,https://stockanalysis.com/analysts/Andrew-Charles/,05 Aug 2026
Corinne Johnson,1401,https://stockanalysis.com/analysts/Corinne-Johnson/,16 Jul 2026
Jeffrey Silber,1402,https://stockanalysis.com/analysts/Jeffrey-Silber/,05 Aug 2026
Gerry Sweeney,1403,https://stockanalysis.com/analysts/Gerry-Sweeney/,05 Aug 2026
David Katz,1404,https://stockanalysis.com/analysts/David-Katz/,03 Aug 2026
Andreas Argyrides,1406,https://stockanalysis.com/analysts/Andreas-Argyrides/,06 Jul 2026
Mark Cash,1407,https://stockanalysis.com/analysts/Mark-Cash/,22 Jul 2026
Daniel Stauder,1413,https://stockanalysis.com/analysts/Daniel-Stauder/,08 May 2026
Marcelo Santos,1414,https://stockanalysis.com/analysts/Marcelo-Santos/,03 Aug 2026
Mark Altschwager,1417,https://stockanalysis.com/analysts/Mark-Altschwager/,05 Aug 2026
Michael Shlisky,1418,https://stockanalysis.com/analysts/Michael-Shlisky/,05 Aug 2026
Luke Hannan,1420,https://stockanalysis.com/analysts/Luke-Hannan/,15 May 2026
Chris Schott,1427,https://stockanalysis.com/analysts/Chris-Schott/,04 Aug 2026
Barry Sine,1428,https://stockanalysis.com/analysts/Barry-Sine/,22 Jun 2026
Sarah James,1429,https://stockanalysis.com/analysts/Sarah-James/,29 Jul 2026
Michael Binetti,1430,https://stockanalysis.com/analysts/Michael-Binetti/,05 Aug 2026
Brian Ossenbeck,1431,https://stockanalysis.com/analysts/Brian-Ossenbeck/,05 Aug 2026
Harshita Rawat,1435,https://stockanalysis.com/analysts/Harshita-Rawat/,21 Jul 2026
Luke Horton,1437,https://stockanalysis.com/analysts/Luke-Horton/,27 Jul 2026
Peter Supino,1439,https://stockanalysis.com/analysts/Peter-Supino/,23 Jul 2026
Jonathan Matuszewski,1444,https://stockanalysis.com/analysts/Jonathan-Matuszewski/,05 Aug 2026
Steven Delaney,1446,https://stockanalysis.com/analysts/Steven-Delaney/,04 Aug 2026
David Stanton,1447,https://stockanalysis.com/analysts/David-Stanton/,05 Aug 2026
William Janela,1448,https://stockanalysis.com/analysts/William-Janela/,04 Aug 2026
Matthew Caufield,1449,https://stockanalysis.com/analysts/Matthew-Caufield/,04 Aug 2026
Ari Klein,1456,https://stockanalysis.com/analysts/Ari-Klein/,04 Aug 2026
Bonnie Herzog,1459,https://stockanalysis.com/analysts/Bonnie-Herzog/,03 Aug 2026
Steve Fleishman,1460,https://stockanalysis.com/analysts/Steve-Fleishman/,03 Aug 2026
Rustam Kanga,1463,https://stockanalysis.com/analysts/Rustam-Kanga/,04 Aug 2026
Kevin Grundy,1465,https://stockanalysis.com/analysts/Kevin-Grundy/,08 Jul 2026
Lance Wilkes,1466,https://stockanalysis.com/analysts/Lance-Wilkes/,03 Aug 2026
Mathieu Robilliard,1467,https://stockanalysis.com/analysts/Mathieu-Robilliard/,03 Aug 2026
Robert Ohmes,1468,https://stockanalysis.com/analysts/Robert-Ohmes/,30 Jul 2026
Thomas Champion,1469,https://stockanalysis.com/analysts/Thomas-Champion/,05 Aug 2026
James Hardiman,1470,https://stockanalysis.com/analysts/James-Hardiman/,05 Aug 2026
Robert Kad,1477,https://stockanalysis.com/analysts/Robert-Kad/,04 Aug 2026
Howard Ma,1478,https://stockanalysis.com/analysts/Howard-Ma/,21 Jul 2026
Alex Irving,1480,https://stockanalysis.com/analysts/Alex-Irving/,05 Aug 2026
Robert Drbul,1481,https://stockanalysis.com/analysts/Robert-Drbul/,30 Jul 2026
Dennis Ip,1485,https://stockanalysis.com/analysts/Dennis-Ip/,22 May 2026
Justin Patterson,1486,https://stockanalysis.com/analysts/Justin-Patterson/,04 Aug 2026
Paul Fremont,1491,https://stockanalysis.com/analysts/Paul-Fremont/,05 Aug 2026
Andrew Terrell,1492,https://stockanalysis.com/analysts/Andrew-Terrell/,29 Jul 2026
Emma Xu,1496,https://stockanalysis.com/analysts/Emma-Xu/,04 Jun 2026
Robbie Marcus,1497,https://stockanalysis.com/analysts/Robbie-Marcus/,04 Aug 2026
Anthony Bonadio,1500,https://stockanalysis.com/analysts/Anthony-Bonadio/,04 Aug 2026
Steven Alexopoulos,1504,https://stockanalysis.com/analysts/Steven-Alexopoulos/,03 Aug 2026
Ruplu Bhattacharya,1505,https://stockanalysis.com/analysts/Ruplu-Bhattacharya/,04 Aug 2026
Michael Cherny,1506,https://stockanalysis.com/analysts/Michael-Cherny/,23 Jul 2026
Kevin Garrigan,1507,https://stockanalysis.com/analysts/Kevin-Garrigan/,05 Aug 2026
Tyler Batory,1508,https://stockanalysis.com/analysts/Tyler-Batory/,03 Aug 2026
Sean Steuart,1510,https://stockanalysis.com/analysts/Sean-Steuart/,04 Aug 2026
Josh Baer,1511,https://stockanalysis.com/analysts/Josh-Baer/,28 Jul 2026
Jared Shaw,1518,https://stockanalysis.com/analysts/Jared-Shaw/,04 Aug 2026
Cameron Bean,1519,https://stockanalysis.com/analysts/Cameron-Bean/,01 Apr 2026
Brian Vaccaro,1521,https://stockanalysis.com/analysts/Brian-Vaccaro/,17 Jul 2026
Robert Jamieson,1522,https://stockanalysis.com/analysts/Robert-Jamieson/,27 May 2026
Caitlin Cronin,1527,https://stockanalysis.com/analysts/Caitlin-Cronin/,17 Dec 2025
Thomas Blakey,1529,https://stockanalysis.com/analysts/Thomas-Blakey/,03 Aug 2026
Benjamin Theurer,1531,https://stockanalysis.com/analysts/Benjamin-Theurer/,05 Aug 2026
Prakhar Agrawal,1533,https://stockanalysis.com/analysts/Prakhar-Agrawal/,17 Jul 2026
Dan Bergstrom,1537,https://stockanalysis.com/analysts/Dan-Bergstrom/,30 Jul 2026
Stephen Grambling,1539,https://stockanalysis.com/analysts/Stephen-Grambling/,05 Aug 2026
Amos Fletcher,1540,https://stockanalysis.com/analysts/Amos-Fletcher/,04 Aug 2026
Lauren Lieberman,1541,https://stockanalysis.com/analysts/Lauren-Lieberman/,05 Aug 2026
John McNulty,1543,https://stockanalysis.com/analysts/John-McNulty/,05 Aug 2026
Jake Fuller,1545,https://stockanalysis.com/analysts/Jake-Fuller/,05 Aug 2026
Jon Hickman,1548,https://stockanalysis.com/analysts/Jon-Hickman/,30 Jul 2026
Ben Mohr,1549,https://stockanalysis.com/analysts/Ben-Mohr/,03 Aug 2026
Simeon Gutman,1555,https://stockanalysis.com/analysts/Simeon-Gutman/,05 Aug 2026
Daniel Politzer,1560,https://stockanalysis.com/analysts/Daniel-Politzer/,05 Aug 2026
Christopher Nardone,1561,https://stockanalysis.com/analysts/Christopher-Nardone/,03 Aug 2026
Robert Wasserman,1563,https://stockanalysis.com/analysts/Robert-Wasserman/,20 Jul 2026
Karen Holthouse,1564,https://stockanalysis.com/analysts/Karen-Holthouse/,05 Aug 2026
Joseph Cardoso,1567,https://stockanalysis.com/analysts/Joseph-Cardoso/,05 Aug 2026
Russell Gunther,1568,https://stockanalysis.com/analysts/Russell-Gunther/,30 Jul 2026
Sudan Loganathan,1570,https://stockanalysis.com/analysts/Sudan-Loganathan/,04 Jun 2026
Anthony Hau,1571,https://stockanalysis.com/analysts/Anthony-Hau/,28 Jul 2026
Sebastiano Petti,1573,https://stockanalysis.com/analysts/Sebastiano-Petti/,03 Aug 2026
Jonathan Block,1576,https://stockanalysis.com/analysts/Jonathan-Block/,05 Aug 2026
Brian Peterson,1578,https://stockanalysis.com/analysts/Brian-Peterson/,29 Jul 2026
Thomas Shrader,1580,https://stockanalysis.com/analysts/Thomas-Shrader/,03 Aug 2026
Tim Mulrooney,1587,https://stockanalysis.com/analysts/Tim-Mulrooney/,05 Aug 2026
Anthony Codling,1588,https://stockanalysis.com/analysts/Anthony-Codling/,04 Aug 2026
Gaurav Jain,1589,https://stockanalysis.com/analysts/Gaurav-Jain/,06 Jan 2026
Adrian Huerta,1590,https://stockanalysis.com/analysts/Adrian-Huerta/,04 Aug 2026
Tom Nikic,1591,https://stockanalysis.com/analysts/Tom-Nikic/,31 Jul 2026
Jeff Grampp,1593,https://stockanalysis.com/analysts/Jeff-Grampp/,05 Aug 2026
Venugopal Garre,1600,https://stockanalysis.com/analysts/Venugopal-Garre/,04 Aug 2026
Vijay Kumar,1603,https://stockanalysis.com/analysts/Vijay-Kumar/,05 Aug 2026
Laurie Havener,1612,https://stockanalysis.com/analysts/Laurie-Havener/,29 Jul 2026
Adam Jonas,1616,https://stockanalysis.com/analysts/Adam-Jonas/,05 Aug 2026
Bill Peterson,1618,https://stockanalysis.com/analysts/Bill-Peterson/,30 Jul 2026
Marc Bianchi,1619,https://stockanalysis.com/analysts/Marc-Bianchi/,04 Aug 2026
Steven Etoch,1621,https://stockanalysis.com/analysts/Steven-Etoch/,27 Jul 2026
Michael Goldsmith,1627,https://stockanalysis.com/analysts/Michael-Goldsmith/,28 Jul 2026
Merrill Ross,1629,https://stockanalysis.com/analysts/Merrill-Ross/,13 May 2026
David Palmer,1630,https://stockanalysis.com/analysts/David-Palmer/,05 Aug 2026
Sam Darkatsh,1632,https://stockanalysis.com/analysts/Sam-Darkatsh/,31 Jul 2026
Brad Erickson,1633,https://stockanalysis.com/analysts/Brad-Erickson/,05 Aug 2026
Jed Kelly,1635,https://stockanalysis.com/analysts/Jed-Kelly/,05 Aug 2026
Kash Rangan,1636,https://stockanalysis.com/analysts/Kash-Rangan/,02 Feb 2026
Mathew Blackman,1637,https://stockanalysis.com/analysts/Mathew-Blackman/,05 Aug 2026
Allen Gong,1638,https://stockanalysis.com/analysts/Allen-Gong/,04 Aug 2026
Geulah Livshits,1639,https://stockanalysis.com/analysts/Geulah-Livshits/,07 Jul 2026
Christine Dooley,1640,https://stockanalysis.com/analysts/Christine-Dooley/,29 Jul 2026
Polo Tang,1643,https://stockanalysis.com/analysts/Polo-Tang/,04 Aug 2026
Michael Ward,1644,https://stockanalysis.com/analysts/Michael-Ward/,04 Aug 2026
John Colantuoni,1645,https://stockanalysis.com/analysts/John-Colantuoni/,30 Jul 2026
John Baumgartner,1646,https://stockanalysis.com/analysts/John-Baumgartner/,20 May 2026
Mark Schappel,1647,https://stockanalysis.com/analysts/Mark-Schappel/,29 Jul 2026
Carter Gould,1648,https://stockanalysis.com/analysts/Carter-Gould/,04 Aug 2026
Daniel Arias,1651,https://stockanalysis.com/analysts/Daniel-Arias/,05 Aug 2026
Tommy Moll,1657,https://stockanalysis.com/analysts/Tommy-Moll/,16 Jul 2026
Roger Boyd,1658,https://stockanalysis.com/analysts/Roger-Boyd/,05 Aug 2026
Biraj Borkhataria,1659,https://stockanalysis.com/analysts/Biraj-Borkhataria/,04 Aug 2026
Jasper Hellweg,1661,https://stockanalysis.com/analysts/Jasper-Hellweg/,05 Aug 2026
Michael Bellisario,1662,https://stockanalysis.com/analysts/Michael-Bellisario/,05 Aug 2026
Luke Sergott,1665,https://stockanalysis.com/analysts/Luke-Sergott/,05 Aug 2026
Phillip Blee,1668,https://stockanalysis.com/analysts/Phillip-Blee/,05 Aug 2026
Alexei Gogolev,1669,https://stockanalysis.com/analysts/Alexei-Gogolev/,04 Aug 2026
Matt Olney,1670,https://stockanalysis.com/analysts/Matt-Olney/,05 Aug 2026
Nicholas Holowko,1674,https://stockanalysis.com/analysts/Nicholas-Holowko/,03 Aug 2026
Robert Stevenson,1675,https://stockanalysis.com/analysts/Robert-Stevenson/,13 Jan 2026
Charles Rhyee,1678,https://stockanalysis.com/analysts/Charles-Rhyee/,05 Aug 2026
John Newman,1681,https://stockanalysis.com/analysts/John-Newman/,05 Aug 2026
Scott Davis,1688,https://stockanalysis.com/analysts/Scott-Davis/,27 Jan 2026
Vincent Caintic,1691,https://stockanalysis.com/analysts/Vincent-Caintic/,04 Aug 2026
Adam Tindle,1692,https://stockanalysis.com/analysts/Adam-Tindle/,15 Jul 2026
Kevin Caliendo,1701,https://stockanalysis.com/analysts/Kevin-Caliendo/,05 Aug 2026
Leland Gershell,1703,https://stockanalysis.com/analysts/Leland-Gershell/,03 Aug 2026
Michael Morton,1706,https://stockanalysis.com/analysts/Michael-Morton/,10 Jun 2026
Thomas Gallagher,1707,https://stockanalysis.com/analysts/Thomas-Gallagher/,05 Aug 2026
Richard Clarke,1708,https://stockanalysis.com/analysts/Richard-Clarke/,03 Aug 2026
Jack Slevin,1709,https://stockanalysis.com/analysts/Jack-Slevin/,21 Jul 2026
Dennis Ding,1711,https://stockanalysis.com/analysts/Dennis-Ding/,13 Jul 2026
Barry Oxford,1712,https://stockanalysis.com/analysts/Barry-Oxford/,05 Aug 2026
Sergey Glinyanov,1718,https://stockanalysis.com/analysts/Sergey-Glinyanov/,05 Aug 2026
Mickey Schleien,1719,https://stockanalysis.com/analysts/Mickey-Schleien/,03 Mar 2026
John Dunn,1720,https://stockanalysis.com/analysts/John-Dunn/,10 Jul 2026
Vijit Jain,1722,https://stockanalysis.com/analysts/Vijit-Jain/,19 May 2026
Brian McNamara,1723,https://stockanalysis.com/analysts/Brian-McNamara/,05 Aug 2026
Chris Woronka,1725,https://stockanalysis.com/analysts/Chris-Woronka/,31 Jul 2026
Pete Stavropoulos,1726,https://stockanalysis.com/analysts/Pete-Stavropoulos/,16 Jul 2026
Daniil Gataulin,1727,https://stockanalysis.com/analysts/Daniil-Gataulin/,25 Jun 2026
Owen Rickert,1730,https://stockanalysis.com/analysts/Owen-Rickert/,04 Aug 2026
Andrew Weisel,1731,https://stockanalysis.com/analysts/Andrew-Weisel/,05 Aug 2026
Jason Bandel,1733,https://stockanalysis.com/analysts/Jason-Bandel/,05 Aug 2026
Zachary Fadem,1735,https://stockanalysis.com/analysts/Zachary-Fadem/,05 Aug 2026
Emily Bodnar,1737,https://stockanalysis.com/analysts/Emily-Bodnar/,05 Aug 2026
Andrea Alfonso,1738,https://stockanalysis.com/analysts/Andrea-Alfonso/,05 Aug 2026
Simon Coles,1745,https://stockanalysis.com/analysts/Simon-Coles/,05 Aug 2026
Tom Narayan,1748,https://stockanalysis.com/analysts/Tom-Narayan/,04 Aug 2026
Thiago Batista,1752,https://stockanalysis.com/analysts/Thiago-Batista/,03 Jun 2026
David Dai,1753,https://stockanalysis.com/analysts/David-Dai/,04 Aug 2026
Kevin Fisk,1754,https://stockanalysis.com/analysts/Kevin-Fisk/,31 Jul 2026
Michael Gorman,1757,https://stockanalysis.com/analysts/Michael-Gorman/,29 Jul 2026
Shlomo Rosenbaum,1759,https://stockanalysis.com/analysts/Shlomo-Rosenbaum/,30 Jul 2026
Tyler Radke,1760,https://stockanalysis.com/analysts/Tyler-Radke/,05 Aug 2026
Patrick Walravens,1762,https://stockanalysis.com/analysts/Patrick-Walravens/,22 Jul 2026
Saree Boroditsky,1768,https://stockanalysis.com/analysts/Saree-Boroditsky/,09 Feb 2026
James Rollyson,1769,https://stockanalysis.com/analysts/James-Rollyson/,04 Aug 2026
Alex Terentiew,1771,https://stockanalysis.com/analysts/Alex-Terentiew/,08 Jun 2026
Jiong Shao,1772,https://stockanalysis.com/analysts/Jiong-Shao/,16 Jul 2026
Ben Kallo,1774,https://stockanalysis.com/analysts/Ben-Kallo/,31 Jul 2026
Mark Weintraub,1781,https://stockanalysis.com/analysts/Mark-Weintraub/,03 May 2026
Kate McShane,1786,https://stockanalysis.com/analysts/Kate-McShane/,03 Aug 2026
Brian Schwartz,1788,https://stockanalysis.com/analysts/Brian-Schwartz/,28 Jul 2026
Matthew DeYoe,1791,https://stockanalysis.com/analysts/Matthew-DeYoe/,05 Aug 2026
Piyush Choudhary,1794,https://stockanalysis.com/analysts/Piyush-Choudhary/,16 Jan 2026
Matthew Harrigan,1795,https://stockanalysis.com/analysts/Matthew-Harrigan/,05 Aug 2026
Ronald Josey,1796,https://stockanalysis.com/analysts/Ronald-Josey/,05 Aug 2026
Axel Herlinghaus,1802,https://stockanalysis.com/analysts/Axel-Herlinghaus/,04 Aug 2026
Steve Hansen,1804,https://stockanalysis.com/analysts/Steve-Hansen/,04 Aug 2026
Robert Stein,1805,https://stockanalysis.com/analysts/Robert-Stein/,16 Jul 2026
Janine Stichter,1807,https://stockanalysis.com/analysts/Janine-Stichter/,05 Aug 2026
Joshua Reilly,1808,https://stockanalysis.com/analysts/Joshua-Reilly/,05 Aug 2026
Stephen Powers,1813,https://stockanalysis.com/analysts/Stephen-Powers/,05 Aug 2026
Kevin Kopelman,1814,https://stockanalysis.com/analysts/Kevin-Kopelman/,05 Aug 2026
Sophie Karp,1815,https://stockanalysis.com/analysts/Sophie-Karp/,04 Aug 2026
Michael Lavery,1817,https://stockanalysis.com/analysts/Michael-Lavery/,30 Jul 2026
Andres Sheppard,1818,https://stockanalysis.com/analysts/Andres-Sheppard/,05 Aug 2026
Austin Wurschmidt,1819,https://stockanalysis.com/analysts/Austin-Wurschmidt/,04 Aug 2026
Bhavesh Lodaya,1820,https://stockanalysis.com/analysts/Bhavesh-Lodaya/,05 Aug 2026
Timna Tanners,1822,https://stockanalysis.com/analysts/Timna-Tanners/,05 Aug 2026
Jonathan Chang,1825,https://stockanalysis.com/analysts/Jonathan-Chang/,13 Jul 2026
Richa Harnain,1828,https://stockanalysis.com/analysts/Richa-Harnain/,24 Jul 2026
Gregory Francfort,1830,https://stockanalysis.com/analysts/Gregory-Francfort/,05 Aug 2026
Nicholas Yulico,1832,https://stockanalysis.com/analysts/Nicholas-Yulico/,05 Aug 2026
Eric Gonzalez,1836,https://stockanalysis.com/analysts/Eric-Gonzalez/,20 Apr 2026
Douglas Miehm,1838,https://stockanalysis.com/analysts/Douglas-Miehm/,05 Aug 2026
Kristen Owen,1839,https://stockanalysis.com/analysts/Kristen-Owen/,04 Aug 2026
Chad Beynon,1840,https://stockanalysis.com/analysts/Chad-Beynon/,01 Jun 2026
Joe Dickstein,1842,https://stockanalysis.com/analysts/Joe-Dickstein/,01 Jun 2026
Mitchel Penn,1845,https://stockanalysis.com/analysts/Mitchel-Penn/,05 Aug 2026
Hanwen Chang,1850,https://stockanalysis.com/analysts/Hanwen-Chang/,05 Aug 2026
George Kelly,1854,https://stockanalysis.com/analysts/George-Kelly/,05 Aug 2026
Wilma Burdis,1856,https://stockanalysis.com/analysts/Wilma-Burdis/,02 Jul 2026
Steve Frankel,1863,https://stockanalysis.com/analysts/Steve-Frankel/,31 Jul 2026
Brendan Nosal,1871,https://stockanalysis.com/analysts/Brendan-Nosal/,30 Jul 2026
Simon Hales,1872,https://stockanalysis.com/analysts/Simon-Hales/,30 Jul 2026
Emmanuel Papadakis,1874,https://stockanalysis.com/analysts/Emmanuel-Papadakis/,04 Aug 2026
Matt Phipps,1876,https://stockanalysis.com/analysts/Matt-Phipps/,05 Aug 2026
Simon Toyne,1877,https://stockanalysis.com/analysts/Simon-Toyne/,31 Mar 2026
Daniel Magder,1880,https://stockanalysis.com/analysts/Daniel-Magder/,16 Jul 2026
Richard Garchitorena,1881,https://stockanalysis.com/analysts/Richard-Garchitorena/,04 Aug 2026
Kalei Akamine,1883,https://stockanalysis.com/analysts/Kalei-Akamine/,27 Apr 2026
Namita Samtani,1884,https://stockanalysis.com/analysts/Namita-Samtani/,03 Aug 2026
Rowland Mayor,1890,https://stockanalysis.com/analysts/Rowland-Mayor/,04 Aug 2026
James Feldman,1892,https://stockanalysis.com/analysts/James-Feldman/,31 Jul 2026
James Faucette,1893,https://stockanalysis.com/analysts/James-Faucette/,05 Aug 2026
Charles Meade,1897,https://stockanalysis.com/analysts/Charles-Meade/,03 Aug 2026
Robert Ottenstein,1898,https://stockanalysis.com/analysts/Robert-Ottenstein/,05 Aug 2026
Ben Isaacson,1899,https://stockanalysis.com/analysts/Ben-Isaacson/,05 Aug 2026
Tom Forte,1901,https://stockanalysis.com/analysts/Tom-Forte/,04 Aug 2026
Amit Dayal,1903,https://stockanalysis.com/analysts/Amit-Dayal/,05 Aug 2026
Bruno Montanari,1908,https://stockanalysis.com/analysts/Bruno-Montanari/,16 Jul 2026
Leah Jordan,1911,https://stockanalysis.com/analysts/Leah-Jordan/,03 Aug 2026
Glen Santangelo,1912,https://stockanalysis.com/analysts/Glen-Santangelo/,05 Aug 2026
Drew McReynolds,1913,https://stockanalysis.com/analysts/Drew-McReynolds/,04 Aug 2026
Thomas Stephan,1914,https://stockanalysis.com/analysts/Thomas-Stephan/,05 Aug 2026
Sachin Salgaonkar,1920,https://stockanalysis.com/analysts/Sachin-Salgaonkar/,04 Aug 2026
Oliver Chen,1921,https://stockanalysis.com/analysts/Oliver-Chen/,05 Aug 2026
Paul Gong,1922,https://stockanalysis.com/analysts/Paul-Gong/,17 Jun 2026
Michael Ryskin,1931,https://stockanalysis.com/analysts/Michael-Ryskin/,05 Aug 2026
Mayank Mamtani,1937,https://stockanalysis.com/analysts/Mayank-Mamtani/,31 Jul 2026
Richard Safran,1940,https://stockanalysis.com/analysts/Richard-Safran/,26 May 2026
Taylor Conrad,1941,https://stockanalysis.com/analysts/Taylor-Conrad/,29 Jul 2026
Kerry Holford,1942,https://stockanalysis.com/analysts/Kerry-Holford/,05 Aug 2026
George Tong,1943,https://stockanalysis.com/analysts/George-Tong/,05 Aug 2026
Uy Ear,1946,https://stockanalysis.com/analysts/Uy-Ear/,04 Aug 2026
Matthew Martino,1949,https://stockanalysis.com/analysts/Matthew-Martino/,31 Jul 2026
Saul Martinez,1950,https://stockanalysis.com/analysts/Saul-Martinez/,20 Jul 2026
Maher Yaghi,1952,https://stockanalysis.com/analysts/Maher-Yaghi/,05 Aug 2026
Brandon Nispel,1953,https://stockanalysis.com/analysts/Brandon-Nispel/,04 Aug 2026
Puneet Souda,1955,https://stockanalysis.com/analysts/Puneet-Souda/,17 Jul 2026
Cristina Fernandez,1956,https://stockanalysis.com/analysts/Cristina-Fernandez/,31 Jul 2026
George Gianarikas,1957,https://stockanalysis.com/analysts/George-Gianarikas/,04 Aug 2026
Jeffrey Kiang,1963,https://stockanalysis.com/analysts/Jeffrey-Kiang/,05 Aug 2026
Lee Simpson,1964,https://stockanalysis.com/analysts/Lee-Simpson/,30 Jul 2026
Jeffrey Zekauskas,1966,https://stockanalysis.com/analysts/Jeffrey-Zekauskas/,05 Aug 2026
Andrew Strelzik,1967,https://stockanalysis.com/analysts/Andrew-Strelzik/,05 Aug 2026
Omar Mejias,1971,https://stockanalysis.com/analysts/Omar-Mejias/,31 Jul 2026
Conor Cunningham,1972,https://stockanalysis.com/analysts/Conor-Cunningham/,07 Jul 2026
Ric Prentiss,1973,https://stockanalysis.com/analysts/Ric-Prentiss/,17 Jul 2026
James Yaro,1974,https://stockanalysis.com/analysts/James-Yaro/,03 Aug 2026
Adrienne Yih,1976,https://stockanalysis.com/analysts/Adrienne-Yih/,05 Aug 2026
Adam Baumgarten,1983,https://stockanalysis.com/analysts/Adam-Baumgarten/,27 Feb 2026
Joe Laetsch,1985,https://stockanalysis.com/analysts/Joe-Laetsch/,05 Aug 2026
Stephen Baxter,1987,https://stockanalysis.com/analysts/Stephen-Baxter/,05 Aug 2026
Robert Mollins,1990,https://stockanalysis.com/analysts/Robert-Mollins/,10 Jun 2026
Adam Bubes,1992,https://stockanalysis.com/analysts/Adam-Bubes/,31 Jul 2026
Andrea Newkirk,1995,https://stockanalysis.com/analysts/Andrea-Newkirk/,11 Feb 2026
Nikhil Devnani,1996,https://stockanalysis.com/analysts/Nikhil-Devnani/,03 Aug 2026
Jonna Kim,1998,https://stockanalysis.com/analysts/Jonna-Kim/,22 Jul 2026
Andres Cardona,2001,https://stockanalysis.com/analysts/Andres-Cardona/,02 Jul 2026
Edlain Rodriguez,2002,https://stockanalysis.com/analysts/Edlain-Rodriguez/,05 Aug 2026
Max Rakhlenko,2004,https://stockanalysis.com/analysts/Max-Rakhlenko/,05 Aug 2026
Judah Frommer,2006,https://stockanalysis.com/analysts/Judah-Frommer/,03 Aug 2026
Joyce Ju,2008,https://stockanalysis.com/analysts/Joyce-Ju/,29 Jul 2026
Olivia Tong,2009,https://stockanalysis.com/analysts/Olivia-Tong/,14 Jul 2026
Stacy Ku,2010,https://stockanalysis.com/analysts/Stacy-Ku/,03 Aug 2026
Ygal Arounian,2011,https://stockanalysis.com/analysts/Ygal-Arounian/,05 Aug 2026
Marie Ferguson,2014,https://stockanalysis.com/analysts/Marie-Ferguson/,05 Aug 2026
William Appicelli,2016,https://stockanalysis.com/analysts/William-Appicelli/,28 Jul 2026
Christopher Liu,2019,https://stockanalysis.com/analysts/Christopher-Liu/,05 Aug 2026
Ryan Merkel,2024,https://stockanalysis.com/analysts/Ryan-Merkel/,05 Aug 2026
Joshua Spector,2025,https://stockanalysis.com/analysts/Joshua-Spector/,05 Aug 2026
Brent Thill,2026,https://stockanalysis.com/analysts/Brent-Thill/,05 Aug 2026
Tate Sullivan,2028,https://stockanalysis.com/analysts/Tate-Sullivan/,04 Aug 2026
Pooran Sharma,2029,https://stockanalysis.com/analysts/Pooran-Sharma/,28 Jul 2026
Jairam Nathan,2032,https://stockanalysis.com/analysts/Jairam-Nathan/,29 Jun 2026
John Pancari,2033,https://stockanalysis.com/analysts/John-Pancari/,05 Aug 2026
David Rescott,2037,https://stockanalysis.com/analysts/David-Rescott/,05 Aug 2026
Edison Yu,2039,https://stockanalysis.com/analysts/Edison-Yu/,05 Aug 2026
Matthew Smith,2046,https://stockanalysis.com/analysts/Matthew-Smith/,13 May 2026
Kyle Boucher,2047,https://stockanalysis.com/analysts/Kyle-Boucher/,04 Aug 2026
Mike Hickey,2054,https://stockanalysis.com/analysts/Mike-Hickey/,05 Aug 2026
Adam Klauber,2056,https://stockanalysis.com/analysts/Adam-Klauber/,05 Aug 2026
Ryan Zimmerman,2060,https://stockanalysis.com/analysts/Ryan-Zimmerman/,05 Aug 2026
Jonathan Yong,2067,https://stockanalysis.com/analysts/Jonathan-Yong/,05 Aug 2026
Rodolfo Angele,2071,https://stockanalysis.com/analysts/Rodolfo-Angele/,29 Jul 2026
Aaron Hecht,2072,https://stockanalysis.com/analysts/Aaron-Hecht/,31 Jul 2026
George Staphos,2073,https://stockanalysis.com/analysts/George-Staphos/,05 Aug 2026
Nat Schindler,2074,https://stockanalysis.com/analysts/Nat-Schindler/,05 Aug 2026
Derek Hewett,2078,https://stockanalysis.com/analysts/Derek-Hewett/,04 Aug 2026
Larry Biegelsen,2081,https://stockanalysis.com/analysts/Larry-Biegelsen/,05 Aug 2026
Ellie Jiang,2082,https://stockanalysis.com/analysts/Ellie-Jiang/,25 Jun 2026
Peter Steyn,2089,https://stockanalysis.com/analysts/Peter-Steyn/,20 May 2026
Jamie Baker,2091,https://stockanalysis.com/analysts/Jamie-Baker/,30 Jul 2026
Scott Stember,2092,https://stockanalysis.com/analysts/Scott-Stember/,05 Aug 2026
Whit Mayo,2093,https://stockanalysis.com/analysts/Whit-Mayo/,30 Jul 2026
Hassan Ahmed,2095,https://stockanalysis.com/analysts/Hassan-Ahmed/,05 Aug 2026
Mark Massaro,2096,https://stockanalysis.com/analysts/Mark-Massaro/,05 Aug 2026
Radi Sultan,2098,https://stockanalysis.com/analysts/Radi-Sultan/,05 Aug 2026
Anja Soderstrom,2102,https://stockanalysis.com/analysts/Anja-Soderstrom/,31 Jul 2026
Matthew Condon,2103,https://stockanalysis.com/analysts/Matthew-Condon/,22 Jul 2026
Jordan Lyonnais,2107,https://stockanalysis.com/analysts/Jordan-Lyonnais/,07 May 2026
Tyler DiMatteo,2108,https://stockanalysis.com/analysts/Tyler-DiMatteo/,03 Aug 2026
Michael Nathanson,2112,https://stockanalysis.com/analysts/Michael-Nathanson/,29 Jul 2026
John Kilichowski,2113,https://stockanalysis.com/analysts/John-Kilichowski/,28 Jul 2026
Dae Lee,2120,https://stockanalysis.com/analysts/Dae-Lee/,04 Aug 2026
Jenny Ping,2124,https://stockanalysis.com/analysts/Jenny-Ping/,24 Jul 2026
Timothy Chiodo,2131,https://stockanalysis.com/analysts/Timothy-Chiodo/,05 Aug 2026
Stephen Glagola,2138,https://stockanalysis.com/analysts/Stephen-Glagola/,05 Aug 2026
Faiza Alwy,2139,https://stockanalysis.com/analysts/Faiza-Alwy/,05 Aug 2026
Aneesha Sherman,2141,https://stockanalysis.com/analysts/Aneesha-Sherman/,30 Jul 2026
Joshua Dennerlein,2145,https://stockanalysis.com/analysts/Joshua-Dennerlein/,03 Aug 2026
George Choi,2146,https://stockanalysis.com/analysts/George-Choi/,10 Jul 2026
Benjamin Rossi,2148,https://stockanalysis.com/analysts/Benjamin-Rossi/,22 Jun 2026
Ken Gawrelski,2154,https://stockanalysis.com/analysts/Ken-Gawrelski/,05 Aug 2026
Simeon Siegel,2155,https://stockanalysis.com/analysts/Simeon-Siegel/,30 Jun 2026
Pablo Singzon,2159,https://stockanalysis.com/analysts/Pablo-Singzon/,04 Aug 2026
Sam Reid,2160,https://stockanalysis.com/analysts/Sam-Reid/,04 Aug 2026
Steven Pizzella,2161,https://stockanalysis.com/analysts/Steven-Pizzella/,05 Aug 2026
Hector Maya,2164,https://stockanalysis.com/analysts/Hector-Maya/,09 Jul 2026
Anderson Schock,2165,https://stockanalysis.com/analysts/Anderson-Schock/,05 Aug 2026
Arthur Truslove,2173,https://stockanalysis.com/analysts/Arthur-Truslove/,05 Aug 2026
Nicholas Lorusso,2174,https://stockanalysis.com/analysts/Nicholas-Lorusso/,04 Aug 2026
Melissa Wedel,2176,https://stockanalysis.com/analysts/Melissa-Wedel/,24 Jul 2026
Alexander Goldfarb,2178,https://stockanalysis.com/analysts/Alexander-Goldfarb/,05 Aug 2026
Joseph Yanchunis,2182,https://stockanalysis.com/analysts/Joseph-Yanchunis/,31 Jul 2026
Pradeep Ramani,2183,https://stockanalysis.com/analysts/Pradeep-Ramani/,02 Feb 2026
David Lantz,2188,https://stockanalysis.com/analysts/David-Lantz/,05 Aug 2026
Anthony Paolone,2196,https://stockanalysis.com/analysts/Anthony-Paolone/,04 Aug 2026
Justin Kleber,2197,https://stockanalysis.com/analysts/Justin-Kleber/,31 Jul 2026
Ernesto Gabilondo,2202,https://stockanalysis.com/analysts/Ernesto-Gabilondo/,03 Aug 2026
Yuri Fernandes,2203,https://stockanalysis.com/analysts/Yuri-Fernandes/,30 Jul 2026
Patrick Creuset,2204,https://stockanalysis.com/analysts/Patrick-Creuset/,05 Aug 2026
Matt Miksic,2209,https://stockanalysis.com/analysts/Matt-Miksic/,28 May 2026
Jeff Lick,2210,https://stockanalysis.com/analysts/Jeff-Lick/,03 Aug 2026
Sameer Joshi,2212,https://stockanalysis.com/analysts/Sameer-Joshi/,24 Jul 2026
Ryan Levine,2219,https://stockanalysis.com/analysts/Ryan-Levine/,05 Aug 2026
Danielle Antalffy,2223,https://stockanalysis.com/analysts/Danielle-Antalffy/,28 Jul 2026
Adam Frisch,2226,https://stockanalysis.com/analysts/Adam-Frisch/,05 Aug 2026
Lorraine Hutchinson,2233,https://stockanalysis.com/analysts/Lorraine-Hutchinson/,29 Jul 2026
Chris McNally,2236,https://stockanalysis.com/analysts/Chris-McNally/,04 Aug 2026
Joshua Tilton,2238,https://stockanalysis.com/analysts/Joshua-Tilton/,09 Jun 2026
Bill Sutherland,2240,https://stockanalysis.com/analysts/Bill-Sutherland/,30 Jul 2026
Caleb Stein,2242,https://stockanalysis.com/analysts/Caleb-Stein/,30 Jul 2026
Steve Sakwa,2247,https://stockanalysis.com/analysts/Steve-Sakwa/,05 Aug 2026
Kevin Mcveigh,2248,https://stockanalysis.com/analysts/Kevin-Mcveigh/,03 Aug 2026
Kevin McVeigh,2248,https://stockanalysis.com/analysts/Kevin-McVeigh/,03 Aug 2026
Dana Telsey,2250,https://stockanalysis.com/analysts/Dana-Telsey/,05 Aug 2026
Austin Moeller,2252,https://stockanalysis.com/analysts/Austin-Moeller/,05 Aug 2026
Jim Sanderson,2258,https://stockanalysis.com/analysts/Jim-Sanderson/,15 Jun 2026
Francois Brisebois,2261,https://stockanalysis.com/analysts/Francois-Brisebois/,05 Aug 2026
Daniel Clark,2264,https://stockanalysis.com/analysts/Daniel-Clark/,24 Feb 2026
Matthew Erdner,2266,https://stockanalysis.com/analysts/Matthew-Erdner/,29 Jul 2026
Dominick Gabriele,2267,https://stockanalysis.com/analysts/Dominick-Gabriele/,15 Jul 2026
Linda Huang,2275,https://stockanalysis.com/analysts/Linda-Huang/,30 Jul 2026
Vincent Andrews,2283,https://stockanalysis.com/analysts/Vincent-Andrews/,05 Aug 2026
Alejandro Demichelis,2284,https://stockanalysis.com/analysts/Alejandro-Demichelis/,18 Jun 2026
Brian Wilczynski,2286,https://stockanalysis.com/analysts/Brian-Wilczynski/,30 Jul 2026
Andrew DeGasperi,2293,https://stockanalysis.com/analysts/Andrew-DeGasperi/,13 Jul 2026
Wesley Brooks,2297,https://stockanalysis.com/analysts/Wesley-Brooks/,07 May 2026
Thibault Boutherin,2298,https://stockanalysis.com/analysts/Thibault-Boutherin/,25 Jun 2026
Craig Mailman,2299,https://stockanalysis.com/analysts/Craig-Mailman/,11 Jun 2026
Blaine Heck,2300,https://stockanalysis.com/analysts/Blaine-Heck/,21 Jul 2026
Casey Woodring,2301,https://stockanalysis.com/analysts/Casey-Woodring/,05 Aug 2026
Andrew Didora,2303,https://stockanalysis.com/analysts/Andrew-Didora/,05 Aug 2026
David Grossman,2305,https://stockanalysis.com/analysts/David-Grossman/,05 Aug 2026
Sharon Zackfia,2306,https://stockanalysis.com/analysts/Sharon-Zackfia/,05 Aug 2026
Cooper Clark,2309,https://stockanalysis.com/analysts/Cooper-Clark/,24 Jun 2026
Rayna Kumar,2315,https://stockanalysis.com/analysts/Rayna-Kumar/,05 Aug 2026
Barry Jonas,2317,https://stockanalysis.com/analysts/Barry-Jonas/,05 Aug 2026
Ty Collin,2318,https://stockanalysis.com/analysts/Ty-Collin/,05 Aug 2026
Kim Fustier,2320,https://stockanalysis.com/analysts/Kim-Fustier/,03 Aug 2026
James Kammert,2323,https://stockanalysis.com/analysts/James-Kammert/,05 Aug 2026
Guilherme Mendes,2324,https://stockanalysis.com/analysts/Guilherme-Mendes/,15 Jun 2026
William Plovanic,2328,https://stockanalysis.com/analysts/William-Plovanic/,05 Aug 2026
Nicholas Amicucci,2329,https://stockanalysis.com/analysts/Nicholas-Amicucci/,05 Aug 2026
Matthew Heimermann,2331,https://stockanalysis.com/analysts/Matthew-Heimermann/,04 Aug 2026
Nicholas Thillman,2333,https://stockanalysis.com/analysts/Nicholas-Thillman/,05 Aug 2026
Robert Fishman,2336,https://stockanalysis.com/analysts/Robert-Fishman/,30 Jul 2026
Luke Junk,2343,https://stockanalysis.com/analysts/Luke-Junk/,05 Aug 2026
Michael Petusky,2344,https://stockanalysis.com/analysts/Michael-Petusky/,05 Aug 2026
Matthew Biegler,2345,https://stockanalysis.com/analysts/Matthew-Biegler/,31 Jul 2026
Luisa Hector,2350,https://stockanalysis.com/analysts/Luisa-Hector/,03 Aug 2026
Sam Eiber,2355,https://stockanalysis.com/analysts/Sam-Eiber/,31 Jul 2026
Omar Sheikh,2358,https://stockanalysis.com/analysts/Omar-Sheikh/,10 Mar 2026
Mark Palmer,2360,https://stockanalysis.com/analysts/Mark-Palmer/,05 Aug 2026
Priya Sachdeva,2361,https://stockanalysis.com/analysts/Priya-Sachdeva/,28 Jul 2026
Bryan Burgmeier,2362,https://stockanalysis.com/analysts/Bryan-Burgmeier/,30 Jul 2026
Paul Johnson,2363,https://stockanalysis.com/analysts/Paul-Johnson/,05 Aug 2026
Betty Jiang,2365,https://stockanalysis.com/analysts/Betty-Jiang/,04 Aug 2026
Alicia Yap,2366,https://stockanalysis.com/analysts/Alicia-Yap/,29 Jul 2026
James Condulis,2368,https://stockanalysis.com/analysts/James-Condulis/,14 Jul 2026
Jason Celino,2371,https://stockanalysis.com/analysts/Jason-Celino/,05 Aug 2026
Ike Boruchow,2373,https://stockanalysis.com/analysts/Ike-Boruchow/,30 Jul 2026
Brett Rabatin,2374,https://stockanalysis.com/analysts/Brett-Rabatin/,05 Aug 2026
Peter Galbo,2376,https://stockanalysis.com/analysts/Peter-Galbo/,05 Aug 2026
Kallum Titchmarsh,2378,https://stockanalysis.com/analysts/Kallum-Titchmarsh/,05 Aug 2026
Patrick Cunningham,2386,https://stockanalysis.com/analysts/Patrick-Cunningham/,04 Aug 2026
Jason Weaver,2388,https://stockanalysis.com/analysts/Jason-Weaver/,04 Aug 2026
Benjamin Soff,2394,https://stockanalysis.com/analysts/Benjamin-Soff/,03 Aug 2026
Robin Zhu,2397,https://stockanalysis.com/analysts/Robin-Zhu/,04 Aug 2026
Dan Levy,2398,https://stockanalysis.com/analysts/Dan-Levy/,04 Aug 2026
Keay Nakae,2399,https://stockanalysis.com/analysts/Keay-Nakae/,04 Aug 2026
Michael Goldie,2410,https://stockanalysis.com/analysts/Michael-Goldie/,04 Aug 2026
Ranjan Sharma,2413,https://stockanalysis.com/analysts/Ranjan-Sharma/,04 Aug 2026
Jeffrey Stevenson,2414,https://stockanalysis.com/analysts/Jeffrey-Stevenson/,28 Apr 2026
Ken Hoexter,2415,https://stockanalysis.com/analysts/Ken-Hoexter/,04 Aug 2026
Laurent Vasilescu,2419,https://stockanalysis.com/analysts/Laurent-Vasilescu/,22 Jul 2026
Jason Cassorla,2422,https://stockanalysis.com/analysts/Jason-Cassorla/,31 Jul 2026
Arun Viswanathan,2424,https://stockanalysis.com/analysts/Arun-Viswanathan/,05 Aug 2026
Paul Knight,2425,https://stockanalysis.com/analysts/Paul-Knight/,02 Jul 2026
Michael Cyprys,2431,https://stockanalysis.com/analysts/Michael-Cyprys/,05 Aug 2026
Upal Rana,2433,https://stockanalysis.com/analysts/Upal-Rana/,09 Jul 2026
Will Kirkness,2435,https://stockanalysis.com/analysts/Will-Kirkness/,29 Jun 2026
Clark Wright,2436,https://stockanalysis.com/analysts/Clark-Wright/,05 Aug 2026
Daniel Mckenzie,2437,https://stockanalysis.com/analysts/Daniel-Mckenzie/,21 Jun 2026
Michael Sarcone,2448,https://stockanalysis.com/analysts/Michael-Sarcone/,31 Jul 2026
Jakob Bluestone,2454,https://stockanalysis.com/analysts/Jakob-Bluestone/,02 Feb 2026
Aaron Kimson,2462,https://stockanalysis.com/analysts/Aaron-Kimson/,05 Aug 2026
Alex Yao,2465,https://stockanalysis.com/analysts/Alex-Yao/,04 Aug 2026
Detlef Winckelmann,2469,https://stockanalysis.com/analysts/Detlef-Winckelmann/,04 Aug 2026
Shaun Kelley,2471,https://stockanalysis.com/analysts/Shaun-Kelley/,04 Aug 2026
Elizabeth Sun,2472,https://stockanalysis.com/analysts/Elizabeth-Sun/,04 Aug 2026
Daniel Grosslight,2473,https://stockanalysis.com/analysts/Daniel-Grosslight/,05 Aug 2026
Nicholas Joseph,2474,https://stockanalysis.com/analysts/Nicholas-Joseph/,05 Aug 2026
Vitaly Umansky,2475,https://stockanalysis.com/analysts/Vitaly-Umansky/,07 Jun 2026
Bart Dziarski,2482,https://stockanalysis.com/analysts/Bart-Dziarski/,05 Aug 2026
Keith Stanley,2483,https://stockanalysis.com/analysts/Keith-Stanley/,03 Aug 2026
Wyatt Swanson,2485,https://stockanalysis.com/analysts/Wyatt-Swanson/,05 Aug 2026
Christopher Raymond,2487,https://stockanalysis.com/analysts/Christopher-Raymond/,17 Jul 2026
Sebastian Sandler,2493,https://stockanalysis.com/analysts/Sebastian-Sandler/,30 Jul 2026
Joanne Wuensch,2506,https://stockanalysis.com/analysts/Joanne-Wuensch/,05 Aug 2026
Robert Labick,2516,https://stockanalysis.com/analysts/Robert-Labick/,10 Dec 2025
David Begleiter,2521,https://stockanalysis.com/analysts/David-Begleiter/,03 Aug 2026
Manav Patnaik,2527,https://stockanalysis.com/analysts/Manav-Patnaik/,05 Aug 2026
Gena Wang,2530,https://stockanalysis.com/analysts/Gena-Wang/,28 May 2026
Zhihan Ma,2536,https://stockanalysis.com/analysts/Zhihan-Ma/,31 Jul 2026
Glenn Chin,2541,https://stockanalysis.com/analysts/Glenn-Chin/,02 Aug 2026
Asthika Goonewardene,2544,https://stockanalysis.com/analysts/Asthika-Goonewardene/,22 Jun 2026
Rodrigo Alcantara,2546,https://stockanalysis.com/analysts/Rodrigo-Alcantara/,04 Aug 2026
Greg McGinniss,2549,https://stockanalysis.com/analysts/Greg-McGinniss/,05 Aug 2026
Piyush Avasthy,2552,https://stockanalysis.com/analysts/Piyush-Avasthy/,05 Aug 2026
Michael Legg,2559,https://stockanalysis.com/analysts/Michael-Legg/,03 Mar 2026
Michael Cho,2560,https://stockanalysis.com/analysts/Michael-Cho/,04 Aug 2026
Lilyanna Yang,2563,https://stockanalysis.com/analysts/Lilyanna-Yang/,26 May 2026
Karl Shepard,2567,https://stockanalysis.com/analysts/Karl-Shepard/,30 Jul 2026
Natalya Davies,2568,https://stockanalysis.com/analysts/Natalya-Davies/,17 Apr 2026
Martijn Rats,2571,https://stockanalysis.com/analysts/Martijn-Rats/,10 Jul 2026
Chris Muller,2580,https://stockanalysis.com/analysts/Chris-Muller/,05 Aug 2026
Andrew Lazar,2581,https://stockanalysis.com/analysts/Andrew-Lazar/,04 Aug 2026
Ken Worthington,2582,https://stockanalysis.com/analysts/Ken-Worthington/,04 Aug 2026
Richard Sunderland,2583,https://stockanalysis.com/analysts/Richard-Sunderland/,05 Aug 2026
Praneeth Satish,2588,https://stockanalysis.com/analysts/Praneeth-Satish/,04 Aug 2026
Matthew Hershenhorn,2592,https://stockanalysis.com/analysts/Matthew-Hershenhorn/,05 Aug 2026
Vikram Malhotra,2598,https://stockanalysis.com/analysts/Vikram-Malhotra/,28 Jul 2026
Samantha Semenkow,2599,https://stockanalysis.com/analysts/Samantha-Semenkow/,05 Aug 2026
Jackson Ader,2600,https://stockanalysis.com/analysts/Jackson-Ader/,05 Aug 2026
Ed Vyvyan,2602,https://stockanalysis.com/analysts/Ed-Vyvyan/,27 Feb 2026
Terry Ma,2603,https://stockanalysis.com/analysts/Terry-Ma/,04 Aug 2026
James Gordon,2604,https://stockanalysis.com/analysts/James-Gordon/,11 Mar 2026
Ravi Shanker,2606,https://stockanalysis.com/analysts/Ravi-Shanker/,05 Aug 2026
Jonathan Keypour,2617,https://stockanalysis.com/analysts/Jonathan-Keypour/,05 Aug 2026
Firoz Valliji,2622,https://stockanalysis.com/analysts/Firoz-Valliji/,08 May 2026
Richard Vosser,2625,https://stockanalysis.com/analysts/Richard-Vosser/,04 Aug 2026
Daniel Jester,2636,https://stockanalysis.com/analysts/Daniel-Jester/,05 Aug 2026
James Shin,2642,https://stockanalysis.com/analysts/James-Shin/,07 May 2026
Gaurav Mehta,2651,https://stockanalysis.com/analysts/Gaurav-Mehta/,05 Aug 2026
Eli Jossen,2654,https://stockanalysis.com/analysts/Eli-Jossen/,22 Jul 2026
Patrick Baumann,2658,https://stockanalysis.com/analysts/Patrick-Baumann/,18 May 2026
Julien Blouin,2660,https://stockanalysis.com/analysts/Julien-Blouin/,04 Aug 2026
Emma Schwartz,2663,https://stockanalysis.com/analysts/Emma-Schwartz/,10 Jul 2026
Samir Khanal,2665,https://stockanalysis.com/analysts/Samir-Khanal/,03 Aug 2026
Keegan Cox,2670,https://stockanalysis.com/analysts/Keegan-Cox/,05 Aug 2026
Timothy Zhao,2672,https://stockanalysis.com/analysts/Timothy-Zhao/,31 Jul 2026
Justin Zelin,2673,https://stockanalysis.com/analysts/Justin-Zelin/,02 Feb 2026
Sathish Kasinathan,2677,https://stockanalysis.com/analysts/Sathish-Kasinathan/,03 Aug 2026
Eunice Lee,2679,https://stockanalysis.com/analysts/Eunice-Lee/,13 Jul 2026
Edward Tenthoff,2681,https://stockanalysis.com/analysts/Edward-Tenthoff/,05 Aug 2026
Avinatan Jaroslawicz,2682,https://stockanalysis.com/analysts/Avinatan-Jaroslawicz/,31 Jul 2026
Nafeesa Gupta,2684,https://stockanalysis.com/analysts/Nafeesa-Gupta/,30 Jul 2026
Wei Fang,2688,https://stockanalysis.com/analysts/Wei-Fang/,05 Aug 2026
Jeffrey Meuler,2696,https://stockanalysis.com/analysts/Jeffrey-Meuler/,05 Aug 2026
Gregg Orrill,2701,https://stockanalysis.com/analysts/Gregg-Orrill/,06 Jul 2026
Emily Field,2703,https://stockanalysis.com/analysts/Emily-Field/,05 Aug 2026
Michael Montani,2710,https://stockanalysis.com/analysts/Michael-Montani/,30 Jul 2026
Randal Konik,2713,https://stockanalysis.com/analysts/Randal-Konik/,09 Jul 2026
David Roman,2727,https://stockanalysis.com/analysts/David-Roman/,15 Jul 2026
Kendall Toscano,2730,https://stockanalysis.com/analysts/Kendall-Toscano/,31 Jul 2026
Trevor Romeo,2734,https://stockanalysis.com/analysts/Trevor-Romeo/,30 Jul 2026
Tina Hou,2739,https://stockanalysis.com/analysts/Tina-Hou/,03 Aug 2026
Aravinda Galappatthige,2740,https://stockanalysis.com/analysts/Aravinda-Galappatthige/,16 Jul 2026
Michael Ulz,2741,https://stockanalysis.com/analysts/Michael-Ulz/,05 Aug 2026
Ryland Conrad,2744,https://stockanalysis.com/analysts/Ryland-Conrad/,30 Jul 2026
Peyton Dorne,2745,https://stockanalysis.com/analysts/Peyton-Dorne/,05 Aug 2026
Austin Bohlig,2749,https://stockanalysis.com/analysts/Austin-Bohlig/,05 Aug 2026
Timothy Hoff,2755,https://stockanalysis.com/analysts/Timothy-Hoff/,02 Aug 2026
Eliana Merle,2756,https://stockanalysis.com/analysts/Eliana-Merle/,05 Aug 2026
Helena Wang,2762,https://stockanalysis.com/analysts/Helena-Wang/,03 Aug 2026
James Sidoti,2765,https://stockanalysis.com/analysts/James-Sidoti/,06 May 2026
Michael Gaugler,2771,https://stockanalysis.com/analysts/Michael-Gaugler/,24 Nov 2025
Andrew Spinola,2772,https://stockanalysis.com/analysts/Andrew-Spinola/,20 May 2026
John Kim,2774,https://stockanalysis.com/analysts/John-Kim/,05 Aug 2026
Ross MacDonald,2784,https://stockanalysis.com/analysts/Ross-MacDonald/,05 Aug 2026
Nathan Feather,2786,https://stockanalysis.com/analysts/Nathan-Feather/,05 Aug 2026
Susan Maklari,2788,https://stockanalysis.com/analysts/Susan-Maklari/,05 Aug 2026
Ilya Zubkov,2790,https://stockanalysis.com/analysts/Ilya-Zubkov/,05 Aug 2026
Paul Rossington,2798,https://stockanalysis.com/analysts/Paul-Rossington/,02 Jun 2026
Christine Cho,2801,https://stockanalysis.com/analysts/Christine-Cho/,14 May 2026
Peter McGoldrick,2806,https://stockanalysis.com/analysts/Peter-McGoldrick/,31 Jul 2026
Nik Modi,2808,https://stockanalysis.com/analysts/Nik-Modi/,05 Aug 2026
Emily Ericksen,2810,https://stockanalysis.com/analysts/Emily-Ericksen/,20 Feb 2026
Mikhail Goberman,2812,https://stockanalysis.com/analysts/Mikhail-Goberman/,29 Jul 2026
Catharine Trebnick,2815,https://stockanalysis.com/analysts/Catharine-Trebnick/,05 Aug 2026
Amy Li,2818,https://stockanalysis.com/analysts/Amy-Li/,11 May 2026
Filippo Falorni,2824,https://stockanalysis.com/analysts/Filippo-Falorni/,04 Aug 2026
Tasso Vasconcellos,2830,https://stockanalysis.com/analysts/Tasso-Vasconcellos/,27 May 2026
Narumi Nakagiri,2837,https://stockanalysis.com/analysts/Narumi-Nakagiri/,14 May 2026
Brooke Roach,2847,https://stockanalysis.com/analysts/Brooke-Roach/,31 Jul 2026
Joanna Gajuk,2853,https://stockanalysis.com/analysts/Joanna-Gajuk/,04 Aug 2026
Steven Shemesh,2854,https://stockanalysis.com/analysts/Steven-Shemesh/,04 Aug 2026
Surinder Thind,2867,https://stockanalysis.com/analysts/Surinder-Thind/,03 Aug 2026
James Friedman,2874,https://stockanalysis.com/analysts/James-Friedman/,31 Jul 2026
Lizzie Dove,2879,https://stockanalysis.com/analysts/Lizzie-Dove/,05 Aug 2026
Vik Chopra,2880,https://stockanalysis.com/analysts/Vik-Chopra/,05 Aug 2026
Alec Brondolo,2882,https://stockanalysis.com/analysts/Alec-Brondolo/,05 Aug 2026
Mikhail Paramonov,2883,https://stockanalysis.com/analysts/Mikhail-Paramonov/,17 Jul 2026
Matt Koranda,2886,https://stockanalysis.com/analysts/Matt-Koranda/,05 Aug 2026
William Pickering,2889,https://stockanalysis.com/analysts/William-Pickering/,13 May 2026
Lisa Walter,2891,https://stockanalysis.com/analysts/Lisa-Walter/,04 Aug 2026
Anthony Elian,2896,https://stockanalysis.com/analysts/Anthony-Elian/,04 Aug 2026
Maheep Mandloi,2897,https://stockanalysis.com/analysts/Maheep-Mandloi/,04 Aug 2026
Scott Buck,2898,https://stockanalysis.com/analysts/Scott-Buck/,31 Mar 2026
John Davis,2906,https://stockanalysis.com/analysts/John-Davis/,31 Jul 2026
Lucas Ferreira,2907,https://stockanalysis.com/analysts/Lucas-Ferreira/,28 Jul 2026
Judith Elliott,2913,https://stockanalysis.com/analysts/Judith-Elliott/,01 Apr 2026
David Saxon,2921,https://stockanalysis.com/analysts/David-Saxon/,05 Aug 2026
Angel Castillo,2925,https://stockanalysis.com/analysts/Angel-Castillo/,05 Aug 2026
Vikram Kesavabhotla,2928,https://stockanalysis.com/analysts/Vikram-Kesavabhotla/,22 Jul 2026
Ashish Sabadra,2932,https://stockanalysis.com/analysts/Ashish-Sabadra/,05 Aug 2026
Alfonso Salazar,2939,https://stockanalysis.com/analysts/Alfonso-Salazar/,05 Aug 2026
Kelly Crago,2942,https://stockanalysis.com/analysts/Kelly-Crago/,12 May 2026
Dennis Geiger,2943,https://stockanalysis.com/analysts/Dennis-Geiger/,05 Aug 2026
Roger Song,2948,https://stockanalysis.com/analysts/Roger-Song/,31 Jul 2026
Pujarini Ghosh,2952,https://stockanalysis.com/analysts/Pujarini-Ghosh/,17 Jul 2026
Andre Salles,2955,https://stockanalysis.com/analysts/Andre-Salles/,01 May 2026
Tomohiko Sano,2959,https://stockanalysis.com/analysts/Tomohiko-Sano/,05 Aug 2026
Benjamin Burnett,2962,https://stockanalysis.com/analysts/Benjamin-Burnett/,05 Aug 2026
Carly Davenport,2966,https://stockanalysis.com/analysts/Carly-Davenport/,04 Aug 2026
Laurence Alexander,2968,https://stockanalysis.com/analysts/Laurence-Alexander/,03 Aug 2026
Andrew Andersen,2978,https://stockanalysis.com/analysts/Andrew-Andersen/,31 Jul 2026
Andrew Marok,2981,https://stockanalysis.com/analysts/Andrew-Marok/,17 Jul 2026
Ricardo Alves,2984,https://stockanalysis.com/analysts/Ricardo-Alves/,25 May 2026
Ryan Gravett,2985,https://stockanalysis.com/analysts/Ryan-Gravett/,04 Aug 2026
Marvin Fong,2986,https://stockanalysis.com/analysts/Marvin-Fong/,04 Aug 2026
James Kirby,2988,https://stockanalysis.com/analysts/James-Kirby/,04 Aug 2026
Eric Boyes,2990,https://stockanalysis.com/analysts/Eric-Boyes/,30 Jul 2026
David Bellinger,2992,https://stockanalysis.com/analysts/David-Bellinger/,28 Jul 2026
Bradley Sills,2993,https://stockanalysis.com/analysts/Bradley-Sills/,12 Mar 2026
Eddie Kim,3001,https://stockanalysis.com/analysts/Eddie-Kim/,05 Aug 2026
Luke Morison,3003,https://stockanalysis.com/analysts/Luke-Morison/,29 Jun 2026
Samantha Hoh,3015,https://stockanalysis.com/analysts/Samantha-Hoh/,22 Apr 2026
Austin Wang,3025,https://stockanalysis.com/analysts/Austin-Wang/,15 Jul 2026
John Zamparo,3027,https://stockanalysis.com/analysts/John-Zamparo/,05 Aug 2026
Samad Samana,3028,https://stockanalysis.com/analysts/Samad-Samana/,05 Aug 2026
Phani Kanumuri,3039,https://stockanalysis.com/analysts/Phani-Kanumuri/,27 Apr 2026
Chris Luyckx,3043,https://stockanalysis.com/analysts/Chris-Luyckx/,23 Apr 2026
Arpine Kocharyan,3051,https://stockanalysis.com/analysts/Arpine-Kocharyan/,05 Aug 2026
Leo Carrington,3058,https://stockanalysis.com/analysts/Leo-Carrington/,04 Aug 2026
Jamie Clark,3064,https://stockanalysis.com/analysts/Jamie-Clark/,17 Feb 2026
Steven Zaccone,3066,https://stockanalysis.com/analysts/Steven-Zaccone/,03 Aug 2026
Farzin Haque,3067,https://stockanalysis.com/analysts/Farzin-Haque/,29 Mar 2026
Hoang Nguyen,3075,https://stockanalysis.com/analysts/Hoang-Nguyen/,31 Jul 2026
John Choi,3078,https://stockanalysis.com/analysts/John-Choi/,24 Jun 2026
Max Gumport,3083,https://stockanalysis.com/analysts/Max-Gumport/,09 Apr 2026
Neal Burk,3084,https://stockanalysis.com/analysts/Neal-Burk/,03 Aug 2026
Leonardo Olmos,3101,https://stockanalysis.com/analysts/Leonardo-Olmos/,14 Jul 2026
Matthew Coad,3105,https://stockanalysis.com/analysts/Matthew-Coad/,05 Aug 2026
Bob Huang,3106,https://stockanalysis.com/analysts/Bob-Huang/,05 Aug 2026
Ashley Wallace,3107,https://stockanalysis.com/analysts/Ashley-Wallace/,22 May 2026
Judy Zhang,3114,https://stockanalysis.com/analysts/Judy-Zhang/,03 Jun 2026
Winnie Dong,3117,https://stockanalysis.com/analysts/Winnie-Dong/,27 Apr 2026
Daria Nasledysheva,3129,https://stockanalysis.com/analysts/Daria-Nasledysheva/,24 Jul 2026
Duksan Jang,3139,https://stockanalysis.com/analysts/Duksan-Jang/,05 Aug 2026
Nitin Bansal,3145,https://stockanalysis.com/analysts/Nitin-Bansal/,04 Aug 2026
Abhishek Shukla,3160,https://stockanalysis.com/analysts/Abhishek-Shukla/,14 Jul 2026
Scott Fletcher,3167,https://stockanalysis.com/analysts/Scott-Fletcher/,31 Jul 2026
Eric Hagen,3168,https://stockanalysis.com/analysts/Eric-Hagen/,30 Apr 2026
Atul Maheswari,3170,https://stockanalysis.com/analysts/Atul-Maheswari/,05 Aug 2026
Lu Li,3177,https://stockanalysis.com/analysts/Lu-Li/,07 May 2026
Vijay Jayant,3180,https://stockanalysis.com/analysts/Vijay-Jayant/,12 Nov 2024
Dina Ramadane,3192,https://stockanalysis.com/analysts/Dina-Ramadane/,07 Jul 2026
Hong Zhang,3195,https://stockanalysis.com/analysts/Hong-Zhang/,29 Jun 2026
Carlos Peyrelongue,3202,https://stockanalysis.com/analysts/Carlos-Peyrelongue/,24 Jul 2026
Bhavin Shah,3213,https://stockanalysis.com/analysts/Bhavin-Shah/,08 May 2026
Alex Kania,3214,https://stockanalysis.com/analysts/Alex-Kania/,05 Aug 2026
Harry Bartlett,3215,https://stockanalysis.com/analysts/Harry-Bartlett/,28 Jan 2026
Laura Sutcliffe,3218,https://stockanalysis.com/analysts/Laura-Sutcliffe/,29 Jul 2026
Steve Byrne,3219,https://stockanalysis.com/analysts/Steve-Byrne/,08 Jan 2026
Toni Kaplan,3224,https://stockanalysis.com/analysts/Toni-Kaplan/,04 Aug 2026
Faham Baig,3230,https://stockanalysis.com/analysts/Faham-Baig/,03 Aug 2026
Arjun Bhatia,3231,https://stockanalysis.com/analysts/Arjun-Bhatia/,05 Aug 2026
Trevor Allinson,3234,https://stockanalysis.com/analysts/Trevor-Allinson/,29 Jul 2026
Derrick Wood,3236,https://stockanalysis.com/analysts/Derrick-Wood/,04 Aug 2026
Niall Alexander,3239,https://stockanalysis.com/analysts/Niall-Alexander/,03 Aug 2026
Louis Raffetto,3256,https://stockanalysis.com/analysts/Louis-Raffetto/,29 Jan 2026
Sara Senatore,3257,https://stockanalysis.com/analysts/Sara-Senatore/,05 Aug 2026
Scott Wurtzel,3258,https://stockanalysis.com/analysts/Scott-Wurtzel/,03 Aug 2026
Griffin Bryan,3273,https://stockanalysis.com/analysts/Griffin-Bryan/,06 Jul 2026
Seyon Park,3276,https://stockanalysis.com/analysts/Seyon-Park/,05 Aug 2026
Vince Valentini,3277,https://stockanalysis.com/analysts/Vince-Valentini/,03 Aug 2026
Julien Roch,3280,https://stockanalysis.com/analysts/Julien-Roch/,03 Aug 2026
Martin Jungfleisch,3287,https://stockanalysis.com/analysts/Martin-Jungfleisch/,09 Jul 2026
Gary Nachman,3301,https://stockanalysis.com/analysts/Gary-Nachman/,05 Aug 2026
Michael Ng,3308,https://stockanalysis.com/analysts/Michael-Ng/,05 Aug 2026
Alexander Perry,3321,https://stockanalysis.com/analysts/Alexander-Perry/,05 Aug 2026
Rock Hoffman,3339,https://stockanalysis.com/analysts/Rock-Hoffman/,02 Apr 2026
Joseph Giordano,3345,https://stockanalysis.com/analysts/Joseph-Giordano/,21 Jul 2026
Kemp Dolliver,3348,https://stockanalysis.com/analysts/Kemp-Dolliver/,28 Jul 2026
Alexander Hess,3350,https://stockanalysis.com/analysts/Alexander-Hess/,22 Jul 2026
Warren Ackerman,3365,https://stockanalysis.com/analysts/Warren-Ackerman/,04 Aug 2026
Jordan Bender,3372,https://stockanalysis.com/analysts/Jordan-Bender/,05 Aug 2026
Gustavo Schroden,3375,https://stockanalysis.com/analysts/Gustavo-Schroden/,12 Jun 2026
Alberto Valerio,3376,https://stockanalysis.com/analysts/Alberto-Valerio/,05 Aug 2026
Jason Helfstein,3394,https://stockanalysis.com/analysts/Jason-Helfstein/,05 Aug 2026
Trevor Williams,3399,https://stockanalysis.com/analysts/Trevor-Williams/,09 Feb 2026
Noah Hungness,3404,https://stockanalysis.com/analysts/Noah-Hungness/,27 Apr 2026
Aidan Kelly,3424,https://stockanalysis.com/analysts/Aidan-Kelly/,16 Jul 2026
Seth Bergey,3427,https://stockanalysis.com/analysts/Seth-Bergey/,03 Aug 2026
Filipe Nielsen,3428,https://stockanalysis.com/analysts/Filipe-Nielsen/,17 Mar 2026
Michael Fairbanks,3435,https://stockanalysis.com/analysts/Michael-Fairbanks/,03 Aug 2026
Anna Lizzul,3442,https://stockanalysis.com/analysts/Anna-Lizzul/,04 Aug 2026
Ryan Brinkman,3451,https://stockanalysis.com/analysts/Ryan-Brinkman/,14 Jul 2026
Edward Lewis,3471,https://stockanalysis.com/analysts/Edward-Lewis/,16 Jun 2026
Dushyant Ailani,3476,https://stockanalysis.com/analysts/Dushyant-Ailani/,10 Jun 2026
Brandon Folkes,3480,https://stockanalysis.com/analysts/Brandon-Folkes/,05 Aug 2026
Kevin Fischbeck,3500,https://stockanalysis.com/analysts/Kevin-Fischbeck/,05 Aug 2026
Anne Samuel,3512,https://stockanalysis.com/analysts/Anne-Samuel/,06 Feb 2026
Nathan Stein,3520,https://stockanalysis.com/analysts/Nathan-Stein/,19 Dec 2025
Spencer Hanus,3528,https://stockanalysis.com/analysts/Spencer-Hanus/,29 Jul 2026
Ben Haynor,3530,https://stockanalysis.com/analysts/Ben-Haynor/,05 Aug 2026
Thiago Bortoluci,3543,https://stockanalysis.com/analysts/Thiago-Bortoluci/,29 May 2026
Thomas Yeh,3544,https://stockanalysis.com/analysts/Thomas-Yeh/,07 May 2026
Adam Hotchkiss,3560,https://stockanalysis.com/analysts/Adam-Hotchkiss/,31 Jul 2026
Ella Smith,3564,https://stockanalysis.com/analysts/Ella-Smith/,30 Jul 2026
Matt Roberts,3566,https://stockanalysis.com/analysts/Matt-Roberts/,22 Jul 2026
Rick Wise,3577,https://stockanalysis.com/analysts/Rick-Wise/,05 Aug 2026
Cory Carpenter,3584,https://stockanalysis.com/analysts/Cory-Carpenter/,22 Jun 2026
Ami Probandt,3594,https://stockanalysis.com/analysts/Ami-Probandt/,14 May 2026
Steven Valiquette,3595,https://stockanalysis.com/analysts/Steven-Valiquette/,05 Aug 2026
Justin Bowers,3599,https://stockanalysis.com/analysts/Justin-Bowers/,05 Aug 2026
Alexandria Hammond,3610,https://stockanalysis.com/analysts/Alexandria-Hammond/,21 May 2026
Parker Snure,3613,https://stockanalysis.com/analysts/Parker-Snure/,03 Aug 2026
Simon Clinch,3616,https://stockanalysis.com/analysts/Simon-Clinch/,11 Jun 2026
Anojja Shah,3627,https://stockanalysis.com/analysts/Anojja-Shah/,31 Jul 2026
Charlie Lederer,3633,https://stockanalysis.com/analysts/Charlie-Lederer/,29 Jul 2026
Romain Gourvil,3635,https://stockanalysis.com/analysts/Romain-Gourvil/,29 Jul 2026
Richard Hightower,3640,https://stockanalysis.com/analysts/Richard-Hightower/,22 Jul 2026
Ryan Langston,3651,https://stockanalysis.com/analysts/Ryan-Langston/,04 Aug 2026
Adam Kramer,3657,https://stockanalysis.com/analysts/Adam-Kramer/,27 Jul 2026
Martin Malloy,3658,https://stockanalysis.com/analysts/Martin-Malloy/,05 Jan 2026
Robert Moskow,3665,https://stockanalysis.com/analysts/Robert-Moskow/,05 Aug 2026
Edward DeArias,3681,https://stockanalysis.com/analysts/Edward-DeArias/,05 Aug 2026
Renata Cabral,3691,https://stockanalysis.com/analysts/Renata-Cabral/,31 Jul 2026
Gregory Williams,3694,https://stockanalysis.com/analysts/Gregory-Williams/,04 Aug 2026
Jamie Rollo,3702,https://stockanalysis.com/analysts/Jamie-Rollo/,05 Aug 2026
Frank Louthan,3703,https://stockanalysis.com/analysts/Frank-Louthan/,28 May 2026
Laurent Yoon,3706,https://stockanalysis.com/analysts/Laurent-Yoon/,05 Aug 2026
Yiwen Zhang,3712,https://stockanalysis.com/analysts/Yiwen-Zhang/,06 May 2026
Chad Messer,3719,https://stockanalysis.com/analysts/Chad-Messer/,21 Jul 2026
Roanna Ruiz,3730,https://stockanalysis.com/analysts/Roanna-Ruiz/,03 Aug 2026
Taylor Manley,3733,https://stockanalysis.com/analysts/Taylor-Manley/,29 Jul 2026
Paul Jeng,3743,https://stockanalysis.com/analysts/Paul-Jeng/,04 Aug 2026
Martin Englert,3757,https://stockanalysis.com/analysts/Martin-Englert/,28 Apr 2026
Lucy Yu,3759,https://stockanalysis.com/analysts/Lucy-Yu/,23 Apr 2026
Javier Escalante,3762,https://stockanalysis.com/analysts/Javier-Escalante/,05 Aug 2026
Sean McGowan,3763,https://stockanalysis.com/analysts/Sean-McGowan/,05 Aug 2026
Ryan Tunis,3769,https://stockanalysis.com/analysts/Ryan-Tunis/,03 Aug 2026
Andrew Schmitt,3771,https://stockanalysis.com/analysts/Andrew-Schmitt/,03 Aug 2026
Jorge Kuri,3773,https://stockanalysis.com/analysts/Jorge-Kuri/,26 Jun 2026
Lincoln Kong,3774,https://stockanalysis.com/analysts/Lincoln-Kong/,04 Aug 2026
Ben Klieve,3782,https://stockanalysis.com/analysts/Ben-Klieve/,05 Aug 2026
Neha Agarwala,3783,https://stockanalysis.com/analysts/Neha-Agarwala/,04 Mar 2026
Chasen Bender,3790,https://stockanalysis.com/analysts/Chasen-Bender/,24 Feb 2026
Rashad Kawan,3794,https://stockanalysis.com/analysts/Rashad-Kawan/,24 Apr 2026
Kenneth Fong,3804,https://stockanalysis.com/analysts/Kenneth-Fong/,18 Mar 2026
Sergio Segura,3806,https://stockanalysis.com/analysts/Sergio-Segura/,03 Aug 2026
Brett Fishbin,3812,https://stockanalysis.com/analysts/Brett-Fishbin/,04 Aug 2026
Michael Mueller,3816,https://stockanalysis.com/analysts/Michael-Mueller/,04 Aug 2026
Olivia Brayer,3819,https://stockanalysis.com/analysts/Olivia-Brayer/,29 Jul 2026
David Mak,3820,https://stockanalysis.com/analysts/David-Mak/,29 Jun 2026
Andrew Harte,3821,https://stockanalysis.com/analysts/Andrew-Harte/,05 Aug 2026
Chris Quintero,3847,https://stockanalysis.com/analysts/Chris-Quintero/,05 Aug 2026
John Stansel,3849,https://stockanalysis.com/analysts/John-Stansel/,04 Aug 2026
Jared Levine,3853,https://stockanalysis.com/analysts/Jared-Levine/,05 Aug 2026
Mayank Tandon,3854,https://stockanalysis.com/analysts/Mayank-Tandon/,05 Aug 2026
Kaumil Gajrawala,3859,https://stockanalysis.com/analysts/Kaumil-Gajrawala/,29 Jul 2026
Matthew Cost,3868,https://stockanalysis.com/analysts/Matthew-Cost/,05 Aug 2026
Mario Pierry,3870,https://stockanalysis.com/analysts/Mario-Pierry/,05 Aug 2026
Chad Larkin,3875,https://stockanalysis.com/analysts/Chad-Larkin/,08 May 2026
Michael Toomey,3876,https://stockanalysis.com/analysts/Michael-Toomey/,16 Jul 2026
Michael Nedelcovych,3878,https://stockanalysis.com/analysts/Michael-Nedelcovych/,13 Jul 2026
Fulvio Cazzol,3879,https://stockanalysis.com/analysts/Fulvio-Cazzol/,05 Aug 2026
Andrea Pistacchi,3880,https://stockanalysis.com/analysts/Andrea-Pistacchi/,28 Jul 2026
Caitlin Burrows,3883,https://stockanalysis.com/analysts/Caitlin-Burrows/,04 Aug 2026
Daniela Haigian,3885,https://stockanalysis.com/analysts/Daniela-Haigian/,30 Jul 2026
Nadine Sarwat,3899,https://stockanalysis.com/analysts/Nadine-Sarwat/,03 Aug 2026
Matthew Swanson,3906,https://stockanalysis.com/analysts/Matthew-Swanson/,05 Aug 2026
Stephanie Piazzola,3907,https://stockanalysis.com/analysts/Stephanie-Piazzola/,05 Aug 2026
Derek Soderberg,3918,https://stockanalysis.com/analysts/Derek-Soderberg/,30 Jul 2026
Lee Hambright,3922,https://stockanalysis.com/analysts/Lee-Hambright/,17 Jul 2026
Daniel Moore,3927,https://stockanalysis.com/analysts/Daniel-Moore/,27 May 2026
Matthew Lofting,3932,https://stockanalysis.com/analysts/Matthew-Lofting/,04 Aug 2026
Peter Christiansen,3933,https://stockanalysis.com/analysts/Peter-Christiansen/,05 Aug 2026
Alex Bond,3938,https://stockanalysis.com/analysts/Alex-Bond/,05 Aug 2026
Kevin Dede,3944,https://stockanalysis.com/analysts/Kevin-Dede/,09 Apr 2026
Julian Radlinger,3952,https://stockanalysis.com/analysts/Julian-Radlinger/,23 Jul 2026
Brendan Lynch,3956,https://stockanalysis.com/analysts/Brendan-Lynch/,04 Aug 2026
Carlos Laboy,3958,https://stockanalysis.com/analysts/Carlos-Laboy/,28 Jul 2026
Brian Holland,3959,https://stockanalysis.com/analysts/Brian-Holland/,05 Aug 2026
Alexander Sklar,3962,https://stockanalysis.com/analysts/Alexander-Sklar/,22 Jul 2026
Clarke Jeffries,3967,https://stockanalysis.com/analysts/Clarke-Jeffries/,05 Aug 2026
Anthony Trainor,3973,https://stockanalysis.com/analysts/Anthony-Trainor/,27 Jul 2026
Kostas Biliouris,3974,https://stockanalysis.com/analysts/Kostas-Biliouris/,03 Aug 2026
Peter Grom,3982,https://stockanalysis.com/analysts/Peter-Grom/,05 Aug 2026
Megan Alexander,3983,https://stockanalysis.com/analysts/Megan-Alexander/,24 Jun 2026
Tito Labarta,3984,https://stockanalysis.com/analysts/Tito-Labarta/,30 Jul 2026
Fan Tso,3992,https://stockanalysis.com/analysts/Fan-Tso/,26 May 2026
Kyle Peterson,3995,https://stockanalysis.com/analysts/Kyle-Peterson/,05 Aug 2026
Ned Baramov,3999,https://stockanalysis.com/analysts/Ned-Baramov/,04 Aug 2026
David Chiaverini,4000,https://stockanalysis.com/analysts/David-Chiaverini/,03 Aug 2026
Craig Kennison,4001,https://stockanalysis.com/analysts/Craig-Kennison/,05 Aug 2026
Ryan Kenny,4011,https://stockanalysis.com/analysts/Ryan-Kenny/,30 Jul 2026
Thomas Wendler,4021,https://stockanalysis.com/analysts/Thomas-Wendler/,30 Jul 2026
Matthew Johnson,4023,https://stockanalysis.com/analysts/Matthew-Johnson/,30 Jul 2026
Cameron McVeigh,4025,https://stockanalysis.com/analysts/Cameron-McVeigh/,05 Aug 2026
Frank Takkinen,4028,https://stockanalysis.com/analysts/Frank-Takkinen/,05 Aug 2026
Brian Harbour,4034,https://stockanalysis.com/analysts/Brian-Harbour/,05 Aug 2026
Yi Chen,4036,https://stockanalysis.com/analysts/Yi-Chen/,05 Aug 2026
Estelle Weingrod,4046,https://stockanalysis.com/analysts/Estelle-Weingrod/,29 Jul 2026
Matheus Enfeldt,4050,https://stockanalysis.com/analysts/Matheus-Enfeldt/,20 Jul 2026
Ekaterina Knyazkova,4056,https://stockanalysis.com/analysts/Ekaterina-Knyazkova/,12 Jun 2026
Graham Doyle,4058,https://stockanalysis.com/analysts/Graham-Doyle/,04 Aug 2026
Michael DiFiore,4068,https://stockanalysis.com/analysts/Michael-DiFiore/,07 May 2026
Siti Panigrahi,4074,https://stockanalysis.com/analysts/Siti-Panigrahi/,05 Aug 2026
Mason Carrico,4084,https://stockanalysis.com/analysts/Mason-Carrico/,04 Aug 2026
Thomas Palmer,4086,https://stockanalysis.com/analysts/Thomas-Palmer/,04 Aug 2026
Akshay Gupta,4089,https://stockanalysis.com/analysts/Akshay-Gupta/,13 Apr 2026
Luca Issi,4093,https://stockanalysis.com/analysts/Luca-Issi/,05 Aug 2026
Nathan Treybeck,4094,https://stockanalysis.com/analysts/Nathan-Treybeck/,05 Aug 2026
Christian Carlino,4105,https://stockanalysis.com/analysts/Christian-Carlino/,12 Nov 2025
Andrew Cooper,4108,https://stockanalysis.com/analysts/Andrew-Cooper/,03 Aug 2026
Michael Ha,4109,https://stockanalysis.com/analysts/Michael-Ha/,31 Jul 2026
Greg Parrish,4120,https://stockanalysis.com/analysts/Greg-Parrish/,04 Aug 2026
Eric Serotta,4132,https://stockanalysis.com/analysts/Eric-Serotta/,31 Jul 2026
Alton Stump,4133,https://stockanalysis.com/analysts/Alton-Stump/,04 Jun 2026
Robert Oliver,4135,https://stockanalysis.com/analysts/Robert-Oliver/,05 Aug 2026
Paul Kearney,4144,https://stockanalysis.com/analysts/Paul-Kearney/,04 Nov 2025
Craig Moffett,4159,https://stockanalysis.com/analysts/Craig-Moffett/,08 Apr 2026
Jason Stewart,4161,https://stockanalysis.com/analysts/Jason-Stewart/,17 Jul 2026
Nate Svensson,4162,https://stockanalysis.com/analysts/Nate-Svensson/,10 Jul 2026
Tom White,4163,https://stockanalysis.com/analysts/Tom-White/,05 Aug 2026
Batya Levi,4164,https://stockanalysis.com/analysts/Batya-Levi/,04 Aug 2026
Patrick Wood,4180,https://stockanalysis.com/analysts/Patrick-Wood/,05 Aug 2026
Nick Lai,4181,https://stockanalysis.com/analysts/Nick-Lai/,14 Jul 2026
Noah Zatzkin,4189,https://stockanalysis.com/analysts/Noah-Zatzkin/,05 Aug 2026
Brendan Sproules,4190,https://stockanalysis.com/analysts/Brendan-Sproules/,03 Jul 2026
Zachary Silverberg,4192,https://stockanalysis.com/analysts/Zachary-Silverberg/,30 Jul 2026
Matt Ma,4202,https://stockanalysis.com/analysts/Matt-Ma/,13 May 2026
Mani Foroohar,4205,https://stockanalysis.com/analysts/Mani-Foroohar/,04 Jun 2026
Stan Berenshteyn,4215,https://stockanalysis.com/analysts/Stan-Berenshteyn/,02 Aug 2026
Todd Brooks,4220,https://stockanalysis.com/analysts/Todd-Brooks/,05 Aug 2026
Andrew Polkowitz,4225,https://stockanalysis.com/analysts/Andrew-Polkowitz/,31 Jul 2026
Salvator Tiano,4229,https://stockanalysis.com/analysts/Salvator-Tiano/,30 Jun 2026
Vasundhara Govil,4230,https://stockanalysis.com/analysts/Vasundhara-Govil/,05 Aug 2026
Jessica Tassan,4238,https://stockanalysis.com/analysts/Jessica-Tassan/,03 Aug 2026
Jack Lin,4240,https://stockanalysis.com/analysts/Jack-Lin/,28 May 2026
Charles Nabhan,4248,https://stockanalysis.com/analysts/Charles-Nabhan/,08 May 2026
Samuel Nielsen,4251,https://stockanalysis.com/analysts/Samuel-Nielsen/,04 Aug 2026
Danilo Gargiulo,4254,https://stockanalysis.com/analysts/Danilo-Gargiulo/,03 Aug 2026
James West,4256,https://stockanalysis.com/analysts/James-West/,16 Jun 2026
Wahid Amin,4260,https://stockanalysis.com/analysts/Wahid-Amin/,05 Aug 2026
Michael Turrin,4284,https://stockanalysis.com/analysts/Michael-Turrin/,03 Aug 2026
Brandon Vazquez,4285,https://stockanalysis.com/analysts/Brandon-Vazquez/,05 Aug 2026
Ed Engel,4286,https://stockanalysis.com/analysts/Ed-Engel/,02 Aug 2026
Gerald Pascarelli,4288,https://stockanalysis.com/analysts/Gerald-Pascarelli/,05 Aug 2026
Kevin Krishnaratne,4289,https://stockanalysis.com/analysts/Kevin-Krishnaratne/,31 Jul 2026
Nik Cremo,4296,https://stockanalysis.com/analysts/Nik-Cremo/,05 Aug 2026
Ashley Owens,4298,https://stockanalysis.com/analysts/Ashley-Owens/,05 Aug 2026
Marco Limite,4306,https://stockanalysis.com/analysts/Marco-Limite/,05 Aug 2026
Lucky Schreiner,4312,https://stockanalysis.com/analysts/Lucky-Schreiner/,05 Aug 2026
Trevor Young,4318,https://stockanalysis.com/analysts/Trevor-Young/,11 Jun 2026
Robert Farnam,4321,https://stockanalysis.com/analysts/Robert-Farnam/,25 Mar 2026
George Kurosawa,4323,https://stockanalysis.com/analysts/George-Kurosawa/,29 Jul 2026
Casey Ryan,4326,https://stockanalysis.com/analysts/Casey-Ryan/,08 Jan 2026
Ameet Thakkar,4328,https://stockanalysis.com/analysts/Ameet-Thakkar/,05 Aug 2026
Michael Okunewitch,4332,https://stockanalysis.com/analysts/Michael-Okunewitch/,17 Jul 2026
Matthew Hurwit,4336,https://stockanalysis.com/analysts/Matthew-Hurwit/,25 Mar 2026
Jeff Chung,4339,https://stockanalysis.com/analysts/Jeff-Chung/,31 Jul 2026
Jack Matten,4342,https://stockanalysis.com/analysts/Jack-Matten/,04 Aug 2026
Anthony Valentini,4345,https://stockanalysis.com/analysts/Anthony-Valentini/,14 Jul 2026
Jason Bednar,4347,https://stockanalysis.com/analysts/Jason-Bednar/,31 Jul 2026
Michael Sison,4349,https://stockanalysis.com/analysts/Michael-Sison/,31 Jul 2026
Bryan Bergin,4358,https://stockanalysis.com/analysts/Bryan-Bergin/,04 Aug 2026
Anna Glaessgen,4359,https://stockanalysis.com/analysts/Anna-Glaessgen/,05 Aug 2026
Rishi Jaluria,4365,https://stockanalysis.com/analysts/Rishi-Jaluria/,04 Aug 2026
Stephen Sheldon,4367,https://stockanalysis.com/analysts/Stephen-Sheldon/,05 Aug 2026
Jason Tilchen,4371,https://stockanalysis.com/analysts/Jason-Tilchen/,04 Aug 2026
Tracy Benguigui,4373,https://stockanalysis.com/analysts/Tracy-Benguigui/,03 Aug 2026
Andrea Tan,4375,https://stockanalysis.com/analysts/Andrea-Tan/,05 Feb 2026
Gordon Johnson,4379,https://stockanalysis.com/analysts/Gordon-Johnson/,04 Aug 2026
Scott Berg,4390,https://stockanalysis.com/analysts/Scott-Berg/,05 Aug 2026
Greg Konrad,4391,https://stockanalysis.com/analysts/Greg-Konrad/,17 May 2026
David Turkaly,4392,https://stockanalysis.com/analysts/David-Turkaly/,03 Aug 2026
Rahul Krotthapalli,4396,https://stockanalysis.com/analysts/Rahul-Krotthapalli/,04 Aug 2026
Carl Byrnes,4397,https://stockanalysis.com/analysts/Carl-Byrnes/,24 Apr 2026
Leo Chiang,4400,https://stockanalysis.com/analysts/Leo-Chiang/,28 Jul 2026
Bill Kerr,4402,https://stockanalysis.com/analysts/Bill-Kerr/,11 Dec 2025
Chris Pierce,4406,https://stockanalysis.com/analysts/Chris-Pierce/,05 Aug 2026
Ben Shelley,4407,https://stockanalysis.com/analysts/Ben-Shelley/,23 Jul 2026
Cheng Li,4408,https://stockanalysis.com/analysts/Cheng-Li/,27 Feb 2026
Logan Reich,4409,https://stockanalysis.com/analysts/Logan-Reich/,04 Aug 2026
Tim Rezvan,4410,https://stockanalysis.com/analysts/Tim-Rezvan/,31 Jul 2026
Boobalan Pachaiyappan,4411,https://stockanalysis.com/analysts/Boobalan-Pachaiyappan/,05 Aug 2026
Neal Dingmann,4413,https://stockanalysis.com/analysts/Neal-Dingmann/,05 Aug 2026
Benjamin Mayhew,4414,https://stockanalysis.com/analysts/Benjamin-Mayhew/,05 Aug 2026
Madeline Brooks,4415,https://stockanalysis.com/analysts/Madeline-Brooks/,27 Feb 2026
Jeffrey Adelson,4424,https://stockanalysis.com/analysts/Jeffrey-Adelson/,30 Jul 2026
Joseph Civello,4425,https://stockanalysis.com/analysts/Joseph-Civello/,05 Aug 2026
Kumaraguru Raja,4426,https://stockanalysis.com/analysts/Kumaraguru-Raja/,27 Jul 2026
Will Nance,4429,https://stockanalysis.com/analysts/Will-Nance/,05 Aug 2026
Kai Klose,4430,https://stockanalysis.com/analysts/Kai-Klose/,05 Aug 2026
Sean Milligan,4431,https://stockanalysis.com/analysts/Sean-Milligan/,31 Jul 2026
James Quigley,4433,https://stockanalysis.com/analysts/James-Quigley/,05 Aug 2026
Ryan Meyers,4434,https://stockanalysis.com/analysts/Ryan-Meyers/,05 Aug 2026
Richard Kramer,4438,https://stockanalysis.com/analysts/Richard-Kramer/,30 Jun 2026
Tim Hsiao,4446,https://stockanalysis.com/analysts/Tim-Hsiao/,22 Jul 2026
Nora Min,4450,https://stockanalysis.com/analysts/Nora-Min/,31 Jul 2026
Michael Pachter,4453,https://stockanalysis.com/analysts/Michael-Pachter/,03 Aug 2026
Michael Funk,4455,https://stockanalysis.com/analysts/Michael-Funk/,05 Aug 2026
Li Watsek,4456,https://stockanalysis.com/analysts/Li-Watsek/,31 Jul 2026
Jim Salera,4457,https://stockanalysis.com/analysts/Jim-Salera/,05 Aug 2026
Mickey Legg,4458,https://stockanalysis.com/analysts/Mickey-Legg/,31 Jul 2026
Taylor McGinnis,4462,https://stockanalysis.com/analysts/Taylor-McGinnis/,05 Aug 2026
Matthew VanVliet,4470,https://stockanalysis.com/analysts/Matthew-VanVliet/,05 Aug 2026
William Grippin,4471,https://stockanalysis.com/analysts/William-Grippin/,31 Jul 2026
Isabella Simonato,4472,https://stockanalysis.com/analysts/Isabella-Simonato/,16 Jun 2026
Jeffrey Stantial,4474,https://stockanalysis.com/analysts/Jeffrey-Stantial/,05 Aug 2026
Jake Roberge,4481,https://stockanalysis.com/analysts/Jake-Roberge/,18 Mar 2026
Colin Langan,4487,https://stockanalysis.com/analysts/Colin-Langan/,04 Aug 2026
Anna Andreeva,4489,https://stockanalysis.com/analysts/Anna-Andreeva/,05 Aug 2026
Elizabeth Porter,4490,https://stockanalysis.com/analysts/Elizabeth-Porter/,05 Aug 2026
Seth Sigman,4493,https://stockanalysis.com/analysts/Seth-Sigman/,05 Aug 2026
Bryan Smilek,4497,https://stockanalysis.com/analysts/Bryan-Smilek/,23 Jul 2026
David Larsen,4498,https://stockanalysis.com/analysts/David-Larsen/,05 Aug 2026
Corinne Blanchard,4499,https://stockanalysis.com/analysts/Corinne-Blanchard/,05 Aug 2026
Alexia Dogani,4502,https://stockanalysis.com/analysts/Alexia-Dogani/,28 Jul 2026
David Adlington,4503,https://stockanalysis.com/analysts/David-Adlington/,05 Aug 2026
Scott Schoenhaus,4507,https://stockanalysis.com/analysts/Scott-Schoenhaus/,31 Jul 2026
Shilan Modi,4509,https://stockanalysis.com/analysts/Shilan-Modi/,14 Apr 2026
Priyanka Grover,4511,https://stockanalysis.com/analysts/Priyanka-Grover/,03 Aug 2026
Tom Curran,4514,https://stockanalysis.com/analysts/Tom-Curran/,08 Jan 2026
Aaron Grey,4518,https://stockanalysis.com/analysts/Aaron-Grey/,05 Aug 2026
Curtis Nagle,4520,https://stockanalysis.com/analysts/Curtis-Nagle/,05 Aug 2026
Jailendra Singh,4521,https://stockanalysis.com/analysts/Jailendra-Singh/,05 Aug 2026
Ryan Tomasello,4524,https://stockanalysis.com/analysts/Ryan-Tomasello/,04 Aug 2026
Marc Torrente,4528,https://stockanalysis.com/analysts/Marc-Torrente/,30 Jul 2026
Brian Skorney,4532,https://stockanalysis.com/analysts/Brian-Skorney/,05 Aug 2026
Sean Kennedy,4535,https://stockanalysis.com/analysts/Sean-Kennedy/,05 Aug 2026
Terry Tillman,4538,https://stockanalysis.com/analysts/Terry-Tillman/,05 Aug 2026
Michael Albanese,4539,https://stockanalysis.com/analysts/Michael-Albanese/,30 Jul 2026
Caroline Palomeque,4542,https://stockanalysis.com/analysts/Caroline-Palomeque/,16 Jun 2026
Sara Nik,4544,https://stockanalysis.com/analysts/Sara-Nik/,31 Jul 2026
Jason Kupferberg,4545,https://stockanalysis.com/analysts/Jason-Kupferberg/,04 Aug 2026
Daniel Perlin,4546,https://stockanalysis.com/analysts/Daniel-Perlin/,04 Aug 2026
Yun Zhong,4547,https://stockanalysis.com/analysts/Yun-Zhong/,04 Aug 2026
Constantine Davides,4548,https://stockanalysis.com/analysts/Constantine-Davides/,29 Jul 2026
Daina Graybosch,4552,https://stockanalysis.com/analysts/Daina-Graybosch/,03 Aug 2026
Naz Rahman,4554,https://stockanalysis.com/analysts/Naz-Rahman/,04 Aug 2026
Bill Kirk,4555,https://stockanalysis.com/analysts/Bill-Kirk/,05 Aug 2026
Piral Dadhania,4557,https://stockanalysis.com/analysts/Piral-Dadhania/,03 Aug 2026
Puneet Jain,4562,https://stockanalysis.com/analysts/Puneet-Jain/,05 Aug 2026
Sarang Vora,4563,https://stockanalysis.com/analysts/Sarang-Vora/,04 Aug 2026
Young Li,4565,https://stockanalysis.com/analysts/Young-Li/,07 Jul 2026
Fedor Shabalin,4566,https://stockanalysis.com/analysts/Fedor-Shabalin/,16 Jul 2026
Bruce Jackson,4567,https://stockanalysis.com/analysts/Bruce-Jackson/,31 Jul 2026
Joseph Spak,4577,https://stockanalysis.com/analysts/Joseph-Spak/,05 Aug 2026
David Hynes,4578,https://stockanalysis.com/analysts/David-Hynes/,05 Aug 2026
Jason Kolbert,4579,https://stockanalysis.com/analysts/Jason-Kolbert/,13 May 2026
Matthew Keller,4580,https://stockanalysis.com/analysts/Matthew-Keller/,05 Aug 2026
Marie Thibault,4583,https://stockanalysis.com/analysts/Marie-Thibault/,31 Jul 2026
Vikram Bagri,4584,https://stockanalysis.com/analysts/Vikram-Bagri/,05 Aug 2026
Kyle Bauser,4585,https://stockanalysis.com/analysts/Kyle-Bauser/,17 Apr 2026
Reni Benjamin,4586,https://stockanalysis.com/analysts/Reni-Benjamin/,23 Apr 2026
Christopher Souther,4587,https://stockanalysis.com/analysts/Christopher-Souther/,05 Aug 2026
Itay Michaeli,4591,https://stockanalysis.com/analysts/Itay-Michaeli/,05 Aug 2026
Ryan MacDonald,4592,https://stockanalysis.com/analysts/Ryan-MacDonald/,05 Aug 2026
Eric Wold,4593,https://stockanalysis.com/analysts/Eric-Wold/,15 Jul 2026
Jack Allen,4594,https://stockanalysis.com/analysts/Jack-Allen/,30 Jun 2026
James Molloy,4596,https://stockanalysis.com/analysts/James-Molloy/,03 Aug 2026
Allen Klee,4598,https://stockanalysis.com/analysts/Allen-Klee/,29 Jul 2026
Edward Woo,4600,https://stockanalysis.com/analysts/Edward-Woo/,10 Jun 2026
Jason McCarthy,4601,https://stockanalysis.com/analysts/Jason-McCarthy/,04 Aug 2026
James McIlree,4602,https://stockanalysis.com/analysts/James-McIlree/,12 Jun 2026
Anthony Vendetti,4603,https://stockanalysis.com/analysts/Anthony-Vendetti/,21 Jul 2026
Lucas Ward,4604,https://stockanalysis.com/analysts/Lucas-Ward/,04 Jun 2026
Alexander Platt,9957,https://stockanalysis.com/analysts/Alexander-Platt/,Not found
Alex Stranahan,9957,https://stockanalysis.com/analysts/Alex-Stranahan/,Not found
Alex Straton,9957,https://stockanalysis.com/analysts/Alex-Straton/,Not found
Alex Thompson,9957,https://stockanalysis.com/analysts/Alex-Thompson/,Not found
Zixiao Yang,9957,https://stockanalysis.com/analysts/Zixiao-Yang/,Not found
Zijie Yang,9957,https://stockanalysis.com/analysts/Zijie-Yang/,Not found
Jeffrey Bernstein,9957,https://stockanalysis.com/analysts/Jeffrey-Bernstein/,Not found
Jeffrey Hung,9957,https://stockanalysis.com/analysts/Jeffrey-Hung/,Not found
Jeffrey Lick,9957,https://stockanalysis.com/analysts/Jeffrey-Lick/,Not found
Vitor Tomita,9957,https://stockanalysis.com/analysts/Vitor-Tomita/,Not found
Vivien Azer,9957,https://stockanalysis.com/analysts/Vivien-Azer/,Not found
Vladimir Bystricky,9957,https://stockanalysis.com/analysts/Vladimir-Bystricky/,Not found
de Angele,9957,https://stockanalysis.com/analysts/de-Angele/,Not found
Jeff Van,9957,https://stockanalysis.com/analysts/Jeff-Van/,Not found
Jefferey Hammond,9957,https://stockanalysis.com/analysts/Jefferey-Hammond/,Not found
Jefferson Harralson,9957,https://stockanalysis.com/analysts/Jefferson-Harralson/,Not found
Jeff Cohen,9957,https://stockanalysis.com/analysts/Jeff-Cohen/,Not found
Jeff Garro,9957,https://stockanalysis.com/analysts/Jeff-Garro/,Not found
Jeffery Harte,9957,https://stockanalysis.com/analysts/Jeffery-Harte/,Not found
Jennifer Demba,9957,https://stockanalysis.com/analysts/Jennifer-Demba/,Not found
Jeff Hickey,9957,https://stockanalysis.com/analysts/Jeff-Hickey/,Not found
Jean Ann,9957,https://stockanalysis.com/analysts/Jean-Ann/,Not found
Jeff Adelson,9957,https://stockanalysis.com/analysts/Jeff-Adelson/,Not found
Jimmy Yoon,9957,https://stockanalysis.com/analysts/Jimmy-Yoon/,Not found
Jin Yoon,9957,https://stockanalysis.com/analysts/Jin-Yoon/,Not found
Joao Pedro,9957,https://stockanalysis.com/analysts/Joao-Pedro/,Not found
Jeff Kessler,9957,https://stockanalysis.com/analysts/Jeff-Kessler/,Not found
Agnieszka Pustula,9957,https://stockanalysis.com/analysts/Agnieszka-Pustula/,Not found
Aidan Hall,9957,https://stockanalysis.com/analysts/Aidan-Hall/,Not found
Yessica Sanchez,9957,https://stockanalysis.com/analysts/Yessica-Sanchez/,Not found
Yi Fu,9957,https://stockanalysis.com/analysts/Yi-Fu/,Not found
Air Ma,9957,https://stockanalysis.com/analysts/Air-Ma/,Not found
Adam Samuelson,9957,https://stockanalysis.com/analysts/Adam-Samuelson/,Not found
Woody Lay,9957,https://stockanalysis.com/analysts/Woody-Lay/,Not found
Xavier Bouvignies,9957,https://stockanalysis.com/analysts/Xavier-Bouvignies/,Not found
Vikram Malhorta,9957,https://stockanalysis.com/analysts/Vikram-Malhorta/,Not found
Van Sinderen,9957,https://stockanalysis.com/analysts/Van-Sinderen/,Not found
del Valle,9957,https://stockanalysis.com/analysts/del-Valle/,Not found
Aaron Kessler,9957,https://stockanalysis.com/analysts/Aaron-Kessler/,Not found
Abhi Agarwal,9957,https://stockanalysis.com/analysts/Abhi-Agarwal/,Not found
Alex Nowark,9957,https://stockanalysis.com/analysts/Alex-Nowark/,Not found
Weston Bloomer,9957,https://stockanalysis.com/analysts/Weston-Bloomer/,Not found
William Crow,9957,https://stockanalysis.com/analysts/William-Crow/,Not found
Tsin Huang,9957,https://stockanalysis.com/analysts/Tsin-Huang/,Not found
Tyler Brown,9957,https://stockanalysis.com/analysts/Tyler-Brown/,Not found
William Jellison,9957,https://stockanalysis.com/analysts/William-Jellison/,Not found
William Kirk,9957,https://stockanalysis.com/analysts/William-Kirk/,Not found
Chris Zhang,9957,https://stockanalysis.com/analysts/Chris-Zhang/,Not found
Peter Lawson,9957,https://stockanalysis.com/analysts/Peter-Lawson/,Not found
Peter Osterland,9957,https://stockanalysis.com/analysts/Peter-Osterland/,Not found
Christopher LaFemina,9957,https://stockanalysis.com/analysts/Christopher-LaFemina/,Not found
Christopher LeFemina,9957,https://stockanalysis.com/analysts/Christopher-LeFemina/,Not found
Christopher Mandeville,9957,https://stockanalysis.com/analysts/Christopher-Mandeville/,Not found
Christopher Danely,9957,https://stockanalysis.com/analysts/Christopher-Danely/,Not found
Lauren Schenk,9957,https://stockanalysis.com/analysts/Lauren-Schenk/,Not found
Kimberly Greenberger,9957,https://stockanalysis.com/analysts/Kimberly-Greenberger/,Not found
Kevin Liu,9957,https://stockanalysis.com/analysts/Kevin-Liu/,Not found
Chris Senyek,9957,https://stockanalysis.com/analysts/Chris-Senyek/,Not found
Chris Snyder,9957,https://stockanalysis.com/analysts/Chris-Snyder/,Not found
Landon Park,9957,https://stockanalysis.com/analysts/Landon-Park/,Not found
Larry Solow,9957,https://stockanalysis.com/analysts/Larry-Solow/,Not found
Kevin Fitzsimmons,9957,https://stockanalysis.com/analysts/Kevin-Fitzsimmons/,Not found
Kenneth Shiu,9957,https://stockanalysis.com/analysts/Kenneth-Shiu/,Not found
Kenneth Worthington,9957,https://stockanalysis.com/analysts/Kenneth-Worthington/,Not found
Kevin Barker,9957,https://stockanalysis.com/analysts/Kevin-Barker/,Not found
Korinne Wolfmeyer,9957,https://stockanalysis.com/analysts/Korinne-Wolfmeyer/,Not found
Kosta Tasoulis,9957,https://stockanalysis.com/analysts/Kosta-Tasoulis/,Not found
Frank Lee,9957,https://stockanalysis.com/analysts/Frank-Lee/,Not found
Kyle Mikson,9957,https://stockanalysis.com/analysts/Kyle-Mikson/,Not found
Kyle Voigt,9957,https://stockanalysis.com/analysts/Kyle-Voigt/,Not found
Nick Pope,9957,https://stockanalysis.com/analysts/Nick-Pope/,Not found
Nicole Germino,9957,https://stockanalysis.com/analysts/Nicole-Germino/,Not found
Nicole Miller,9957,https://stockanalysis.com/analysts/Nicole-Miller/,Not found
Nigel Dally,9957,https://stockanalysis.com/analysts/Nigel-Dally/,Not found
Conor McNamara,9957,https://stockanalysis.com/analysts/Conor-McNamara/,Not found
Chuck Grom,9957,https://stockanalysis.com/analysts/Chuck-Grom/,Not found
Corinne Jenkins,9957,https://stockanalysis.com/analysts/Corinne-Jenkins/,Not found
Colleen Kusy,9957,https://stockanalysis.com/analysts/Colleen-Kusy/,Not found
Connor Chamberlain,9957,https://stockanalysis.com/analysts/Connor-Chamberlain/,Not found
Connor Lynagh,9957,https://stockanalysis.com/analysts/Connor-Lynagh/,Not found
Connor Siversky,9957,https://stockanalysis.com/analysts/Connor-Siversky/,Not found
Conor Fitzgerald,9957,https://stockanalysis.com/analysts/Conor-Fitzgerald/,Not found
Cleveland Rueckert,9957,https://stockanalysis.com/analysts/Cleveland-Rueckert/,Not found
Patrick R. Trucchio,9957,https://stockanalysis.com/analysts/Patrick-R.-Trucchio/,Not found
Patrick Tyler,9957,https://stockanalysis.com/analysts/Patrick-Tyler/,Not found
Cody Ross,9957,https://stockanalysis.com/analysts/Cody-Ross/,Not found
Colin Bristow,9957,https://stockanalysis.com/analysts/Colin-Bristow/,Not found
Colin Isaac,9957,https://stockanalysis.com/analysts/Colin-Isaac/,Not found
Christyne McGarvey,9957,https://stockanalysis.com/analysts/Christyne-McGarvey/,Not found
Nichola Holowko,9957,https://stockanalysis.com/analysts/Nichola-Holowko/,Not found
Paul Adams,9957,https://stockanalysis.com/analysts/Paul-Adams/,Not found
Paul Cheng,9957,https://stockanalysis.com/analysts/Paul-Cheng/,Not found
Paul Chung,9957,https://stockanalysis.com/analysts/Paul-Chung/,Not found
Paul Coster,9957,https://stockanalysis.com/analysts/Paul-Coster/,Not found
Paul Diamond,9957,https://stockanalysis.com/analysts/Paul-Diamond/,Not found
Chris Robertson,9957,https://stockanalysis.com/analysts/Chris-Robertson/,Not found
Chris Kuntarich,9957,https://stockanalysis.com/analysts/Chris-Kuntarich/,Not found
Perez Mora,9957,https://stockanalysis.com/analysts/Perez-Mora/,Not found
Pete Skibitski,9957,https://stockanalysis.com/analysts/Pete-Skibitski/,Not found
Paul McTaggart,9957,https://stockanalysis.com/analysts/Paul-McTaggart/,Not found
Chris Mcgratty,9957,https://stockanalysis.com/analysts/Chris-Mcgratty/,Not found
Chris Merwin,9957,https://stockanalysis.com/analysts/Chris-Merwin/,Not found
Chris Raymond,9957,https://stockanalysis.com/analysts/Chris-Raymond/,Not found
Patty Kanada,9957,https://stockanalysis.com/analysts/Patty-Kanada/,Not found
Patrick Donnelly,9957,https://stockanalysis.com/analysts/Patrick-Donnelly/,Not found
Pablo Zuanic,9957,https://stockanalysis.com/analysts/Pablo-Zuanic/,Not found
Papa Sylla,9957,https://stockanalysis.com/analysts/Papa-Sylla/,Not found
Chi Fong,9957,https://stockanalysis.com/analysts/Chi-Fong/,Not found
Chris Carey,9957,https://stockanalysis.com/analysts/Chris-Carey/,Not found
Charles Zhou,9957,https://stockanalysis.com/analysts/Charles-Zhou/,Not found
Christopher Dendrinos,9957,https://stockanalysis.com/analysts/Christopher-Dendrinos/,Not found
Christopher Graja,9957,https://stockanalysis.com/analysts/Christopher-Graja/,Not found
Parker Lane,9957,https://stockanalysis.com/analysts/Parker-Lane/,Not found
Christopher Merwin,9957,https://stockanalysis.com/analysts/Christopher-Merwin/,Not found
Christopher Moore,9957,https://stockanalysis.com/analysts/Christopher-Moore/,Not found
Christopher Parkinson,9957,https://stockanalysis.com/analysts/Christopher-Parkinson/,Not found
Christopher Schoell,9957,https://stockanalysis.com/analysts/Christopher-Schoell/,Not found
Raj Kumar,9957,https://stockanalysis.com/analysts/Raj-Kumar/,Not found
Philip Cusick,9957,https://stockanalysis.com/analysts/Philip-Cusick/,Not found
Philip Gibbs,9957,https://stockanalysis.com/analysts/Philip-Gibbs/,Not found
Reif Ehrlich,9957,https://stockanalysis.com/analysts/Reif-Ehrlich/,Not found
Katie Fleischer,9957,https://stockanalysis.com/analysts/Katie-Fleischer/,Not found
George Wang,9957,https://stockanalysis.com/analysts/George-Wang/,Not found
Ken Newman,9957,https://stockanalysis.com/analysts/Ken-Newman/,Not found
Ken Wong,9957,https://stockanalysis.com/analysts/Ken-Wong/,Not found
Kelly Shi,9957,https://stockanalysis.com/analysts/Kelly-Shi/,Not found
Ricardo Rezende,9957,https://stockanalysis.com/analysts/Ricardo-Rezende/,Not found
Ki Bin,9957,https://stockanalysis.com/analysts/Ki-Bin/,Not found
Kieran De,9957,https://stockanalysis.com/analysts/Kieran-De/,Not found
George Farmer,9957,https://stockanalysis.com/analysts/George-Farmer/,Not found
George Galliers,9957,https://stockanalysis.com/analysts/George-Galliers/,Not found
Keegan Carl,9957,https://stockanalysis.com/analysts/Keegan-Carl/,Not found
Katherine Griffin,9957,https://stockanalysis.com/analysts/Katherine-Griffin/,Not found
Peter Costa,9957,https://stockanalysis.com/analysts/Peter-Costa/,Not found
Paul Obrecht,9957,https://stockanalysis.com/analysts/Paul-Obrecht/,Not found
Paul Steep,9957,https://stockanalysis.com/analysts/Paul-Steep/,Not found
Paul Zimbardo,9957,https://stockanalysis.com/analysts/Paul-Zimbardo/,Not found
Geoff Lowery,9957,https://stockanalysis.com/analysts/Geoff-Lowery/,Not found
George Bose,9957,https://stockanalysis.com/analysts/George-Bose/,Not found
Nicholas Thomas,9957,https://stockanalysis.com/analysts/Nicholas-Thomas/,Not found
Neel Kumar,9957,https://stockanalysis.com/analysts/Neel-Kumar/,Not found
Neil Kalton,9957,https://stockanalysis.com/analysts/Neil-Kalton/,Not found
Omar Nokta,9957,https://stockanalysis.com/analysts/Omar-Nokta/,Not found
Ole Slorer,9957,https://stockanalysis.com/analysts/Ole-Slorer/,Not found
Nathan Rice,9957,https://stockanalysis.com/analysts/Nathan-Rice/,Not found
Mike Polark,9957,https://stockanalysis.com/analysts/Mike-Polark/,Not found
Mike Scialla,9957,https://stockanalysis.com/analysts/Mike-Scialla/,Not found
Dan Brennan,9957,https://stockanalysis.com/analysts/Dan-Brennan/,Not found
Nitin Kumar,9957,https://stockanalysis.com/analysts/Nitin-Kumar/,Not found
Noah Herman,9957,https://stockanalysis.com/analysts/Noah-Herman/,Not found
Curt Woodworth,9957,https://stockanalysis.com/analysts/Curt-Woodworth/,Not found
Curtis Shauger,9957,https://stockanalysis.com/analysts/Curtis-Shauger/,Not found
Da Wei,9957,https://stockanalysis.com/analysts/Da-Wei/,Not found
Dae Gon,9957,https://stockanalysis.com/analysts/Dae-Gon/,Not found
Dailey Fairbanks,9957,https://stockanalysis.com/analysts/Dailey-Fairbanks/,Not found
Mike Matson,9957,https://stockanalysis.com/analysts/Mike-Matson/,Not found
Mike Morris,9957,https://stockanalysis.com/analysts/Mike-Morris/,Not found
Cecilia Furlong,9957,https://stockanalysis.com/analysts/Cecilia-Furlong/,Not found
Raj Sharma,9957,https://stockanalysis.com/analysts/Raj-Sharma/,Not found
Rajat Gupta,9957,https://stockanalysis.com/analysts/Rajat-Gupta/,Not found
Ralph Profiti,9957,https://stockanalysis.com/analysts/Ralph-Profiti/,Not found
Q3 EPS,9957,https://stockanalysis.com/analysts/Q3-EPS/,Not found
Q3 Marketplace,9957,https://stockanalysis.com/analysts/Q3-Marketplace/,Not found
Rachel Vatnsdal,9957,https://stockanalysis.com/analysts/Rachel-Vatnsdal/,Not found
Raghuram Selvaraju,9957,https://stockanalysis.com/analysts/Raghuram-Selvaraju/,Not found
Charles Duncan,9957,https://stockanalysis.com/analysts/Charles-Duncan/,Not found
Catherine Ramsey,9957,https://stockanalysis.com/analysts/Catherine-Ramsey/,Not found
Catherine Schulte,9957,https://stockanalysis.com/analysts/Catherine-Schulte/,Not found
Camille Bonnel,9957,https://stockanalysis.com/analysts/Camille-Bonnel/,Not found
Carlos De,9957,https://stockanalysis.com/analysts/Carlos-De/,Not found
Cerena Chen,9957,https://stockanalysis.com/analysts/Cerena-Chen/,Not found
Chad Bennett,9957,https://stockanalysis.com/analysts/Chad-Bennett/,Not found
Carly Kenselaar,9957,https://stockanalysis.com/analysts/Carly-Kenselaar/,Not found
Philipp Häßler,9957,empty,Not found
Pinjalim Bora,9957,https://stockanalysis.com/analysts/Pinjalim-Bora/,Not found
Prashant Rao,9957,https://stockanalysis.com/analysts/Prashant-Rao/,Not found
Pérez Mora,9957,empty,Not found
Cameron Mansson,9957,https://stockanalysis.com/analysts/Cameron-Mansson/,Not found
Rich Hightower,9957,https://stockanalysis.com/analysts/Rich-Hightower/,Not found
Rich Hilliker,9957,https://stockanalysis.com/analysts/Rich-Hilliker/,Not found
Robert Napoli,9957,https://stockanalysis.com/analysts/Robert-Napoli/,Not found
Richard Eastman,9957,https://stockanalysis.com/analysts/Richard-Eastman/,Not found
Richard Hill,9957,https://stockanalysis.com/analysts/Richard-Hill/,Not found
Juan Sanabria,9957,https://stockanalysis.com/analysts/Juan-Sanabria/,Not found
Robert Mason,9957,https://stockanalysis.com/analysts/Robert-Mason/,Not found
Robert Mosca,9957,https://stockanalysis.com/analysts/Robert-Mosca/,Not found
Robert Cox,9957,https://stockanalysis.com/analysts/Robert-Cox/,Not found
Rob Brown,9957,https://stockanalysis.com/analysts/Rob-Brown/,Not found
Greg Lewis,9957,https://stockanalysis.com/analysts/Greg-Lewis/,Not found
Gregory Fraser,9957,https://stockanalysis.com/analysts/Gregory-Fraser/,Not found
Griffin Boss,9957,https://stockanalysis.com/analysts/Griffin-Boss/,Not found
Greg Miller,9957,https://stockanalysis.com/analysts/Greg-Miller/,Not found
Greg Pardy,9957,https://stockanalysis.com/analysts/Greg-Pardy/,Not found
Glenn Mattson,9957,https://stockanalysis.com/analysts/Glenn-Mattson/,Not found
Ken Goldman,9957,https://stockanalysis.com/analysts/Ken-Goldman/,Not found
Ken Herbert,9957,https://stockanalysis.com/analysts/Ken-Herbert/,Not found
Greg Harrison,9957,https://stockanalysis.com/analysts/Greg-Harrison/,Not found
Nicholas Jones,9957,https://stockanalysis.com/analysts/Nicholas-Jones/,Not found
Cristina Fernández,9957,empty,Not found
Cristopher Kennedy,9957,https://stockanalysis.com/analysts/Cristopher-Kennedy/,Not found
Nicholas Watts,9957,https://stockanalysis.com/analysts/Nicholas-Watts/,Not found
Dan Ives,9957,https://stockanalysis.com/analysts/Dan-Ives/,Not found
Gabriel Moreen,9957,https://stockanalysis.com/analysts/Gabriel-Moreen/,Not found
Felicia Hendrix,9957,https://stockanalysis.com/analysts/Felicia-Hendrix/,Not found
Fernando Abdalla,9957,https://stockanalysis.com/analysts/Fernando-Abdalla/,Not found
Nick Abbott,9957,https://stockanalysis.com/analysts/Nick-Abbott/,Not found
Nick Del,9957,https://stockanalysis.com/analysts/Nick-Del/,Not found
Nick Housden,9957,https://stockanalysis.com/analysts/Nick-Housden/,Not found
Nick Joseph,9957,https://stockanalysis.com/analysts/Nick-Joseph/,Not found
Floris Van,9957,https://stockanalysis.com/analysts/Floris-Van/,Not found
Francisco Suarez,9957,https://stockanalysis.com/analysts/Francisco-Suarez/,Not found
Farooq Hamed,9957,https://stockanalysis.com/analysts/Farooq-Hamed/,Not found
Fu Lee,9957,https://stockanalysis.com/analysts/Fu-Lee/,Not found
Gabe Hajde,9957,https://stockanalysis.com/analysts/Gabe-Hajde/,Not found
Liisa Bayko,9957,https://stockanalysis.com/analysts/Liisa-Bayko/,Not found
Lili Nsongo,9957,https://stockanalysis.com/analysts/Lili-Nsongo/,Not found
Federico Merendi,9957,https://stockanalysis.com/analysts/Federico-Merendi/,Not found
Eva Fortea,9957,https://stockanalysis.com/analysts/Eva-Fortea/,Not found
Evan David,9957,https://stockanalysis.com/analysts/Evan-David/,Not found
Bryan Spillane,9957,https://stockanalysis.com/analysts/Bryan-Spillane/,Not found
Bryce Rowe,9957,https://stockanalysis.com/analysts/Bryce-Rowe/,Not found
Bruce Chan,9957,https://stockanalysis.com/analysts/Bruce-Chan/,Not found
Rob Dickerson,9957,https://stockanalysis.com/analysts/Rob-Dickerson/,Not found
Rob Oliver,9957,https://stockanalysis.com/analysts/Rob-Oliver/,Not found
Rob Wertheimer,9957,https://stockanalysis.com/analysts/Rob-Wertheimer/,Not found
Robert Bek,9957,https://stockanalysis.com/analysts/Robert-Bek/,Not found
Bryan Adams,9957,https://stockanalysis.com/analysts/Bryan-Adams/,Not found
Brock Vandervliet,9957,https://stockanalysis.com/analysts/Brock-Vandervliet/,Not found
Bryan Maher,9957,https://stockanalysis.com/analysts/Bryan-Maher/,Not found
Richard Repetto,9957,https://stockanalysis.com/analysts/Richard-Repetto/,Not found
Brian Lee,9957,https://stockanalysis.com/analysts/Brian-Lee/,Not found
Brian Martin,9957,https://stockanalysis.com/analysts/Brian-Martin/,Not found
Brian Butler,9957,https://stockanalysis.com/analysts/Brian-Butler/,Not found
Brian Fitzgerald,9957,https://stockanalysis.com/analysts/Brian-Fitzgerald/,Not found
Brian Flores,9957,https://stockanalysis.com/analysts/Brian-Flores/,Not found
Brett Simpson,9957,https://stockanalysis.com/analysts/Brett-Simpson/,Not found
Brian Brungardt,9957,https://stockanalysis.com/analysts/Brian-Brungardt/,Not found
Richard Law,9957,https://stockanalysis.com/analysts/Richard-Law/,Not found
Rick Paterson,9957,https://stockanalysis.com/analysts/Rick-Paterson/,Not found
Ricky Goldwasser,9957,https://stockanalysis.com/analysts/Ricky-Goldwasser/,Not found
Richard Radbourne,9957,https://stockanalysis.com/analysts/Richard-Radbourne/,Not found
Ryan McKeveny,9957,https://stockanalysis.com/analysts/Ryan-McKeveny/,Not found
Ryan Griffin,9957,https://stockanalysis.com/analysts/Ryan-Griffin/,Not found
Robyn Karnauskas,9957,https://stockanalysis.com/analysts/Robyn-Karnauskas/,Not found
Heather Balsky,9957,https://stockanalysis.com/analysts/Heather-Balsky/,Not found
Joseph Feldman,9957,https://stockanalysis.com/analysts/Joseph-Feldman/,Not found
Joseph Grabowski,9957,https://stockanalysis.com/analysts/Joseph-Grabowski/,Not found
Helfey Hannah,9957,https://stockanalysis.com/analysts/Helfey-Hannah/,Not found
Henry Meyer,9957,https://stockanalysis.com/analysts/Henry-Meyer/,Not found
Himanshu Gupta,9957,https://stockanalysis.com/analysts/Himanshu-Gupta/,Not found
Ryan Lynch,9957,https://stockanalysis.com/analysts/Ryan-Lynch/,Not found
Hans Mosesmann,9957,https://stockanalysis.com/analysts/Hans-Mosesmann/,Not found
Harmen Puri,9957,https://stockanalysis.com/analysts/Harmen-Puri/,Not found
Harold Goetsch,9957,https://stockanalysis.com/analysts/Harold-Goetsch/,Not found
Harry Read,9957,https://stockanalysis.com/analysts/Harry-Read/,Not found
Holly Stewart,9957,https://stockanalysis.com/analysts/Holly-Stewart/,Not found
Ian Macpherson,9957,https://stockanalysis.com/analysts/Ian-Macpherson/,Not found
Hartaj Singh,9957,https://stockanalysis.com/analysts/Hartaj-Singh/,Not found
Burrows Szczupak,9957,https://stockanalysis.com/analysts/Burrows-Szczupak/,Not found
C J,9957,https://stockanalysis.com/analysts/C-J/,Not found
Hamza Fodderwala,9957,https://stockanalysis.com/analysts/Hamza-Fodderwala/,Not found
Karol Chmiel,9957,https://stockanalysis.com/analysts/Karol-Chmiel/,Not found
Kartik Mehta,9957,https://stockanalysis.com/analysts/Kartik-Mehta/,Not found
Kaio Prato,9957,https://stockanalysis.com/analysts/Kaio-Prato/,Not found
Dane Leone,9957,https://stockanalysis.com/analysts/Dane-Leone/,Not found
Mike Cyprys,9957,https://stockanalysis.com/analysts/Mike-Cyprys/,Not found
Mike Dahl,9957,https://stockanalysis.com/analysts/Mike-Dahl/,Not found
Mike Genovese,9957,https://stockanalysis.com/analysts/Mike-Genovese/,Not found
Mike Grondahl,9957,https://stockanalysis.com/analysts/Mike-Grondahl/,Not found
Mike Harris,9957,https://stockanalysis.com/analysts/Mike-Harris/,Not found
Mike Lavery,9957,https://stockanalysis.com/analysts/Mike-Lavery/,Not found
Lisa Clive,9957,https://stockanalysis.com/analysts/Lisa-Clive/,Not found
Mike Albanese,9957,https://stockanalysis.com/analysts/Mike-Albanese/,Not found
Mike Burton,9957,https://stockanalysis.com/analysts/Mike-Burton/,Not found
Michael Walkley,9957,https://stockanalysis.com/analysts/Michael-Walkley/,Not found
Michael Weinstein,9957,https://stockanalysis.com/analysts/Michael-Weinstein/,Not found
Micheal Bellisario,9957,https://stockanalysis.com/analysts/Micheal-Bellisario/,Not found
Michelle Fang,9957,https://stockanalysis.com/analysts/Michelle-Fang/,Not found
Nathan Janes,9957,https://stockanalysis.com/analysts/Nathan-Janes/,Not found
Ming Hsun,9957,https://stockanalysis.com/analysts/Ming-Hsun/,Not found
Mitch Germain,9957,https://stockanalysis.com/analysts/Mitch-Germain/,Not found
Michael Tyndall,9957,https://stockanalysis.com/analysts/Michael-Tyndall/,Not found
Michael Perito,9957,https://stockanalysis.com/analysts/Michael-Perito/,Not found
Michael Phillips,9957,https://stockanalysis.com/analysts/Michael-Phillips/,Not found
Michael McGovern,9957,https://stockanalysis.com/analysts/Michael-McGovern/,Not found
Brent Bracelin,9957,https://stockanalysis.com/analysts/Brent-Bracelin/,Not found
Brent Dilts,9957,https://stockanalysis.com/analysts/Brent-Dilts/,Not found
Brady Gailey,9957,https://stockanalysis.com/analysts/Brady-Gailey/,Not found
Ryan Krieger,9957,https://stockanalysis.com/analysts/Ryan-Krieger/,Not found
Brandon King,9957,https://stockanalysis.com/analysts/Brandon-King/,Not found
Brad Sills,9957,https://stockanalysis.com/analysts/Brad-Sills/,Not found
Bradley Berning,9957,https://stockanalysis.com/analysts/Bradley-Berning/,Not found
Sanjeev Rana,9957,https://stockanalysis.com/analysts/Sanjeev-Rana/,Not found
Brett Feldman,9957,https://stockanalysis.com/analysts/Brett-Feldman/,Not found
Ronald Jewsikow,9957,https://stockanalysis.com/analysts/Ronald-Jewsikow/,Not found
Ross Gilardi,9957,https://stockanalysis.com/analysts/Ross-Gilardi/,Not found
Ross Muken,9957,https://stockanalysis.com/analysts/Ross-Muken/,Not found
Samuel Eisner,9957,https://stockanalysis.com/analysts/Samuel-Eisner/,Not found
Ross Osborn,9957,https://stockanalysis.com/analysts/Ross-Osborn/,Not found
Roger Read,9957,https://stockanalysis.com/analysts/Roger-Read/,Not found
Rohin Patel,9957,https://stockanalysis.com/analysts/Rohin-Patel/,Not found
Ronald J,9957,https://stockanalysis.com/analysts/Ronald-J/,Not found
Robin Farley,9957,https://stockanalysis.com/analysts/Robin-Farley/,Not found
Ross Smotrich,9957,https://stockanalysis.com/analysts/Ross-Smotrich/,Not found
Roy Buchanan,9957,https://stockanalysis.com/analysts/Roy-Buchanan/,Not found
Bill Maughan,9957,https://stockanalysis.com/analysts/Bill-Maughan/,Not found
Sean King,9957,https://stockanalysis.com/analysts/Sean-King/,Not found
Sean Lee,9957,https://stockanalysis.com/analysts/Sean-Lee/,Not found
Sean Meakim,9957,https://stockanalysis.com/analysts/Sean-Meakim/,Not found
Bobby Zolper,9957,https://stockanalysis.com/analysts/Bobby-Zolper/,Not found
JESALYN Wong,9957,https://stockanalysis.com/analysts/JESALYN-Wong/,Not found
Jonathan Reeder,9957,https://stockanalysis.com/analysts/Jonathan-Reeder/,Not found
Jonathan Bock,9957,https://stockanalysis.com/analysts/Jonathan-Bock/,Not found
Jonathan Brandt,9957,https://stockanalysis.com/analysts/Jonathan-Brandt/,Not found
James Callahan,9957,https://stockanalysis.com/analysts/James-Callahan/,Not found
Bill Katz,9957,https://stockanalysis.com/analysts/Bill-Katz/,Not found
Ian Moore,9957,https://stockanalysis.com/analysts/Ian-Moore/,Not found
Jack Vander,9957,https://stockanalysis.com/analysts/Jack-Vander/,Not found
Jacob Smith,9957,https://stockanalysis.com/analysts/Jacob-Smith/,Not found
Russell Quelch,9957,https://stockanalysis.com/analysts/Russell-Quelch/,Not found
Ryan Cooke,9957,https://stockanalysis.com/analysts/Ryan-Cooke/,Not found
Brent Navon,9957,https://stockanalysis.com/analysts/Brent-Navon/,Not found
Joshua Jennings,9957,https://stockanalysis.com/analysts/Joshua-Jennings/,Not found
Josh Schimmer,9957,https://stockanalysis.com/analysts/Josh-Schimmer/,Not found
Jack Cummins,9957,https://stockanalysis.com/analysts/Jack-Cummins/,Not found
Daniel Roeska,9957,https://stockanalysis.com/analysts/Daniel-Roeska/,Not found
Daniel Kutz,9957,https://stockanalysis.com/analysts/Daniel-Kutz/,Not found
Daniel Markowitz,9957,https://stockanalysis.com/analysts/Daniel-Markowitz/,Not found
Daniel Chan,9957,https://stockanalysis.com/analysts/Daniel-Chan/,Not found
Michael Minchak,9957,https://stockanalysis.com/analysts/Michael-Minchak/,Not found
Michael Jalonen,9957,https://stockanalysis.com/analysts/Michael-Jalonen/,Not found
Michael Kaye,9957,https://stockanalysis.com/analysts/Michael-Kaye/,Not found
Lawrence Biegelsen,9957,https://stockanalysis.com/analysts/Lawrence-Biegelsen/,Not found
Daniel Chen,9957,https://stockanalysis.com/analysts/Daniel-Chen/,Not found
Daniel Ford,9957,https://stockanalysis.com/analysts/Daniel-Ford/,Not found
Daniel Hibshman,9957,https://stockanalysis.com/analysts/Daniel-Hibshman/,Not found
Dan Silverstein,9957,https://stockanalysis.com/analysts/Dan-Silverstein/,Not found
Eric Beaumont,9957,https://stockanalysis.com/analysts/Eric-Beaumont/,Not found
Leandro Bastos,9957,https://stockanalysis.com/analysts/Leandro-Bastos/,Not found
Erwan Rambourg,9957,https://stockanalysis.com/analysts/Erwan-Rambourg/,Not found
Esme Pau,9957,https://stockanalysis.com/analysts/Esme-Pau/,Not found
Esther Rajavelu,9957,https://stockanalysis.com/analysts/Esther-Rajavelu/,Not found
Lee Krowl,9957,https://stockanalysis.com/analysts/Lee-Krowl/,Not found
Eric Des,9957,https://stockanalysis.com/analysts/Eric-Des/,Not found
Madhu Kumar,9957,https://stockanalysis.com/analysts/Madhu-Kumar/,Not found
Eun Yang,9957,https://stockanalysis.com/analysts/Eun-Yang/,Not found
Erin Wilson,9957,https://stockanalysis.com/analysts/Erin-Wilson/,Not found
Eric Schmidt,9957,https://stockanalysis.com/analysts/Eric-Schmidt/,Not found
Scott Ciccarelli,9957,https://stockanalysis.com/analysts/Scott-Ciccarelli/,Not found
Bert Subin,9957,https://stockanalysis.com/analysts/Bert-Subin/,Not found
Betsy Graseck,9957,https://stockanalysis.com/analysts/Betsy-Graseck/,Not found
Betty Jing,9957,https://stockanalysis.com/analysts/Betty-Jing/,Not found
Benjamin Black,9957,https://stockanalysis.com/analysts/Benjamin-Black/,Not found
Ben Chaiken,9957,https://stockanalysis.com/analysts/Ben-Chaiken/,Not found
Benjamin Gerlinger,9957,https://stockanalysis.com/analysts/Benjamin-Gerlinger/,Not found
Benjamin Haynor,9957,https://stockanalysis.com/analysts/Benjamin-Haynor/,Not found
Benjamin Miller,9957,https://stockanalysis.com/analysts/Benjamin-Miller/,Not found
Brad Capuzzi,9957,https://stockanalysis.com/analysts/Brad-Capuzzi/,Not found
Bob Drbul,9957,https://stockanalysis.com/analysts/Bob-Drbul/,Not found
Bob Jian,9957,https://stockanalysis.com/analysts/Bob-Jian/,Not found
Sabrina Abrams,9957,https://stockanalysis.com/analysts/Sabrina-Abrams/,Not found
Ben Miller,9957,https://stockanalysis.com/analysts/Ben-Miller/,Not found
Bin Kim,9957,https://stockanalysis.com/analysts/Bin-Kim/,Not found
Bhumi Kanabar,9957,https://stockanalysis.com/analysts/Bhumi-Kanabar/,Not found
Biju Perincheril,9957,https://stockanalysis.com/analysts/Biju-Perincheril/,Not found
Bill Chappell,9957,https://stockanalysis.com/analysts/Bill-Chappell/,Not found
Boonie Herzog,9957,https://stockanalysis.com/analysts/Boonie-Herzog/,Not found
Boris Van,9957,https://stockanalysis.com/analysts/Boris-Van/,Not found
Brad Canino,9957,https://stockanalysis.com/analysts/Brad-Canino/,Not found
Jon Young,9957,https://stockanalysis.com/analysts/Jon-Young/,Not found
Stan Zlotsky,9957,https://stockanalysis.com/analysts/Stan-Zlotsky/,Not found
Stanley Elliott,9957,https://stockanalysis.com/analysts/Stanley-Elliott/,Not found
Smedes Rose,9957,https://stockanalysis.com/analysts/Smedes-Rose/,Not found
Soe Naing,9957,https://stockanalysis.com/analysts/Soe-Naing/,Not found
Sorabh Daga,9957,https://stockanalysis.com/analysts/Sorabh-Daga/,Not found
Soumit Roy,9957,https://stockanalysis.com/analysts/Soumit-Roy/,Not found
John Te,9957,https://stockanalysis.com/analysts/John-Te/,Not found
John Murphy,9957,https://stockanalysis.com/analysts/John-Murphy/,Not found
John Nadel,9957,https://stockanalysis.com/analysts/John-Nadel/,Not found
John Roberts,9957,https://stockanalysis.com/analysts/John-Roberts/,Not found
James Goss,9957,https://stockanalysis.com/analysts/James-Goss/,Not found
James Heaney,9957,https://stockanalysis.com/analysts/James-Heaney/,Not found
John Wilkin,9957,https://stockanalysis.com/analysts/John-Wilkin/,Not found
John Young,9957,https://stockanalysis.com/analysts/John-Young/,Not found
John Rogers,9957,https://stockanalysis.com/analysts/John-Rogers/,Not found
John McDonald,9957,https://stockanalysis.com/analysts/John-McDonald/,Not found
Jorg Friedemann,9957,https://stockanalysis.com/analysts/Jorg-Friedemann/,Not found
John Rowan,9957,https://stockanalysis.com/analysts/John-Rowan/,Not found
John Sourbeer,9957,https://stockanalysis.com/analysts/John-Sourbeer/,Not found
Scott Fidel,9957,https://stockanalysis.com/analysts/Scott-Fidel/,Not found
Scott Marks,9957,https://stockanalysis.com/analysts/Scott-Marks/,Not found
Jonathan Siegmann,9957,https://stockanalysis.com/analysts/Jonathan-Siegmann/,Not found
Jordan Boretz,9957,https://stockanalysis.com/analysts/Jordan-Boretz/,Not found
Jonathan Hughes,9957,https://stockanalysis.com/analysts/Jonathan-Hughes/,Not found
Jonathan Lee,9957,https://stockanalysis.com/analysts/Jonathan-Lee/,Not found
Michael Albanses,9957,https://stockanalysis.com/analysts/Michael-Albanses/,Not found
David Hicks,9957,https://stockanalysis.com/analysts/David-Hicks/,Not found
Michael Harrison,9957,https://stockanalysis.com/analysts/Michael-Harrison/,Not found
David Belinger,9957,https://stockanalysis.com/analysts/David-Belinger/,Not found
David Bouchey,9957,https://stockanalysis.com/analysts/David-Bouchey/,Not found
Darren Leung,9957,https://stockanalysis.com/analysts/Darren-Leung/,Not found
Michael Carrier,9957,https://stockanalysis.com/analysts/Michael-Carrier/,Not found
Meyer Sheilds,9957,https://stockanalysis.com/analysts/Meyer-Sheilds/,Not found
Matthew Sheerin,9957,https://stockanalysis.com/analysts/Matthew-Sheerin/,Not found
Matthew Stanton,9957,https://stockanalysis.com/analysts/Matthew-Stanton/,Not found
Matthew Summerville,9957,https://stockanalysis.com/analysts/Matthew-Summerville/,Not found
Michael Schmitz,9957,https://stockanalysis.com/analysts/Michael-Schmitz/,Not found
Matthew Krueger,9957,https://stockanalysis.com/analysts/Matthew-Krueger/,Not found
Matthew McClintock,9957,https://stockanalysis.com/analysts/Matthew-McClintock/,Not found
Matthew McKellar,9957,https://stockanalysis.com/analysts/Matthew-McKellar/,Not found
Matthew Murphy,9957,https://stockanalysis.com/analysts/Matthew-Murphy/,Not found
Max Hopkins,9957,https://stockanalysis.com/analysts/Max-Hopkins/,Not found
James Sheehan,9957,https://stockanalysis.com/analysts/James-Sheehan/,Not found
Joe Goodwin,9957,https://stockanalysis.com/analysts/Joe-Goodwin/,Not found
Joe Meares,9957,https://stockanalysis.com/analysts/Joe-Meares/,Not found
Joe Quatrochi,9957,https://stockanalysis.com/analysts/Joe-Quatrochi/,Not found
Joe Reagor,9957,https://stockanalysis.com/analysts/Joe-Reagor/,Not found
Janco Venter,9957,https://stockanalysis.com/analysts/Janco-Venter/,Not found
Shiwen Li,9957,https://stockanalysis.com/analysts/Shiwen-Li/,Not found
James Fotheringham,9957,https://stockanalysis.com/analysts/James-Fotheringham/,Not found
Janice Quek,9957,https://stockanalysis.com/analysts/Janice-Quek/,Not found
Jared Dinges,9957,https://stockanalysis.com/analysts/Jared-Dinges/,Not found
Shagun Singh,9957,https://stockanalysis.com/analysts/Shagun-Singh/,Not found
Shane Brett,9957,https://stockanalysis.com/analysts/Shane-Brett/,Not found
Sean Wieland,9957,https://stockanalysis.com/analysts/Sean-Wieland/,Not found
Shneur Gershuni,9957,https://stockanalysis.com/analysts/Shneur-Gershuni/,Not found
Sidney Ho,9957,https://stockanalysis.com/analysts/Sidney-Ho/,Not found
Sheila McGrath,9957,https://stockanalysis.com/analysts/Sheila-McGrath/,Not found
Stephanie Davis,9957,https://stockanalysis.com/analysts/Stephanie-Davis/,Not found
Stephanie Grambling,9957,https://stockanalysis.com/analysts/Stephanie-Grambling/,Not found
Srini Pajjuir,9957,https://stockanalysis.com/analysts/Srini-Pajjuir/,Not found
Seth Gilbert,9957,https://stockanalysis.com/analysts/Seth-Gilbert/,Not found
Anthony Linton,9957,https://stockanalysis.com/analysts/Anthony-Linton/,Not found
Anthony Powell,9957,https://stockanalysis.com/analysts/Anthony-Powell/,Not found
Anne Meisner,9957,https://stockanalysis.com/analysts/Anne-Meisner/,Not found
Steve Koenig,9957,https://stockanalysis.com/analysts/Steve-Koenig/,Not found
Steve Powers,9957,https://stockanalysis.com/analysts/Steve-Powers/,Not found
Stephen Trent,9957,https://stockanalysis.com/analysts/Stephen-Trent/,Not found
Simon Flannery,9957,https://stockanalysis.com/analysts/Simon-Flannery/,Not found
Sung Ji,9957,https://stockanalysis.com/analysts/Sung-Ji/,Not found
Steve Seedhouse,9957,https://stockanalysis.com/analysts/Steve-Seedhouse/,Not found
Austin Dietz,9957,https://stockanalysis.com/analysts/Austin-Dietz/,Not found
Ashley Helgans,9957,https://stockanalysis.com/analysts/Ashley-Helgans/,Not found
Ashwin Shirvaikar,9957,https://stockanalysis.com/analysts/Ashwin-Shirvaikar/,Not found
Ati Modak,9957,https://stockanalysis.com/analysts/Ati-Modak/,Not found
Spiro Dounis,9957,https://stockanalysis.com/analysts/Spiro-Dounis/,Not found
Joe Vruwink,9957,https://stockanalysis.com/analysts/Joe-Vruwink/,Not found
Joel Beatty,9957,https://stockanalysis.com/analysts/Joel-Beatty/,Not found
Joel Fishbein,9957,https://stockanalysis.com/analysts/Joel-Fishbein/,Not found
Joel Lederman,9957,https://stockanalysis.com/analysts/Joel-Lederman/,Not found
Joe Giordano,9957,https://stockanalysis.com/analysts/Joe-Giordano/,Not found
Arnon Shirazi,9957,https://stockanalysis.com/analysts/Arnon-Shirazi/,Not found
Arthur He,9957,https://stockanalysis.com/analysts/Arthur-He/,Not found
Arthur Lai,9957,https://stockanalysis.com/analysts/Arthur-Lai/,Not found
David MacDonald,9957,https://stockanalysis.com/analysts/David-MacDonald/,Not found
David Kang,9957,https://stockanalysis.com/analysts/David-Kang/,Not found
David Rodgers,9957,https://stockanalysis.com/analysts/David-Rodgers/,Not found
David Seigerman,9957,https://stockanalysis.com/analysts/David-Seigerman/,Not found
David Smith,9957,https://stockanalysis.com/analysts/David-Smith/,Not found
David Strauss,9957,https://stockanalysis.com/analysts/David-Strauss/,Not found
David Motemeden,9957,https://stockanalysis.com/analysts/David-Motemeden/,Not found
Luiz Carvalho,9957,https://stockanalysis.com/analysts/Luiz-Carvalho/,Not found
Luke Lemoine,9957,https://stockanalysis.com/analysts/Luke-Lemoine/,Not found
David Lebovitz,9957,https://stockanalysis.com/analysts/David-Lebovitz/,Not found
David Lebowitz,9957,https://stockanalysis.com/analysts/David-Lebowitz/,Not found
David Leiker,9957,https://stockanalysis.com/analysts/David-Leiker/,Not found
David Lewis,9957,https://stockanalysis.com/analysts/David-Lewis/,Not found
Lucas Pipes,9957,https://stockanalysis.com/analysts/Lucas-Pipes/,Not found
Matt Venezia,9957,https://stockanalysis.com/analysts/Matt-Venezia/,Not found
Elizabeth Anderson,9957,https://stockanalysis.com/analysts/Elizabeth-Anderson/,Not found
Elizabeth Garcia,9957,https://stockanalysis.com/analysts/Elizabeth-Garcia/,Not found
Elizabeth Suzuki,9957,https://stockanalysis.com/analysts/Elizabeth-Suzuki/,Not found
Louise Singlehurst,9957,https://stockanalysis.com/analysts/Louise-Singlehurst/,Not found
Louthan IV,9957,https://stockanalysis.com/analysts/Louthan-IV/,Not found
Susy Tibaldi,9957,https://stockanalysis.com/analysts/Susy-Tibaldi/,Not found
Strong Buy,9957,https://stockanalysis.com/analysts/Strong-Buy/,Not found
Suji Desilva,9957,https://stockanalysis.com/analysts/Suji-Desilva/,Not found
Steven Madden,9957,https://stockanalysis.com/analysts/Steven-Madden/,Not found
Steven Sheeckutz,9957,https://stockanalysis.com/analysts/Steven-Sheeckutz/,Not found
Jason Bouvier,9957,https://stockanalysis.com/analysts/Jason-Bouvier/,Not found
Andrew Rosivach,9957,https://stockanalysis.com/analysts/Andrew-Rosivach/,Not found
Steven Cahill,9957,https://stockanalysis.com/analysts/Steven-Cahill/,Not found
Steven Enders,9957,https://stockanalysis.com/analysts/Steven-Enders/,Not found
Steven Frankel,9957,https://stockanalysis.com/analysts/Steven-Frankel/,Not found
Andrew Wong,9957,https://stockanalysis.com/analysts/Andrew-Wong/,Not found
André Uggedal,9957,empty,Not found
Andy Marok,9957,https://stockanalysis.com/analysts/Andy-Marok/,Not found
Andrew Madrid,9957,https://stockanalysis.com/analysts/Andrew-Madrid/,Not found
Andrew Mok,9957,https://stockanalysis.com/analysts/Andrew-Mok/,Not found
Thomas Burlton,9957,https://stockanalysis.com/analysts/Thomas-Burlton/,Not found
Andy Terrell,9957,https://stockanalysis.com/analysts/Andy-Terrell/,Not found
Andy Yu,9957,https://stockanalysis.com/analysts/Andy-Yu/,Not found
Andrew Uerkwitz,9957,https://stockanalysis.com/analysts/Andrew-Uerkwitz/,Not found
Steve Silver,9957,https://stockanalysis.com/analysts/Steve-Silver/,Not found
Steve Valiquette,9957,https://stockanalysis.com/analysts/Steve-Valiquette/,Not found
Steve Wieczynski,9957,https://stockanalysis.com/analysts/Steve-Wieczynski/,Not found
Steven Alexoloulos,9957,https://stockanalysis.com/analysts/Steven-Alexoloulos/,Not found
Steve Brozak,9957,https://stockanalysis.com/analysts/Steve-Brozak/,Not found
Andrew Schmidt,9957,https://stockanalysis.com/analysts/Andrew-Schmidt/,Not found
Andreas Sheppard,9957,https://stockanalysis.com/analysts/Andreas-Sheppard/,Not found
Andres Maldonado,9957,https://stockanalysis.com/analysts/Andres-Maldonado/,Not found
Andre Uggedal,9957,https://stockanalysis.com/analysts/Andre-Uggedal/,Not found
Andrew Jones,9957,https://stockanalysis.com/analysts/Andrew-Jones/,Not found
Andrew Baum,9957,https://stockanalysis.com/analysts/Andrew-Baum/,Not found
Andrew Bowler,9957,https://stockanalysis.com/analysts/Andrew-Bowler/,Not found
Andrew Carter,9957,https://stockanalysis.com/analysts/Andrew-Carter/,Not found
Jason Mills,9957,https://stockanalysis.com/analysts/Jason-Mills/,Not found
Jennifer Swanson,9957,https://stockanalysis.com/analysts/Jennifer-Swanson/,Not found
Jesse Sobelson,9957,https://stockanalysis.com/analysts/Jesse-Sobelson/,Not found
Jeffrey Osborne,9957,https://stockanalysis.com/analysts/Jeffrey-Osborne/,Not found
Jeffrey Reive,9957,https://stockanalysis.com/analysts/Jeffrey-Reive/,Not found
Jeffrey Rulis,9957,https://stockanalysis.com/analysts/Jeffrey-Rulis/,Not found
Jason Haas,9957,https://stockanalysis.com/analysts/Jason-Haas/,Not found
Jeffrey Zekaukas,9957,https://stockanalysis.com/analysts/Jeffrey-Zekaukas/,Not found
Jason Wittes,9957,https://stockanalysis.com/analysts/Jason-Wittes/,Not found
Javier Martinez,9957,https://stockanalysis.com/analysts/Javier-Martinez/,Not found
John Edelman,9957,https://stockanalysis.com/analysts/John-Edelman/,Not found
John Egbert,9957,https://stockanalysis.com/analysts/John-Egbert/,Not found
John Gibson,9957,https://stockanalysis.com/analysts/John-Gibson/,Not found
John Glass,9957,https://stockanalysis.com/analysts/John-Glass/,Not found
Jason English,9957,https://stockanalysis.com/analysts/Jason-English/,Not found
Jason Gursky,9957,https://stockanalysis.com/analysts/Jason-Gursky/,Not found
Matt McGinley,9957,https://stockanalysis.com/analysts/Matt-McGinley/,Not found
Matt Niknam,9957,https://stockanalysis.com/analysts/Matt-Niknam/,Not found
Matt OBrien,9957,https://stockanalysis.com/analysts/Matt-OBrien/,Not found
Derik De,9957,https://stockanalysis.com/analysts/Derik-De/,Not found
Matthew Gillmor,9957,https://stockanalysis.com/analysts/Matthew-Gillmor/,Not found
Medhi Hosseini,9957,https://stockanalysis.com/analysts/Medhi-Hosseini/,Not found
Melanie Nunez,9957,https://stockanalysis.com/analysts/Melanie-Nunez/,Not found
Destiny Hance,9957,https://stockanalysis.com/analysts/Destiny-Hance/,Not found
Diego Aragao,9957,https://stockanalysis.com/analysts/Diego-Aragao/,Not found
De Bruin,9957,https://stockanalysis.com/analysts/De-Bruin/,Not found
Deborah Ciervo,9957,https://stockanalysis.com/analysts/Deborah-Ciervo/,Not found
Dillon Cumming,9957,https://stockanalysis.com/analysts/Dillon-Cumming/,Not found
Mark Purcell,9957,https://stockanalysis.com/analysts/Mark-Purcell/,Not found
Duane Pfenningwerth,9957,https://stockanalysis.com/analysts/Duane-Pfenningwerth/,Not found
Durgesh Chopra,9957,https://stockanalysis.com/analysts/Durgesh-Chopra/,Not found
David Togut,9957,https://stockanalysis.com/analysts/David-Togut/,Not found
Domingos Falavina,9957,https://stockanalysis.com/analysts/Domingos-Falavina/,Not found
Don Carducci,9957,https://stockanalysis.com/analysts/Don-Carducci/,Not found
Matthew Harrison,9957,https://stockanalysis.com/analysts/Matthew-Harrison/,Not found
Douglas Irwin,9957,https://stockanalysis.com/analysts/Douglas-Irwin/,Not found
Drew Chamberlain,9957,https://stockanalysis.com/analysts/Drew-Chamberlain/,Not found
Drew Ranieri,9957,https://stockanalysis.com/analysts/Drew-Ranieri/,Not found
Dori Kesten,9957,https://stockanalysis.com/analysts/Dori-Kesten/,Not found
Doug Harter,9957,https://stockanalysis.com/analysts/Doug-Harter/,Not found
Tim Chiodo,9957,https://stockanalysis.com/analysts/Tim-Chiodo/,Not found
Tim Perz,9957,https://stockanalysis.com/analysts/Tim-Perz/,Not found
Timothy Switzer,9957,https://stockanalysis.com/analysts/Timothy-Switzer/,Not found
Tom McGovern,9957,https://stockanalysis.com/analysts/Tom-McGovern/,Not found
Tom O Malley,9957,https://stockanalysis.com/analysts/Tom-O-Malley/,Not found
Tom Stephan,9957,https://stockanalysis.com/analysts/Tom-Stephan/,Not found
Trevor Walsh,9957,https://stockanalysis.com/analysts/Trevor-Walsh/,Not found
Taylor Morrison,9957,https://stockanalysis.com/analysts/Taylor-Morrison/,Not found
Toni Sacconaghi,9957,https://stockanalysis.com/analysts/Toni-Sacconaghi/,Not found
Tony DiMatteo,9957,https://stockanalysis.com/analysts/Tony-DiMatteo/,Not found
Toshiya Hari,9957,https://stockanalysis.com/analysts/Toshiya-Hari/,Not found
Andrea Teixeira,9957,https://stockanalysis.com/analysts/Andrea-Teixeira/,Not found
Taz Koujalgi,9957,https://stockanalysis.com/analysts/Taz-Koujalgi/,Not found
Tejas Savant,9957,https://stockanalysis.com/analysts/Tejas-Savant/,Not found
Tao Qiu,9957,https://stockanalysis.com/analysts/Tao-Qiu/,Not found
Thomas Catherwood,9957,https://stockanalysis.com/analysts/Thomas-Catherwood/,Not found
Terence Malone,9957,https://stockanalysis.com/analysts/Terence-Malone/,Not found
Tom Fitzgerald,9957,https://stockanalysis.com/analysts/Tom-Fitzgerald/,Not found
Tom Hayes,9957,https://stockanalysis.com/analysts/Tom-Hayes/,Not found
Jessica Ehrlich,9957,https://stockanalysis.com/analysts/Jessica-Ehrlich/,Not found
Jessica Reif,9957,https://stockanalysis.com/analysts/Jessica-Reif/,Not found
Jim Duffy,9957,https://stockanalysis.com/analysts/Jim-Duffy/,Not found
Ally Yseen,9957,https://stockanalysis.com/analysts/Ally-Yseen/,Not found
Amanda Sweitzer,9957,https://stockanalysis.com/analysts/Amanda-Sweitzer/,Not found
Tommy McJoynt,9957,https://stockanalysis.com/analysts/Tommy-McJoynt/,Not found
Todd Weller,9957,https://stockanalysis.com/analysts/Todd-Weller/,Not found
Alexia Howard,9957,https://stockanalysis.com/analysts/Alexia-Howard/,Not found
Ali Faghri,9957,https://stockanalysis.com/analysts/Ali-Faghri/,Not found
Alice Xiao,9957,https://stockanalysis.com/analysts/Alice-Xiao/,Not found
Alexander Waters,9957,https://stockanalysis.com/analysts/Alexander-Waters/,Not found
Tim Thein,9957,https://stockanalysis.com/analysts/Tim-Thein/,Not found
Alexandra Steiger,9957,https://stockanalysis.com/analysts/Alexandra-Steiger/,Not found
Vikram Purohit,9957,https://stockanalysis.com/analysts/Vikram-Purohit/,Not found
Vilas Abraham,9957,https://stockanalysis.com/analysts/Vilas-Abraham/,Not found
Vincent Ciantic,9957,https://stockanalysis.com/analysts/Vincent-Ciantic/,Not found
Ed Yang,9957,https://stockanalysis.com/analysts/Ed-Yang/,Not found
Matthew Herrmann,9957,https://stockanalysis.com/analysts/Matthew-Herrmann/,Not found
Matthew Hewitt,9957,https://stockanalysis.com/analysts/Matthew-Hewitt/,Not found
Dimple Gosa,9957,https://stockanalysis.com/analysts/Dimple-Gosa/,Not found
Dimple Gosai,9957,https://stockanalysis.com/analysts/Dimple-Gosai/,Not found
Divya Goyal,9957,https://stockanalysis.com/analysts/Divya-Goyal/,Not found
Marcus Cole,9957,https://stockanalysis.com/analysts/Marcus-Cole/,Not found
Maria Thibault,9957,https://stockanalysis.com/analysts/Maria-Thibault/,Not found
Mariana Perez,9957,https://stockanalysis.com/analysts/Mariana-Perez/,Not found
Mariana Taddeo,9957,https://stockanalysis.com/analysts/Mariana-Taddeo/,Not found
MarK Shutley,9957,https://stockanalysis.com/analysts/MarK-Shutley/,Not found
Matt Breese,9957,https://stockanalysis.com/analysts/Matt-Breese/,Not found
Matt Farrell,9957,https://stockanalysis.com/analysts/Matt-Farrell/,Not found
Matt Howlett,9957,https://stockanalysis.com/analysts/Matt-Howlett/,Not found
Eddie Leung,9957,https://stockanalysis.com/analysts/Eddie-Leung/,Not found
Market Perform,9957,https://stockanalysis.com/analysts/Market-Perform/,Not found
Mario Lu,9957,https://stockanalysis.com/analysts/Mario-Lu/,Not found
Alex Perry,9957,https://stockanalysis.com/analysts/Alex-Perry/,Not found
Alex Potter,9957,https://stockanalysis.com/analysts/Alex-Potter/,Not found
Zhijing Liu,9957,https://stockanalysis.com/analysts/Zhijing-Liu/,Not found
Zachary Warring,9957,https://stockanalysis.com/analysts/Zachary-Warring/,Not found
Vincent Sinisi,9957,https://stockanalysis.com/analysts/Vincent-Sinisi/,Not found
Alex Goldfarb,9957,https://stockanalysis.com/analysts/Alex-Goldfarb/,Not found
Alex Haissl,9957,https://stockanalysis.com/analysts/Alex-Haissl/,Not found
lvan Tuerkcan,9957,https://stockanalysis.com/analysts/lvan-Tuerkcan/,Not found
Wesley Golladay,9957,https://stockanalysis.com/analysts/Wesley-Golladay/,Not found
Weng Chen,9957,https://stockanalysis.com/analysts/Weng-Chen/,Not found
Wei Xiong,9957,https://stockanalysis.com/analysts/Wei-Xiong/,Not found
