Analyst name,Ranking,URL,Last update
Asiya Merchant,2,https://stockanalysis.com/analysts/Asiya-Merchant/,28 Aug 2026
Timothy Arcuri,5,https://stockanalysis.com/analysts/Timothy-Arcuri/,28 Aug 2026
Justin Jenkins,6,https://stockanalysis.com/analysts/Justin-Jenkins/,11 Aug 2026
Samik Chatterjee,7,https://stockanalysis.com/analysts/Samik-Chatterjee/,27 Aug 2026
Atif Malik,8,https://stockanalysis.com/analysts/Atif-Malik/,28 Aug 2026
Michael Siperco,9,https://stockanalysis.com/analysts/Michael-Siperco/,10 Dec 2025
Harsh Kumar,10,https://stockanalysis.com/analysts/Harsh-Kumar/,28 Aug 2026
Aaron Rakers,11,https://stockanalysis.com/analysts/Aaron-Rakers/,28 Aug 2026
Vijay Rakesh,12,https://stockanalysis.com/analysts/Vijay-Rakesh/,27 Aug 2026
Richard Shannon,13,https://stockanalysis.com/analysts/Richard-Shannon/,31 Aug 2026
Jeremy Hoy,14,https://stockanalysis.com/analysts/Jeremy-Hoy/,11 Aug 2026
Matt Bryson,15,https://stockanalysis.com/analysts/Matt-Bryson/,21 Aug 2026
Chris Hallam,18,https://stockanalysis.com/analysts/Chris-Hallam/,13 Aug 2026
William Stein,19,https://stockanalysis.com/analysts/William-Stein/,27 Aug 2026
Theresa Chen,20,https://stockanalysis.com/analysts/Theresa-Chen/,28 Aug 2026
Ebrahim Poonawala,21,https://stockanalysis.com/analysts/Ebrahim-Poonawala/,28 Aug 2026
Josh Wolfson,22,https://stockanalysis.com/analysts/Josh-Wolfson/,17 Aug 2026
Dan Payne,23,https://stockanalysis.com/analysts/Dan-Payne/,07 Aug 2026
Amit Daryanani,24,https://stockanalysis.com/analysts/Amit-Daryanani/,27 Aug 2026
Rick Schafer,25,https://stockanalysis.com/analysts/Rick-Schafer/,28 Aug 2026
Josh Sullivan,26,https://stockanalysis.com/analysts/Josh-Sullivan/,15 Jul 2026
Harlan Sur,28,https://stockanalysis.com/analysts/Harlan-Sur/,27 Aug 2026
Heiko Ihle,29,https://stockanalysis.com/analysts/Heiko-Ihle/,26 Aug 2026
Ruben Roy,30,https://stockanalysis.com/analysts/Ruben-Roy/,30 Aug 2026
Krish Sankar,31,https://stockanalysis.com/analysts/Krish-Sankar/,27 Aug 2026
Brian MacArthur,33,https://stockanalysis.com/analysts/Brian-MacArthur/,26 Aug 2026
Jim Kelleher,34,https://stockanalysis.com/analysts/Jim-Kelleher/,27 Aug 2026
John Freeman,35,https://stockanalysis.com/analysts/John-Freeman/,27 Aug 2026
Mark Lipacis,36,https://stockanalysis.com/analysts/Mark-Lipacis/,27 Aug 2026
Wamsi Mohan,37,https://stockanalysis.com/analysts/Wamsi-Mohan/,28 Aug 2026
Quinn Bolton,38,https://stockanalysis.com/analysts/Quinn-Bolton/,28 Aug 2026
Mark Miller,40,https://stockanalysis.com/analysts/Mark-Miller/,15 Jan 2026
Cody Acree,49,https://stockanalysis.com/analysts/Cody-Acree/,28 Aug 2026
Carey Macrury,50,https://stockanalysis.com/analysts/Carey-Macrury/,26 Aug 2026
Devin Ryan,51,https://stockanalysis.com/analysts/Devin-Ryan/,11 Aug 2026
Brent Thielman,52,https://stockanalysis.com/analysts/Brent-Thielman/,21 Aug 2026
Richard Hatch,54,https://stockanalysis.com/analysts/Richard-Hatch/,28 Aug 2026
Blayne Curtis,55,https://stockanalysis.com/analysts/Blayne-Curtis/,28 Aug 2026
David Risinger,56,https://stockanalysis.com/analysts/David-Risinger/,18 Aug 2026
Patrick Trucchio,58,https://stockanalysis.com/analysts/Patrick-Trucchio/,27 Aug 2026
Christopher Rolland,60,https://stockanalysis.com/analysts/Christopher-Rolland/,27 Aug 2026
Ritu Baral,61,https://stockanalysis.com/analysts/Ritu-Baral/,17 Aug 2026
Thomas Smith,62,https://stockanalysis.com/analysts/Thomas-Smith/,04 Aug 2026
Julian Harrison,63,https://stockanalysis.com/analysts/Julian-Harrison/,27 Aug 2026
Sam Slutsky,64,https://stockanalysis.com/analysts/Sam-Slutsky/,29 Aug 2026
Eric Winmill,68,https://stockanalysis.com/analysts/Eric-Winmill/,19 Aug 2026
Faisal Khurshid,71,https://stockanalysis.com/analysts/Faisal-Khurshid/,28 Aug 2026
Kian Abouhossein,72,https://stockanalysis.com/analysts/Kian-Abouhossein/,18 Aug 2026
Shrenik Kothari,73,https://stockanalysis.com/analysts/Shrenik-Kothari/,30 Aug 2026
Selman Akyol,74,https://stockanalysis.com/analysts/Selman-Akyol/,07 Aug 2026
Mark Hughes,75,https://stockanalysis.com/analysts/Mark-Hughes/,27 Aug 2026
Ross Seymore,76,https://stockanalysis.com/analysts/Ross-Seymore/,29 Jun 2026
Mike Mayo,77,https://stockanalysis.com/analysts/Mike-Mayo/,19 Aug 2026
Daniel Fannon,78,https://stockanalysis.com/analysts/Daniel-Fannon/,18 Aug 2026
Leo Mariani,79,https://stockanalysis.com/analysts/Leo-Mariani/,27 Aug 2026
Moshe Orenbuch,80,https://stockanalysis.com/analysts/Moshe-Orenbuch/,28 Aug 2026
Jason Seidl,82,https://stockanalysis.com/analysts/Jason-Seidl/,07 Aug 2026
Keith Mackey,83,https://stockanalysis.com/analysts/Keith-Mackey/,25 Aug 2026
Myles Minter,84,https://stockanalysis.com/analysts/Myles-Minter/,26 Aug 2026
Chris Caso,85,https://stockanalysis.com/analysts/Chris-Caso/,04 Aug 2026
Joon Lee,86,https://stockanalysis.com/analysts/Joon-Lee/,17 Mar 2026
Ami Fadia,87,https://stockanalysis.com/analysts/Ami-Fadia/,27 Aug 2026
Christian Schwab,88,https://stockanalysis.com/analysts/Christian-Schwab/,28 Aug 2026
Kevin Cassidy,89,https://stockanalysis.com/analysts/Kevin-Cassidy/,27 Aug 2026
Tim Savageaux,90,https://stockanalysis.com/analysts/Tim-Savageaux/,28 Aug 2026
Andres Coello,92,https://stockanalysis.com/analysts/Andres-Coello/,07 Aug 2026
Bill Papanastasiou,94,https://stockanalysis.com/analysts/Bill-Papanastasiou/,11 Aug 2026
Gary Tenner,95,https://stockanalysis.com/analysts/Gary-Tenner/,24 Aug 2026
Phil Hardie,96,https://stockanalysis.com/analysts/Phil-Hardie/,07 Aug 2026
Bose George,97,https://stockanalysis.com/analysts/Bose-George/,17 Aug 2026
Meyer Shields,98,https://stockanalysis.com/analysts/Meyer-Shields/,27 Aug 2026
Alexander Blostein,99,https://stockanalysis.com/analysts/Alexander-Blostein/,27 Aug 2026
Paul Newsome,100,https://stockanalysis.com/analysts/Paul-Newsome/,28 Aug 2026
Sanjay Sakhrani,101,https://stockanalysis.com/analysts/Sanjay-Sakhrani/,28 Aug 2026
Patrick Brown,103,https://stockanalysis.com/analysts/Patrick-Brown/,20 Aug 2026
Gautam Khanna,104,https://stockanalysis.com/analysts/Gautam-Khanna/,19 Aug 2026
Walter Spracklin,105,https://stockanalysis.com/analysts/Walter-Spracklin/,11 Aug 2026
Brian Chin,106,https://stockanalysis.com/analysts/Brian-Chin/,14 Aug 2026
Michael Ciarmoli,107,https://stockanalysis.com/analysts/Michael-Ciarmoli/,20 Aug 2026
Justin Post,108,https://stockanalysis.com/analysts/Justin-Post/,27 Aug 2026
Andrew Kaplowitz,110,https://stockanalysis.com/analysts/Andrew-Kaplowitz/,12 Aug 2026
Jonathan Ruykhaver,111,https://stockanalysis.com/analysts/Jonathan-Ruykhaver/,28 Aug 2026
Etzer Darout,112,https://stockanalysis.com/analysts/Etzer-Darout/,20 Aug 2026
Mehdi Hosseini,113,https://stockanalysis.com/analysts/Mehdi-Hosseini/,27 Aug 2026
Yaron Werber,114,https://stockanalysis.com/analysts/Yaron-Werber/,30 Aug 2026
Chase Knickerbocker,115,https://stockanalysis.com/analysts/Chase-Knickerbocker/,18 Aug 2026
Mark Newman,117,https://stockanalysis.com/analysts/Mark-Newman/,27 Aug 2026
Srini Pajjuri,119,https://stockanalysis.com/analysts/Srini-Pajjuri/,28 Aug 2026
Patrick Moley,121,https://stockanalysis.com/analysts/Patrick-Moley/,20 Aug 2026
Gerard Cassidy,122,https://stockanalysis.com/analysts/Gerard-Cassidy/,24 Aug 2026
Charles Minervino,125,https://stockanalysis.com/analysts/Charles-Minervino/,27 Aug 2026
Seamus Fernandez,127,https://stockanalysis.com/analysts/Seamus-Fernandez/,27 Aug 2026
Craig Stanley,128,https://stockanalysis.com/analysts/Craig-Stanley/,07 Aug 2026
Dave Kang,129,https://stockanalysis.com/analysts/Dave-Kang/,28 Aug 2026
Stacy Rasgon,130,https://stockanalysis.com/analysts/Stacy-Rasgon/,27 Aug 2026
Sam Crittenden,131,https://stockanalysis.com/analysts/Sam-Crittenden/,17 Aug 2026
Brian Quast,132,https://stockanalysis.com/analysts/Brian-Quast/,19 Aug 2026
Simon Leopold,133,https://stockanalysis.com/analysts/Simon-Leopold/,27 Aug 2026
John Vinh,134,https://stockanalysis.com/analysts/John-Vinh/,28 Aug 2026
Mike Colonnese,135,https://stockanalysis.com/analysts/Mike-Colonnese/,28 Aug 2026
Michael Schmidt,137,https://stockanalysis.com/analysts/Michael-Schmidt/,27 Aug 2026
John Todaro,138,https://stockanalysis.com/analysts/John-Todaro/,28 Aug 2026
Tristan Gerra,139,https://stockanalysis.com/analysts/Tristan-Gerra/,26 Aug 2026
Robert Brown,140,https://stockanalysis.com/analysts/Robert-Brown/,21 Aug 2026
Craig Ellis,141,https://stockanalysis.com/analysts/Craig-Ellis/,28 Aug 2026
Joseph Schwartz,142,https://stockanalysis.com/analysts/Joseph-Schwartz/,27 Jul 2026
David Konrad,146,https://stockanalysis.com/analysts/David-Konrad/,30 Aug 2026
Ariel Rosa,147,https://stockanalysis.com/analysts/Ariel-Rosa/,27 Aug 2026
Manav Gupta,149,https://stockanalysis.com/analysts/Manav-Gupta/,27 Aug 2026
Jason Goldberg,150,https://stockanalysis.com/analysts/Jason-Goldberg/,10 Aug 2026
Elvira Scotto,151,https://stockanalysis.com/analysts/Elvira-Scotto/,27 Aug 2026
Jonathan Chappell,152,https://stockanalysis.com/analysts/Jonathan-Chappell/,27 Aug 2026
Steve Barger,153,https://stockanalysis.com/analysts/Steve-Barger/,14 Aug 2026
Scott Hanold,154,https://stockanalysis.com/analysts/Scott-Hanold/,21 Aug 2026
Rob Owens,155,https://stockanalysis.com/analysts/Rob-Owens/,28 Aug 2026
Lloyd Walmsley,156,https://stockanalysis.com/analysts/Lloyd-Walmsley/,17 Aug 2026
Srikripa Devarakonda,157,https://stockanalysis.com/analysts/Srikripa-Devarakonda/,18 Aug 2026
Tore Svanberg,160,https://stockanalysis.com/analysts/Tore-Svanberg/,28 Aug 2026
James Ricchiuti,161,https://stockanalysis.com/analysts/James-Ricchiuti/,24 Aug 2026
Yatin Suneja,162,https://stockanalysis.com/analysts/Yatin-Suneja/,27 Aug 2026
Douglas Tsao,163,https://stockanalysis.com/analysts/Douglas-Tsao/,28 Aug 2026
David Williams,164,https://stockanalysis.com/analysts/David-Williams/,14 Aug 2026
Edward Nash,165,https://stockanalysis.com/analysts/Edward-Nash/,26 Aug 2026
Yasmeen Rahimi,167,https://stockanalysis.com/analysts/Yasmeen-Rahimi/,28 Aug 2026
Alex Platt,168,https://stockanalysis.com/analysts/Alex-Platt/,18 May 2026
Junaid Siddiqui,170,https://stockanalysis.com/analysts/Junaid-Siddiqui/,28 Aug 2026
Damon Delmonte,172,https://stockanalysis.com/analysts/Damon-Delmonte/,28 Aug 2026
Subbu Nambi,173,https://stockanalysis.com/analysts/Subbu-Nambi/,20 Aug 2026
Sam Margolin,175,https://stockanalysis.com/analysts/Sam-Margolin/,13 Aug 2026
Chris Kotowski,179,https://stockanalysis.com/analysts/Chris-Kotowski/,27 Aug 2026
Nathan Jones,180,https://stockanalysis.com/analysts/Nathan-Jones/,20 Aug 2026
Jamie Cook,181,https://stockanalysis.com/analysts/Jamie-Cook/,25 Aug 2026
Stephen Volkmann,183,https://stockanalysis.com/analysts/Stephen-Volkmann/,24 Aug 2026
Alexander Paris,184,https://stockanalysis.com/analysts/Alexander-Paris/,28 Aug 2026
Joshua Buchalter,185,https://stockanalysis.com/analysts/Joshua-Buchalter/,27 Aug 2026
Jason Gerberry,186,https://stockanalysis.com/analysts/Jason-Gerberry/,26 Aug 2026
Orest Wowkodaw,187,https://stockanalysis.com/analysts/Orest-Wowkodaw/,28 Aug 2026
Joseph Moore,188,https://stockanalysis.com/analysts/Joseph-Moore/,27 Aug 2026
Nehal Chokshi,189,https://stockanalysis.com/analysts/Nehal-Chokshi/,28 Aug 2026
Joseph Pantginis,190,https://stockanalysis.com/analysts/Joseph-Pantginis/,27 Aug 2026
Gregory Lewis,191,https://stockanalysis.com/analysts/Gregory-Lewis/,28 Aug 2026
Colin Rusch,192,https://stockanalysis.com/analysts/Colin-Rusch/,25 Aug 2026
Martin Fan,193,https://stockanalysis.com/analysts/Martin-Fan/,18 Aug 2026
Brett Huff,195,https://stockanalysis.com/analysts/Brett-Huff/,11 Aug 2026
Keith Horowitz,196,https://stockanalysis.com/analysts/Keith-Horowitz/,08 May 2026
Brian Meredith,200,https://stockanalysis.com/analysts/Brian-Meredith/,27 Aug 2026
Brian Brophy,202,https://stockanalysis.com/analysts/Brian-Brophy/,13 Aug 2026
Erik Rasmussen,203,https://stockanalysis.com/analysts/Erik-Rasmussen/,27 Aug 2026
Andrew Percoco,206,https://stockanalysis.com/analysts/Andrew-Percoco/,20 Aug 2026
Doug Schenkel,210,https://stockanalysis.com/analysts/Doug-Schenkel/,10 Dec 2025
Debanjana Chatterjee,211,https://stockanalysis.com/analysts/Debanjana-Chatterjee/,28 Aug 2026
Fadi Chamoun,212,https://stockanalysis.com/analysts/Fadi-Chamoun/,21 Aug 2026
Peter Arment,214,https://stockanalysis.com/analysts/Peter-Arment/,24 Aug 2026
Leonid Timashev,216,https://stockanalysis.com/analysts/Leonid-Timashev/,28 Aug 2026
Mark Delaney,217,https://stockanalysis.com/analysts/Mark-Delaney/,23 Aug 2026
Cosmos Chiu,218,https://stockanalysis.com/analysts/Cosmos-Chiu/,26 Aug 2026
Andrew Fein,220,https://stockanalysis.com/analysts/Andrew-Fein/,24 Aug 2026
George Sutton,221,https://stockanalysis.com/analysts/George-Sutton/,20 Aug 2026
Andrew Coombs,223,https://stockanalysis.com/analysts/Andrew-Coombs/,04 Aug 2026
Christopher Allen,224,https://stockanalysis.com/analysts/Christopher-Allen/,13 Aug 2026
Kelsey Goodwin,225,https://stockanalysis.com/analysts/Kelsey-Goodwin/,27 Aug 2026
Christopher McGratty,227,https://stockanalysis.com/analysts/Christopher-McGratty/,26 Aug 2026
Daniel Major,228,https://stockanalysis.com/analysts/Daniel-Major/,28 Aug 2026
Rudy Li,229,https://stockanalysis.com/analysts/Rudy-Li/,26 Aug 2026
Charles Zhu,231,https://stockanalysis.com/analysts/Charles-Zhu/,29 Aug 2026
Fatima Boolani,233,https://stockanalysis.com/analysts/Fatima-Boolani/,28 Aug 2026
Frederic Bastien,234,https://stockanalysis.com/analysts/Frederic-Bastien/,10 Aug 2026
Allison Bratzel,236,https://stockanalysis.com/analysts/Allison-Bratzel/,26 Aug 2026
John DiFucci,237,https://stockanalysis.com/analysts/John-DiFucci/,28 Aug 2026
Brian Bedell,238,https://stockanalysis.com/analysts/Brian-Bedell/,19 Aug 2026
Ronald Epstein,239,https://stockanalysis.com/analysts/Ronald-Epstein/,27 Aug 2026
Cory Kasimov,241,https://stockanalysis.com/analysts/Cory-Kasimov/,27 Aug 2026
Vivek Arya,244,https://stockanalysis.com/analysts/Vivek-Arya/,28 Aug 2026
Jay Olson,247,https://stockanalysis.com/analysts/Jay-Olson/,27 Aug 2026
Wood Lay,249,https://stockanalysis.com/analysts/Wood-Lay/,19 Aug 2026
Raj Ray,253,https://stockanalysis.com/analysts/Raj-Ray/,26 Aug 2026
Stephen Tusa,257,https://stockanalysis.com/analysts/Stephen-Tusa/,11 Jun 2026
Andrew Obin,260,https://stockanalysis.com/analysts/Andrew-Obin/,19 Aug 2026
Brandon Couillard,261,https://stockanalysis.com/analysts/Brandon-Couillard/,14 Aug 2026
Noah Kaye,262,https://stockanalysis.com/analysts/Noah-Kaye/,14 Aug 2026
Christopher Glynn,263,https://stockanalysis.com/analysts/Christopher-Glynn/,21 Aug 2026
Craig Hutchison,264,https://stockanalysis.com/analysts/Craig-Hutchison/,17 Aug 2026
Andrew Mikitchook,265,https://stockanalysis.com/analysts/Andrew-Mikitchook/,18 Aug 2026
Lloyd Byrne,266,https://stockanalysis.com/analysts/Lloyd-Byrne/,17 Aug 2026
Derek Archila,267,https://stockanalysis.com/analysts/Derek-Archila/,27 Aug 2026
Jonathan Wolleben,269,https://stockanalysis.com/analysts/Jonathan-Wolleben/,10 Aug 2026
Graig Suvannavejh,271,https://stockanalysis.com/analysts/Graig-Suvannavejh/,24 Aug 2026
Levi Spry,280,https://stockanalysis.com/analysts/Levi-Spry/,28 Aug 2026
Michael Blum,282,https://stockanalysis.com/analysts/Michael-Blum/,12 Aug 2026
Scot Ciccarelli,284,https://stockanalysis.com/analysts/Scot-Ciccarelli/,28 Aug 2026
John Eade,285,https://stockanalysis.com/analysts/John-Eade/,19 Aug 2026
Michael Lasser,286,https://stockanalysis.com/analysts/Michael-Lasser/,28 Aug 2026
Ross Sandler,287,https://stockanalysis.com/analysts/Ross-Sandler/,12 Aug 2026
Scott Gruber,289,https://stockanalysis.com/analysts/Scott-Gruber/,31 Aug 2026
Kevin Steinke,290,https://stockanalysis.com/analysts/Kevin-Steinke/,27 Aug 2026
Shaul Eyal,291,https://stockanalysis.com/analysts/Shaul-Eyal/,28 Aug 2026
Tim Long,293,https://stockanalysis.com/analysts/Tim-Long/,28 Aug 2026
William Power,294,https://stockanalysis.com/analysts/William-Power/,26 Aug 2026
Ovais Habib,295,https://stockanalysis.com/analysts/Ovais-Habib/,19 Aug 2026
Rami Katkhuda,296,https://stockanalysis.com/analysts/Rami-Katkhuda/,27 Aug 2026
Charles Shi,297,https://stockanalysis.com/analysts/Charles-Shi/,27 Aug 2026
Robert Burns,298,https://stockanalysis.com/analysts/Robert-Burns/,27 Aug 2026
Trevor Allred,299,https://stockanalysis.com/analysts/Trevor-Allred/,05 Aug 2026
Sebastien Naji,301,https://stockanalysis.com/analysts/Sebastien-Naji/,31 Aug 2026
David Manthey,303,https://stockanalysis.com/analysts/David-Manthey/,11 Aug 2026
Anita Soni,304,https://stockanalysis.com/analysts/Anita-Soni/,17 Aug 2026
Peter Benedict,305,https://stockanalysis.com/analysts/Peter-Benedict/,24 Aug 2026
Mark DeVries,306,https://stockanalysis.com/analysts/Mark-DeVries/,20 Aug 2026
Mark Devries,306,https://stockanalysis.com/analysts/Mark-Devries/,20 Aug 2026
Thomas Diffely,308,https://stockanalysis.com/analysts/Thomas-Diffely/,11 Dec 2025
Bryan Blair,309,https://stockanalysis.com/analysts/Bryan-Blair/,21 Aug 2026
Naved Khan,311,https://stockanalysis.com/analysts/Naved-Khan/,20 Aug 2026
Mike Cikos,312,https://stockanalysis.com/analysts/Mike-Cikos/,28 Aug 2026
Erik Woodring,313,https://stockanalysis.com/analysts/Erik-Woodring/,27 Aug 2026
Lawson Winder,314,https://stockanalysis.com/analysts/Lawson-Winder/,27 Aug 2026
Daniel Ives,315,https://stockanalysis.com/analysts/Daniel-Ives/,30 Jun 2026
Gregory Renza,316,https://stockanalysis.com/analysts/Gregory-Renza/,28 Aug 2026
Joseph Thome,317,https://stockanalysis.com/analysts/Joseph-Thome/,26 Aug 2026
Chip Moore,318,https://stockanalysis.com/analysts/Chip-Moore/,14 Aug 2026
Mike Crawford,319,https://stockanalysis.com/analysts/Mike-Crawford/,13 Aug 2026
Gus Richard,320,https://stockanalysis.com/analysts/Gus-Richard/,27 Aug 2026
Anupam Rama,321,https://stockanalysis.com/analysts/Anupam-Rama/,27 Aug 2026
Ryan Koontz,322,https://stockanalysis.com/analysts/Ryan-Koontz/,26 Aug 2026
Melissa Fairbanks,325,https://stockanalysis.com/analysts/Melissa-Fairbanks/,07 Aug 2026
Stephen Biggar,326,https://stockanalysis.com/analysts/Stephen-Biggar/,11 Aug 2026
Robert Dodd,328,https://stockanalysis.com/analysts/Robert-Dodd/,09 Jul 2026
David Feaster,331,https://stockanalysis.com/analysts/David-Feaster/,27 Aug 2026
George Notter,334,https://stockanalysis.com/analysts/George-Notter/,12 Aug 2026
Mark Kelley,336,https://stockanalysis.com/analysts/Mark-Kelley/,16 Jun 2026
Julian Mitchell,337,https://stockanalysis.com/analysts/Julian-Mitchell/,12 Jun 2026
Alex Zukin,338,https://stockanalysis.com/analysts/Alex-Zukin/,26 Aug 2026
Marc Goodman,340,https://stockanalysis.com/analysts/Marc-Goodman/,13 Jul 2026
Ananda Baruah,341,https://stockanalysis.com/analysts/Ananda-Baruah/,19 Aug 2026
David Nierengarten,342,https://stockanalysis.com/analysts/David-Nierengarten/,26 Aug 2026
Andrew Berens,343,https://stockanalysis.com/analysts/Andrew-Berens/,07 Aug 2026
Joseph Stringer,344,https://stockanalysis.com/analysts/Joseph-Stringer/,19 Aug 2026
Chris Dendrinos,345,https://stockanalysis.com/analysts/Chris-Dendrinos/,28 Aug 2026
Jaeson Schmidt,346,https://stockanalysis.com/analysts/Jaeson-Schmidt/,28 Aug 2026
Miller Jump,352,https://stockanalysis.com/analysts/Miller-Jump/,28 Aug 2026
Edward Yang,353,https://stockanalysis.com/analysts/Edward-Yang/,07 Aug 2026
Melissa Weathers,354,https://stockanalysis.com/analysts/Melissa-Weathers/,14 Aug 2026
Andrew Wittmann,358,https://stockanalysis.com/analysts/Andrew-Wittmann/,27 Aug 2026
Corey Tarlowe,360,https://stockanalysis.com/analysts/Corey-Tarlowe/,27 Aug 2026
Erin Wright,361,https://stockanalysis.com/analysts/Erin-Wright/,25 Aug 2026
Matthew Carletti,362,https://stockanalysis.com/analysts/Matthew-Carletti/,07 Aug 2026
Craig Siegenthaler,364,https://stockanalysis.com/analysts/Craig-Siegenthaler/,14 Aug 2026
Jon Arfstrom,365,https://stockanalysis.com/analysts/Jon-Arfstrom/,26 Aug 2026
Vamil Divan,366,https://stockanalysis.com/analysts/Vamil-Divan/,24 Aug 2026
Brendan Smith,367,https://stockanalysis.com/analysts/Brendan-Smith/,17 Aug 2026
Jacob Stephan,368,https://stockanalysis.com/analysts/Jacob-Stephan/,20 Aug 2026
Brian Nagel,370,https://stockanalysis.com/analysts/Brian-Nagel/,26 Aug 2026
Swayampakula Ramakanth,372,https://stockanalysis.com/analysts/Swayampakula-Ramakanth/,25 Aug 2026
Catherine Mealor,374,https://stockanalysis.com/analysts/Catherine-Mealor/,06 Aug 2026
Brett Linzey,375,https://stockanalysis.com/analysts/Brett-Linzey/,25 Aug 2026
Daniela Costa,377,https://stockanalysis.com/analysts/Daniela-Costa/,19 Aug 2026
Nathan Race,378,https://stockanalysis.com/analysts/Nathan-Race/,28 Aug 2026
Andrew Tsai,379,https://stockanalysis.com/analysts/Andrew-Tsai/,19 Aug 2026
Jason Zemansky,380,https://stockanalysis.com/analysts/Jason-Zemansky/,17 Aug 2026
James Schneider,381,https://stockanalysis.com/analysts/James-Schneider/,27 Aug 2026
Ryan Todd,382,https://stockanalysis.com/analysts/Ryan-Todd/,23 Jul 2026
Geoff Meacham,386,https://stockanalysis.com/analysts/Geoff-Meacham/,19 Aug 2026
Erik Suppiger,387,https://stockanalysis.com/analysts/Erik-Suppiger/,04 Aug 2026
David Amsellem,388,https://stockanalysis.com/analysts/David-Amsellem/,27 Aug 2026
Deepak Mathivanan,389,https://stockanalysis.com/analysts/Deepak-Mathivanan/,24 Aug 2026
Patrick Jones,390,https://stockanalysis.com/analysts/Patrick-Jones/,17 Aug 2026
Keith Hughes,391,https://stockanalysis.com/analysts/Keith-Hughes/,26 Aug 2026
Tara Bancroft,392,https://stockanalysis.com/analysts/Tara-Bancroft/,17 Aug 2026
Katie Lachapelle,393,https://stockanalysis.com/analysts/Katie-Lachapelle/,19 May 2026
Ed Arce,396,https://stockanalysis.com/analysts/Ed-Arce/,30 Apr 2026
Katja Jancic,399,https://stockanalysis.com/analysts/Katja-Jancic/,07 Aug 2026
Eric Heath,400,https://stockanalysis.com/analysts/Eric-Heath/,28 Aug 2026
Adam Borg,401,https://stockanalysis.com/analysts/Adam-Borg/,28 Aug 2026
Tanya Jakusconek,402,https://stockanalysis.com/analysts/Tanya-Jakusconek/,26 Aug 2026
David Karnovsky,403,https://stockanalysis.com/analysts/David-Karnovsky/,21 Aug 2026
Arren Cyganovich,404,https://stockanalysis.com/analysts/Arren-Cyganovich/,12 Aug 2026
Seth Seifman,407,https://stockanalysis.com/analysts/Seth-Seifman/,19 Aug 2026
Gregory Peters,408,https://stockanalysis.com/analysts/Gregory-Peters/,24 Aug 2026
Kenneth Lee,409,https://stockanalysis.com/analysts/Kenneth-Lee/,20 Aug 2026
Ryan MacWilliams,411,https://stockanalysis.com/analysts/Ryan-MacWilliams/,28 Aug 2026
Ryan Macwilliams,411,https://stockanalysis.com/analysts/Ryan-Macwilliams/,28 Aug 2026
Benjamin Budish,413,https://stockanalysis.com/analysts/Benjamin-Budish/,27 Aug 2026
Karl Keirstead,414,https://stockanalysis.com/analysts/Karl-Keirstead/,28 Aug 2026
Brian Gesuale,415,https://stockanalysis.com/analysts/Brian-Gesuale/,29 Jul 2026
Randy Binner,416,https://stockanalysis.com/analysts/Randy-Binner/,27 Aug 2026
James Lee,417,https://stockanalysis.com/analysts/James-Lee/,27 Feb 2026
Bobby Brooks,418,https://stockanalysis.com/analysts/Bobby-Brooks/,20 Aug 2026
Mark Mahaney,420,https://stockanalysis.com/analysts/Mark-Mahaney/,27 Aug 2026
Chris LaFemina,421,https://stockanalysis.com/analysts/Chris-LaFemina/,25 Aug 2026
Alex Rygiel,422,https://stockanalysis.com/analysts/Alex-Rygiel/,27 Aug 2026
Greg Palm,423,https://stockanalysis.com/analysts/Greg-Palm/,14 Aug 2026
Michael Grondahl,424,https://stockanalysis.com/analysts/Michael-Grondahl/,26 Aug 2026
Trung Huynh,428,https://stockanalysis.com/analysts/Trung-Huynh/,27 Aug 2026
Kyle Menges,431,https://stockanalysis.com/analysts/Kyle-Menges/,24 Aug 2026
Myles Allsop,432,https://stockanalysis.com/analysts/Myles-Allsop/,14 Aug 2026
Andrew Brackmann,433,https://stockanalysis.com/analysts/Andrew-Brackmann/,02 Jul 2026
Yaron Kinar,435,https://stockanalysis.com/analysts/Yaron-Kinar/,11 Aug 2026
Brian Drab,437,https://stockanalysis.com/analysts/Brian-Drab/,28 Aug 2026
Scott Deuschle,438,https://stockanalysis.com/analysts/Scott-Deuschle/,19 Aug 2026
Sean Laaman,440,https://stockanalysis.com/analysts/Sean-Laaman/,26 Aug 2026
Joseph Quatrochi,442,https://stockanalysis.com/analysts/Joseph-Quatrochi/,27 Aug 2026
Neil Mehta,443,https://stockanalysis.com/analysts/Neil-Mehta/,28 Aug 2026
Stephanie Moore,444,https://stockanalysis.com/analysts/Stephanie-Moore/,24 Aug 2026
Anthony Pettinari,445,https://stockanalysis.com/analysts/Anthony-Pettinari/,24 Aug 2026
John Hecht,446,https://stockanalysis.com/analysts/John-Hecht/,18 Aug 2026
Jason Bazinet,447,https://stockanalysis.com/analysts/Jason-Bazinet/,25 Aug 2026
Gary Mobley,448,https://stockanalysis.com/analysts/Gary-Mobley/,27 Aug 2026
Mircea Dobre,449,https://stockanalysis.com/analysts/Mircea-Dobre/,21 Aug 2026
David Scharf,450,https://stockanalysis.com/analysts/David-Scharf/,11 Aug 2026
Jason Butler,451,https://stockanalysis.com/analysts/Jason-Butler/,18 Aug 2026
Fahad Tariq,455,https://stockanalysis.com/analysts/Fahad-Tariq/,21 Aug 2026
Nathan Martin,457,https://stockanalysis.com/analysts/Nathan-Martin/,06 Aug 2026
Stephen Scouten,458,https://stockanalysis.com/analysts/Stephen-Scouten/,27 Aug 2026
Tim Huff,459,https://stockanalysis.com/analysts/Tim-Huff/,11 Aug 2026
Alexander Hacking,460,https://stockanalysis.com/analysts/Alexander-Hacking/,03 Aug 2026
Jason Gabelman,461,https://stockanalysis.com/analysts/Jason-Gabelman/,12 Aug 2026
Eric Handler,464,https://stockanalysis.com/analysts/Eric-Handler/,28 Aug 2026
Gregg Moskowitz,466,https://stockanalysis.com/analysts/Gregg-Moskowitz/,28 Aug 2026
Christian Wetherbee,470,https://stockanalysis.com/analysts/Christian-Wetherbee/,27 Aug 2026
Saket Kalia,471,https://stockanalysis.com/analysts/Saket-Kalia/,28 Aug 2026
Sami Corwin,472,https://stockanalysis.com/analysts/Sami-Corwin/,28 Aug 2026
David Koning,476,https://stockanalysis.com/analysts/David-Koning/,07 Aug 2026
Andrew Nowinski,477,https://stockanalysis.com/analysts/Andrew-Nowinski/,02 Apr 2026
Annabel Samimy,479,https://stockanalysis.com/analysts/Annabel-Samimy/,14 Aug 2026
Kristen Kluska,480,https://stockanalysis.com/analysts/Kristen-Kluska/,27 Aug 2026
Jeff Rulis,484,https://stockanalysis.com/analysts/Jeff-Rulis/,11 Aug 2026
Joseph Gallo,485,https://stockanalysis.com/analysts/Joseph-Gallo/,28 Aug 2026
Brad Zelnick,490,https://stockanalysis.com/analysts/Brad-Zelnick/,27 Aug 2026
Brennan Hawken,492,https://stockanalysis.com/analysts/Brennan-Hawken/,06 Aug 2026
Richard Shane,493,https://stockanalysis.com/analysts/Richard-Shane/,20 Aug 2026
Josh Silverstein,494,https://stockanalysis.com/analysts/Josh-Silverstein/,17 Aug 2026
Keith Weiss,495,https://stockanalysis.com/analysts/Keith-Weiss/,01 Jun 2026
Rupesh Parikh,496,https://stockanalysis.com/analysts/Rupesh-Parikh/,25 Aug 2026
Ittai Kidron,499,https://stockanalysis.com/analysts/Ittai-Kidron/,28 Aug 2026
Brian Abrahams,500,https://stockanalysis.com/analysts/Brian-Abrahams/,25 Aug 2026
Paul Matteis,502,https://stockanalysis.com/analysts/Paul-Matteis/,14 Aug 2026
Jake Sekelsky,504,https://stockanalysis.com/analysts/Jake-Sekelsky/,21 Aug 2026
Debjit Chattopadhyay,505,https://stockanalysis.com/analysts/Debjit-Chattopadhyay/,18 Aug 2026
Harry Fong,506,https://stockanalysis.com/analysts/Harry-Fong/,20 Aug 2026
Lee Horowitz,507,https://stockanalysis.com/analysts/Lee-Horowitz/,13 Mar 2026
Jeet Mukherjee,509,https://stockanalysis.com/analysts/Jeet-Mukherjee/,21 Aug 2026
Robert Hope,510,https://stockanalysis.com/analysts/Robert-Hope/,10 Aug 2026
Jay McCanless,512,https://stockanalysis.com/analysts/Jay-McCanless/,21 Aug 2026
Joseph Bonner,513,https://stockanalysis.com/analysts/Joseph-Bonner/,28 Aug 2026
Edward Kelly,514,https://stockanalysis.com/analysts/Edward-Kelly/,28 Aug 2026
Brian Pitz,515,https://stockanalysis.com/analysts/Brian-Pitz/,28 Aug 2026
Andre Madrid,517,https://stockanalysis.com/analysts/Andre-Madrid/,27 Aug 2026
Bobby Griffin,520,https://stockanalysis.com/analysts/Bobby-Griffin/,28 Aug 2026
Jeffrey Hammond,522,https://stockanalysis.com/analysts/Jeffrey-Hammond/,25 Aug 2026
Hal Goetsch,523,https://stockanalysis.com/analysts/Hal-Goetsch/,27 Aug 2026
Rob Sanderson,524,https://stockanalysis.com/analysts/Rob-Sanderson/,15 Jun 2026
Robert Young,525,https://stockanalysis.com/analysts/Robert-Young/,15 May 2026
Nick Giles,526,https://stockanalysis.com/analysts/Nick-Giles/,21 Aug 2026
Hamed Khorsand,528,https://stockanalysis.com/analysts/Hamed-Khorsand/,21 Aug 2026
Liam Burke,529,https://stockanalysis.com/analysts/Liam-Burke/,31 Aug 2026
Maria Ripps,530,https://stockanalysis.com/analysts/Maria-Ripps/,13 Aug 2026
Justin Walsh,531,https://stockanalysis.com/analysts/Justin-Walsh/,25 Aug 2026
Richard Ramsden,534,https://stockanalysis.com/analysts/Richard-Ramsden/,16 Jul 2026
Peter Weed,537,https://stockanalysis.com/analysts/Peter-Weed/,28 Aug 2026
Mark Moerdler,538,https://stockanalysis.com/analysts/Mark-Moerdler/,28 Aug 2026
John Mackay,539,https://stockanalysis.com/analysts/John-Mackay/,21 Aug 2026
Anthony Chukumba,540,https://stockanalysis.com/analysts/Anthony-Chukumba/,25 Aug 2026
Scott Siefers,541,https://stockanalysis.com/analysts/Scott-Siefers/,14 May 2026
Jade Rahmani,542,https://stockanalysis.com/analysts/Jade-Rahmani/,28 Aug 2026
Laura Prendergast,543,https://stockanalysis.com/analysts/Laura-Prendergast/,27 Aug 2026
Michael Doumet,544,https://stockanalysis.com/analysts/Michael-Doumet/,23 Feb 2026
Douglas Harter,545,https://stockanalysis.com/analysts/Douglas-Harter/,14 Aug 2026
Blair Abernethy,546,https://stockanalysis.com/analysts/Blair-Abernethy/,28 Aug 2026
James Thalacker,547,https://stockanalysis.com/analysts/James-Thalacker/,28 Aug 2026
Konark Gupta,548,https://stockanalysis.com/analysts/Konark-Gupta/,28 Aug 2026
Nicole Deblase,550,https://stockanalysis.com/analysts/Nicole-Deblase/,06 Aug 2026
Gray Powell,551,https://stockanalysis.com/analysts/Gray-Powell/,28 Aug 2026
Hamir Patel,553,https://stockanalysis.com/analysts/Hamir-Patel/,14 Aug 2026
Josh Beck,554,https://stockanalysis.com/analysts/Josh-Beck/,17 Aug 2026
Laura Chico,555,https://stockanalysis.com/analysts/Laura-Chico/,19 Aug 2026
Whitney Ijem,557,https://stockanalysis.com/analysts/Whitney-Ijem/,20 Aug 2026
Ryan Krueger,561,https://stockanalysis.com/analysts/Ryan-Krueger/,11 Aug 2026
Patrick Kenny,562,https://stockanalysis.com/analysts/Patrick-Kenny/,15 Jun 2026
Devin Dodge,563,https://stockanalysis.com/analysts/Devin-Dodge/,17 Aug 2026
Joseph Dickerson,564,https://stockanalysis.com/analysts/Joseph-Dickerson/,04 Aug 2026
Myles Walton,569,https://stockanalysis.com/analysts/Myles-Walton/,26 Aug 2026
Andrew Jeffrey,572,https://stockanalysis.com/analysts/Andrew-Jeffrey/,28 Aug 2026
Akash Tewari,573,https://stockanalysis.com/analysts/Akash-Tewari/,20 Aug 2026
Sheila Kahyaoglu,574,https://stockanalysis.com/analysts/Sheila-Kahyaoglu/,27 Aug 2026
Richard Baldry,575,https://stockanalysis.com/analysts/Richard-Baldry/,27 Aug 2026
David Westenberg,576,https://stockanalysis.com/analysts/David-Westenberg/,27 Aug 2026
Gary Prestopino,579,https://stockanalysis.com/analysts/Gary-Prestopino/,20 Aug 2026
Colin Canfield,580,https://stockanalysis.com/analysts/Colin-Canfield/,10 Aug 2026
Steven Lichtman,581,https://stockanalysis.com/analysts/Steven-Lichtman/,25 Aug 2026
John Massocca,586,https://stockanalysis.com/analysts/John-Massocca/,22 Jul 2026
Maxwell Skor,587,https://stockanalysis.com/analysts/Maxwell-Skor/,28 Aug 2026
Stephen Richardson,594,https://stockanalysis.com/analysts/Stephen-Richardson/,12 Aug 2026
Steven Chubak,595,https://stockanalysis.com/analysts/Steven-Chubak/,12 Aug 2026
Philip Ng,599,https://stockanalysis.com/analysts/Philip-Ng/,18 Aug 2026
Evan Seigerman,600,https://stockanalysis.com/analysts/Evan-Seigerman/,28 Aug 2026
Mitch Kummetz,601,https://stockanalysis.com/analysts/Mitch-Kummetz/,20 Jul 2026
Sandeep Deshpande,602,https://stockanalysis.com/analysts/Sandeep-Deshpande/,19 Aug 2026
Danielle Brill,603,https://stockanalysis.com/analysts/Danielle-Brill/,26 Aug 2026
Andrew Boone,604,https://stockanalysis.com/analysts/Andrew-Boone/,11 Aug 2026
Ted Jackson,605,https://stockanalysis.com/analysts/Ted-Jackson/,21 Aug 2026
Yigal Nochomovitz,606,https://stockanalysis.com/analysts/Yigal-Nochomovitz/,26 Aug 2026
Jed Dorsheimer,607,https://stockanalysis.com/analysts/Jed-Dorsheimer/,28 Aug 2026
Conor Fitzpatrick,608,https://stockanalysis.com/analysts/Conor-Fitzpatrick/,10 Aug 2026
Brandon Bingham,609,https://stockanalysis.com/analysts/Brandon-Bingham/,12 Aug 2026
Stephen Bersey,614,https://stockanalysis.com/analysts/Stephen-Bersey/,10 Aug 2026
Pierre Ferragu,616,https://stockanalysis.com/analysts/Pierre-Ferragu/,30 Jul 2026
Matthew Clark,617,https://stockanalysis.com/analysts/Matthew-Clark/,24 Aug 2026
Paul Golding,620,https://stockanalysis.com/analysts/Paul-Golding/,04 Aug 2026
Derek Podhaizer,623,https://stockanalysis.com/analysts/Derek-Podhaizer/,27 Aug 2026
Stephen Kim,625,https://stockanalysis.com/analysts/Stephen-Kim/,19 Aug 2026
Michael Rollins,626,https://stockanalysis.com/analysts/Michael-Rollins/,14 Aug 2026
Rohit Kulkarni,628,https://stockanalysis.com/analysts/Rohit-Kulkarni/,21 Aug 2026
Lance Vitanza,631,https://stockanalysis.com/analysts/Lance-Vitanza/,24 Aug 2026
Stephen Gengaro,632,https://stockanalysis.com/analysts/Stephen-Gengaro/,27 Aug 2026
Ryan Deschner,640,https://stockanalysis.com/analysts/Ryan-Deschner/,13 Aug 2026
Sam Burwell,642,https://stockanalysis.com/analysts/Sam-Burwell/,18 Aug 2026
David Hoang,643,https://stockanalysis.com/analysts/David-Hoang/,28 Aug 2026
Brian McKenna,645,https://stockanalysis.com/analysts/Brian-McKenna/,07 Aug 2026
John Barnidge,646,https://stockanalysis.com/analysts/John-Barnidge/,06 Mar 2026
Jonathan Atkin,648,https://stockanalysis.com/analysts/Jonathan-Atkin/,20 Aug 2026
Dan Leonard,649,https://stockanalysis.com/analysts/Dan-Leonard/,27 Aug 2026
Mohit Bansal,650,https://stockanalysis.com/analysts/Mohit-Bansal/,27 Aug 2026
Deane Dray,652,https://stockanalysis.com/analysts/Deane-Dray/,18 Aug 2026
Omar Dessouky,653,https://stockanalysis.com/analysts/Omar-Dessouky/,25 Aug 2026
Matt Summerville,654,https://stockanalysis.com/analysts/Matt-Summerville/,24 Aug 2026
Jonathan Komp,655,https://stockanalysis.com/analysts/Jonathan-Komp/,26 Aug 2026
Chris Brendler,656,https://stockanalysis.com/analysts/Chris-Brendler/,28 Aug 2026
Brett Knoblauch,658,https://stockanalysis.com/analysts/Brett-Knoblauch/,27 Aug 2026
Lucas Servera,661,https://stockanalysis.com/analysts/Lucas-Servera/,11 Aug 2026
Suneet Kamath,662,https://stockanalysis.com/analysts/Suneet-Kamath/,13 Jul 2026
Dean Wilkinson,663,https://stockanalysis.com/analysts/Dean-Wilkinson/,14 Aug 2026
Mihir Bhatia,664,https://stockanalysis.com/analysts/Mihir-Bhatia/,24 Aug 2026
Daniel Tamayo,665,https://stockanalysis.com/analysts/Daniel-Tamayo/,27 Aug 2026
David George,666,https://stockanalysis.com/analysts/David-George/,17 Aug 2026
Matt Larew,667,https://stockanalysis.com/analysts/Matt-Larew/,27 Aug 2026
David Joyce,669,https://stockanalysis.com/analysts/David-Joyce/,07 Aug 2026
Alex Kramm,671,https://stockanalysis.com/analysts/Alex-Kramm/,17 Aug 2026
Michael Leshock,672,https://stockanalysis.com/analysts/Michael-Leshock/,28 Aug 2026
John Ivankoe,673,https://stockanalysis.com/analysts/John-Ivankoe/,27 Aug 2026
John Ransom,675,https://stockanalysis.com/analysts/John-Ransom/,31 Jul 2026
Bradley Thomas,676,https://stockanalysis.com/analysts/Bradley-Thomas/,27 Aug 2026
Aaron Bilkoski,679,https://stockanalysis.com/analysts/Aaron-Bilkoski/,27 Aug 2026
Vincent Colicchio,680,https://stockanalysis.com/analysts/Vincent-Colicchio/,21 Aug 2026
Gil Blum,681,https://stockanalysis.com/analysts/Gil-Blum/,21 Aug 2026
Susan Anderson,682,https://stockanalysis.com/analysts/Susan-Anderson/,28 Aug 2026
Justin Crowley,685,https://stockanalysis.com/analysts/Justin-Crowley/,19 Aug 2026
Manuel Navas,689,https://stockanalysis.com/analysts/Manuel-Navas/,26 Aug 2026
Donald Fandetti,694,https://stockanalysis.com/analysts/Donald-Fandetti/,26 Aug 2026
Bascome Majors,695,https://stockanalysis.com/analysts/Bascome-Majors/,06 Aug 2026
Peter Saleh,696,https://stockanalysis.com/analysts/Peter-Saleh/,24 Aug 2026
Michael Tupholme,697,https://stockanalysis.com/analysts/Michael-Tupholme/,18 Aug 2026
Brian Essex,699,https://stockanalysis.com/analysts/Brian-Essex/,28 Aug 2026
Bryan Kraft,700,https://stockanalysis.com/analysts/Bryan-Kraft/,18 Aug 2026
Michael Wiederhorn,702,https://stockanalysis.com/analysts/Michael-Wiederhorn/,19 Aug 2026
Steve Moss,704,https://stockanalysis.com/analysts/Steve-Moss/,31 Jul 2026
Koji Ikeda,705,https://stockanalysis.com/analysts/Koji-Ikeda/,28 Aug 2026
Max Michaelis,706,https://stockanalysis.com/analysts/Max-Michaelis/,27 Aug 2026
Clark Lampen,707,https://stockanalysis.com/analysts/Clark-Lampen/,14 Aug 2026
Mark Shmulik,714,https://stockanalysis.com/analysts/Mark-Shmulik/,20 Aug 2026
Daniel Imbro,716,https://stockanalysis.com/analysts/Daniel-Imbro/,16 Jan 2026
Angie Storozynski,719,https://stockanalysis.com/analysts/Angie-Storozynski/,16 Aug 2026
Allen Lutz,720,https://stockanalysis.com/analysts/Allen-Lutz/,28 Aug 2026
Joe Ritchie,722,https://stockanalysis.com/analysts/Joe-Ritchie/,24 Aug 2026
Gabriela Borges,723,https://stockanalysis.com/analysts/Gabriela-Borges/,28 Aug 2026
Cameron Doerksen,724,https://stockanalysis.com/analysts/Cameron-Doerksen/,19 Aug 2026
Doug Anmuth,725,https://stockanalysis.com/analysts/Doug-Anmuth/,27 Aug 2026
Kingsley Crane,726,https://stockanalysis.com/analysts/Kingsley-Crane/,28 Aug 2026
Fawne Jiang,729,https://stockanalysis.com/analysts/Fawne-Jiang/,26 Aug 2026
Sumant Kulkarni,730,https://stockanalysis.com/analysts/Sumant-Kulkarni/,28 Aug 2026
Joseph Vafi,731,https://stockanalysis.com/analysts/Joseph-Vafi/,28 Aug 2026
Ryan Pfingst,732,https://stockanalysis.com/analysts/Ryan-Pfingst/,17 Aug 2026
Asad Haider,734,https://stockanalysis.com/analysts/Asad-Haider/,26 Aug 2026
Chris Baker,736,https://stockanalysis.com/analysts/Chris-Baker/,10 Aug 2026
Andrew Kligerman,739,https://stockanalysis.com/analysts/Andrew-Kligerman/,28 Aug 2026
Michael Lewis,742,https://stockanalysis.com/analysts/Michael-Lewis/,28 Aug 2026
Terence Flynn,743,https://stockanalysis.com/analysts/Terence-Flynn/,24 Aug 2026
Kristine Liwag,744,https://stockanalysis.com/analysts/Kristine-Liwag/,26 Aug 2026
Devin McDermott,746,https://stockanalysis.com/analysts/Devin-McDermott/,20 Aug 2026
Adam Seiden,747,https://stockanalysis.com/analysts/Adam-Seiden/,21 Aug 2026
Drew Crum,749,https://stockanalysis.com/analysts/Drew-Crum/,28 Aug 2026
Shyam Patil,750,https://stockanalysis.com/analysts/Shyam-Patil/,28 Aug 2026
Laura Martin,751,https://stockanalysis.com/analysts/Laura-Martin/,27 Aug 2026
Daley Li,752,https://stockanalysis.com/analysts/Daley-Li/,19 Aug 2026
Brad Heffern,753,https://stockanalysis.com/analysts/Brad-Heffern/,07 Aug 2026
Serge Belanger,755,https://stockanalysis.com/analysts/Serge-Belanger/,28 Aug 2026
Silvan Tuerkcan,756,https://stockanalysis.com/analysts/Silvan-Tuerkcan/,10 Aug 2026
Durgesh Chopra,762,https://stockanalysis.com/analysts/Durgesh-Chopra/,07 Aug 2026
Andrew Sherman,763,https://stockanalysis.com/analysts/Andrew-Sherman/,28 Aug 2026
Mark Jarvi,764,https://stockanalysis.com/analysts/Mark-Jarvi/,17 Aug 2026
Garik Shmois,765,https://stockanalysis.com/analysts/Garik-Shmois/,25 Aug 2026
David Arcaro,771,https://stockanalysis.com/analysts/David-Arcaro/,21 Aug 2026
Michael Morris,772,https://stockanalysis.com/analysts/Michael-Morris/,25 Aug 2026
Matthew Hedberg,773,https://stockanalysis.com/analysts/Matthew-Hedberg/,28 Aug 2026
Chris Graja,777,https://stockanalysis.com/analysts/Chris-Graja/,19 Aug 2026
Jack Meehan,778,https://stockanalysis.com/analysts/Jack-Meehan/,26 Mar 2026
Nick Doyle,779,https://stockanalysis.com/analysts/Nick-Doyle/,10 Nov 2025
Christopher Kuhn,780,https://stockanalysis.com/analysts/Christopher-Kuhn/,16 Jul 2026
Christopher Carril,782,https://stockanalysis.com/analysts/Christopher-Carril/,27 Aug 2026
Darko Mihelic,783,https://stockanalysis.com/analysts/Darko-Mihelic/,28 Aug 2026
Liam Fitzpatrick,785,https://stockanalysis.com/analysts/Liam-Fitzpatrick/,19 Aug 2026
Rudy Kessinger,787,https://stockanalysis.com/analysts/Rudy-Kessinger/,28 Aug 2026
Scott Graham,788,https://stockanalysis.com/analysts/Scott-Graham/,09 Aug 2026
David Windley,789,https://stockanalysis.com/analysts/David-Windley/,03 Aug 2026
Alexander Potter,793,https://stockanalysis.com/analysts/Alexander-Potter/,27 Aug 2026
Jeff Jones,796,https://stockanalysis.com/analysts/Jeff-Jones/,21 Aug 2026
Yanan Zhu,797,https://stockanalysis.com/analysts/Yanan-Zhu/,26 Aug 2026
Mark Fitzgibbon,803,https://stockanalysis.com/analysts/Mark-Fitzgibbon/,27 Feb 2026
Owen Lau,804,https://stockanalysis.com/analysts/Owen-Lau/,18 Aug 2026
Robert Catellier,805,https://stockanalysis.com/analysts/Robert-Catellier/,28 Aug 2026
Ananda Ghosh,808,https://stockanalysis.com/analysts/Ananda-Ghosh/,25 Aug 2026
Doug Creutz,810,https://stockanalysis.com/analysts/Doug-Creutz/,28 Aug 2026
Jake Bartlett,812,https://stockanalysis.com/analysts/Jake-Bartlett/,18 Mar 2026
Nicolai Kempf,817,https://stockanalysis.com/analysts/Nicolai-Kempf/,14 Aug 2026
Howard Ma,818,https://stockanalysis.com/analysts/Howard-Ma/,27 Aug 2026
Marcio Farid,820,https://stockanalysis.com/analysts/Marcio-Farid/,19 Aug 2026
Sohrab Movahedi,821,https://stockanalysis.com/analysts/Sohrab-Movahedi/,01 Jun 2026
Casey Alexander,822,https://stockanalysis.com/analysts/Casey-Alexander/,10 Mar 2026
Darrin Peller,824,https://stockanalysis.com/analysts/Darrin-Peller/,25 Aug 2026
Jayson Bedford,825,https://stockanalysis.com/analysts/Jayson-Bedford/,07 Aug 2026
David Tarantino,826,https://stockanalysis.com/analysts/David-Tarantino/,23 Jul 2026
Tal Liani,828,https://stockanalysis.com/analysts/Tal-Liani/,28 Aug 2026
Adam Maeder,829,https://stockanalysis.com/analysts/Adam-Maeder/,26 Aug 2026
Raimo Lenschow,830,https://stockanalysis.com/analysts/Raimo-Lenschow/,28 Aug 2026
Brian Morrison,831,https://stockanalysis.com/analysts/Brian-Morrison/,24 Aug 2026
Shweta Khajuria,832,https://stockanalysis.com/analysts/Shweta-Khajuria/,03 Aug 2026
Scott Devitt,833,https://stockanalysis.com/analysts/Scott-Devitt/,20 Aug 2026
Gautam Chhugani,834,https://stockanalysis.com/analysts/Gautam-Chhugani/,28 Aug 2026
David Paige,835,https://stockanalysis.com/analysts/David-Paige/,11 Aug 2026
Lisa Lewandowski,836,https://stockanalysis.com/analysts/Lisa-Lewandowski/,24 Aug 2026
Ben Gerlinger,838,https://stockanalysis.com/analysts/Ben-Gerlinger/,28 Aug 2026
Sean McLoughlin,839,https://stockanalysis.com/analysts/Sean-McLoughlin/,08 May 2026
Gokul Hariharan,845,https://stockanalysis.com/analysts/Gokul-Hariharan/,16 Aug 2026
James Fish,846,https://stockanalysis.com/analysts/James-Fish/,28 Aug 2026
Mark Murphy,847,https://stockanalysis.com/analysts/Mark-Murphy/,14 Jul 2026
Doug Leggate,848,https://stockanalysis.com/analysts/Doug-Leggate/,03 Aug 2026
Benjamin Swinburne,849,https://stockanalysis.com/analysts/Benjamin-Swinburne/,16 Mar 2026
Anthony Stoss,850,https://stockanalysis.com/analysts/Anthony-Stoss/,20 Aug 2026
Peter Peng,858,https://stockanalysis.com/analysts/Peter-Peng/,08 May 2026
Michael Brown,859,https://stockanalysis.com/analysts/Michael-Brown/,14 Aug 2026
Glenn Schorr,860,https://stockanalysis.com/analysts/Glenn-Schorr/,10 Aug 2026
John Heinbockel,861,https://stockanalysis.com/analysts/John-Heinbockel/,27 Aug 2026
Nicholas Campanella,862,https://stockanalysis.com/analysts/Nicholas-Campanella/,13 Aug 2026
Simon Yarmak,864,https://stockanalysis.com/analysts/Simon-Yarmak/,19 Aug 2026
Alexander Duval,866,https://stockanalysis.com/analysts/Alexander-Duval/,25 Aug 2026
Youssef Squali,867,https://stockanalysis.com/analysts/Youssef-Squali/,27 Aug 2026
Catherine Novack,868,https://stockanalysis.com/analysts/Catherine-Novack/,31 Jul 2026
Ryan Nash,872,https://stockanalysis.com/analysts/Ryan-Nash/,10 Aug 2026
Kenneth Zener,873,https://stockanalysis.com/analysts/Kenneth-Zener/,06 Apr 2026
Cherilyn Radbourne,874,https://stockanalysis.com/analysts/Cherilyn-Radbourne/,14 Aug 2026
Elyse Greenspan,875,https://stockanalysis.com/analysts/Elyse-Greenspan/,20 Aug 2026
Arun Jayaram,876,https://stockanalysis.com/analysts/Arun-Jayaram/,17 Aug 2026
Tessa Romero,877,https://stockanalysis.com/analysts/Tessa-Romero/,20 Aug 2026
John Kernan,878,https://stockanalysis.com/analysts/John-Kernan/,04 Dec 2025
Steven Wieczynski,882,https://stockanalysis.com/analysts/Steven-Wieczynski/,28 Aug 2026
Mohammed Khallouf,885,https://stockanalysis.com/analysts/Mohammed-Khallouf/,10 Aug 2026
Dave Rochester,886,https://stockanalysis.com/analysts/Dave-Rochester/,19 Aug 2026
Mario Saric,887,https://stockanalysis.com/analysts/Mario-Saric/,11 Aug 2026
Alicia Reese,888,https://stockanalysis.com/analysts/Alicia-Reese/,12 Aug 2026
Ann Hynes,889,https://stockanalysis.com/analysts/Ann-Hynes/,11 Aug 2026
Yun Kim,890,https://stockanalysis.com/analysts/Yun-Kim/,04 Aug 2026
Timothy Horan,891,https://stockanalysis.com/analysts/Timothy-Horan/,19 Aug 2026
Michael Halloran,893,https://stockanalysis.com/analysts/Michael-Halloran/,21 Aug 2026
Jeff Martin,894,https://stockanalysis.com/analysts/Jeff-Martin/,21 Aug 2026
Salveen Richter,896,https://stockanalysis.com/analysts/Salveen-Richter/,20 Aug 2026
Mark Argento,897,https://stockanalysis.com/analysts/Mark-Argento/,07 Aug 2026
Stephen Willey,898,https://stockanalysis.com/analysts/Stephen-Willey/,17 Aug 2026
Adam Vogel,901,https://stockanalysis.com/analysts/Adam-Vogel/,12 Aug 2026
Oliver Wintermantel,902,https://stockanalysis.com/analysts/Oliver-Wintermantel/,27 Aug 2026
Kevin Heal,903,https://stockanalysis.com/analysts/Kevin-Heal/,28 Aug 2026
Eddie Hickman,904,https://stockanalysis.com/analysts/Eddie-Hickman/,14 Aug 2026
Andy Chen,905,https://stockanalysis.com/analysts/Andy-Chen/,04 Aug 2026
Chris Dankert,906,https://stockanalysis.com/analysts/Chris-Dankert/,24 Aug 2026
Michael Carroll,908,https://stockanalysis.com/analysts/Michael-Carroll/,24 Aug 2026
Alex Scott,909,https://stockanalysis.com/analysts/Alex-Scott/,21 Aug 2026
Jonathan Petersen,910,https://stockanalysis.com/analysts/Jonathan-Petersen/,25 Aug 2026
Joel Jackson,911,https://stockanalysis.com/analysts/Joel-Jackson/,21 Aug 2026
John Staszak,913,https://stockanalysis.com/analysts/John-Staszak/,27 Aug 2026
Paul Treiber,915,https://stockanalysis.com/analysts/Paul-Treiber/,26 Aug 2026
Brad Reback,916,https://stockanalysis.com/analysts/Brad-Reback/,30 Aug 2026
Philippe Houchois,917,https://stockanalysis.com/analysts/Philippe-Houchois/,26 Aug 2026
Gregory Miller,919,https://stockanalysis.com/analysts/Gregory-Miller/,28 Aug 2026
Richard Anderson,920,https://stockanalysis.com/analysts/Richard-Anderson/,27 Aug 2026
Lauren Silberman,923,https://stockanalysis.com/analysts/Lauren-Silberman/,24 Aug 2026
Louis Miscioscia,924,https://stockanalysis.com/analysts/Louis-Miscioscia/,12 May 2026
Peter Levine,928,https://stockanalysis.com/analysts/Peter-Levine/,27 Aug 2026
Kunal Madhukar,929,https://stockanalysis.com/analysts/Kunal-Madhukar/,25 Aug 2026
Peter Heckmann,930,https://stockanalysis.com/analysts/Peter-Heckmann/,28 Aug 2026
John Blackledge,931,https://stockanalysis.com/analysts/John-Blackledge/,27 Aug 2026
Jeremy Hamblin,932,https://stockanalysis.com/analysts/Jeremy-Hamblin/,28 Aug 2026
Katherine Lei,935,https://stockanalysis.com/analysts/Katherine-Lei/,26 Aug 2026
David Vernon,938,https://stockanalysis.com/analysts/David-Vernon/,24 Aug 2026
David Toung,939,https://stockanalysis.com/analysts/David-Toung/,20 Aug 2026
Brian Bittner,940,https://stockanalysis.com/analysts/Brian-Bittner/,24 Aug 2026
Christopher Horvers,941,https://stockanalysis.com/analysts/Christopher-Horvers/,28 Aug 2026
Jeremy Tonet,944,https://stockanalysis.com/analysts/Jeremy-Tonet/,25 Aug 2026
Tycho Peterson,945,https://stockanalysis.com/analysts/Tycho-Peterson/,17 Aug 2026
Phillip Jungwirth,946,https://stockanalysis.com/analysts/Phillip-Jungwirth/,27 Aug 2026
Zach Cummins,947,https://stockanalysis.com/analysts/Zach-Cummins/,14 Aug 2026
Martin Yang,948,https://stockanalysis.com/analysts/Martin-Yang/,11 Aug 2026
Mitchell Kapoor,949,https://stockanalysis.com/analysts/Mitchell-Kapoor/,28 Aug 2026
Craig Irwin,950,https://stockanalysis.com/analysts/Craig-Irwin/,26 Aug 2026
Scott Searle,951,https://stockanalysis.com/analysts/Scott-Searle/,31 Aug 2026
Kelly Bania,954,https://stockanalysis.com/analysts/Kelly-Bania/,28 Aug 2026
Keith Bachman,959,https://stockanalysis.com/analysts/Keith-Bachman/,28 Aug 2026
Edison Lee,960,https://stockanalysis.com/analysts/Edison-Lee/,24 Aug 2026
Bernie McTernan,961,https://stockanalysis.com/analysts/Bernie-McTernan/,26 Aug 2026
Ben Reitzes,967,https://stockanalysis.com/analysts/Ben-Reitzes/,29 Jun 2026
Andrew Liesch,970,https://stockanalysis.com/analysts/Andrew-Liesch/,08 Jul 2026
Joseph Catanzaro,974,https://stockanalysis.com/analysts/Joseph-Catanzaro/,13 Aug 2026
Alexandra Yates,977,https://stockanalysis.com/analysts/Alexandra-Yates/,21 Aug 2026
Dara Mohsenian,983,https://stockanalysis.com/analysts/Dara-Mohsenian/,25 Aug 2026
Vivek Juneja,985,https://stockanalysis.com/analysts/Vivek-Juneja/,04 Aug 2026
Eric Coldwell,986,https://stockanalysis.com/analysts/Eric-Coldwell/,11 Aug 2026
Steven Cahall,988,https://stockanalysis.com/analysts/Steven-Cahall/,14 Aug 2026
Patrick Sholl,989,https://stockanalysis.com/analysts/Patrick-Sholl/,13 Aug 2026
Jonathan Ho,990,https://stockanalysis.com/analysts/Jonathan-Ho/,28 Aug 2026
Patrick Scholes,991,https://stockanalysis.com/analysts/Patrick-Scholes/,20 Aug 2026
RJ Milligan,996,https://stockanalysis.com/analysts/RJ-Milligan/,28 Jul 2026
Victoria McCulloch,999,https://stockanalysis.com/analysts/Victoria-McCulloch/,24 Aug 2026
Craig Hettenbach,1001,https://stockanalysis.com/analysts/Craig-Hettenbach/,27 Aug 2026
Jeff Cantwell,1003,https://stockanalysis.com/analysts/Jeff-Cantwell/,17 Aug 2026
Brian Cheng,1004,https://stockanalysis.com/analysts/Brian-Cheng/,27 Aug 2026
Ivan Feinseth,1005,https://stockanalysis.com/analysts/Ivan-Feinseth/,26 Aug 2026
Eric Sheridan,1006,https://stockanalysis.com/analysts/Eric-Sheridan/,27 Aug 2026
Dan Dolev,1007,https://stockanalysis.com/analysts/Dan-Dolev/,28 Aug 2026
Anthony Petrone,1008,https://stockanalysis.com/analysts/Anthony-Petrone/,21 Aug 2026
Gil Luria,1009,https://stockanalysis.com/analysts/Gil-Luria/,27 Aug 2026
Justin Clare,1010,https://stockanalysis.com/analysts/Justin-Clare/,28 Aug 2026
Luke Sergott,1011,https://stockanalysis.com/analysts/Luke-Sergott/,27 Aug 2026
Eric Martinuzzi,1012,https://stockanalysis.com/analysts/Eric-Martinuzzi/,27 Aug 2026
Jay Huang,1017,https://stockanalysis.com/analysts/Jay-Huang/,20 Jul 2026
Ronald Kamdem,1018,https://stockanalysis.com/analysts/Ronald-Kamdem/,25 Aug 2026
Alexander Pearce,1019,https://stockanalysis.com/analysts/Alexander-Pearce/,22 Jul 2026
Mark Lear,1021,https://stockanalysis.com/analysts/Mark-Lear/,10 Apr 2026
Kirk Materne,1022,https://stockanalysis.com/analysts/Kirk-Materne/,27 Aug 2026
Matthew Bouley,1023,https://stockanalysis.com/analysts/Matthew-Bouley/,25 Aug 2026
Scott Schneeberger,1024,https://stockanalysis.com/analysts/Scott-Schneeberger/,26 Aug 2026
Joseph Osha,1025,https://stockanalysis.com/analysts/Joseph-Osha/,26 Aug 2026
Richard Close,1026,https://stockanalysis.com/analysts/Richard-Close/,21 Aug 2026
Bennett Moore,1028,https://stockanalysis.com/analysts/Bennett-Moore/,14 Aug 2026
Tazeen Ahmad,1033,https://stockanalysis.com/analysts/Tazeen-Ahmad/,31 Aug 2026
Omotayo Okusanya,1034,https://stockanalysis.com/analysts/Omotayo-Okusanya/,27 Aug 2026
Joshua Shanker,1035,https://stockanalysis.com/analysts/Joshua-Shanker/,20 Aug 2026
David Anderson,1037,https://stockanalysis.com/analysts/David-Anderson/,20 Aug 2026
Martin Auster,1038,https://stockanalysis.com/analysts/Martin-Auster/,25 Aug 2026
Robert Driscoll,1039,https://stockanalysis.com/analysts/Robert-Driscoll/,20 Aug 2026
Josh Nichols,1040,https://stockanalysis.com/analysts/Josh-Nichols/,28 Aug 2026
Michael Zaremski,1045,https://stockanalysis.com/analysts/Michael-Zaremski/,25 Aug 2026
Michael Rose,1049,https://stockanalysis.com/analysts/Michael-Rose/,23 Jul 2026
Ian Zaffino,1051,https://stockanalysis.com/analysts/Ian-Zaffino/,12 Aug 2026
Subash Chandra,1052,https://stockanalysis.com/analysts/Subash-Chandra/,11 Aug 2026
Stephen Ju,1053,https://stockanalysis.com/analysts/Stephen-Ju/,27 Aug 2026
Steven Seedhouse,1054,https://stockanalysis.com/analysts/Steven-Seedhouse/,21 Aug 2026
Crispin Love,1057,https://stockanalysis.com/analysts/Crispin-Love/,11 Aug 2026
Tami Zakaria,1060,https://stockanalysis.com/analysts/Tami-Zakaria/,21 Aug 2026
Kevin Chiang,1062,https://stockanalysis.com/analysts/Kevin-Chiang/,19 Aug 2026
Joseph Stauff,1063,https://stockanalysis.com/analysts/Joseph-Stauff/,20 Aug 2026
Curry Baker,1064,https://stockanalysis.com/analysts/Curry-Baker/,26 Aug 2026
Colin Sebastian,1065,https://stockanalysis.com/analysts/Colin-Sebastian/,21 Aug 2026
Jeff Johnson,1066,https://stockanalysis.com/analysts/Jeff-Johnson/,07 Aug 2026
Mark Zgutowicz,1067,https://stockanalysis.com/analysts/Mark-Zgutowicz/,27 Aug 2026
Yuan Zhi,1068,https://stockanalysis.com/analysts/Yuan-Zhi/,18 Aug 2026
Thomas Shrader,1069,https://stockanalysis.com/analysts/Thomas-Shrader/,26 Aug 2026
Brian Kinstlinger,1070,https://stockanalysis.com/analysts/Brian-Kinstlinger/,26 Aug 2026
Robert Stallard,1072,https://stockanalysis.com/analysts/Robert-Stallard/,01 Jul 2026
Brian Mullan,1077,https://stockanalysis.com/analysts/Brian-Mullan/,24 Aug 2026
Rafe Jadrosich,1079,https://stockanalysis.com/analysts/Rafe-Jadrosich/,27 Aug 2026
George Hill,1080,https://stockanalysis.com/analysts/George-Hill/,13 Aug 2026
Andy Barish,1081,https://stockanalysis.com/analysts/Andy-Barish/,24 Aug 2026
Jeff Schmitt,1085,https://stockanalysis.com/analysts/Jeff-Schmitt/,20 Aug 2026
Derick Ma,1088,https://stockanalysis.com/analysts/Derick-Ma/,24 Jul 2026
Christopher Marinac,1089,https://stockanalysis.com/analysts/Christopher-Marinac/,12 Jun 2026
Duffy Fischer,1090,https://stockanalysis.com/analysts/Duffy-Fischer/,24 Aug 2026
Michael Diana,1093,https://stockanalysis.com/analysts/Michael-Diana/,27 Aug 2026
Jon Tower,1094,https://stockanalysis.com/analysts/Jon-Tower/,13 Aug 2026
Lisa Gill,1095,https://stockanalysis.com/analysts/Lisa-Gill/,26 Aug 2026
Matthew Galinko,1096,https://stockanalysis.com/analysts/Matthew-Galinko/,28 Aug 2026
Matthew Martino,1098,https://stockanalysis.com/analysts/Matthew-Martino/,28 Aug 2026
Stephen Laszczyk,1105,https://stockanalysis.com/analysts/Stephen-Laszczyk/,11 Aug 2026
Ralph Schackart,1110,https://stockanalysis.com/analysts/Ralph-Schackart/,27 Aug 2026
Sean McCutcheon,1112,https://stockanalysis.com/analysts/Sean-McCutcheon/,27 Aug 2026
Thomas Flaten,1113,https://stockanalysis.com/analysts/Thomas-Flaten/,28 Aug 2026
Erika Najarian,1121,https://stockanalysis.com/analysts/Erika-Najarian/,05 Aug 2026
Thomas Wadewitz,1123,https://stockanalysis.com/analysts/Thomas-Wadewitz/,07 Aug 2026
Brandon Oglenski,1124,https://stockanalysis.com/analysts/Brandon-Oglenski/,07 Aug 2026
Greg Gibas,1126,https://stockanalysis.com/analysts/Greg-Gibas/,27 Aug 2026
Darren Aftahi,1127,https://stockanalysis.com/analysts/Darren-Aftahi/,11 Aug 2026
Guy Hardwick,1129,https://stockanalysis.com/analysts/Guy-Hardwick/,21 Aug 2026
Andrew Steinerman,1131,https://stockanalysis.com/analysts/Andrew-Steinerman/,17 Aug 2026
Anthony Crowdell,1132,https://stockanalysis.com/analysts/Anthony-Crowdell/,27 Aug 2026
Ashwani Verma,1133,https://stockanalysis.com/analysts/Ashwani-Verma/,24 Aug 2026
Zach Parham,1134,https://stockanalysis.com/analysts/Zach-Parham/,06 May 2026
Kannan Venkateshwar,1139,https://stockanalysis.com/analysts/Kannan-Venkateshwar/,07 Aug 2026
Barton Crockett,1140,https://stockanalysis.com/analysts/Barton-Crockett/,27 Aug 2026
Tiago Fauth,1143,https://stockanalysis.com/analysts/Tiago-Fauth/,17 Aug 2026
Alex Markgraff,1144,https://stockanalysis.com/analysts/Alex-Markgraff/,26 Aug 2026
Terry McEvoy,1150,https://stockanalysis.com/analysts/Terry-McEvoy/,16 Jul 2026
Peter Winter,1151,https://stockanalysis.com/analysts/Peter-Winter/,03 Aug 2026
Michael Feniger,1152,https://stockanalysis.com/analysts/Michael-Feniger/,21 Aug 2026
Tobey Sommer,1153,https://stockanalysis.com/analysts/Tobey-Sommer/,30 Aug 2026
Trey Grooms,1154,https://stockanalysis.com/analysts/Trey-Grooms/,07 Aug 2026
Matthew Prisco,1155,https://stockanalysis.com/analysts/Matthew-Prisco/,17 Aug 2026
Steven Forbes,1156,https://stockanalysis.com/analysts/Steven-Forbes/,27 Aug 2026
Joseph Altobello,1157,https://stockanalysis.com/analysts/Joseph-Altobello/,07 Aug 2026
Todd Coupland,1158,https://stockanalysis.com/analysts/Todd-Coupland/,17 Aug 2026
Mark Cash,1160,https://stockanalysis.com/analysts/Mark-Cash/,07 Aug 2026
Timothy Coffey,1162,https://stockanalysis.com/analysts/Timothy-Coffey/,30 Jul 2026
Christopher Snyder,1168,https://stockanalysis.com/analysts/Christopher-Snyder/,28 Aug 2026
Matthew Taylor,1169,https://stockanalysis.com/analysts/Matthew-Taylor/,21 Aug 2026
Corinne Johnson,1170,https://stockanalysis.com/analysts/Corinne-Johnson/,16 Jul 2026
Reuben Garner,1182,https://stockanalysis.com/analysts/Reuben-Garner/,17 Aug 2026
Daniel Cardenas,1187,https://stockanalysis.com/analysts/Daniel-Cardenas/,17 Aug 2026
David Motemaden,1189,https://stockanalysis.com/analysts/David-Motemaden/,18 Aug 2026
Tim Anderson,1191,https://stockanalysis.com/analysts/Tim-Anderson/,18 Dec 2025
Bryan Keane,1193,https://stockanalysis.com/analysts/Bryan-Keane/,28 Aug 2026
Adam Berlin,1194,https://stockanalysis.com/analysts/Adam-Berlin/,07 Aug 2026
Thomas Chong,1195,https://stockanalysis.com/analysts/Thomas-Chong/,27 Aug 2026
Maury Raycroft,1196,https://stockanalysis.com/analysts/Maury-Raycroft/,06 Aug 2026
Ingo Wermann,1202,https://stockanalysis.com/analysts/Ingo-Wermann/,27 Aug 2026
Rajesh Kumar,1203,https://stockanalysis.com/analysts/Rajesh-Kumar/,13 Jul 2026
Pito Chickering,1204,https://stockanalysis.com/analysts/Pito-Chickering/,06 Aug 2026
Bill Selesky,1205,https://stockanalysis.com/analysts/Bill-Selesky/,19 Aug 2026
Joshua Chan,1206,https://stockanalysis.com/analysts/Joshua-Chan/,26 Aug 2026
Meta Marshall,1207,https://stockanalysis.com/analysts/Meta-Marshall/,28 Aug 2026
Patrick Colville,1208,https://stockanalysis.com/analysts/Patrick-Colville/,28 Aug 2026
Thomas Blakey,1209,https://stockanalysis.com/analysts/Thomas-Blakey/,27 Aug 2026
Jeffrey Silber,1210,https://stockanalysis.com/analysts/Jeffrey-Silber/,24 Aug 2026
Michael Elias,1211,https://stockanalysis.com/analysts/Michael-Elias/,14 Aug 2026
Biren Amin,1212,https://stockanalysis.com/analysts/Biren-Amin/,27 Aug 2026
Bradley Canino,1213,https://stockanalysis.com/analysts/Bradley-Canino/,16 Aug 2026
Kalpit Patel,1214,https://stockanalysis.com/analysts/Kalpit-Patel/,24 Aug 2026
Rowland Mayor,1216,https://stockanalysis.com/analysts/Rowland-Mayor/,14 Aug 2026
Eugene Hsiao,1222,https://stockanalysis.com/analysts/Eugene-Hsiao/,25 Aug 2026
Paul Lejuez,1225,https://stockanalysis.com/analysts/Paul-Lejuez/,28 Aug 2026
Eric Joseph,1226,https://stockanalysis.com/analysts/Eric-Joseph/,14 Aug 2026
Troy Jensen,1227,https://stockanalysis.com/analysts/Troy-Jensen/,11 Aug 2026
David Dai,1232,https://stockanalysis.com/analysts/David-Dai/,21 Aug 2026
Jessica Fye,1235,https://stockanalysis.com/analysts/Jessica-Fye/,21 Aug 2026
Alan Gould,1236,https://stockanalysis.com/analysts/Alan-Gould/,04 Jun 2026
Timothy Wojs,1237,https://stockanalysis.com/analysts/Timothy-Wojs/,11 Aug 2026
Michael Swartz,1238,https://stockanalysis.com/analysts/Michael-Swartz/,21 Apr 2026
Hanwen Chang,1245,https://stockanalysis.com/analysts/Hanwen-Chang/,13 Aug 2026
Christopher Nolan,1246,https://stockanalysis.com/analysts/Christopher-Nolan/,07 Aug 2026
Bret Jordan,1247,https://stockanalysis.com/analysts/Bret-Jordan/,13 Aug 2026
Paul Choi,1249,https://stockanalysis.com/analysts/Paul-Choi/,31 Aug 2026
Michael Baker,1250,https://stockanalysis.com/analysts/Michael-Baker/,28 Aug 2026
Suraj Kalia,1251,https://stockanalysis.com/analysts/Suraj-Kalia/,24 Aug 2026
Kelsey Chia,1253,https://stockanalysis.com/analysts/Kelsey-Chia/,27 Aug 2026
Alexander Slagle,1256,https://stockanalysis.com/analysts/Alexander-Slagle/,14 May 2026
David Vogt,1258,https://stockanalysis.com/analysts/David-Vogt/,27 Aug 2026
John Hodulik,1260,https://stockanalysis.com/analysts/John-Hodulik/,17 Aug 2026
Tavy Rosner,1261,https://stockanalysis.com/analysts/Tavy-Rosner/,18 Mar 2026
Mark Carden,1269,https://stockanalysis.com/analysts/Mark-Carden/,27 Aug 2026
David Bishop,1270,https://stockanalysis.com/analysts/David-Bishop/,27 Jul 2026
Richard Garchitorena,1271,https://stockanalysis.com/analysts/Richard-Garchitorena/,24 Aug 2026
Timur Braziler,1275,https://stockanalysis.com/analysts/Timur-Braziler/,10 Aug 2026
Todd Thomas,1277,https://stockanalysis.com/analysts/Todd-Thomas/,18 Aug 2026
Sanjit Singh,1279,https://stockanalysis.com/analysts/Sanjit-Singh/,28 Aug 2026
Amit Mehrotra,1281,https://stockanalysis.com/analysts/Amit-Mehrotra/,17 Aug 2026
David Stanton,1282,https://stockanalysis.com/analysts/David-Stanton/,27 Aug 2026
Daniel Arias,1283,https://stockanalysis.com/analysts/Daniel-Arias/,27 Aug 2026
David Long,1284,https://stockanalysis.com/analysts/David-Long/,01 Jul 2026
Connor Murphy,1287,https://stockanalysis.com/analysts/Connor-Murphy/,28 Aug 2026
Jimmy Shan,1291,https://stockanalysis.com/analysts/Jimmy-Shan/,18 Aug 2026
Manan Gosalia,1293,https://stockanalysis.com/analysts/Manan-Gosalia/,05 Aug 2026
Chris Schott,1294,https://stockanalysis.com/analysts/Chris-Schott/,26 Aug 2026
Brian Nowak,1295,https://stockanalysis.com/analysts/Brian-Nowak/,25 Aug 2026
Aleksey Yefremov,1297,https://stockanalysis.com/analysts/Aleksey-Yefremov/,04 Mar 2026
David Deckelbaum,1300,https://stockanalysis.com/analysts/David-Deckelbaum/,26 Mar 2026
Tate Sullivan,1301,https://stockanalysis.com/analysts/Tate-Sullivan/,21 Aug 2026
Andreas Argyrides,1302,https://stockanalysis.com/analysts/Andreas-Argyrides/,19 Aug 2026
Michael Kupinski,1303,https://stockanalysis.com/analysts/Michael-Kupinski/,28 Aug 2026
Harshita Rawat,1305,https://stockanalysis.com/analysts/Harshita-Rawat/,27 Aug 2026
Jimmy Bhullar,1308,https://stockanalysis.com/analysts/Jimmy-Bhullar/,20 Apr 2026
Douglas Harned,1312,https://stockanalysis.com/analysts/Douglas-Harned/,24 Aug 2026
Eric Luebchow,1313,https://stockanalysis.com/analysts/Eric-Luebchow/,27 Aug 2026
Ben Hendrix,1314,https://stockanalysis.com/analysts/Ben-Hendrix/,27 Aug 2026
Sabahat Khan,1315,https://stockanalysis.com/analysts/Sabahat-Khan/,24 Aug 2026
Michael Linenberg,1316,https://stockanalysis.com/analysts/Michael-Linenberg/,31 Jul 2026
William Janela,1317,https://stockanalysis.com/analysts/William-Janela/,04 Aug 2026
Mike Kratky,1318,https://stockanalysis.com/analysts/Mike-Kratky/,06 Aug 2026
Brian Foran,1319,https://stockanalysis.com/analysts/Brian-Foran/,04 Aug 2026
Sudan Loganathan,1320,https://stockanalysis.com/analysts/Sudan-Loganathan/,04 Jun 2026
Chiara Battistini,1321,https://stockanalysis.com/analysts/Chiara-Battistini/,13 Aug 2026
Andrei Stadnik,1323,https://stockanalysis.com/analysts/Andrei-Stadnik/,27 Apr 2026
Bonnie Herzog,1326,https://stockanalysis.com/analysts/Bonnie-Herzog/,25 Aug 2026
Nelson Ng,1328,https://stockanalysis.com/analysts/Nelson-Ng/,14 Aug 2026
Kurt Yinger,1329,https://stockanalysis.com/analysts/Kurt-Yinger/,24 Aug 2026
Mauricio Serna,1330,https://stockanalysis.com/analysts/Mauricio-Serna/,27 Aug 2026
Robbie Marcus,1331,https://stockanalysis.com/analysts/Robbie-Marcus/,20 Aug 2026
Richard Newitter,1332,https://stockanalysis.com/analysts/Richard-Newitter/,27 Aug 2026
Mark Smith,1333,https://stockanalysis.com/analysts/Mark-Smith/,07 Aug 2026
Geulah Livshits,1334,https://stockanalysis.com/analysts/Geulah-Livshits/,07 Jul 2026
Matthew Weston,1338,https://stockanalysis.com/analysts/Matthew-Weston/,20 Aug 2026
Ketan Mamtora,1341,https://stockanalysis.com/analysts/Ketan-Mamtora/,17 Aug 2026
John Royall,1343,https://stockanalysis.com/analysts/John-Royall/,10 Aug 2026
Adam Klauber,1344,https://stockanalysis.com/analysts/Adam-Klauber/,26 Aug 2026
Scott Group,1345,https://stockanalysis.com/analysts/Scott-Group/,11 Aug 2026
Alexei Gogolev,1346,https://stockanalysis.com/analysts/Alexei-Gogolev/,27 Aug 2026
Brian Tanquilut,1347,https://stockanalysis.com/analysts/Brian-Tanquilut/,21 Aug 2026
Justin Kim,1348,https://stockanalysis.com/analysts/Justin-Kim/,08 Jun 2026
Chris Parkinson,1357,https://stockanalysis.com/analysts/Chris-Parkinson/,10 Aug 2026
Greg Melich,1359,https://stockanalysis.com/analysts/Greg-Melich/,21 Aug 2026
Vijay Kumar,1361,https://stockanalysis.com/analysts/Vijay-Kumar/,27 Aug 2026
Vikram Gandhi,1366,https://stockanalysis.com/analysts/Vikram-Gandhi/,20 Jul 2026
Kelly Motta,1368,https://stockanalysis.com/analysts/Kelly-Motta/,03 Aug 2026
David Raso,1369,https://stockanalysis.com/analysts/David-Raso/,02 Aug 2026
Clark Wright,1371,https://stockanalysis.com/analysts/Clark-Wright/,28 Aug 2026
Kristina Ruggeri,1373,https://stockanalysis.com/analysts/Kristina-Ruggeri/,20 Aug 2026
Ghansham Panjabi,1376,https://stockanalysis.com/analysts/Ghansham-Panjabi/,13 Aug 2026
Stephanie Price,1377,https://stockanalysis.com/analysts/Stephanie-Price/,14 Aug 2026
Josh Baer,1378,https://stockanalysis.com/analysts/Josh-Baer/,26 Aug 2026
Brian Schwartz,1380,https://stockanalysis.com/analysts/Brian-Schwartz/,28 Aug 2026
Matthew Caufield,1381,https://stockanalysis.com/analysts/Matthew-Caufield/,17 Aug 2026
Justin Lake,1386,https://stockanalysis.com/analysts/Justin-Lake/,05 May 2026
John Colantuoni,1388,https://stockanalysis.com/analysts/John-Colantuoni/,10 Aug 2026
John Lovallo,1389,https://stockanalysis.com/analysts/John-Lovallo/,20 Aug 2026
Shlomo Rosenbaum,1390,https://stockanalysis.com/analysts/Shlomo-Rosenbaum/,14 Aug 2026
Jake Fuller,1392,https://stockanalysis.com/analysts/Jake-Fuller/,27 Aug 2026
Brandt Montour,1393,https://stockanalysis.com/analysts/Brandt-Montour/,21 Aug 2026
Justin Patterson,1394,https://stockanalysis.com/analysts/Justin-Patterson/,27 Aug 2026
Rick Patel,1395,https://stockanalysis.com/analysts/Rick-Patel/,27 Aug 2026
Luke Hannan,1396,https://stockanalysis.com/analysts/Luke-Hannan/,06 Aug 2026
Michael Latimore,1397,https://stockanalysis.com/analysts/Michael-Latimore/,27 Aug 2026
Radi Sultan,1400,https://stockanalysis.com/analysts/Radi-Sultan/,28 Aug 2026
Amos Fletcher,1405,https://stockanalysis.com/analysts/Amos-Fletcher/,28 Aug 2026
Bill Peterson,1407,https://stockanalysis.com/analysts/Bill-Peterson/,10 Aug 2026
Robert Wasserman,1409,https://stockanalysis.com/analysts/Robert-Wasserman/,10 Aug 2026
Steven Etoch,1410,https://stockanalysis.com/analysts/Steven-Etoch/,27 Jul 2026
Chad Dillard,1412,https://stockanalysis.com/analysts/Chad-Dillard/,21 Aug 2026
Michael Ryskin,1414,https://stockanalysis.com/analysts/Michael-Ryskin/,27 Aug 2026
Robert Stein,1415,https://stockanalysis.com/analysts/Robert-Stein/,12 Aug 2026
Arjun Bhatia,1418,https://stockanalysis.com/analysts/Arjun-Bhatia/,27 Aug 2026
Stephen Byrd,1419,https://stockanalysis.com/analysts/Stephen-Byrd/,13 Aug 2026
Brian Peterson,1420,https://stockanalysis.com/analysts/Brian-Peterson/,27 Aug 2026
Anne Ling,1424,https://stockanalysis.com/analysts/Anne-Ling/,28 Aug 2026
Edward Tenthoff,1425,https://stockanalysis.com/analysts/Edward-Tenthoff/,27 Aug 2026
Peter Supino,1432,https://stockanalysis.com/analysts/Peter-Supino/,25 Aug 2026
Kyle Joseph,1433,https://stockanalysis.com/analysts/Kyle-Joseph/,11 Aug 2026
Duane Pfennigwerth,1435,https://stockanalysis.com/analysts/Duane-Pfennigwerth/,19 Aug 2026
Buck Horne,1437,https://stockanalysis.com/analysts/Buck-Horne/,10 Jul 2026
Jason Celino,1439,https://stockanalysis.com/analysts/Jason-Celino/,28 Aug 2026
Bruno Amorim,1445,https://stockanalysis.com/analysts/Bruno-Amorim/,26 Aug 2026
Cameron Bean,1448,https://stockanalysis.com/analysts/Cameron-Bean/,01 Apr 2026
Christopher Stathoulopoulos,1449,https://stockanalysis.com/analysts/Christopher-Stathoulopoulos/,18 Aug 2026
Adithya Metuku,1457,https://stockanalysis.com/analysts/Adithya-Metuku/,27 Jul 2026
Robert Kad,1461,https://stockanalysis.com/analysts/Robert-Kad/,26 Aug 2026
Michael Rehaut,1464,https://stockanalysis.com/analysts/Michael-Rehaut/,16 Jun 2026
Mathieu Robilliard,1465,https://stockanalysis.com/analysts/Mathieu-Robilliard/,10 Aug 2026
Andrew Charles,1466,https://stockanalysis.com/analysts/Andrew-Charles/,26 Aug 2026
Prakhar Agrawal,1467,https://stockanalysis.com/analysts/Prakhar-Agrawal/,17 Jul 2026
Jeffrey Spector,1474,https://stockanalysis.com/analysts/Jeffrey-Spector/,24 Aug 2026
Barry Sine,1475,https://stockanalysis.com/analysts/Barry-Sine/,04 Aug 2026
Kash Rangan,1478,https://stockanalysis.com/analysts/Kash-Rangan/,02 Feb 2026
Gerry Sweeney,1479,https://stockanalysis.com/analysts/Gerry-Sweeney/,07 Aug 2026
Uy Ear,1480,https://stockanalysis.com/analysts/Uy-Ear/,27 Aug 2026
Daniel Osley,1481,https://stockanalysis.com/analysts/Daniel-Osley/,05 Aug 2026
Damian Karas,1484,https://stockanalysis.com/analysts/Damian-Karas/,05 Aug 2026
Ross Sparenblek,1485,https://stockanalysis.com/analysts/Ross-Sparenblek/,11 Aug 2026
Lance Wilkes,1487,https://stockanalysis.com/analysts/Lance-Wilkes/,28 Aug 2026
Daniel Stauder,1488,https://stockanalysis.com/analysts/Daniel-Stauder/,27 Aug 2026
Carter Gould,1489,https://stockanalysis.com/analysts/Carter-Gould/,18 Aug 2026
Sean Steuart,1491,https://stockanalysis.com/analysts/Sean-Steuart/,20 Aug 2026
Steven Delaney,1492,https://stockanalysis.com/analysts/Steven-Delaney/,18 Aug 2026
David Katz,1495,https://stockanalysis.com/analysts/David-Katz/,27 Aug 2026
Kevin Grundy,1499,https://stockanalysis.com/analysts/Kevin-Grundy/,08 Jul 2026
Daryl Young,1501,https://stockanalysis.com/analysts/Daryl-Young/,18 Aug 2026
Brad Erickson,1502,https://stockanalysis.com/analysts/Brad-Erickson/,20 Aug 2026
Emma Xu,1503,https://stockanalysis.com/analysts/Emma-Xu/,21 Aug 2026
Tyler Radke,1504,https://stockanalysis.com/analysts/Tyler-Radke/,28 Aug 2026
Thomas Champion,1505,https://stockanalysis.com/analysts/Thomas-Champion/,26 Aug 2026
Roger Boyd,1516,https://stockanalysis.com/analysts/Roger-Boyd/,28 Aug 2026
Marcelo Santos,1517,https://stockanalysis.com/analysts/Marcelo-Santos/,18 Aug 2026
Charles Rhyee,1518,https://stockanalysis.com/analysts/Charles-Rhyee/,27 Aug 2026
Nigel Coe,1519,https://stockanalysis.com/analysts/Nigel-Coe/,21 Jul 2026
Jordan Alliger,1520,https://stockanalysis.com/analysts/Jordan-Alliger/,04 Aug 2026
Adam Tindle,1521,https://stockanalysis.com/analysts/Adam-Tindle/,27 Aug 2026
Matthew Boss,1522,https://stockanalysis.com/analysts/Matthew-Boss/,27 Aug 2026
Mark Altschwager,1523,https://stockanalysis.com/analysts/Mark-Altschwager/,27 Aug 2026
Peter Keith,1524,https://stockanalysis.com/analysts/Peter-Keith/,28 Aug 2026
Philip Shen,1525,https://stockanalysis.com/analysts/Philip-Shen/,28 Aug 2026
Leland Gershell,1526,https://stockanalysis.com/analysts/Leland-Gershell/,26 Aug 2026
Brian Martin,1527,https://stockanalysis.com/analysts/Brian-Martin/,07 Aug 2026
Reginald Smith,1532,https://stockanalysis.com/analysts/Reginald-Smith/,28 Aug 2026
Mathew Blackman,1533,https://stockanalysis.com/analysts/Mathew-Blackman/,06 Aug 2026
Pete Stavropoulos,1534,https://stockanalysis.com/analysts/Pete-Stavropoulos/,24 Aug 2026
Dennis Ip,1535,https://stockanalysis.com/analysts/Dennis-Ip/,22 May 2026
Patrick Walravens,1537,https://stockanalysis.com/analysts/Patrick-Walravens/,19 Aug 2026
Paul Fremont,1540,https://stockanalysis.com/analysts/Paul-Fremont/,17 Aug 2026
James Yaro,1543,https://stockanalysis.com/analysts/James-Yaro/,25 Aug 2026
Noah Poponak,1545,https://stockanalysis.com/analysts/Noah-Poponak/,26 Aug 2026
Jonathan Goldman,1546,https://stockanalysis.com/analysts/Jonathan-Goldman/,17 Aug 2026
Brian Vaccaro,1547,https://stockanalysis.com/analysts/Brian-Vaccaro/,24 Aug 2026
Savanthi Syth,1548,https://stockanalysis.com/analysts/Savanthi-Syth/,24 Aug 2026
Brian Ossenbeck,1549,https://stockanalysis.com/analysts/Brian-Ossenbeck/,10 Aug 2026
Robert Jamieson,1551,https://stockanalysis.com/analysts/Robert-Jamieson/,27 May 2026
Polo Tang,1554,https://stockanalysis.com/analysts/Polo-Tang/,13 Aug 2026
John Babcock,1556,https://stockanalysis.com/analysts/John-Babcock/,26 Aug 2026
Brent Thill,1557,https://stockanalysis.com/analysts/Brent-Thill/,30 Aug 2026
Ronald Josey,1559,https://stockanalysis.com/analysts/Ronald-Josey/,27 Aug 2026
Jon Windham,1560,https://stockanalysis.com/analysts/Jon-Windham/,27 Aug 2026
Emily Bodnar,1561,https://stockanalysis.com/analysts/Emily-Bodnar/,27 Aug 2026
Rustam Kanga,1566,https://stockanalysis.com/analysts/Rustam-Kanga/,04 Aug 2026
Kevin Fisk,1567,https://stockanalysis.com/analysts/Kevin-Fisk/,27 Aug 2026
Ross Fowler,1569,https://stockanalysis.com/analysts/Ross-Fowler/,24 Aug 2026
Thomas Stephan,1572,https://stockanalysis.com/analysts/Thomas-Stephan/,25 Aug 2026
Daniel Kurnos,1573,https://stockanalysis.com/analysts/Daniel-Kurnos/,10 Aug 2026
Matt Phipps,1574,https://stockanalysis.com/analysts/Matt-Phipps/,27 Aug 2026
Mark Massaro,1575,https://stockanalysis.com/analysts/Mark-Massaro/,24 Aug 2026
Kallum Titchmarsh,1581,https://stockanalysis.com/analysts/Kallum-Titchmarsh/,24 Aug 2026
Steven Alexopoulos,1583,https://stockanalysis.com/analysts/Steven-Alexopoulos/,27 Jul 2026
Alex Irving,1587,https://stockanalysis.com/analysts/Alex-Irving/,24 Aug 2026
Benjamin Theurer,1590,https://stockanalysis.com/analysts/Benjamin-Theurer/,28 Aug 2026
Dan Bergstrom,1595,https://stockanalysis.com/analysts/Dan-Bergstrom/,30 Jul 2026
Thomas Gallagher,1596,https://stockanalysis.com/analysts/Thomas-Gallagher/,20 Aug 2026
David Palmer,1599,https://stockanalysis.com/analysts/David-Palmer/,27 Aug 2026
Kristen Owen,1600,https://stockanalysis.com/analysts/Kristen-Owen/,21 Aug 2026
Venugopal Garre,1609,https://stockanalysis.com/analysts/Venugopal-Garre/,24 Aug 2026
Stephen Grambling,1611,https://stockanalysis.com/analysts/Stephen-Grambling/,25 Aug 2026
Lauren Lieberman,1612,https://stockanalysis.com/analysts/Lauren-Lieberman/,27 Aug 2026
Ari Klein,1614,https://stockanalysis.com/analysts/Ari-Klein/,24 Aug 2026
Michael Cherny,1615,https://stockanalysis.com/analysts/Michael-Cherny/,11 Aug 2026
Jonathan Matuszewski,1617,https://stockanalysis.com/analysts/Jonathan-Matuszewski/,27 Aug 2026
Adam Jonas,1618,https://stockanalysis.com/analysts/Adam-Jonas/,26 Aug 2026
Marc Bianchi,1620,https://stockanalysis.com/analysts/Marc-Bianchi/,25 Aug 2026
Michael Morton,1623,https://stockanalysis.com/analysts/Michael-Morton/,10 Jun 2026
Anthony Bonadio,1624,https://stockanalysis.com/analysts/Anthony-Bonadio/,20 Aug 2026
Anthony Codling,1629,https://stockanalysis.com/analysts/Anthony-Codling/,28 Aug 2026
Jed Kelly,1631,https://stockanalysis.com/analysts/Jed-Kelly/,27 Aug 2026
Mickey Schleien,1636,https://stockanalysis.com/analysts/Mickey-Schleien/,03 Mar 2026
Anthony Hau,1638,https://stockanalysis.com/analysts/Anthony-Hau/,28 Jul 2026
Andrew Terrell,1639,https://stockanalysis.com/analysts/Andrew-Terrell/,06 Aug 2026
Steven Fisher,1641,https://stockanalysis.com/analysts/Steven-Fisher/,28 Aug 2026
William Plovanic,1644,https://stockanalysis.com/analysts/William-Plovanic/,27 Aug 2026
Jonathan Chang,1646,https://stockanalysis.com/analysts/Jonathan-Chang/,13 Jul 2026
Russell Gunther,1649,https://stockanalysis.com/analysts/Russell-Gunther/,21 Aug 2026
Casey Woodring,1650,https://stockanalysis.com/analysts/Casey-Woodring/,27 Aug 2026
Laurie Havener,1652,https://stockanalysis.com/analysts/Laurie-Havener/,29 Jul 2026
Merrill Ross,1654,https://stockanalysis.com/analysts/Merrill-Ross/,13 May 2026
Nikhil Devnani,1655,https://stockanalysis.com/analysts/Nikhil-Devnani/,14 Aug 2026
Jasper Hellweg,1656,https://stockanalysis.com/analysts/Jasper-Hellweg/,28 Aug 2026
Gaurav Jain,1657,https://stockanalysis.com/analysts/Gaurav-Jain/,11 Aug 2026
Mark Schappel,1658,https://stockanalysis.com/analysts/Mark-Schappel/,18 Aug 2026
Michael Bellisario,1659,https://stockanalysis.com/analysts/Michael-Bellisario/,24 Aug 2026
Joe Feldman,1660,https://stockanalysis.com/analysts/Joe-Feldman/,28 Aug 2026
Daniil Gataulin,1661,https://stockanalysis.com/analysts/Daniil-Gataulin/,25 Jun 2026
Ben Mohr,1663,https://stockanalysis.com/analysts/Ben-Mohr/,14 Aug 2026
Sathish Kasinathan,1665,https://stockanalysis.com/analysts/Sathish-Kasinathan/,20 Aug 2026
Richard Choe,1667,https://stockanalysis.com/analysts/Richard-Choe/,27 Aug 2026
Pablo Monsivais,1670,https://stockanalysis.com/analysts/Pablo-Monsivais/,15 May 2026
Tyler Batory,1671,https://stockanalysis.com/analysts/Tyler-Batory/,11 Aug 2026
Ben Isaacson,1673,https://stockanalysis.com/analysts/Ben-Isaacson/,24 Aug 2026
Robert Ohmes,1674,https://stockanalysis.com/analysts/Robert-Ohmes/,28 Aug 2026
Tom Narayan,1677,https://stockanalysis.com/analysts/Tom-Narayan/,14 Aug 2026
Karen Holthouse,1680,https://stockanalysis.com/analysts/Karen-Holthouse/,13 Aug 2026
John Dunn,1681,https://stockanalysis.com/analysts/John-Dunn/,10 Aug 2026
Joe Laetsch,1682,https://stockanalysis.com/analysts/Joe-Laetsch/,20 Aug 2026
Stephen Powers,1683,https://stockanalysis.com/analysts/Stephen-Powers/,27 Aug 2026
Biraj Borkhataria,1685,https://stockanalysis.com/analysts/Biraj-Borkhataria/,04 Aug 2026
Gavin Parsons,1686,https://stockanalysis.com/analysts/Gavin-Parsons/,27 Aug 2026
Steve Fleishman,1687,https://stockanalysis.com/analysts/Steve-Fleishman/,11 Aug 2026
Emmanuel Papadakis,1697,https://stockanalysis.com/analysts/Emmanuel-Papadakis/,27 Aug 2026
Christopher Nardone,1698,https://stockanalysis.com/analysts/Christopher-Nardone/,28 Aug 2026
Dennis Ding,1704,https://stockanalysis.com/analysts/Dennis-Ding/,13 Jul 2026
Barry Oxford,1705,https://stockanalysis.com/analysts/Barry-Oxford/,18 Aug 2026
Sebastiano Petti,1706,https://stockanalysis.com/analysts/Sebastiano-Petti/,19 Aug 2026
Michael Shlisky,1708,https://stockanalysis.com/analysts/Michael-Shlisky/,24 Aug 2026
Jon Hickman,1709,https://stockanalysis.com/analysts/Jon-Hickman/,19 Aug 2026
James Hardiman,1710,https://stockanalysis.com/analysts/James-Hardiman/,11 Aug 2026
Ruplu Bhattacharya,1716,https://stockanalysis.com/analysts/Ruplu-Bhattacharya/,27 Aug 2026
John Baumgartner,1717,https://stockanalysis.com/analysts/John-Baumgartner/,20 May 2026
Alex Terentiew,1718,https://stockanalysis.com/analysts/Alex-Terentiew/,08 Jun 2026
Sam Darkatsh,1720,https://stockanalysis.com/analysts/Sam-Darkatsh/,19 Aug 2026
Daniel Politzer,1721,https://stockanalysis.com/analysts/Daniel-Politzer/,12 Aug 2026
Sangita Jain,1723,https://stockanalysis.com/analysts/Sangita-Jain/,27 Aug 2026
Janet Lee,1724,https://stockanalysis.com/analysts/Janet-Lee/,03 Aug 2026
Pablo Singzon,1728,https://stockanalysis.com/analysts/Pablo-Singzon/,25 Aug 2026
Jason Bandel,1729,https://stockanalysis.com/analysts/Jason-Bandel/,07 Aug 2026
Sarah James,1731,https://stockanalysis.com/analysts/Sarah-James/,17 Aug 2026
Michael Lavery,1732,https://stockanalysis.com/analysts/Michael-Lavery/,24 Aug 2026
Robert Drbul,1733,https://stockanalysis.com/analysts/Robert-Drbul/,28 Aug 2026
Charles Meade,1740,https://stockanalysis.com/analysts/Charles-Meade/,17 Aug 2026
Kevin McVeigh,1743,https://stockanalysis.com/analysts/Kevin-McVeigh/,24 Aug 2026
Kevin Mcveigh,1743,https://stockanalysis.com/analysts/Kevin-Mcveigh/,24 Aug 2026
Simon Coles,1744,https://stockanalysis.com/analysts/Simon-Coles/,21 Aug 2026
Adrian Huerta,1745,https://stockanalysis.com/analysts/Adrian-Huerta/,24 Aug 2026
John McNulty,1746,https://stockanalysis.com/analysts/John-McNulty/,28 Aug 2026
Michael Binetti,1747,https://stockanalysis.com/analysts/Michael-Binetti/,27 Aug 2026
Robert Stevenson,1750,https://stockanalysis.com/analysts/Robert-Stevenson/,13 Jan 2026
Michael Roxland,1754,https://stockanalysis.com/analysts/Michael-Roxland/,24 Aug 2026
Jonathan Block,1757,https://stockanalysis.com/analysts/Jonathan-Block/,20 Aug 2026
Joshua Reilly,1759,https://stockanalysis.com/analysts/Joshua-Reilly/,28 Aug 2026
Tom Forte,1760,https://stockanalysis.com/analysts/Tom-Forte/,28 Aug 2026
Mayank Mamtani,1761,https://stockanalysis.com/analysts/Mayank-Mamtani/,26 Aug 2026
Jasper Bibb,1767,https://stockanalysis.com/analysts/Jasper-Bibb/,21 Aug 2026
James Faucette,1768,https://stockanalysis.com/analysts/James-Faucette/,28 Aug 2026
Scott Davis,1769,https://stockanalysis.com/analysts/Scott-Davis/,27 Jan 2026
Matthew Harrigan,1771,https://stockanalysis.com/analysts/Matthew-Harrigan/,06 Aug 2026
James Rollyson,1778,https://stockanalysis.com/analysts/James-Rollyson/,06 Aug 2026
Caitlin Cronin,1781,https://stockanalysis.com/analysts/Caitlin-Cronin/,17 Aug 2026
Kalei Akamine,1790,https://stockanalysis.com/analysts/Kalei-Akamine/,27 Apr 2026
Stacy Ku,1792,https://stockanalysis.com/analysts/Stacy-Ku/,20 Aug 2026
Allen Gong,1793,https://stockanalysis.com/analysts/Allen-Gong/,10 Aug 2026
Kevin Caliendo,1801,https://stockanalysis.com/analysts/Kevin-Caliendo/,24 Aug 2026
Matt Olney,1802,https://stockanalysis.com/analysts/Matt-Olney/,06 Aug 2026
Larry Biegelsen,1804,https://stockanalysis.com/analysts/Larry-Biegelsen/,27 Aug 2026
Jack Slevin,1807,https://stockanalysis.com/analysts/Jack-Slevin/,19 Aug 2026
Tommy Moll,1809,https://stockanalysis.com/analysts/Tommy-Moll/,18 Aug 2026
Timothy Hoff,1810,https://stockanalysis.com/analysts/Timothy-Hoff/,25 Aug 2026
Ben Kallo,1814,https://stockanalysis.com/analysts/Ben-Kallo/,18 Aug 2026
Chris Woronka,1826,https://stockanalysis.com/analysts/Chris-Woronka/,14 Aug 2026
Simeon Gutman,1833,https://stockanalysis.com/analysts/Simeon-Gutman/,28 Aug 2026
Alec Stranahan,1835,https://stockanalysis.com/analysts/Alec-Stranahan/,27 Aug 2026
Taylor Conrad,1838,https://stockanalysis.com/analysts/Taylor-Conrad/,26 Aug 2026
Matthew DeYoe,1839,https://stockanalysis.com/analysts/Matthew-DeYoe/,26 Aug 2026
Axel Herlinghaus,1841,https://stockanalysis.com/analysts/Axel-Herlinghaus/,13 Aug 2026
Vijit Jain,1842,https://stockanalysis.com/analysts/Vijit-Jain/,19 May 2026
Robert Ottenstein,1844,https://stockanalysis.com/analysts/Robert-Ottenstein/,19 Aug 2026
Simon Toyne,1845,https://stockanalysis.com/analysts/Simon-Toyne/,31 Mar 2026
Caitlin Roberts,1849,https://stockanalysis.com/analysts/Caitlin-Roberts/,28 Aug 2026
Piyush Choudhary,1850,https://stockanalysis.com/analysts/Piyush-Choudhary/,16 Jan 2026
Puneet Souda,1852,https://stockanalysis.com/analysts/Puneet-Souda/,07 Aug 2026
Jeff Grampp,1854,https://stockanalysis.com/analysts/Jeff-Grampp/,28 Aug 2026
Thiago Batista,1858,https://stockanalysis.com/analysts/Thiago-Batista/,20 Aug 2026
Richa Harnain,1859,https://stockanalysis.com/analysts/Richa-Harnain/,24 Jul 2026
Jonathan Brandt,1860,https://stockanalysis.com/analysts/Jonathan-Brandt/,20 Aug 2026
Nicholas Yulico,1861,https://stockanalysis.com/analysts/Nicholas-Yulico/,27 Aug 2026
Jared Shaw,1863,https://stockanalysis.com/analysts/Jared-Shaw/,26 Aug 2026
Matt Miksic,1864,https://stockanalysis.com/analysts/Matt-Miksic/,28 May 2026
Eric Gonzalez,1868,https://stockanalysis.com/analysts/Eric-Gonzalez/,27 Aug 2026
Ryan Zimmerman,1869,https://stockanalysis.com/analysts/Ryan-Zimmerman/,27 Aug 2026
Judith Elliott,1872,https://stockanalysis.com/analysts/Judith-Elliott/,07 Aug 2026
Mitchel Penn,1874,https://stockanalysis.com/analysts/Mitchel-Penn/,20 Aug 2026
Mark Weintraub,1876,https://stockanalysis.com/analysts/Mark-Weintraub/,03 May 2026
Gregory Francfort,1877,https://stockanalysis.com/analysts/Gregory-Francfort/,24 Aug 2026
Saree Boroditsky,1879,https://stockanalysis.com/analysts/Saree-Boroditsky/,09 Feb 2026
Douglas Miehm,1880,https://stockanalysis.com/analysts/Douglas-Miehm/,12 Aug 2026
Christine Dooley,1886,https://stockanalysis.com/analysts/Christine-Dooley/,24 Aug 2026
Anderson Schock,1888,https://stockanalysis.com/analysts/Anderson-Schock/,10 Aug 2026
Drew McReynolds,1890,https://stockanalysis.com/analysts/Drew-McReynolds/,27 Aug 2026
David Rescott,1892,https://stockanalysis.com/analysts/David-Rescott/,21 Aug 2026
Christopher Liu,1894,https://stockanalysis.com/analysts/Christopher-Liu/,05 Aug 2026
Wilma Burdis,1897,https://stockanalysis.com/analysts/Wilma-Burdis/,27 Aug 2026
Sam Eiber,1901,https://stockanalysis.com/analysts/Sam-Eiber/,14 Aug 2026
Namita Samtani,1905,https://stockanalysis.com/analysts/Namita-Samtani/,14 Aug 2026
George Tong,1906,https://stockanalysis.com/analysts/George-Tong/,12 Aug 2026
Chad Beynon,1909,https://stockanalysis.com/analysts/Chad-Beynon/,21 Aug 2026
Austin Wurschmidt,1911,https://stockanalysis.com/analysts/Austin-Wurschmidt/,26 Aug 2026
Jeffrey Zekauskas,1914,https://stockanalysis.com/analysts/Jeffrey-Zekauskas/,25 Aug 2026
Sophie Karp,1915,https://stockanalysis.com/analysts/Sophie-Karp/,27 Aug 2026
Owen Rickert,1927,https://stockanalysis.com/analysts/Owen-Rickert/,26 Aug 2026
Ygal Arounian,1930,https://stockanalysis.com/analysts/Ygal-Arounian/,20 Aug 2026
Brendan Nosal,1935,https://stockanalysis.com/analysts/Brendan-Nosal/,30 Jul 2026
Andrew Weisel,1936,https://stockanalysis.com/analysts/Andrew-Weisel/,10 Aug 2026
Peter Steyn,1937,https://stockanalysis.com/analysts/Peter-Steyn/,20 May 2026
Maher Yaghi,1939,https://stockanalysis.com/analysts/Maher-Yaghi/,11 Aug 2026
Vincent Caintic,1940,https://stockanalysis.com/analysts/Vincent-Caintic/,27 Aug 2026
Jiong Shao,1942,https://stockanalysis.com/analysts/Jiong-Shao/,31 Aug 2026
Bruno Montanari,1945,https://stockanalysis.com/analysts/Bruno-Montanari/,16 Jul 2026
Kerry Holford,1947,https://stockanalysis.com/analysts/Kerry-Holford/,17 Aug 2026
Joseph Cardoso,1948,https://stockanalysis.com/analysts/Joseph-Cardoso/,28 Aug 2026
Steve Hansen,1951,https://stockanalysis.com/analysts/Steve-Hansen/,24 Aug 2026
Olivia Tong,1952,https://stockanalysis.com/analysts/Olivia-Tong/,27 Aug 2026
Francois Brisebois,1953,https://stockanalysis.com/analysts/Francois-Brisebois/,29 Aug 2026
Faiza Alwy,1960,https://stockanalysis.com/analysts/Faiza-Alwy/,27 Aug 2026
Kevin Kopelman,1963,https://stockanalysis.com/analysts/Kevin-Kopelman/,07 Aug 2026
Jonna Kim,1964,https://stockanalysis.com/analysts/Jonna-Kim/,28 Aug 2026
Andrew Strelzik,1965,https://stockanalysis.com/analysts/Andrew-Strelzik/,27 Aug 2026
Brandon Nispel,1966,https://stockanalysis.com/analysts/Brandon-Nispel/,27 Aug 2026
Matthew Smith,1968,https://stockanalysis.com/analysts/Matthew-Smith/,13 May 2026
Adam Baumgarten,1970,https://stockanalysis.com/analysts/Adam-Baumgarten/,27 Feb 2026
Daniel Jester,1973,https://stockanalysis.com/analysts/Daniel-Jester/,28 Aug 2026
Phillip Blee,1974,https://stockanalysis.com/analysts/Phillip-Blee/,21 Aug 2026
Joe Dickstein,1975,https://stockanalysis.com/analysts/Joe-Dickstein/,01 Jun 2026
Ric Prentiss,1980,https://stockanalysis.com/analysts/Ric-Prentiss/,25 Aug 2026
Manav Patnaik,1981,https://stockanalysis.com/analysts/Manav-Patnaik/,26 Aug 2026
Andrea Alfonso,1984,https://stockanalysis.com/analysts/Andrea-Alfonso/,07 Aug 2026
Nicholas Holowko,1985,https://stockanalysis.com/analysts/Nicholas-Holowko/,03 Aug 2026
Lee Simpson,1991,https://stockanalysis.com/analysts/Lee-Simpson/,19 Aug 2026
David Grossman,1994,https://stockanalysis.com/analysts/David-Grossman/,27 Aug 2026
Saul Martinez,1996,https://stockanalysis.com/analysts/Saul-Martinez/,20 Jul 2026
Richard Safran,1997,https://stockanalysis.com/analysts/Richard-Safran/,26 May 2026
Jeffrey Kiang,2000,https://stockanalysis.com/analysts/Jeffrey-Kiang/,25 Aug 2026
Michael Gorman,2003,https://stockanalysis.com/analysts/Michael-Gorman/,28 Aug 2026
Robert Mollins,2007,https://stockanalysis.com/analysts/Robert-Mollins/,10 Jun 2026
Edlain Rodriguez,2011,https://stockanalysis.com/analysts/Edlain-Rodriguez/,05 Aug 2026
Michael Ward,2013,https://stockanalysis.com/analysts/Michael-Ward/,24 Aug 2026
Ken Gawrelski,2014,https://stockanalysis.com/analysts/Ken-Gawrelski/,07 Aug 2026
Matthew Condon,2020,https://stockanalysis.com/analysts/Matthew-Condon/,07 Aug 2026
Sachin Salgaonkar,2024,https://stockanalysis.com/analysts/Sachin-Salgaonkar/,11 Aug 2026
Jay Sole,2026,https://stockanalysis.com/analysts/Jay-Sole/,28 Aug 2026
Amit Dayal,2027,https://stockanalysis.com/analysts/Amit-Dayal/,24 Aug 2026
Bhavesh Lodaya,2032,https://stockanalysis.com/analysts/Bhavesh-Lodaya/,07 Aug 2026
Hector Maya,2034,https://stockanalysis.com/analysts/Hector-Maya/,27 Aug 2026
Nicholas Lorusso,2035,https://stockanalysis.com/analysts/Nicholas-Lorusso/,25 Aug 2026
Jason Cassorla,2038,https://stockanalysis.com/analysts/Jason-Cassorla/,07 Aug 2026
Ashish Sabadra,2040,https://stockanalysis.com/analysts/Ashish-Sabadra/,28 Aug 2026
Paul Gong,2043,https://stockanalysis.com/analysts/Paul-Gong/,17 Jun 2026
Benjamin Rossi,2044,https://stockanalysis.com/analysts/Benjamin-Rossi/,25 Aug 2026
Michael Goldsmith,2050,https://stockanalysis.com/analysts/Michael-Goldsmith/,25 Aug 2026
Daniel Magder,2051,https://stockanalysis.com/analysts/Daniel-Magder/,16 Jul 2026
Rodolfo Angele,2054,https://stockanalysis.com/analysts/Rodolfo-Angele/,06 Aug 2026
Danielle Antalffy,2055,https://stockanalysis.com/analysts/Danielle-Antalffy/,07 Aug 2026
Kevin Garrigan,2056,https://stockanalysis.com/analysts/Kevin-Garrigan/,14 Aug 2026
Janine Stichter,2067,https://stockanalysis.com/analysts/Janine-Stichter/,27 Aug 2026
Omar Mejias,2070,https://stockanalysis.com/analysts/Omar-Mejias/,06 Aug 2026
Simon Hales,2073,https://stockanalysis.com/analysts/Simon-Hales/,28 Aug 2026
Timna Tanners,2074,https://stockanalysis.com/analysts/Timna-Tanners/,26 Aug 2026
Catharine Trebnick,2076,https://stockanalysis.com/analysts/Catharine-Trebnick/,28 Aug 2026
Jonathan Yong,2079,https://stockanalysis.com/analysts/Jonathan-Yong/,07 Aug 2026
Conor Cunningham,2080,https://stockanalysis.com/analysts/Conor-Cunningham/,07 Jul 2026
Whit Mayo,2087,https://stockanalysis.com/analysts/Whit-Mayo/,30 Jul 2026
Joshua Tilton,2093,https://stockanalysis.com/analysts/Joshua-Tilton/,09 Jun 2026
Glen Santangelo,2094,https://stockanalysis.com/analysts/Glen-Santangelo/,26 Aug 2026
David Roman,2095,https://stockanalysis.com/analysts/David-Roman/,15 Jul 2026
Nat Schindler,2098,https://stockanalysis.com/analysts/Nat-Schindler/,13 Aug 2026
George Kelly,2100,https://stockanalysis.com/analysts/George-Kelly/,19 Aug 2026
Tom Nikic,2101,https://stockanalysis.com/analysts/Tom-Nikic/,26 Aug 2026
Jenny Ping,2107,https://stockanalysis.com/analysts/Jenny-Ping/,26 Aug 2026
Judah Frommer,2110,https://stockanalysis.com/analysts/Judah-Frommer/,25 Aug 2026
Stephen Baxter,2113,https://stockanalysis.com/analysts/Stephen-Baxter/,26 Aug 2026
Sergey Glinyanov,2115,https://stockanalysis.com/analysts/Sergey-Glinyanov/,20 Aug 2026
Jordan Lyonnais,2119,https://stockanalysis.com/analysts/Jordan-Lyonnais/,07 May 2026
Adam Frisch,2122,https://stockanalysis.com/analysts/Adam-Frisch/,26 Aug 2026
Jairam Nathan,2128,https://stockanalysis.com/analysts/Jairam-Nathan/,29 Jun 2026
Asthika Goonewardene,2130,https://stockanalysis.com/analysts/Asthika-Goonewardene/,22 Jun 2026
Cristina Fernandez,2131,https://stockanalysis.com/analysts/Cristina-Fernandez/,28 Aug 2026
Andres Cardona,2134,https://stockanalysis.com/analysts/Andres-Cardona/,13 Aug 2026
Anja Soderstrom,2135,https://stockanalysis.com/analysts/Anja-Soderstrom/,31 Jul 2026
Luisa Hector,2136,https://stockanalysis.com/analysts/Luisa-Hector/,24 Aug 2026
Aaron Hecht,2140,https://stockanalysis.com/analysts/Aaron-Hecht/,10 Aug 2026
Hassan Ahmed,2154,https://stockanalysis.com/analysts/Hassan-Ahmed/,26 Aug 2026
Brian McNamara,2166,https://stockanalysis.com/analysts/Brian-McNamara/,27 Aug 2026
Betty Jiang,2167,https://stockanalysis.com/analysts/Betty-Jiang/,20 Aug 2026
Mark Strouse,2168,https://stockanalysis.com/analysts/Mark-Strouse/,17 Aug 2026
Michael Nathanson,2170,https://stockanalysis.com/analysts/Michael-Nathanson/,07 Aug 2026
Richard Clarke,2175,https://stockanalysis.com/analysts/Richard-Clarke/,28 Aug 2026
Joshua Dennerlein,2178,https://stockanalysis.com/analysts/Joshua-Dennerlein/,04 Aug 2025
George Choi,2179,https://stockanalysis.com/analysts/George-Choi/,25 Aug 2026
John Newman,2180,https://stockanalysis.com/analysts/John-Newman/,28 Aug 2026
Bill Sutherland,2181,https://stockanalysis.com/analysts/Bill-Sutherland/,17 Aug 2026
John Kilichowski,2185,https://stockanalysis.com/analysts/John-Kilichowski/,11 Aug 2026
Arthur Truslove,2192,https://stockanalysis.com/analysts/Arthur-Truslove/,17 Aug 2026
Tim Mulrooney,2196,https://stockanalysis.com/analysts/Tim-Mulrooney/,21 Aug 2026
Andres Sheppard,2198,https://stockanalysis.com/analysts/Andres-Sheppard/,17 Aug 2026
Kyle Boucher,2199,https://stockanalysis.com/analysts/Kyle-Boucher/,11 Aug 2026
Timothy Chiodo,2205,https://stockanalysis.com/analysts/Timothy-Chiodo/,28 Aug 2026
Derek Hewett,2210,https://stockanalysis.com/analysts/Derek-Hewett/,24 Aug 2026
Melissa Wedel,2216,https://stockanalysis.com/analysts/Melissa-Wedel/,24 Jul 2026
Edison Yu,2219,https://stockanalysis.com/analysts/Edison-Yu/,17 Aug 2026
Pradeep Ramani,2220,https://stockanalysis.com/analysts/Pradeep-Ramani/,02 Feb 2026
Matthew Heimermann,2221,https://stockanalysis.com/analysts/Matthew-Heimermann/,20 Aug 2026
Vincent Andrews,2224,https://stockanalysis.com/analysts/Vincent-Andrews/,17 Aug 2026
Priya Sachdeva,2231,https://stockanalysis.com/analysts/Priya-Sachdeva/,28 Jul 2026
Thibault Boutherin,2233,https://stockanalysis.com/analysts/Thibault-Boutherin/,25 Jun 2026
George Staphos,2237,https://stockanalysis.com/analysts/George-Staphos/,21 Aug 2026
Patrick Creuset,2242,https://stockanalysis.com/analysts/Patrick-Creuset/,10 Aug 2026
Jason Weaver,2243,https://stockanalysis.com/analysts/Jason-Weaver/,24 Aug 2026
Andrew DeGasperi,2246,https://stockanalysis.com/analysts/Andrew-DeGasperi/,13 Jul 2026
Joshua Spector,2247,https://stockanalysis.com/analysts/Joshua-Spector/,31 Aug 2026
Scott Stember,2248,https://stockanalysis.com/analysts/Scott-Stember/,21 Aug 2026
James Kammert,2255,https://stockanalysis.com/analysts/James-Kammert/,17 Aug 2026
Eliana Merle,2260,https://stockanalysis.com/analysts/Eliana-Merle/,24 Aug 2026
Paul Knight,2262,https://stockanalysis.com/analysts/Paul-Knight/,06 Aug 2026
Brandon Folkes,2263,https://stockanalysis.com/analysts/Brandon-Folkes/,26 Aug 2026
Dominick Gabriele,2267,https://stockanalysis.com/analysts/Dominick-Gabriele/,28 Aug 2026
Joyce Ju,2268,https://stockanalysis.com/analysts/Joyce-Ju/,27 Aug 2026
Sebastian Sandler,2269,https://stockanalysis.com/analysts/Sebastian-Sandler/,30 Jul 2026
Caleb Stein,2271,https://stockanalysis.com/analysts/Caleb-Stein/,30 Jul 2026
Pooran Sharma,2272,https://stockanalysis.com/analysts/Pooran-Sharma/,28 Aug 2026
Bryan Burgmeier,2274,https://stockanalysis.com/analysts/Bryan-Burgmeier/,30 Jul 2026
James Feldman,2286,https://stockanalysis.com/analysts/James-Feldman/,26 Aug 2026
Justin Kleber,2289,https://stockanalysis.com/analysts/Justin-Kleber/,31 Jul 2026
Ellie Jiang,2290,https://stockanalysis.com/analysts/Ellie-Jiang/,25 Jun 2026
Dae Lee,2292,https://stockanalysis.com/analysts/Dae-Lee/,11 Aug 2026
Ilya Zubkov,2294,https://stockanalysis.com/analysts/Ilya-Zubkov/,11 Aug 2026
Anthony Paolone,2299,https://stockanalysis.com/analysts/Anthony-Paolone/,27 Aug 2026
Steven Pizzella,2300,https://stockanalysis.com/analysts/Steven-Pizzella/,13 Aug 2026
Omar Sheikh,2304,https://stockanalysis.com/analysts/Omar-Sheikh/,10 Mar 2026
Daniel Grosslight,2309,https://stockanalysis.com/analysts/Daniel-Grosslight/,12 Aug 2026
Ken Hoexter,2310,https://stockanalysis.com/analysts/Ken-Hoexter/,26 Aug 2026
Dana Telsey,2311,https://stockanalysis.com/analysts/Dana-Telsey/,28 Aug 2026
Kim Fustier,2314,https://stockanalysis.com/analysts/Kim-Fustier/,03 Aug 2026
Jim Sanderson,2316,https://stockanalysis.com/analysts/Jim-Sanderson/,13 Aug 2026
John Pancari,2317,https://stockanalysis.com/analysts/John-Pancari/,05 Aug 2026
Matthew Erdner,2318,https://stockanalysis.com/analysts/Matthew-Erdner/,25 Aug 2026
Sam Reid,2319,https://stockanalysis.com/analysts/Sam-Reid/,24 Aug 2026
Sameer Joshi,2324,https://stockanalysis.com/analysts/Sameer-Joshi/,25 Aug 2026
Natalya Davies,2325,https://stockanalysis.com/analysts/Natalya-Davies/,17 Apr 2026
Wesley Brooks,2331,https://stockanalysis.com/analysts/Wesley-Brooks/,07 May 2026
Paul Johnson,2333,https://stockanalysis.com/analysts/Paul-Johnson/,27 Aug 2026
Rayna Kumar,2336,https://stockanalysis.com/analysts/Rayna-Kumar/,28 Aug 2026
Roger Song,2338,https://stockanalysis.com/analysts/Roger-Song/,17 Aug 2026
Michael Sarcone,2347,https://stockanalysis.com/analysts/Michael-Sarcone/,31 Jul 2026
Alexander Hess,2349,https://stockanalysis.com/analysts/Alexander-Hess/,12 Aug 2026
Linda Huang,2357,https://stockanalysis.com/analysts/Linda-Huang/,28 Aug 2026
Matthew Biegler,2358,https://stockanalysis.com/analysts/Matthew-Biegler/,14 Aug 2026
Adam Bubes,2364,https://stockanalysis.com/analysts/Adam-Bubes/,06 Aug 2026
Ryan Levine,2367,https://stockanalysis.com/analysts/Ryan-Levine/,09 Aug 2026
Leah Jordan,2373,https://stockanalysis.com/analysts/Leah-Jordan/,24 Aug 2026
Joseph Yanchunis,2375,https://stockanalysis.com/analysts/Joseph-Yanchunis/,11 Aug 2026
Jared Levine,2379,https://stockanalysis.com/analysts/Jared-Levine/,27 Aug 2026
Craig Mailman,2387,https://stockanalysis.com/analysts/Craig-Mailman/,05 Mar 2026
Aaron Kimson,2388,https://stockanalysis.com/analysts/Aaron-Kimson/,26 Aug 2026
Samantha Semenkow,2391,https://stockanalysis.com/analysts/Samantha-Semenkow/,18 Aug 2026
Ryan Merkel,2392,https://stockanalysis.com/analysts/Ryan-Merkel/,27 Aug 2026
Michael Petusky,2393,https://stockanalysis.com/analysts/Michael-Petusky/,24 Aug 2026
Alejandro Demichelis,2396,https://stockanalysis.com/analysts/Alejandro-Demichelis/,11 Aug 2026
Marie Ferguson,2398,https://stockanalysis.com/analysts/Marie-Ferguson/,28 Aug 2026
Gena Wang,2400,https://stockanalysis.com/analysts/Gena-Wang/,28 May 2026
Jeffrey Meuler,2411,https://stockanalysis.com/analysts/Jeffrey-Meuler/,28 Aug 2026
Ranjan Sharma,2412,https://stockanalysis.com/analysts/Ranjan-Sharma/,17 Aug 2026
Simeon Siegel,2413,https://stockanalysis.com/analysts/Simeon-Siegel/,24 Aug 2026
Oliver Chen,2414,https://stockanalysis.com/analysts/Oliver-Chen/,28 Aug 2026
Michael Cho,2415,https://stockanalysis.com/analysts/Michael-Cho/,10 Aug 2026
Jonathan Keypour,2417,https://stockanalysis.com/analysts/Jonathan-Keypour/,27 Aug 2026
Peter Galbo,2419,https://stockanalysis.com/analysts/Peter-Galbo/,28 Aug 2026
Richard Vosser,2421,https://stockanalysis.com/analysts/Richard-Vosser/,25 Aug 2026
Brian Wilczynski,2423,https://stockanalysis.com/analysts/Brian-Wilczynski/,30 Jul 2026
Laurent Vasilescu,2428,https://stockanalysis.com/analysts/Laurent-Vasilescu/,22 Jul 2026
Daniel Clark,2429,https://stockanalysis.com/analysts/Daniel-Clark/,24 Feb 2026
James Condulis,2437,https://stockanalysis.com/analysts/James-Condulis/,18 Aug 2026
Julien Blouin,2445,https://stockanalysis.com/analysts/Julien-Blouin/,26 Aug 2026
Chris McNally,2448,https://stockanalysis.com/analysts/Chris-McNally/,24 Aug 2026
Kate McShane,2451,https://stockanalysis.com/analysts/Kate-McShane/,28 Aug 2026
Jackson Ader,2453,https://stockanalysis.com/analysts/Jackson-Ader/,27 Aug 2026
Filippo Falorni,2456,https://stockanalysis.com/analysts/Filippo-Falorni/,21 Aug 2026
Robert Fishman,2457,https://stockanalysis.com/analysts/Robert-Fishman/,30 Jul 2026
Alexander Goldfarb,2459,https://stockanalysis.com/analysts/Alexander-Goldfarb/,27 Aug 2026
Mark Palmer,2460,https://stockanalysis.com/analysts/Mark-Palmer/,21 Aug 2026
Peyton Dorne,2463,https://stockanalysis.com/analysts/Peyton-Dorne/,10 Aug 2026
Tyler DiMatteo,2466,https://stockanalysis.com/analysts/Tyler-DiMatteo/,20 Aug 2026
Jakob Bluestone,2467,https://stockanalysis.com/analysts/Jakob-Bluestone/,02 Feb 2026
Patrick Cunningham,2468,https://stockanalysis.com/analysts/Patrick-Cunningham/,07 Aug 2026
Jeff Lick,2469,https://stockanalysis.com/analysts/Jeff-Lick/,11 Aug 2026
Sharon Zackfia,2471,https://stockanalysis.com/analysts/Sharon-Zackfia/,29 Aug 2026
Firoz Valliji,2475,https://stockanalysis.com/analysts/Firoz-Valliji/,24 Aug 2026
Keegan Cox,2480,https://stockanalysis.com/analysts/Keegan-Cox/,27 Aug 2026
Jamie Baker,2482,https://stockanalysis.com/analysts/Jamie-Baker/,30 Jul 2026
Michael Cyprys,2489,https://stockanalysis.com/analysts/Michael-Cyprys/,27 Aug 2026
Jeffrey Stevenson,2490,https://stockanalysis.com/analysts/Jeffrey-Stevenson/,28 Apr 2026
Nicholas Thillman,2495,https://stockanalysis.com/analysts/Nicholas-Thillman/,06 Aug 2026
Michael Ulz,2500,https://stockanalysis.com/analysts/Michael-Ulz/,25 Aug 2026
Keith Stanley,2503,https://stockanalysis.com/analysts/Keith-Stanley/,26 Aug 2026
William Pickering,2504,https://stockanalysis.com/analysts/William-Pickering/,11 Aug 2026
Trevor Romeo,2513,https://stockanalysis.com/analysts/Trevor-Romeo/,26 Aug 2026
Helena Wang,2518,https://stockanalysis.com/analysts/Helena-Wang/,17 Aug 2026
Justin Zelin,2520,https://stockanalysis.com/analysts/Justin-Zelin/,02 Feb 2026
Benjamin Soff,2525,https://stockanalysis.com/analysts/Benjamin-Soff/,18 Aug 2026
Blaine Heck,2530,https://stockanalysis.com/analysts/Blaine-Heck/,10 Aug 2026
Lisa Walter,2536,https://stockanalysis.com/analysts/Lisa-Walter/,25 Aug 2026
Steve Sakwa,2537,https://stockanalysis.com/analysts/Steve-Sakwa/,19 Aug 2026
Brett Rabatin,2539,https://stockanalysis.com/analysts/Brett-Rabatin/,18 Aug 2026
Vitaly Umansky,2544,https://stockanalysis.com/analysts/Vitaly-Umansky/,07 Jun 2026
William Appicelli,2545,https://stockanalysis.com/analysts/William-Appicelli/,28 Jul 2026
Adrienne Yih,2546,https://stockanalysis.com/analysts/Adrienne-Yih/,28 Aug 2026
Barry Jonas,2547,https://stockanalysis.com/analysts/Barry-Jonas/,19 Aug 2026
Keay Nakae,2548,https://stockanalysis.com/analysts/Keay-Nakae/,25 Aug 2026
Max Rakhlenko,2555,https://stockanalysis.com/analysts/Max-Rakhlenko/,27 Aug 2026
Detlef Winckelmann,2562,https://stockanalysis.com/analysts/Detlef-Winckelmann/,06 Aug 2026
Nik Modi,2565,https://stockanalysis.com/analysts/Nik-Modi/,27 Aug 2026
Will Kirkness,2573,https://stockanalysis.com/analysts/Will-Kirkness/,29 Jun 2026
Ken Worthington,2574,https://stockanalysis.com/analysts/Ken-Worthington/,14 Aug 2026
George Gianarikas,2576,https://stockanalysis.com/analysts/George-Gianarikas/,25 Aug 2026
Andrew Didora,2580,https://stockanalysis.com/analysts/Andrew-Didora/,20 Aug 2026
Shaun Kelley,2581,https://stockanalysis.com/analysts/Shaun-Kelley/,25 Aug 2026
Steve Frankel,2589,https://stockanalysis.com/analysts/Steve-Frankel/,27 Aug 2026
Bradley Sills,2601,https://stockanalysis.com/analysts/Bradley-Sills/,12 Mar 2026
Rodrigo Alcantara,2602,https://stockanalysis.com/analysts/Rodrigo-Alcantara/,11 Aug 2026
Robert Labick,2603,https://stockanalysis.com/analysts/Robert-Labick/,10 Dec 2025
Lilyanna Yang,2605,https://stockanalysis.com/analysts/Lilyanna-Yang/,26 May 2026
Yuri Fernandes,2609,https://stockanalysis.com/analysts/Yuri-Fernandes/,27 Aug 2026
Louie DiPalma,2610,https://stockanalysis.com/analysts/Louie-DiPalma/,27 Aug 2026
Dina Ramadane,2612,https://stockanalysis.com/analysts/Dina-Ramadane/,27 Aug 2026
Emma Schwartz,2616,https://stockanalysis.com/analysts/Emma-Schwartz/,10 Aug 2026
Nicholas Joseph,2618,https://stockanalysis.com/analysts/Nicholas-Joseph/,17 Aug 2026
Michael Legg,2620,https://stockanalysis.com/analysts/Michael-Legg/,03 Mar 2026
Upal Rana,2624,https://stockanalysis.com/analysts/Upal-Rana/,19 Aug 2026
Dan Levy,2629,https://stockanalysis.com/analysts/Dan-Levy/,27 Aug 2026
Taylor Manley,2632,https://stockanalysis.com/analysts/Taylor-Manley/,07 Aug 2026
Adam Hotchkiss,2642,https://stockanalysis.com/analysts/Adam-Hotchkiss/,31 Jul 2026
James Gordon,2651,https://stockanalysis.com/analysts/James-Gordon/,27 Aug 2026
Joanne Wuensch,2652,https://stockanalysis.com/analysts/Joanne-Wuensch/,14 Aug 2026
David Begleiter,2653,https://stockanalysis.com/analysts/David-Begleiter/,25 Aug 2026
Emily Field,2654,https://stockanalysis.com/analysts/Emily-Field/,27 Aug 2026
Alfonso Salazar,2659,https://stockanalysis.com/analysts/Alfonso-Salazar/,27 Aug 2026
Glenn Chin,2660,https://stockanalysis.com/analysts/Glenn-Chin/,02 Aug 2026
Ed Vyvyan,2668,https://stockanalysis.com/analysts/Ed-Vyvyan/,27 Feb 2026
Patrick Baumann,2670,https://stockanalysis.com/analysts/Patrick-Baumann/,18 May 2026
Chris Muller,2671,https://stockanalysis.com/analysts/Chris-Muller/,05 Aug 2026
Wyatt Swanson,2674,https://stockanalysis.com/analysts/Wyatt-Swanson/,18 Aug 2026
Austin Moeller,2694,https://stockanalysis.com/analysts/Austin-Moeller/,28 Aug 2026
Guilherme Mendes,2697,https://stockanalysis.com/analysts/Guilherme-Mendes/,15 Jun 2026
Martijn Rats,2699,https://stockanalysis.com/analysts/Martijn-Rats/,10 Jul 2026
Christopher Raymond,2700,https://stockanalysis.com/analysts/Christopher-Raymond/,26 Aug 2026
Alicia Yap,2701,https://stockanalysis.com/analysts/Alicia-Yap/,27 Aug 2026
Eddie Kim,2710,https://stockanalysis.com/analysts/Eddie-Kim/,12 Aug 2026
Matthew Hershenhorn,2721,https://stockanalysis.com/analysts/Matthew-Hershenhorn/,05 Aug 2026
Toni Kaplan,2725,https://stockanalysis.com/analysts/Toni-Kaplan/,20 Aug 2026
Karl Shepard,2734,https://stockanalysis.com/analysts/Karl-Shepard/,30 Jul 2026
Mikhail Goberman,2745,https://stockanalysis.com/analysts/Mikhail-Goberman/,11 Aug 2026
Arun Viswanathan,2749,https://stockanalysis.com/analysts/Arun-Viswanathan/,28 Aug 2026
David Lantz,2750,https://stockanalysis.com/analysts/David-Lantz/,18 Aug 2026
Yi Chen,2752,https://stockanalysis.com/analysts/Yi-Chen/,28 Aug 2026
Robin Zhu,2754,https://stockanalysis.com/analysts/Robin-Zhu/,04 Aug 2026
Andrew Spinola,2755,https://stockanalysis.com/analysts/Andrew-Spinola/,19 Aug 2026
Ashley Wallace,2756,https://stockanalysis.com/analysts/Ashley-Wallace/,27 Aug 2026
Derrick Wood,2758,https://stockanalysis.com/analysts/Derrick-Wood/,28 Aug 2026
Gregg Orrill,2760,https://stockanalysis.com/analysts/Gregg-Orrill/,28 Aug 2026
James Shin,2763,https://stockanalysis.com/analysts/James-Shin/,07 May 2026
Vikram Malhotra,2772,https://stockanalysis.com/analysts/Vikram-Malhotra/,20 Aug 2026
Alex Yao,2774,https://stockanalysis.com/analysts/Alex-Yao/,25 Aug 2026
Mike Hickey,2785,https://stockanalysis.com/analysts/Mike-Hickey/,28 Aug 2026
Samad Samana,2787,https://stockanalysis.com/analysts/Samad-Samana/,30 Aug 2026
Aravinda Galappatthige,2792,https://stockanalysis.com/analysts/Aravinda-Galappatthige/,27 Aug 2026
Luke Junk,2793,https://stockanalysis.com/analysts/Luke-Junk/,20 Aug 2026
Narumi Nakagiri,2797,https://stockanalysis.com/analysts/Narumi-Nakagiri/,14 May 2026
Surinder Thind,2800,https://stockanalysis.com/analysts/Surinder-Thind/,13 Aug 2026
David Saxon,2801,https://stockanalysis.com/analysts/David-Saxon/,13 Aug 2026
Emily Ericksen,2818,https://stockanalysis.com/analysts/Emily-Ericksen/,20 Feb 2026
Andrea Newkirk,2823,https://stockanalysis.com/analysts/Andrea-Newkirk/,11 Feb 2026
James Sidoti,2831,https://stockanalysis.com/analysts/James-Sidoti/,10 Aug 2026
Timothy Zhao,2833,https://stockanalysis.com/analysts/Timothy-Zhao/,24 Aug 2026
Richard Sunderland,2838,https://stockanalysis.com/analysts/Richard-Sunderland/,17 Aug 2026
Frank Takkinen,2839,https://stockanalysis.com/analysts/Frank-Takkinen/,28 Aug 2026
Bart Dziarski,2841,https://stockanalysis.com/analysts/Bart-Dziarski/,25 Aug 2026
Andrew Lazar,2842,https://stockanalysis.com/analysts/Andrew-Lazar/,28 Aug 2026
Gaurav Mehta,2844,https://stockanalysis.com/analysts/Gaurav-Mehta/,14 Aug 2026
Michael Gaugler,2847,https://stockanalysis.com/analysts/Michael-Gaugler/,24 Nov 2025
Praneeth Satish,2850,https://stockanalysis.com/analysts/Praneeth-Satish/,27 Aug 2026
Daniel Mckenzie,2854,https://stockanalysis.com/analysts/Daniel-Mckenzie/,17 Aug 2026
Terry Ma,2858,https://stockanalysis.com/analysts/Terry-Ma/,18 Aug 2026
Eunice Lee,2865,https://stockanalysis.com/analysts/Eunice-Lee/,27 Aug 2026
Avinatan Jaroslawicz,2867,https://stockanalysis.com/analysts/Avinatan-Jaroslawicz/,25 Aug 2026
Tasso Vasconcellos,2869,https://stockanalysis.com/analysts/Tasso-Vasconcellos/,27 Aug 2026
Laura Sutcliffe,2870,https://stockanalysis.com/analysts/Laura-Sutcliffe/,27 Aug 2026
Lorraine Hutchinson,2871,https://stockanalysis.com/analysts/Lorraine-Hutchinson/,28 Aug 2026
Elizabeth Sun,2872,https://stockanalysis.com/analysts/Elizabeth-Sun/,10 Aug 2026
Anna Lizzul,2891,https://stockanalysis.com/analysts/Anna-Lizzul/,21 Aug 2026
Noah Hungness,2893,https://stockanalysis.com/analysts/Noah-Hungness/,27 Apr 2026
Randal Konik,2903,https://stockanalysis.com/analysts/Randal-Konik/,27 Aug 2026
Tina Hou,2912,https://stockanalysis.com/analysts/Tina-Hou/,25 Aug 2026
Laurence Alexander,2919,https://stockanalysis.com/analysts/Laurence-Alexander/,03 Aug 2026
Paul Rossington,2920,https://stockanalysis.com/analysts/Paul-Rossington/,02 Jun 2026
Scott Buck,2927,https://stockanalysis.com/analysts/Scott-Buck/,31 Mar 2026
Greg McGinniss,2933,https://stockanalysis.com/analysts/Greg-McGinniss/,20 Aug 2026
James Friedman,2934,https://stockanalysis.com/analysts/James-Friedman/,28 Aug 2026
John Kim,2947,https://stockanalysis.com/analysts/John-Kim/,24 Aug 2026
Matthew Coad,2952,https://stockanalysis.com/analysts/Matthew-Coad/,30 Aug 2026
Duksan Jang,2955,https://stockanalysis.com/analysts/Duksan-Jang/,07 Aug 2026
Andre Salles,2958,https://stockanalysis.com/analysts/Andre-Salles/,01 May 2026
John Davis,2967,https://stockanalysis.com/analysts/John-Davis/,31 Jul 2026
Farzin Haque,2973,https://stockanalysis.com/analysts/Farzin-Haque/,29 Mar 2026
Eli Jossen,2976,https://stockanalysis.com/analysts/Eli-Jossen/,21 Aug 2026
Mikhail Paramonov,2979,https://stockanalysis.com/analysts/Mikhail-Paramonov/,27 Aug 2026
Ernesto Gabilondo,2985,https://stockanalysis.com/analysts/Ernesto-Gabilondo/,27 Aug 2026
Ryan Gravett,2989,https://stockanalysis.com/analysts/Ryan-Gravett/,07 Aug 2026
David Bellinger,2991,https://stockanalysis.com/analysts/David-Bellinger/,26 Aug 2026
Joanna Gajuk,2996,https://stockanalysis.com/analysts/Joanna-Gajuk/,13 Aug 2026
Ryland Conrad,2997,https://stockanalysis.com/analysts/Ryland-Conrad/,16 Aug 2026
Samantha Hoh,3001,https://stockanalysis.com/analysts/Samantha-Hoh/,22 Apr 2026
Gary Nachman,3003,https://stockanalysis.com/analysts/Gary-Nachman/,26 Aug 2026
Zhihan Ma,3005,https://stockanalysis.com/analysts/Zhihan-Ma/,28 Aug 2026
Ricardo Alves,3008,https://stockanalysis.com/analysts/Ricardo-Alves/,19 Aug 2026
Eric Boyes,3010,https://stockanalysis.com/analysts/Eric-Boyes/,07 Aug 2026
Ross MacDonald,3015,https://stockanalysis.com/analysts/Ross-MacDonald/,11 Aug 2026
Piyush Avasthy,3018,https://stockanalysis.com/analysts/Piyush-Avasthy/,10 Aug 2026
Kelly Crago,3023,https://stockanalysis.com/analysts/Kelly-Crago/,12 May 2026
Nathan Feather,3025,https://stockanalysis.com/analysts/Nathan-Feather/,26 Aug 2026
Luke Horton,3026,https://stockanalysis.com/analysts/Luke-Horton/,13 Aug 2026
Brooke Roach,3027,https://stockanalysis.com/analysts/Brooke-Roach/,27 Aug 2026
Cooper Clark,3039,https://stockanalysis.com/analysts/Cooper-Clark/,24 Jun 2026
Judy Zhang,3040,https://stockanalysis.com/analysts/Judy-Zhang/,28 Aug 2026
Griffin Bryan,3042,https://stockanalysis.com/analysts/Griffin-Bryan/,28 Aug 2026
Lucas Ferreira,3049,https://stockanalysis.com/analysts/Lucas-Ferreira/,28 Aug 2026
Andrew Marok,3050,https://stockanalysis.com/analysts/Andrew-Marok/,25 Aug 2026
Vikram Kesavabhotla,3052,https://stockanalysis.com/analysts/Vikram-Kesavabhotla/,07 Aug 2026
Anthony Elian,3056,https://stockanalysis.com/analysts/Anthony-Elian/,20 Aug 2026
Max Gumport,3074,https://stockanalysis.com/analysts/Max-Gumport/,09 Apr 2026
Luke Morison,3076,https://stockanalysis.com/analysts/Luke-Morison/,12 Aug 2026
Wei Fang,3083,https://stockanalysis.com/analysts/Wei-Fang/,21 Aug 2026
Lu Li,3085,https://stockanalysis.com/analysts/Lu-Li/,07 May 2026
Andrew Andersen,3088,https://stockanalysis.com/analysts/Andrew-Andersen/,25 Aug 2026
Chris Luyckx,3100,https://stockanalysis.com/analysts/Chris-Luyckx/,23 Apr 2026
Ty Collin,3102,https://stockanalysis.com/analysts/Ty-Collin/,14 Aug 2026
Susan Maklari,3104,https://stockanalysis.com/analysts/Susan-Maklari/,21 Aug 2026
Abhishek Shukla,3106,https://stockanalysis.com/analysts/Abhishek-Shukla/,14 Aug 2026
Rick Wise,3108,https://stockanalysis.com/analysts/Rick-Wise/,14 Aug 2026
Joseph Giordano,3117,https://stockanalysis.com/analysts/Joseph-Giordano/,21 Jul 2026
Alexander Perry,3122,https://stockanalysis.com/analysts/Alexander-Perry/,10 Aug 2026
Peter Christiansen,3132,https://stockanalysis.com/analysts/Peter-Christiansen/,20 Aug 2026
Samir Khanal,3146,https://stockanalysis.com/analysts/Samir-Khanal/,26 Aug 2026
Alec Brondolo,3150,https://stockanalysis.com/analysts/Alec-Brondolo/,26 Aug 2026
Jamie Clark,3156,https://stockanalysis.com/analysts/Jamie-Clark/,17 Feb 2026
Bob Huang,3157,https://stockanalysis.com/analysts/Bob-Huang/,28 Aug 2026
Vik Chopra,3159,https://stockanalysis.com/analysts/Vik-Chopra/,28 Aug 2026
Christine Cho,3162,https://stockanalysis.com/analysts/Christine-Cho/,14 May 2026
Marvin Fong,3168,https://stockanalysis.com/analysts/Marvin-Fong/,18 Aug 2026
Phani Kanumuri,3169,https://stockanalysis.com/analysts/Phani-Kanumuri/,14 Aug 2026
Maheep Mandloi,3176,https://stockanalysis.com/analysts/Maheep-Mandloi/,28 Aug 2026
Scott Wurtzel,3179,https://stockanalysis.com/analysts/Scott-Wurtzel/,17 Aug 2026
Dennis Geiger,3181,https://stockanalysis.com/analysts/Dennis-Geiger/,24 Aug 2026
Rock Hoffman,3183,https://stockanalysis.com/analysts/Rock-Hoffman/,02 Apr 2026
Winnie Dong,3185,https://stockanalysis.com/analysts/Winnie-Dong/,12 Aug 2026
Michael Ng,3201,https://stockanalysis.com/analysts/Michael-Ng/,20 Aug 2026
John Choi,3209,https://stockanalysis.com/analysts/John-Choi/,24 Jun 2026
Daria Nasledysheva,3212,https://stockanalysis.com/analysts/Daria-Nasledysheva/,24 Jul 2026
Michael Montani,3214,https://stockanalysis.com/analysts/Michael-Montani/,30 Jul 2026
Leonardo Olmos,3215,https://stockanalysis.com/analysts/Leonardo-Olmos/,17 Aug 2026
John Stansel,3217,https://stockanalysis.com/analysts/John-Stansel/,20 Aug 2026
Matthew Swanson,3221,https://stockanalysis.com/analysts/Matthew-Swanson/,21 Aug 2026
Mayank Tandon,3226,https://stockanalysis.com/analysts/Mayank-Tandon/,26 Aug 2026
Nicholas Amicucci,3229,https://stockanalysis.com/analysts/Nicholas-Amicucci/,17 Aug 2026
Paul Jeng,3232,https://stockanalysis.com/analysts/Paul-Jeng/,12 Aug 2026
Pujarini Ghosh,3235,https://stockanalysis.com/analysts/Pujarini-Ghosh/,26 Aug 2026
Harry Bartlett,3240,https://stockanalysis.com/analysts/Harry-Bartlett/,28 Jan 2026
Ike Boruchow,3245,https://stockanalysis.com/analysts/Ike-Boruchow/,28 Aug 2026
Trevor Allinson,3257,https://stockanalysis.com/analysts/Trevor-Allinson/,24 Aug 2026
Robert Oliver,3262,https://stockanalysis.com/analysts/Robert-Oliver/,27 Aug 2026
Seyon Park,3268,https://stockanalysis.com/analysts/Seyon-Park/,05 Aug 2026
Kendall Toscano,3269,https://stockanalysis.com/analysts/Kendall-Toscano/,28 Aug 2026
Vijay Jayant,3271,https://stockanalysis.com/analysts/Vijay-Jayant/,12 Nov 2024
Justin Bowers,3279,https://stockanalysis.com/analysts/Justin-Bowers/,10 Aug 2026
Steve Byrne,3280,https://stockanalysis.com/analysts/Steve-Byrne/,08 Jan 2026
Louis Raffetto,3285,https://stockanalysis.com/analysts/Louis-Raffetto/,29 Jan 2026
Robert Moskow,3298,https://stockanalysis.com/analysts/Robert-Moskow/,28 Aug 2026
Eric Hagen,3302,https://stockanalysis.com/analysts/Eric-Hagen/,30 Apr 2026
Niall Alexander,3306,https://stockanalysis.com/analysts/Niall-Alexander/,22 Jun 2026
Ella Smith,3310,https://stockanalysis.com/analysts/Ella-Smith/,26 Aug 2026
Kostas Biliouris,3321,https://stockanalysis.com/analysts/Kostas-Biliouris/,14 Aug 2026
Vince Valentini,3326,https://stockanalysis.com/analysts/Vince-Valentini/,25 Aug 2026
Benjamin Burnett,3329,https://stockanalysis.com/analysts/Benjamin-Burnett/,28 Aug 2026
Bhavin Shah,3342,https://stockanalysis.com/analysts/Bhavin-Shah/,06 Aug 2026
Martin Jungfleisch,3348,https://stockanalysis.com/analysts/Martin-Jungfleisch/,09 Jul 2026
Julien Roch,3364,https://stockanalysis.com/analysts/Julien-Roch/,13 Aug 2026
Kevin Fischbeck,3370,https://stockanalysis.com/analysts/Kevin-Fischbeck/,10 Aug 2026
Trevor Williams,3371,https://stockanalysis.com/analysts/Trevor-Williams/,09 Feb 2026
Seth Bergey,3387,https://stockanalysis.com/analysts/Seth-Bergey/,03 Aug 2026
Steven Valiquette,3389,https://stockanalysis.com/analysts/Steven-Valiquette/,27 Aug 2026
Jason Helfstein,3391,https://stockanalysis.com/analysts/Jason-Helfstein/,17 Aug 2026
Andrew Harte,3393,https://stockanalysis.com/analysts/Andrew-Harte/,27 Aug 2026
Faham Baig,3402,https://stockanalysis.com/analysts/Faham-Baig/,03 Aug 2026
Steven Zaccone,3403,https://stockanalysis.com/analysts/Steven-Zaccone/,28 Aug 2026
Scott Fletcher,3410,https://stockanalysis.com/analysts/Scott-Fletcher/,17 Aug 2026
Dushyant Ailani,3413,https://stockanalysis.com/analysts/Dushyant-Ailani/,10 Jun 2026
Warren Ackerman,3452,https://stockanalysis.com/analysts/Warren-Ackerman/,07 Aug 2026
Angel Castillo,3464,https://stockanalysis.com/analysts/Angel-Castillo/,21 Aug 2026
Simon Clinch,3480,https://stockanalysis.com/analysts/Simon-Clinch/,21 Aug 2026
John Zamparo,3489,https://stockanalysis.com/analysts/John-Zamparo/,19 Aug 2026
Nitin Bansal,3521,https://stockanalysis.com/analysts/Nitin-Bansal/,07 Aug 2026
Arpine Kocharyan,3524,https://stockanalysis.com/analysts/Arpine-Kocharyan/,26 Aug 2026
Anne Samuel,3525,https://stockanalysis.com/analysts/Anne-Samuel/,06 Feb 2026
Spencer Hanus,3531,https://stockanalysis.com/analysts/Spencer-Hanus/,29 Jul 2026
Leo Carrington,3540,https://stockanalysis.com/analysts/Leo-Carrington/,21 Aug 2026
Brett Fishbin,3560,https://stockanalysis.com/analysts/Brett-Fishbin/,17 Aug 2026
Michael Turrin,3572,https://stockanalysis.com/analysts/Michael-Turrin/,28 Aug 2026
Nafeesa Gupta,3575,https://stockanalysis.com/analysts/Nafeesa-Gupta/,06 Aug 2026
Daniela Haigian,3576,https://stockanalysis.com/analysts/Daniela-Haigian/,07 Aug 2026
Edward Lewis,3585,https://stockanalysis.com/analysts/Edward-Lewis/,16 Jun 2026
Kemp Dolliver,3591,https://stockanalysis.com/analysts/Kemp-Dolliver/,28 Jul 2026
Katie Fleischer,3608,https://stockanalysis.com/analysts/Katie-Fleischer/,07 Aug 2026
Thiago Bortoluci,3609,https://stockanalysis.com/analysts/Thiago-Bortoluci/,26 Aug 2026
Julian Radlinger,3623,https://stockanalysis.com/analysts/Julian-Radlinger/,19 Aug 2026
Cory Carpenter,3632,https://stockanalysis.com/analysts/Cory-Carpenter/,24 Aug 2026
James Kirby,3636,https://stockanalysis.com/analysts/James-Kirby/,07 Aug 2026
Fedor Shabalin,3645,https://stockanalysis.com/analysts/Fedor-Shabalin/,17 Aug 2026
Scott Berg,3646,https://stockanalysis.com/analysts/Scott-Berg/,28 Aug 2026
Peter McGoldrick,3649,https://stockanalysis.com/analysts/Peter-McGoldrick/,25 Aug 2026
Aneesha Sherman,3651,https://stockanalysis.com/analysts/Aneesha-Sherman/,28 Aug 2026
David Mak,3656,https://stockanalysis.com/analysts/David-Mak/,29 Jun 2026
Kyle Peterson,3668,https://stockanalysis.com/analysts/Kyle-Peterson/,28 Aug 2026
Roanna Ruiz,3669,https://stockanalysis.com/analysts/Roanna-Ruiz/,07 Aug 2026
Ben Haynor,3673,https://stockanalysis.com/analysts/Ben-Haynor/,26 Aug 2026
Charlie Lederer,3683,https://stockanalysis.com/analysts/Charlie-Lederer/,28 Aug 2026
Matt Roberts,3684,https://stockanalysis.com/analysts/Matt-Roberts/,22 Jul 2026
Carly Davenport,3687,https://stockanalysis.com/analysts/Carly-Davenport/,20 Aug 2026
Hong Zhang,3689,https://stockanalysis.com/analysts/Hong-Zhang/,29 Jun 2026
Andrew Schmitt,3693,https://stockanalysis.com/analysts/Andrew-Schmitt/,14 Aug 2026
Renata Cabral,3694,https://stockanalysis.com/analysts/Renata-Cabral/,31 Jul 2026
Alexander Sklar,3695,https://stockanalysis.com/analysts/Alexander-Sklar/,24 Aug 2026
Laurent Yoon,3698,https://stockanalysis.com/analysts/Laurent-Yoon/,21 Aug 2026
Sara Senatore,3699,https://stockanalysis.com/analysts/Sara-Senatore/,24 Aug 2026
Matthew Cost,3706,https://stockanalysis.com/analysts/Matthew-Cost/,28 Aug 2026
Chad Larkin,3712,https://stockanalysis.com/analysts/Chad-Larkin/,07 Aug 2026
Matt Koranda,3714,https://stockanalysis.com/analysts/Matt-Koranda/,25 Aug 2026
Filipe Nielsen,3723,https://stockanalysis.com/analysts/Filipe-Nielsen/,17 Mar 2026
Neal Burk,3728,https://stockanalysis.com/analysts/Neal-Burk/,11 Aug 2026
Nathan Stein,3734,https://stockanalysis.com/analysts/Nathan-Stein/,20 Aug 2026
Martin Malloy,3743,https://stockanalysis.com/analysts/Martin-Malloy/,05 Jan 2026
Michael Goldie,3746,https://stockanalysis.com/analysts/Michael-Goldie/,24 Aug 2026
Siti Panigrahi,3750,https://stockanalysis.com/analysts/Siti-Panigrahi/,31 Aug 2026
Romain Gourvil,3759,https://stockanalysis.com/analysts/Romain-Gourvil/,29 Jul 2026
Alex Kania,3760,https://stockanalysis.com/analysts/Alex-Kania/,07 Aug 2026
Alex Bond,3771,https://stockanalysis.com/analysts/Alex-Bond/,10 Aug 2026
Ami Probandt,3775,https://stockanalysis.com/analysts/Ami-Probandt/,13 Aug 2026
Jordan Bender,3783,https://stockanalysis.com/analysts/Jordan-Bender/,07 Aug 2026
Steven Shemesh,3787,https://stockanalysis.com/analysts/Steven-Shemesh/,27 Aug 2026
Luca Issi,3789,https://stockanalysis.com/analysts/Luca-Issi/,19 Aug 2026
Jorge Kuri,3796,https://stockanalysis.com/analysts/Jorge-Kuri/,18 Aug 2026
Sergio Segura,3798,https://stockanalysis.com/analysts/Sergio-Segura/,10 Aug 2026
Alberto Valerio,3799,https://stockanalysis.com/analysts/Alberto-Valerio/,27 Aug 2026
Ryan Brinkman,3805,https://stockanalysis.com/analysts/Ryan-Brinkman/,04 Aug 2026
Chris Quintero,3813,https://stockanalysis.com/analysts/Chris-Quintero/,21 Aug 2026
Rashad Kawan,3817,https://stockanalysis.com/analysts/Rashad-Kawan/,24 Apr 2026
Michael Nedelcovych,3822,https://stockanalysis.com/analysts/Michael-Nedelcovych/,13 Jul 2026
Gregory Williams,3824,https://stockanalysis.com/analysts/Gregory-Williams/,07 Aug 2026
Edward DeArias,3826,https://stockanalysis.com/analysts/Edward-DeArias/,10 Aug 2026
Lucky Schreiner,3827,https://stockanalysis.com/analysts/Lucky-Schreiner/,28 Aug 2026
Yiwen Zhang,3830,https://stockanalysis.com/analysts/Yiwen-Zhang/,20 Aug 2026
Jack Lin,3833,https://stockanalysis.com/analysts/Jack-Lin/,26 Aug 2026
Javier Escalante,3834,https://stockanalysis.com/analysts/Javier-Escalante/,06 Aug 2026
Ryan Langston,3836,https://stockanalysis.com/analysts/Ryan-Langston/,27 Aug 2026
Parker Snure,3839,https://stockanalysis.com/analysts/Parker-Snure/,07 Aug 2026
Eric Serotta,3841,https://stockanalysis.com/analysts/Eric-Serotta/,11 Aug 2026
Adam Kramer,3844,https://stockanalysis.com/analysts/Adam-Kramer/,25 Aug 2026
Anojja Shah,3852,https://stockanalysis.com/analysts/Anojja-Shah/,13 Aug 2026
Nik Cremo,3856,https://stockanalysis.com/analysts/Nik-Cremo/,28 Aug 2026
Clarke Jeffries,3857,https://stockanalysis.com/analysts/Clarke-Jeffries/,28 Aug 2026
Lucy Yu,3863,https://stockanalysis.com/analysts/Lucy-Yu/,23 Apr 2026
Gustavo Schroden,3872,https://stockanalysis.com/analysts/Gustavo-Schroden/,12 Jun 2026
Aidan Kelly,3873,https://stockanalysis.com/analysts/Aidan-Kelly/,11 Aug 2026
Ryan Tunis,3876,https://stockanalysis.com/analysts/Ryan-Tunis/,18 Aug 2026
Lizzie Dove,3877,https://stockanalysis.com/analysts/Lizzie-Dove/,19 Aug 2026
Ravi Shanker,3881,https://stockanalysis.com/analysts/Ravi-Shanker/,11 Aug 2026
Martin Englert,3886,https://stockanalysis.com/analysts/Martin-Englert/,28 Apr 2026
Zachary Fadem,3894,https://stockanalysis.com/analysts/Zachary-Fadem/,28 Aug 2026
Richard Hightower,3897,https://stockanalysis.com/analysts/Richard-Hightower/,31 Aug 2026
Carlos Peyrelongue,3900,https://stockanalysis.com/analysts/Carlos-Peyrelongue/,17 Aug 2026
Amy Li,3913,https://stockanalysis.com/analysts/Amy-Li/,11 May 2026
Hoang Nguyen,3928,https://stockanalysis.com/analysts/Hoang-Nguyen/,10 Aug 2026
Chad Messer,3954,https://stockanalysis.com/analysts/Chad-Messer/,21 Jul 2026
Matheus Enfeldt,3961,https://stockanalysis.com/analysts/Matheus-Enfeldt/,27 Aug 2026
Michael Mueller,3966,https://stockanalysis.com/analysts/Michael-Mueller/,25 Aug 2026
Fulvio Cazzol,3968,https://stockanalysis.com/analysts/Fulvio-Cazzol/,24 Aug 2026
Michael Toomey,3973,https://stockanalysis.com/analysts/Michael-Toomey/,16 Jul 2026
Kaumil Gajrawala,3977,https://stockanalysis.com/analysts/Kaumil-Gajrawala/,26 Aug 2026
Andrea Pistacchi,3987,https://stockanalysis.com/analysts/Andrea-Pistacchi/,06 Aug 2026
Graham Doyle,3992,https://stockanalysis.com/analysts/Graham-Doyle/,25 Aug 2026
Stephen Glagola,3995,https://stockanalysis.com/analysts/Stephen-Glagola/,14 Aug 2026
Jamie Rollo,4003,https://stockanalysis.com/analysts/Jamie-Rollo/,12 Aug 2026
Ryan Kenny,4006,https://stockanalysis.com/analysts/Ryan-Kenny/,07 Aug 2026
Kenneth Fong,4008,https://stockanalysis.com/analysts/Kenneth-Fong/,18 Mar 2026
Patrick Wood,4012,https://stockanalysis.com/analysts/Patrick-Wood/,20 Aug 2026
Neal Dingmann,4013,https://stockanalysis.com/analysts/Neal-Dingmann/,27 Aug 2026
George Kurosawa,4015,https://stockanalysis.com/analysts/George-Kurosawa/,29 Jul 2026
Neha Agarwala,4027,https://stockanalysis.com/analysts/Neha-Agarwala/,04 Mar 2026
Nadine Sarwat,4037,https://stockanalysis.com/analysts/Nadine-Sarwat/,03 Aug 2026
Daniel Moore,4038,https://stockanalysis.com/analysts/Daniel-Moore/,27 May 2026
Chasen Bender,4039,https://stockanalysis.com/analysts/Chasen-Bender/,14 Aug 2026
Thomas Yeh,4052,https://stockanalysis.com/analysts/Thomas-Yeh/,07 May 2026
Ben Klieve,4053,https://stockanalysis.com/analysts/Ben-Klieve/,25 Aug 2026
Peter Grom,4059,https://stockanalysis.com/analysts/Peter-Grom/,27 Aug 2026
Stan Berenshteyn,4068,https://stockanalysis.com/analysts/Stan-Berenshteyn/,27 Aug 2026
Matthew Lofting,4069,https://stockanalysis.com/analysts/Matthew-Lofting/,04 Aug 2026
Frank Louthan,4071,https://stockanalysis.com/analysts/Frank-Louthan/,25 Aug 2026
Batya Levi,4072,https://stockanalysis.com/analysts/Batya-Levi/,04 Aug 2026
Lee Hambright,4080,https://stockanalysis.com/analysts/Lee-Hambright/,11 Aug 2026
Thomas Palmer,4083,https://stockanalysis.com/analysts/Thomas-Palmer/,27 Aug 2026
Brendan Lynch,4090,https://stockanalysis.com/analysts/Brendan-Lynch/,25 Aug 2026
Craig Kennison,4091,https://stockanalysis.com/analysts/Craig-Kennison/,24 Aug 2026
Carlos Laboy,4097,https://stockanalysis.com/analysts/Carlos-Laboy/,28 Jul 2026
Michael DiFiore,4098,https://stockanalysis.com/analysts/Michael-DiFiore/,07 May 2026
Olivia Brayer,4100,https://stockanalysis.com/analysts/Olivia-Brayer/,20 Aug 2026
Caitlin Burrows,4117,https://stockanalysis.com/analysts/Caitlin-Burrows/,26 Aug 2026
Matthew Johnson,4123,https://stockanalysis.com/analysts/Matthew-Johnson/,30 Jul 2026
Tito Labarta,4125,https://stockanalysis.com/analysts/Tito-Labarta/,18 Aug 2026
Ekaterina Knyazkova,4127,https://stockanalysis.com/analysts/Ekaterina-Knyazkova/,25 Aug 2026
Ned Baramov,4128,https://stockanalysis.com/analysts/Ned-Baramov/,07 Aug 2026
Michael Okunewitch,4131,https://stockanalysis.com/analysts/Michael-Okunewitch/,27 Aug 2026
Estelle Weingrod,4134,https://stockanalysis.com/analysts/Estelle-Weingrod/,17 Aug 2026
Fan Tso,4137,https://stockanalysis.com/analysts/Fan-Tso/,19 Aug 2026
Andrew Cooper,4141,https://stockanalysis.com/analysts/Andrew-Cooper/,07 Aug 2026
Kevin Krishnaratne,4148,https://stockanalysis.com/analysts/Kevin-Krishnaratne/,28 Aug 2026
Wahid Amin,4153,https://stockanalysis.com/analysts/Wahid-Amin/,05 Aug 2026
Kevin Dede,4163,https://stockanalysis.com/analysts/Kevin-Dede/,09 Apr 2026
Nathan Treybeck,4164,https://stockanalysis.com/analysts/Nathan-Treybeck/,18 Aug 2026
Danilo Gargiulo,4165,https://stockanalysis.com/analysts/Danilo-Gargiulo/,24 Aug 2026
Atul Maheswari,4167,https://stockanalysis.com/analysts/Atul-Maheswari/,05 Aug 2026
Taylor McGinnis,4168,https://stockanalysis.com/analysts/Taylor-McGinnis/,28 Aug 2026
Derek Soderberg,4171,https://stockanalysis.com/analysts/Derek-Soderberg/,14 Aug 2026
David Chiaverini,4173,https://stockanalysis.com/analysts/David-Chiaverini/,03 Aug 2026
Mason Carrico,4177,https://stockanalysis.com/analysts/Mason-Carrico/,18 Aug 2026
Austin Wang,4178,https://stockanalysis.com/analysts/Austin-Wang/,07 Aug 2026
Austin Bohlig,4189,https://stockanalysis.com/analysts/Austin-Bohlig/,27 Aug 2026
Megan Alexander,4194,https://stockanalysis.com/analysts/Megan-Alexander/,24 Jun 2026
Ameet Thakkar,4198,https://stockanalysis.com/analysts/Ameet-Thakkar/,28 Aug 2026
Stephanie Piazzola,4204,https://stockanalysis.com/analysts/Stephanie-Piazzola/,05 Aug 2026
Wei Xiong,4208,https://stockanalysis.com/analysts/Wei-Xiong/,12 Aug 2026
Trevor Young,4209,https://stockanalysis.com/analysts/Trevor-Young/,11 Jun 2026
Alton Stump,4215,https://stockanalysis.com/analysts/Alton-Stump/,10 Aug 2026
Cameron McVeigh,4216,https://stockanalysis.com/analysts/Cameron-McVeigh/,28 Aug 2026
Lincoln Kong,4221,https://stockanalysis.com/analysts/Lincoln-Kong/,24 Aug 2026
Charles Zhou,4222,https://stockanalysis.com/analysts/Charles-Zhou/,26 Aug 2026
Michael Ha,4223,https://stockanalysis.com/analysts/Michael-Ha/,07 Aug 2026
Michael Fairbanks,4227,https://stockanalysis.com/analysts/Michael-Fairbanks/,25 Aug 2026
Salvator Tiano,4230,https://stockanalysis.com/analysts/Salvator-Tiano/,21 Apr 2026
Mario Pierry,4232,https://stockanalysis.com/analysts/Mario-Pierry/,25 Aug 2026
Matt Ma,4235,https://stockanalysis.com/analysts/Matt-Ma/,13 May 2026
Craig Moffett,4238,https://stockanalysis.com/analysts/Craig-Moffett/,08 Apr 2026
Greg Parrish,4244,https://stockanalysis.com/analysts/Greg-Parrish/,12 Aug 2026
Brian Holland,4261,https://stockanalysis.com/analysts/Brian-Holland/,10 Aug 2026
Todd Brooks,4263,https://stockanalysis.com/analysts/Todd-Brooks/,07 Aug 2026
Terry Tillman,4267,https://stockanalysis.com/analysts/Terry-Tillman/,30 Aug 2026
Jessica Tassan,4278,https://stockanalysis.com/analysts/Jessica-Tassan/,26 Aug 2026
Jason Stewart,4281,https://stockanalysis.com/analysts/Jason-Stewart/,26 Aug 2026
Christian Carlino,4286,https://stockanalysis.com/analysts/Christian-Carlino/,12 Nov 2025
Paul Kearney,4290,https://stockanalysis.com/analysts/Paul-Kearney/,04 Nov 2025
Tom White,4291,https://stockanalysis.com/analysts/Tom-White/,11 Aug 2026
Brendan Sproules,4292,https://stockanalysis.com/analysts/Brendan-Sproules/,03 Jul 2026
Andrew Polkowitz,4312,https://stockanalysis.com/analysts/Andrew-Polkowitz/,01 May 2026
Stephen Sheldon,4313,https://stockanalysis.com/analysts/Stephen-Sheldon/,27 Aug 2026
Thomas Wendler,4317,https://stockanalysis.com/analysts/Thomas-Wendler/,30 Jul 2026
Elizabeth Porter,4322,https://stockanalysis.com/analysts/Elizabeth-Porter/,28 Aug 2026
Sean McGowan,4326,https://stockanalysis.com/analysts/Sean-McGowan/,18 Aug 2026
Charles Nabhan,4330,https://stockanalysis.com/analysts/Charles-Nabhan/,08 May 2026
Rishi Jaluria,4333,https://stockanalysis.com/analysts/Rishi-Jaluria/,27 Aug 2026
Brian Harbour,4334,https://stockanalysis.com/analysts/Brian-Harbour/,26 Aug 2026
Nate Svensson,4335,https://stockanalysis.com/analysts/Nate-Svensson/,06 Aug 2026
Zachary Silverberg,4343,https://stockanalysis.com/analysts/Zachary-Silverberg/,21 Aug 2026
Tim Rezvan,4350,https://stockanalysis.com/analysts/Tim-Rezvan/,31 Aug 2026
Nick Lai,4351,https://stockanalysis.com/analysts/Nick-Lai/,25 Aug 2026
Gerald Pascarelli,4352,https://stockanalysis.com/analysts/Gerald-Pascarelli/,11 Aug 2026
Samuel Nielsen,4358,https://stockanalysis.com/analysts/Samuel-Nielsen/,04 Aug 2026
Akshay Gupta,4360,https://stockanalysis.com/analysts/Akshay-Gupta/,13 Apr 2026
James West,4364,https://stockanalysis.com/analysts/James-West/,16 Jun 2026
Ed Engel,4371,https://stockanalysis.com/analysts/Ed-Engel/,02 Aug 2026
Bryan Bergin,4377,https://stockanalysis.com/analysts/Bryan-Bergin/,27 Aug 2026
Vasundhara Govil,4380,https://stockanalysis.com/analysts/Vasundhara-Govil/,20 Aug 2026
Brandon Vazquez,4382,https://stockanalysis.com/analysts/Brandon-Vazquez/,21 Aug 2026
Matthew VanVliet,4386,https://stockanalysis.com/analysts/Matthew-VanVliet/,28 Aug 2026
Michael Sison,4387,https://stockanalysis.com/analysts/Michael-Sison/,03 Aug 2026
Noah Zatzkin,4390,https://stockanalysis.com/analysts/Noah-Zatzkin/,28 Aug 2026
Boobalan Pachaiyappan,4401,https://stockanalysis.com/analysts/Boobalan-Pachaiyappan/,27 Aug 2026
Jason Bednar,4412,https://stockanalysis.com/analysts/Jason-Bednar/,18 Aug 2026
Jack Matten,4415,https://stockanalysis.com/analysts/Jack-Matten/,12 Aug 2026
Casey Ryan,4416,https://stockanalysis.com/analysts/Casey-Ryan/,08 Jan 2026
Anthony Trainor,4417,https://stockanalysis.com/analysts/Anthony-Trainor/,06 Aug 2026
Anna Glaessgen,4420,https://stockanalysis.com/analysts/Anna-Glaessgen/,25 Aug 2026
Tomohiko Sano,4421,https://stockanalysis.com/analysts/Tomohiko-Sano/,21 Aug 2026
Robert Farnam,4428,https://stockanalysis.com/analysts/Robert-Farnam/,25 Mar 2026
Anthony Valentini,4435,https://stockanalysis.com/analysts/Anthony-Valentini/,14 Jul 2026
Bryan Smilek,4438,https://stockanalysis.com/analysts/Bryan-Smilek/,28 Aug 2026
Marco Limite,4440,https://stockanalysis.com/analysts/Marco-Limite/,27 Aug 2026
Richard Kramer,4444,https://stockanalysis.com/analysts/Richard-Kramer/,30 Jun 2026
Jason Tilchen,4449,https://stockanalysis.com/analysts/Jason-Tilchen/,12 Aug 2026
Matthew Hurwit,4459,https://stockanalysis.com/analysts/Matthew-Hurwit/,25 Mar 2026
Li Watsek,4460,https://stockanalysis.com/analysts/Li-Watsek/,21 Aug 2026
Aaron Grey,4462,https://stockanalysis.com/analysts/Aaron-Grey/,24 Aug 2026
Carl Byrnes,4463,https://stockanalysis.com/analysts/Carl-Byrnes/,24 Apr 2026
Tracy Benguigui,4465,https://stockanalysis.com/analysts/Tracy-Benguigui/,19 Aug 2026
Andrea Tan,4466,https://stockanalysis.com/analysts/Andrea-Tan/,05 Feb 2026
Madeline Brooks,4468,https://stockanalysis.com/analysts/Madeline-Brooks/,27 Feb 2026
Gordon Johnson,4472,https://stockanalysis.com/analysts/Gordon-Johnson/,27 Aug 2026
Jake Roberge,4474,https://stockanalysis.com/analysts/Jake-Roberge/,18 Mar 2026
Jeff Chung,4475,https://stockanalysis.com/analysts/Jeff-Chung/,27 Aug 2026
Ashley Owens,4479,https://stockanalysis.com/analysts/Ashley-Owens/,26 Aug 2026
Leo Chiang,4480,https://stockanalysis.com/analysts/Leo-Chiang/,28 Jul 2026
David Turkaly,4483,https://stockanalysis.com/analysts/David-Turkaly/,03 Aug 2026
Ryan Meyers,4484,https://stockanalysis.com/analysts/Ryan-Meyers/,28 Aug 2026
Rahul Krotthapalli,4492,https://stockanalysis.com/analysts/Rahul-Krotthapalli/,12 Aug 2026
Ben Shelley,4496,https://stockanalysis.com/analysts/Ben-Shelley/,06 Aug 2026
Bill Kerr,4497,https://stockanalysis.com/analysts/Bill-Kerr/,11 Dec 2025
Greg Konrad,4500,https://stockanalysis.com/analysts/Greg-Konrad/,17 May 2026
Mani Foroohar,4507,https://stockanalysis.com/analysts/Mani-Foroohar/,04 Jun 2026
Kumaraguru Raja,4511,https://stockanalysis.com/analysts/Kumaraguru-Raja/,27 Jul 2026
Will Nance,4517,https://stockanalysis.com/analysts/Will-Nance/,21 Aug 2026
Cheng Li,4522,https://stockanalysis.com/analysts/Cheng-Li/,27 Feb 2026
Logan Reich,4528,https://stockanalysis.com/analysts/Logan-Reich/,24 Aug 2026
James Quigley,4529,https://stockanalysis.com/analysts/James-Quigley/,06 Aug 2026
Jeffrey Adelson,4530,https://stockanalysis.com/analysts/Jeffrey-Adelson/,17 Aug 2026
Michael Pachter,4537,https://stockanalysis.com/analysts/Michael-Pachter/,12 Aug 2026
Michael Funk,4539,https://stockanalysis.com/analysts/Michael-Funk/,28 Aug 2026
Jim Salera,4543,https://stockanalysis.com/analysts/Jim-Salera/,28 Aug 2026
Benjamin Mayhew,4546,https://stockanalysis.com/analysts/Benjamin-Mayhew/,07 Aug 2026
Kai Klose,4549,https://stockanalysis.com/analysts/Kai-Klose/,27 Aug 2026
David Larsen,4551,https://stockanalysis.com/analysts/David-Larsen/,28 Aug 2026
Ryan Tomasello,4552,https://stockanalysis.com/analysts/Ryan-Tomasello/,26 Aug 2026
Priyanka Grover,4557,https://stockanalysis.com/analysts/Priyanka-Grover/,18 Aug 2026
Jeffrey Stantial,4561,https://stockanalysis.com/analysts/Jeffrey-Stantial/,28 Aug 2026
Mickey Legg,4564,https://stockanalysis.com/analysts/Mickey-Legg/,31 Jul 2026
Jailendra Singh,4574,https://stockanalysis.com/analysts/Jailendra-Singh/,27 Aug 2026
David Adlington,4575,https://stockanalysis.com/analysts/David-Adlington/,28 Aug 2026
Marc Torrente,4578,https://stockanalysis.com/analysts/Marc-Torrente/,06 Aug 2026
Curtis Nagle,4579,https://stockanalysis.com/analysts/Curtis-Nagle/,25 Aug 2026
Chris Pierce,4581,https://stockanalysis.com/analysts/Chris-Pierce/,12 Aug 2026
Sean Kennedy,4584,https://stockanalysis.com/analysts/Sean-Kennedy/,11 Aug 2026
Nora Min,4587,https://stockanalysis.com/analysts/Nora-Min/,31 Jul 2026
David Hynes,4589,https://stockanalysis.com/analysts/David-Hynes/,28 Aug 2026
Isabella Simonato,4592,https://stockanalysis.com/analysts/Isabella-Simonato/,19 Aug 2026
Corinne Blanchard,4593,https://stockanalysis.com/analysts/Corinne-Blanchard/,26 Aug 2026
Tim Hsiao,4594,https://stockanalysis.com/analysts/Tim-Hsiao/,27 Aug 2026
Shilan Modi,4595,https://stockanalysis.com/analysts/Shilan-Modi/,14 Apr 2026
Yun Zhong,4597,https://stockanalysis.com/analysts/Yun-Zhong/,25 Aug 2026
Scott Schoenhaus,4601,https://stockanalysis.com/analysts/Scott-Schoenhaus/,24 Aug 2026
Colin Langan,4607,https://stockanalysis.com/analysts/Colin-Langan/,20 Aug 2026
William Grippin,4613,https://stockanalysis.com/analysts/William-Grippin/,10 Aug 2026
Seth Sigman,4616,https://stockanalysis.com/analysts/Seth-Sigman/,28 Aug 2026
Tom Curran,4617,https://stockanalysis.com/analysts/Tom-Curran/,08 Jan 2026
Matthew Keller,4618,https://stockanalysis.com/analysts/Matthew-Keller/,18 Aug 2026
Sean Milligan,4619,https://stockanalysis.com/analysts/Sean-Milligan/,19 Aug 2026
Alexandria Hammond,4623,https://stockanalysis.com/analysts/Alexandria-Hammond/,25 Aug 2026
Naz Rahman,4624,https://stockanalysis.com/analysts/Naz-Rahman/,28 Aug 2026
Alexia Dogani,4631,https://stockanalysis.com/analysts/Alexia-Dogani/,17 Aug 2026
Anna Andreeva,4632,https://stockanalysis.com/analysts/Anna-Andreeva/,28 Aug 2026
Brian Skorney,4633,https://stockanalysis.com/analysts/Brian-Skorney/,25 Aug 2026
Constantine Davides,4634,https://stockanalysis.com/analysts/Constantine-Davides/,29 Jul 2026
Puneet Jain,4635,https://stockanalysis.com/analysts/Puneet-Jain/,26 Aug 2026
Joseph Civello,4636,https://stockanalysis.com/analysts/Joseph-Civello/,31 Aug 2026
Sara Nik,4637,https://stockanalysis.com/analysts/Sara-Nik/,28 Aug 2026
Jason Kupferberg,4638,https://stockanalysis.com/analysts/Jason-Kupferberg/,28 Aug 2026
Bill Kirk,4639,https://stockanalysis.com/analysts/Bill-Kirk/,26 Aug 2026
Daina Graybosch,4640,https://stockanalysis.com/analysts/Daina-Graybosch/,11 Aug 2026
Caroline Palomeque,4644,https://stockanalysis.com/analysts/Caroline-Palomeque/,16 Jun 2026
Daniel Perlin,4648,https://stockanalysis.com/analysts/Daniel-Perlin/,28 Aug 2026
Bruce Jackson,4649,https://stockanalysis.com/analysts/Bruce-Jackson/,20 Aug 2026
Michael Albanese,4650,https://stockanalysis.com/analysts/Michael-Albanese/,19 Aug 2026
Sarang Vora,4654,https://stockanalysis.com/analysts/Sarang-Vora/,21 Aug 2026
Young Li,4656,https://stockanalysis.com/analysts/Young-Li/,07 Jul 2026
Piral Dadhania,4659,https://stockanalysis.com/analysts/Piral-Dadhania/,24 Aug 2026
Joseph Spak,4666,https://stockanalysis.com/analysts/Joseph-Spak/,20 Aug 2026
Marie Thibault,4667,https://stockanalysis.com/analysts/Marie-Thibault/,24 Aug 2026
Reni Benjamin,4668,https://stockanalysis.com/analysts/Reni-Benjamin/,07 Aug 2026
Jason Kolbert,4669,https://stockanalysis.com/analysts/Jason-Kolbert/,13 May 2026
Ryan MacDonald,4673,https://stockanalysis.com/analysts/Ryan-MacDonald/,27 Aug 2026
Vikram Bagri,4674,https://stockanalysis.com/analysts/Vikram-Bagri/,28 Aug 2026
Kyle Bauser,4675,https://stockanalysis.com/analysts/Kyle-Bauser/,17 Apr 2026
Jason McCarthy,4676,https://stockanalysis.com/analysts/Jason-McCarthy/,26 Aug 2026
Jack Allen,4677,https://stockanalysis.com/analysts/Jack-Allen/,30 Jun 2026
James Molloy,4679,https://stockanalysis.com/analysts/James-Molloy/,24 Aug 2026
Christopher Souther,4680,https://stockanalysis.com/analysts/Christopher-Souther/,25 Aug 2026
Itay Michaeli,4682,https://stockanalysis.com/analysts/Itay-Michaeli/,11 Aug 2026
Eric Wold,4683,https://stockanalysis.com/analysts/Eric-Wold/,15 Jul 2026
Allen Klee,4684,https://stockanalysis.com/analysts/Allen-Klee/,21 Aug 2026
Edward Woo,4685,https://stockanalysis.com/analysts/Edward-Woo/,28 Aug 2026
James McIlree,4686,https://stockanalysis.com/analysts/James-McIlree/,28 Aug 2026
Anthony Vendetti,4689,https://stockanalysis.com/analysts/Anthony-Vendetti/,20 Aug 2026
Lucas Ward,4690,https://stockanalysis.com/analysts/Lucas-Ward/,04 Jun 2026
del Valle,9920,https://stockanalysis.com/analysts/del-Valle/,Not found
Juan Sanabria,9920,https://stockanalysis.com/analysts/Juan-Sanabria/,Not found
Joshua Jennings,9920,https://stockanalysis.com/analysts/Joshua-Jennings/,Not found
Josh Schimmer,9920,https://stockanalysis.com/analysts/Josh-Schimmer/,Not found
Kartik Mehta,9920,https://stockanalysis.com/analysts/Kartik-Mehta/,Not found
Karol Chmiel,9920,https://stockanalysis.com/analysts/Karol-Chmiel/,Not found
Kaio Prato,9920,https://stockanalysis.com/analysts/Kaio-Prato/,Not found
William Kirk,9920,https://stockanalysis.com/analysts/William-Kirk/,Not found
William Jellison,9920,https://stockanalysis.com/analysts/William-Jellison/,Not found
William Crow,9920,https://stockanalysis.com/analysts/William-Crow/,Not found
Abhi Agarwal,9920,https://stockanalysis.com/analysts/Abhi-Agarwal/,Not found
Yi Fu,9920,https://stockanalysis.com/analysts/Yi-Fu/,Not found
Yessica Sanchez,9920,https://stockanalysis.com/analysts/Yessica-Sanchez/,Not found
Xavier Bouvignies,9920,https://stockanalysis.com/analysts/Xavier-Bouvignies/,Not found
Woody Lay,9920,https://stockanalysis.com/analysts/Woody-Lay/,Not found
Air Ma,9920,https://stockanalysis.com/analysts/Air-Ma/,Not found
Aaron Kessler,9920,https://stockanalysis.com/analysts/Aaron-Kessler/,Not found
David Strauss,9920,https://stockanalysis.com/analysts/David-Strauss/,Not found
David Smith,9920,https://stockanalysis.com/analysts/David-Smith/,Not found
David Seigerman,9920,https://stockanalysis.com/analysts/David-Seigerman/,Not found
Destiny Hance,9920,https://stockanalysis.com/analysts/Destiny-Hance/,Not found
Derik De,9920,https://stockanalysis.com/analysts/Derik-De/,Not found
Paul Diamond,9920,https://stockanalysis.com/analysts/Paul-Diamond/,Not found
Paul Coster,9920,https://stockanalysis.com/analysts/Paul-Coster/,Not found
Paul Chung,9920,https://stockanalysis.com/analysts/Paul-Chung/,Not found
Paul Cheng,9920,https://stockanalysis.com/analysts/Paul-Cheng/,Not found
Paul Adams,9920,https://stockanalysis.com/analysts/Paul-Adams/,Not found
Patty Kanada,9920,https://stockanalysis.com/analysts/Patty-Kanada/,Not found
David MacDonald,9920,https://stockanalysis.com/analysts/David-MacDonald/,Not found
David Lewis,9920,https://stockanalysis.com/analysts/David-Lewis/,Not found
David Leiker,9920,https://stockanalysis.com/analysts/David-Leiker/,Not found
David Lebowitz,9920,https://stockanalysis.com/analysts/David-Lebowitz/,Not found
David Lebovitz,9920,https://stockanalysis.com/analysts/David-Lebovitz/,Not found
De Bruin,9920,https://stockanalysis.com/analysts/De-Bruin/,Not found
David Togut,9920,https://stockanalysis.com/analysts/David-Togut/,Not found
Pete Skibitski,9920,https://stockanalysis.com/analysts/Pete-Skibitski/,Not found
Perez Mora,9920,https://stockanalysis.com/analysts/Perez-Mora/,Not found
Paul Zimbardo,9920,https://stockanalysis.com/analysts/Paul-Zimbardo/,Not found
Paul Steep,9920,https://stockanalysis.com/analysts/Paul-Steep/,Not found
Paul Obrecht,9920,https://stockanalysis.com/analysts/Paul-Obrecht/,Not found
Paul McTaggart,9920,https://stockanalysis.com/analysts/Paul-McTaggart/,Not found
Patrick Tyler,9920,https://stockanalysis.com/analysts/Patrick-Tyler/,Not found
Patrick R. Trucchio,9920,https://stockanalysis.com/analysts/Patrick-R.-Trucchio/,Not found
Deborah Ciervo,9920,https://stockanalysis.com/analysts/Deborah-Ciervo/,Not found
Dori Kesten,9920,https://stockanalysis.com/analysts/Dori-Kesten/,Not found
Don Carducci,9920,https://stockanalysis.com/analysts/Don-Carducci/,Not found
Domingos Falavina,9920,https://stockanalysis.com/analysts/Domingos-Falavina/,Not found
Divya Goyal,9920,https://stockanalysis.com/analysts/Divya-Goyal/,Not found
Dimple Gosai,9920,https://stockanalysis.com/analysts/Dimple-Gosai/,Not found
Dimple Gosa,9920,https://stockanalysis.com/analysts/Dimple-Gosa/,Not found
Dillon Cumming,9920,https://stockanalysis.com/analysts/Dillon-Cumming/,Not found
Patrick Donnelly,9920,https://stockanalysis.com/analysts/Patrick-Donnelly/,Not found
Parker Lane,9920,https://stockanalysis.com/analysts/Parker-Lane/,Not found
Papa Sylla,9920,https://stockanalysis.com/analysts/Papa-Sylla/,Not found
Pablo Zuanic,9920,https://stockanalysis.com/analysts/Pablo-Zuanic/,Not found
Diego Aragao,9920,https://stockanalysis.com/analysts/Diego-Aragao/,Not found
Jessica Reif,9920,https://stockanalysis.com/analysts/Jessica-Reif/,Not found
Jessica Ehrlich,9920,https://stockanalysis.com/analysts/Jessica-Ehrlich/,Not found
Lauren Schenk,9920,https://stockanalysis.com/analysts/Lauren-Schenk/,Not found
Larry Solow,9920,https://stockanalysis.com/analysts/Larry-Solow/,Not found
Landon Park,9920,https://stockanalysis.com/analysts/Landon-Park/,Not found
Kyle Voigt,9920,https://stockanalysis.com/analysts/Kyle-Voigt/,Not found
David Rodgers,9920,https://stockanalysis.com/analysts/David-Rodgers/,Not found
David Motemeden,9920,https://stockanalysis.com/analysts/David-Motemeden/,Not found
Peter Osterland,9920,https://stockanalysis.com/analysts/Peter-Osterland/,Not found
Peter Lawson,9920,https://stockanalysis.com/analysts/Peter-Lawson/,Not found
Peter Costa,9920,https://stockanalysis.com/analysts/Peter-Costa/,Not found
David Kang,9920,https://stockanalysis.com/analysts/David-Kang/,Not found
David Hicks,9920,https://stockanalysis.com/analysts/David-Hicks/,Not found
David Bouchey,9920,https://stockanalysis.com/analysts/David-Bouchey/,Not found
David Belinger,9920,https://stockanalysis.com/analysts/David-Belinger/,Not found
Pinjalim Bora,9920,https://stockanalysis.com/analysts/Pinjalim-Bora/,Not found
Philipp Häßler,9920,empty,Not found
Philip Gibbs,9920,https://stockanalysis.com/analysts/Philip-Gibbs/,Not found
Philip Cusick,9920,https://stockanalysis.com/analysts/Philip-Cusick/,Not found
Jin Yoon,9920,https://stockanalysis.com/analysts/Jin-Yoon/,Not found
Jimmy Yoon,9920,https://stockanalysis.com/analysts/Jimmy-Yoon/,Not found
Jim Duffy,9920,https://stockanalysis.com/analysts/Jim-Duffy/,Not found
Ed Yang,9920,https://stockanalysis.com/analysts/Ed-Yang/,Not found
Duane Pfenningwerth,9920,https://stockanalysis.com/analysts/Duane-Pfenningwerth/,Not found
Drew Ranieri,9920,https://stockanalysis.com/analysts/Drew-Ranieri/,Not found
Drew Chamberlain,9920,https://stockanalysis.com/analysts/Drew-Chamberlain/,Not found
Douglas Irwin,9920,https://stockanalysis.com/analysts/Douglas-Irwin/,Not found
Omar Nokta,9920,https://stockanalysis.com/analysts/Omar-Nokta/,Not found
Ole Slorer,9920,https://stockanalysis.com/analysts/Ole-Slorer/,Not found
Doug Harter,9920,https://stockanalysis.com/analysts/Doug-Harter/,Not found
Kyle Mikson,9920,https://stockanalysis.com/analysts/Kyle-Mikson/,Not found
Daniel Ford,9920,https://stockanalysis.com/analysts/Daniel-Ford/,Not found
Daniel Chen,9920,https://stockanalysis.com/analysts/Daniel-Chen/,Not found
Daniel Chan,9920,https://stockanalysis.com/analysts/Daniel-Chan/,Not found
Darren Leung,9920,https://stockanalysis.com/analysts/Darren-Leung/,Not found
Pérez Mora,9920,empty,Not found
Prashant Rao,9920,https://stockanalysis.com/analysts/Prashant-Rao/,Not found
Daniel Roeska,9920,https://stockanalysis.com/analysts/Daniel-Roeska/,Not found
Dan Ives,9920,https://stockanalysis.com/analysts/Dan-Ives/,Not found
Dan Brennan,9920,https://stockanalysis.com/analysts/Dan-Brennan/,Not found
Dailey Fairbanks,9920,https://stockanalysis.com/analysts/Dailey-Fairbanks/,Not found
Daniel Markowitz,9920,https://stockanalysis.com/analysts/Daniel-Markowitz/,Not found
Daniel Kutz,9920,https://stockanalysis.com/analysts/Daniel-Kutz/,Not found
Ralph Profiti,9920,https://stockanalysis.com/analysts/Ralph-Profiti/,Not found
Rajat Gupta,9920,https://stockanalysis.com/analysts/Rajat-Gupta/,Not found
Raj Sharma,9920,https://stockanalysis.com/analysts/Raj-Sharma/,Not found
Raj Kumar,9920,https://stockanalysis.com/analysts/Raj-Kumar/,Not found
Raghuram Selvaraju,9920,https://stockanalysis.com/analysts/Raghuram-Selvaraju/,Not found
Rachel Vatnsdal,9920,https://stockanalysis.com/analysts/Rachel-Vatnsdal/,Not found
Q3 Marketplace,9920,https://stockanalysis.com/analysts/Q3-Marketplace/,Not found
Q3 EPS,9920,https://stockanalysis.com/analysts/Q3-EPS/,Not found
Daniel Hibshman,9920,https://stockanalysis.com/analysts/Daniel-Hibshman/,Not found
Lee Krowl,9920,https://stockanalysis.com/analysts/Lee-Krowl/,Not found
Leandro Bastos,9920,https://stockanalysis.com/analysts/Leandro-Bastos/,Not found
Lawrence Biegelsen,9920,https://stockanalysis.com/analysts/Lawrence-Biegelsen/,Not found
Jesse Sobelson,9920,https://stockanalysis.com/analysts/Jesse-Sobelson/,Not found
Jennifer Swanson,9920,https://stockanalysis.com/analysts/Jennifer-Swanson/,Not found
Jennifer Demba,9920,https://stockanalysis.com/analysts/Jennifer-Demba/,Not found
Jeffrey Zekaukas,9920,https://stockanalysis.com/analysts/Jeffrey-Zekaukas/,Not found
Noah Herman,9920,https://stockanalysis.com/analysts/Noah-Herman/,Not found
Nitin Kumar,9920,https://stockanalysis.com/analysts/Nitin-Kumar/,Not found
Nigel Dally,9920,https://stockanalysis.com/analysts/Nigel-Dally/,Not found
Richard Hill,9920,https://stockanalysis.com/analysts/Richard-Hill/,Not found
Richard Eastman,9920,https://stockanalysis.com/analysts/Richard-Eastman/,Not found
Rich Hilliker,9920,https://stockanalysis.com/analysts/Rich-Hilliker/,Not found
Rich Hightower,9920,https://stockanalysis.com/analysts/Rich-Hightower/,Not found
Cristopher Kennedy,9920,https://stockanalysis.com/analysts/Cristopher-Kennedy/,Not found
Cristina Fernández,9920,empty,Not found
Dane Leone,9920,https://stockanalysis.com/analysts/Dane-Leone/,Not found
Dan Silverstein,9920,https://stockanalysis.com/analysts/Dan-Silverstein/,Not found
Ricardo Rezende,9920,https://stockanalysis.com/analysts/Ricardo-Rezende/,Not found
Reif Ehrlich,9920,https://stockanalysis.com/analysts/Reif-Ehrlich/,Not found
Nicole Miller,9920,https://stockanalysis.com/analysts/Nicole-Miller/,Not found
Nicole Germino,9920,https://stockanalysis.com/analysts/Nicole-Germino/,Not found
Nick Pope,9920,https://stockanalysis.com/analysts/Nick-Pope/,Not found
Eddie Leung,9920,https://stockanalysis.com/analysts/Eddie-Leung/,Not found
Elizabeth Garcia,9920,https://stockanalysis.com/analysts/Elizabeth-Garcia/,Not found
Elizabeth Anderson,9920,https://stockanalysis.com/analysts/Elizabeth-Anderson/,Not found
Nick Joseph,9920,https://stockanalysis.com/analysts/Nick-Joseph/,Not found
Nick Housden,9920,https://stockanalysis.com/analysts/Nick-Housden/,Not found
Nick Del,9920,https://stockanalysis.com/analysts/Nick-Del/,Not found
Nick Abbott,9920,https://stockanalysis.com/analysts/Nick-Abbott/,Not found
Ricky Goldwasser,9920,https://stockanalysis.com/analysts/Ricky-Goldwasser/,Not found
Rick Paterson,9920,https://stockanalysis.com/analysts/Rick-Paterson/,Not found
Richard Repetto,9920,https://stockanalysis.com/analysts/Richard-Repetto/,Not found
Richard Radbourne,9920,https://stockanalysis.com/analysts/Richard-Radbourne/,Not found
Corinne Jenkins,9920,https://stockanalysis.com/analysts/Corinne-Jenkins/,Not found
Conor McNamara,9920,https://stockanalysis.com/analysts/Conor-McNamara/,Not found
Dae Gon,9920,https://stockanalysis.com/analysts/Dae-Gon/,Not found
Da Wei,9920,https://stockanalysis.com/analysts/Da-Wei/,Not found
Curtis Shauger,9920,https://stockanalysis.com/analysts/Curtis-Shauger/,Not found
Curt Woodworth,9920,https://stockanalysis.com/analysts/Curt-Woodworth/,Not found
Richard Law,9920,https://stockanalysis.com/analysts/Richard-Law/,Not found
Connor Chamberlain,9920,https://stockanalysis.com/analysts/Connor-Chamberlain/,Not found
Colleen Kusy,9920,https://stockanalysis.com/analysts/Colleen-Kusy/,Not found
Robert Cox,9920,https://stockanalysis.com/analysts/Robert-Cox/,Not found
Robert Bek,9920,https://stockanalysis.com/analysts/Robert-Bek/,Not found
Rob Wertheimer,9920,https://stockanalysis.com/analysts/Rob-Wertheimer/,Not found
Rob Oliver,9920,https://stockanalysis.com/analysts/Rob-Oliver/,Not found
Rob Dickerson,9920,https://stockanalysis.com/analysts/Rob-Dickerson/,Not found
Rob Brown,9920,https://stockanalysis.com/analysts/Rob-Brown/,Not found
Colin Isaac,9920,https://stockanalysis.com/analysts/Colin-Isaac/,Not found
Colin Bristow,9920,https://stockanalysis.com/analysts/Colin-Bristow/,Not found
Cody Ross,9920,https://stockanalysis.com/analysts/Cody-Ross/,Not found
Nicholas Watts,9920,https://stockanalysis.com/analysts/Nicholas-Watts/,Not found
Nicholas Thomas,9920,https://stockanalysis.com/analysts/Nicholas-Thomas/,Not found
Nicholas Jones,9920,https://stockanalysis.com/analysts/Nicholas-Jones/,Not found
Neil Kalton,9920,https://stockanalysis.com/analysts/Neil-Kalton/,Not found
Neel Kumar,9920,https://stockanalysis.com/analysts/Neel-Kumar/,Not found
Nathan Rice,9920,https://stockanalysis.com/analysts/Nathan-Rice/,Not found
Joel Beatty,9920,https://stockanalysis.com/analysts/Joel-Beatty/,Not found
Joe Vruwink,9920,https://stockanalysis.com/analysts/Joe-Vruwink/,Not found
Joe Reagor,9920,https://stockanalysis.com/analysts/Joe-Reagor/,Not found
Joe Quatrochi,9920,https://stockanalysis.com/analysts/Joe-Quatrochi/,Not found
Joe Meares,9920,https://stockanalysis.com/analysts/Joe-Meares/,Not found
Joe Goodwin,9920,https://stockanalysis.com/analysts/Joe-Goodwin/,Not found
Joe Giordano,9920,https://stockanalysis.com/analysts/Joe-Giordano/,Not found
Kosta Tasoulis,9920,https://stockanalysis.com/analysts/Kosta-Tasoulis/,Not found
Korinne Wolfmeyer,9920,https://stockanalysis.com/analysts/Korinne-Wolfmeyer/,Not found
Joao Pedro,9920,https://stockanalysis.com/analysts/Joao-Pedro/,Not found
Conor Fitzgerald,9920,https://stockanalysis.com/analysts/Conor-Fitzgerald/,Not found
Connor Siversky,9920,https://stockanalysis.com/analysts/Connor-Siversky/,Not found
Connor Lynagh,9920,https://stockanalysis.com/analysts/Connor-Lynagh/,Not found
Cleveland Rueckert,9920,https://stockanalysis.com/analysts/Cleveland-Rueckert/,Not found
Chuck Grom,9920,https://stockanalysis.com/analysts/Chuck-Grom/,Not found
Christyne McGarvey,9920,https://stockanalysis.com/analysts/Christyne-McGarvey/,Not found
Robert Napoli,9920,https://stockanalysis.com/analysts/Robert-Napoli/,Not found
Robert Mosca,9920,https://stockanalysis.com/analysts/Robert-Mosca/,Not found
Robert Mason,9920,https://stockanalysis.com/analysts/Robert-Mason/,Not found
Christopher Schoell,9920,https://stockanalysis.com/analysts/Christopher-Schoell/,Not found
Christopher Parkinson,9920,https://stockanalysis.com/analysts/Christopher-Parkinson/,Not found
Christopher Moore,9920,https://stockanalysis.com/analysts/Christopher-Moore/,Not found
Joel Lederman,9920,https://stockanalysis.com/analysts/Joel-Lederman/,Not found
Joel Fishbein,9920,https://stockanalysis.com/analysts/Joel-Fishbein/,Not found
Elizabeth Suzuki,9920,https://stockanalysis.com/analysts/Elizabeth-Suzuki/,Not found
Erin Wilson,9920,https://stockanalysis.com/analysts/Erin-Wilson/,Not found
Eric Schmidt,9920,https://stockanalysis.com/analysts/Eric-Schmidt/,Not found
Eric Des,9920,https://stockanalysis.com/analysts/Eric-Des/,Not found
Eric Beaumont,9920,https://stockanalysis.com/analysts/Eric-Beaumont/,Not found
Nathan Janes,9920,https://stockanalysis.com/analysts/Nathan-Janes/,Not found
Nichola Holowko,9920,https://stockanalysis.com/analysts/Nichola-Holowko/,Not found
Jeffrey Rulis,9920,https://stockanalysis.com/analysts/Jeffrey-Rulis/,Not found
Jeffrey Reive,9920,https://stockanalysis.com/analysts/Jeffrey-Reive/,Not found
Jeffrey Osborne,9920,https://stockanalysis.com/analysts/Jeffrey-Osborne/,Not found
Christopher Merwin,9920,https://stockanalysis.com/analysts/Christopher-Merwin/,Not found
Christopher Mandeville,9920,https://stockanalysis.com/analysts/Christopher-Mandeville/,Not found
Christopher LeFemina,9920,https://stockanalysis.com/analysts/Christopher-LeFemina/,Not found
Christopher LaFemina,9920,https://stockanalysis.com/analysts/Christopher-LaFemina/,Not found
Ronald J,9920,https://stockanalysis.com/analysts/Ronald-J/,Not found
Rohin Patel,9920,https://stockanalysis.com/analysts/Rohin-Patel/,Not found
Roger Read,9920,https://stockanalysis.com/analysts/Roger-Read/,Not found
Robyn Karnauskas,9920,https://stockanalysis.com/analysts/Robyn-Karnauskas/,Not found
Robin Farley,9920,https://stockanalysis.com/analysts/Robin-Farley/,Not found
Christopher Graja,9920,https://stockanalysis.com/analysts/Christopher-Graja/,Not found
Christopher Dendrinos,9920,https://stockanalysis.com/analysts/Christopher-Dendrinos/,Not found
Christopher Danely,9920,https://stockanalysis.com/analysts/Christopher-Danely/,Not found
Russell Quelch,9920,https://stockanalysis.com/analysts/Russell-Quelch/,Not found
Chris Carey,9920,https://stockanalysis.com/analysts/Chris-Carey/,Not found
Chi Fong,9920,https://stockanalysis.com/analysts/Chi-Fong/,Not found
Chris Zhang,9920,https://stockanalysis.com/analysts/Chris-Zhang/,Not found
Chris Snyder,9920,https://stockanalysis.com/analysts/Chris-Snyder/,Not found
Chris Senyek,9920,https://stockanalysis.com/analysts/Chris-Senyek/,Not found
Roy Buchanan,9920,https://stockanalysis.com/analysts/Roy-Buchanan/,Not found
Ross Smotrich,9920,https://stockanalysis.com/analysts/Ross-Smotrich/,Not found
Ross Osborn,9920,https://stockanalysis.com/analysts/Ross-Osborn/,Not found
Ross Muken,9920,https://stockanalysis.com/analysts/Ross-Muken/,Not found
Ross Gilardi,9920,https://stockanalysis.com/analysts/Ross-Gilardi/,Not found
Ronald Jewsikow,9920,https://stockanalysis.com/analysts/Ronald-Jewsikow/,Not found
Chris Robertson,9920,https://stockanalysis.com/analysts/Chris-Robertson/,Not found
Chris Raymond,9920,https://stockanalysis.com/analysts/Chris-Raymond/,Not found
Lisa Clive,9920,https://stockanalysis.com/analysts/Lisa-Clive/,Not found
Lili Nsongo,9920,https://stockanalysis.com/analysts/Lili-Nsongo/,Not found
Liisa Bayko,9920,https://stockanalysis.com/analysts/Liisa-Bayko/,Not found
Lucas Pipes,9920,https://stockanalysis.com/analysts/Lucas-Pipes/,Not found
Evan David,9920,https://stockanalysis.com/analysts/Evan-David/,Not found
Eva Fortea,9920,https://stockanalysis.com/analysts/Eva-Fortea/,Not found
Mitch Germain,9920,https://stockanalysis.com/analysts/Mitch-Germain/,Not found
Ming Hsun,9920,https://stockanalysis.com/analysts/Ming-Hsun/,Not found
Mike Scialla,9920,https://stockanalysis.com/analysts/Mike-Scialla/,Not found
Mike Polark,9920,https://stockanalysis.com/analysts/Mike-Polark/,Not found
Ryan McKeveny,9920,https://stockanalysis.com/analysts/Ryan-McKeveny/,Not found
Ryan Lynch,9920,https://stockanalysis.com/analysts/Ryan-Lynch/,Not found
Charles Duncan,9920,https://stockanalysis.com/analysts/Charles-Duncan/,Not found
Chris Merwin,9920,https://stockanalysis.com/analysts/Chris-Merwin/,Not found
Chris Mcgratty,9920,https://stockanalysis.com/analysts/Chris-Mcgratty/,Not found
Chris Kuntarich,9920,https://stockanalysis.com/analysts/Chris-Kuntarich/,Not found
Ryan Krieger,9920,https://stockanalysis.com/analysts/Ryan-Krieger/,Not found
Ryan Griffin,9920,https://stockanalysis.com/analysts/Ryan-Griffin/,Not found
Ryan Cooke,9920,https://stockanalysis.com/analysts/Ryan-Cooke/,Not found
Catherine Ramsey,9920,https://stockanalysis.com/analysts/Catherine-Ramsey/,Not found
Sabrina Abrams,9920,https://stockanalysis.com/analysts/Sabrina-Abrams/,Not found
Carly Kenselaar,9920,https://stockanalysis.com/analysts/Carly-Kenselaar/,Not found
Mike Morris,9920,https://stockanalysis.com/analysts/Mike-Morris/,Not found
Mike Matson,9920,https://stockanalysis.com/analysts/Mike-Matson/,Not found
Eun Yang,9920,https://stockanalysis.com/analysts/Eun-Yang/,Not found
Esther Rajavelu,9920,https://stockanalysis.com/analysts/Esther-Rajavelu/,Not found
Esme Pau,9920,https://stockanalysis.com/analysts/Esme-Pau/,Not found
Erwan Rambourg,9920,https://stockanalysis.com/analysts/Erwan-Rambourg/,Not found
Mike Lavery,9920,https://stockanalysis.com/analysts/Mike-Lavery/,Not found
Mike Harris,9920,https://stockanalysis.com/analysts/Mike-Harris/,Not found
Mike Grondahl,9920,https://stockanalysis.com/analysts/Mike-Grondahl/,Not found
Mike Genovese,9920,https://stockanalysis.com/analysts/Mike-Genovese/,Not found
Mike Dahl,9920,https://stockanalysis.com/analysts/Mike-Dahl/,Not found
Mike Cyprys,9920,https://stockanalysis.com/analysts/Mike-Cyprys/,Not found
Mike Burton,9920,https://stockanalysis.com/analysts/Mike-Burton/,Not found
Mike Albanese,9920,https://stockanalysis.com/analysts/Mike-Albanese/,Not found
Cameron Mansson,9920,https://stockanalysis.com/analysts/Cameron-Mansson/,Not found
Sanjeev Rana,9920,https://stockanalysis.com/analysts/Sanjeev-Rana/,Not found
Samuel Eisner,9920,https://stockanalysis.com/analysts/Samuel-Eisner/,Not found
C J,9920,https://stockanalysis.com/analysts/C-J/,Not found
Burrows Szczupak,9920,https://stockanalysis.com/analysts/Burrows-Szczupak/,Not found
Bryce Rowe,9920,https://stockanalysis.com/analysts/Bryce-Rowe/,Not found
Chad Bennett,9920,https://stockanalysis.com/analysts/Chad-Bennett/,Not found
Cerena Chen,9920,https://stockanalysis.com/analysts/Cerena-Chen/,Not found
Cecilia Furlong,9920,https://stockanalysis.com/analysts/Cecilia-Furlong/,Not found
Catherine Schulte,9920,https://stockanalysis.com/analysts/Catherine-Schulte/,Not found
John Nadel,9920,https://stockanalysis.com/analysts/John-Nadel/,Not found
John Murphy,9920,https://stockanalysis.com/analysts/John-Murphy/,Not found
John McDonald,9920,https://stockanalysis.com/analysts/John-McDonald/,Not found
John Glass,9920,https://stockanalysis.com/analysts/John-Glass/,Not found
John Gibson,9920,https://stockanalysis.com/analysts/John-Gibson/,Not found
John Egbert,9920,https://stockanalysis.com/analysts/John-Egbert/,Not found
John Edelman,9920,https://stockanalysis.com/analysts/John-Edelman/,Not found
Kimberly Greenberger,9920,https://stockanalysis.com/analysts/Kimberly-Greenberger/,Not found
Kieran De,9920,https://stockanalysis.com/analysts/Kieran-De/,Not found
Ki Bin,9920,https://stockanalysis.com/analysts/Ki-Bin/,Not found
Kevin Liu,9920,https://stockanalysis.com/analysts/Kevin-Liu/,Not found
Carlos De,9920,https://stockanalysis.com/analysts/Carlos-De/,Not found
Camille Bonnel,9920,https://stockanalysis.com/analysts/Camille-Bonnel/,Not found
Federico Merendi,9920,https://stockanalysis.com/analysts/Federico-Merendi/,Not found
Farooq Hamed,9920,https://stockanalysis.com/analysts/Farooq-Hamed/,Not found
Francisco Suarez,9920,https://stockanalysis.com/analysts/Francisco-Suarez/,Not found
Floris Van,9920,https://stockanalysis.com/analysts/Floris-Van/,Not found
Fernando Abdalla,9920,https://stockanalysis.com/analysts/Fernando-Abdalla/,Not found
Felicia Hendrix,9920,https://stockanalysis.com/analysts/Felicia-Hendrix/,Not found
Michelle Fang,9920,https://stockanalysis.com/analysts/Michelle-Fang/,Not found
Micheal Bellisario,9920,https://stockanalysis.com/analysts/Micheal-Bellisario/,Not found
Michael Weinstein,9920,https://stockanalysis.com/analysts/Michael-Weinstein/,Not found
Michael Walkley,9920,https://stockanalysis.com/analysts/Michael-Walkley/,Not found
Michael Tyndall,9920,https://stockanalysis.com/analysts/Michael-Tyndall/,Not found
Brian Brungardt,9920,https://stockanalysis.com/analysts/Brian-Brungardt/,Not found
Bryan Spillane,9920,https://stockanalysis.com/analysts/Bryan-Spillane/,Not found
Bryan Maher,9920,https://stockanalysis.com/analysts/Bryan-Maher/,Not found
Bryan Adams,9920,https://stockanalysis.com/analysts/Bryan-Adams/,Not found
Bruce Chan,9920,https://stockanalysis.com/analysts/Bruce-Chan/,Not found
Brock Vandervliet,9920,https://stockanalysis.com/analysts/Brock-Vandervliet/,Not found
Scott Marks,9920,https://stockanalysis.com/analysts/Scott-Marks/,Not found
Scott Fidel,9920,https://stockanalysis.com/analysts/Scott-Fidel/,Not found
Scott Ciccarelli,9920,https://stockanalysis.com/analysts/Scott-Ciccarelli/,Not found
John Rogers,9920,https://stockanalysis.com/analysts/John-Rogers/,Not found
John Roberts,9920,https://stockanalysis.com/analysts/John-Roberts/,Not found
Michael Jalonen,9920,https://stockanalysis.com/analysts/Michael-Jalonen/,Not found
Michael Schmitz,9920,https://stockanalysis.com/analysts/Michael-Schmitz/,Not found
Michael Phillips,9920,https://stockanalysis.com/analysts/Michael-Phillips/,Not found
Michael Perito,9920,https://stockanalysis.com/analysts/Michael-Perito/,Not found
Gabriel Moreen,9920,https://stockanalysis.com/analysts/Gabriel-Moreen/,Not found
Gabe Hajde,9920,https://stockanalysis.com/analysts/Gabe-Hajde/,Not found
Fu Lee,9920,https://stockanalysis.com/analysts/Fu-Lee/,Not found
Frank Lee,9920,https://stockanalysis.com/analysts/Frank-Lee/,Not found
Brian Lee,9920,https://stockanalysis.com/analysts/Brian-Lee/,Not found
Sean Meakim,9920,https://stockanalysis.com/analysts/Sean-Meakim/,Not found
Sean Lee,9920,https://stockanalysis.com/analysts/Sean-Lee/,Not found
Sean King,9920,https://stockanalysis.com/analysts/Sean-King/,Not found
Brian Flores,9920,https://stockanalysis.com/analysts/Brian-Flores/,Not found
Brian Fitzgerald,9920,https://stockanalysis.com/analysts/Brian-Fitzgerald/,Not found
Brian Butler,9920,https://stockanalysis.com/analysts/Brian-Butler/,Not found
Sheila McGrath,9920,https://stockanalysis.com/analysts/Sheila-McGrath/,Not found
Brad Capuzzi,9920,https://stockanalysis.com/analysts/Brad-Capuzzi/,Not found
Brett Simpson,9920,https://stockanalysis.com/analysts/Brett-Simpson/,Not found
Brett Feldman,9920,https://stockanalysis.com/analysts/Brett-Feldman/,Not found
Brent Navon,9920,https://stockanalysis.com/analysts/Brent-Navon/,Not found
Brent Dilts,9920,https://stockanalysis.com/analysts/Brent-Dilts/,Not found
Brent Bracelin,9920,https://stockanalysis.com/analysts/Brent-Bracelin/,Not found
Shane Brett,9920,https://stockanalysis.com/analysts/Shane-Brett/,Not found
Shagun Singh,9920,https://stockanalysis.com/analysts/Shagun-Singh/,Not found
Seth Gilbert,9920,https://stockanalysis.com/analysts/Seth-Gilbert/,Not found
George Wang,9920,https://stockanalysis.com/analysts/George-Wang/,Not found
George Galliers,9920,https://stockanalysis.com/analysts/George-Galliers/,Not found
George Farmer,9920,https://stockanalysis.com/analysts/George-Farmer/,Not found
George Bose,9920,https://stockanalysis.com/analysts/George-Bose/,Not found
Geoff Lowery,9920,https://stockanalysis.com/analysts/Geoff-Lowery/,Not found
Michael Minchak,9920,https://stockanalysis.com/analysts/Michael-Minchak/,Not found
Michael McGovern,9920,https://stockanalysis.com/analysts/Michael-McGovern/,Not found
Michael Kaye,9920,https://stockanalysis.com/analysts/Michael-Kaye/,Not found
Louthan IV,9920,https://stockanalysis.com/analysts/Louthan-IV/,Not found
Louise Singlehurst,9920,https://stockanalysis.com/analysts/Louise-Singlehurst/,Not found
Soumit Roy,9920,https://stockanalysis.com/analysts/Soumit-Roy/,Not found
Sorabh Daga,9920,https://stockanalysis.com/analysts/Sorabh-Daga/,Not found
Soe Naing,9920,https://stockanalysis.com/analysts/Soe-Naing/,Not found
Smedes Rose,9920,https://stockanalysis.com/analysts/Smedes-Rose/,Not found
Simon Flannery,9920,https://stockanalysis.com/analysts/Simon-Flannery/,Not found
Sean Wieland,9920,https://stockanalysis.com/analysts/Sean-Wieland/,Not found
Brandon King,9920,https://stockanalysis.com/analysts/Brandon-King/,Not found
Brady Gailey,9920,https://stockanalysis.com/analysts/Brady-Gailey/,Not found
Bradley Berning,9920,https://stockanalysis.com/analysts/Bradley-Berning/,Not found
Brad Sills,9920,https://stockanalysis.com/analysts/Brad-Sills/,Not found
Sidney Ho,9920,https://stockanalysis.com/analysts/Sidney-Ho/,Not found
Shneur Gershuni,9920,https://stockanalysis.com/analysts/Shneur-Gershuni/,Not found
Shiwen Li,9920,https://stockanalysis.com/analysts/Shiwen-Li/,Not found
Bill Maughan,9920,https://stockanalysis.com/analysts/Bill-Maughan/,Not found
Bill Katz,9920,https://stockanalysis.com/analysts/Bill-Katz/,Not found
Bill Chappell,9920,https://stockanalysis.com/analysts/Bill-Chappell/,Not found
Biju Perincheril,9920,https://stockanalysis.com/analysts/Biju-Perincheril/,Not found
Brad Canino,9920,https://stockanalysis.com/analysts/Brad-Canino/,Not found
Boris Van,9920,https://stockanalysis.com/analysts/Boris-Van/,Not found
Boonie Herzog,9920,https://stockanalysis.com/analysts/Boonie-Herzog/,Not found
Bobby Zolper,9920,https://stockanalysis.com/analysts/Bobby-Zolper/,Not found
Bob Jian,9920,https://stockanalysis.com/analysts/Bob-Jian/,Not found
Bob Drbul,9920,https://stockanalysis.com/analysts/Bob-Drbul/,Not found
Spiro Dounis,9920,https://stockanalysis.com/analysts/Spiro-Dounis/,Not found
Jeffrey Lick,9920,https://stockanalysis.com/analysts/Jeffrey-Lick/,Not found
Jeffrey Hung,9920,https://stockanalysis.com/analysts/Jeffrey-Hung/,Not found
Jeffrey Bernstein,9920,https://stockanalysis.com/analysts/Jeffrey-Bernstein/,Not found
Jeffery Harte,9920,https://stockanalysis.com/analysts/Jeffery-Harte/,Not found
Jefferson Harralson,9920,https://stockanalysis.com/analysts/Jefferson-Harralson/,Not found
Jefferey Hammond,9920,https://stockanalysis.com/analysts/Jefferey-Hammond/,Not found
Greg Lewis,9920,https://stockanalysis.com/analysts/Greg-Lewis/,Not found
Greg Harrison,9920,https://stockanalysis.com/analysts/Greg-Harrison/,Not found
Glenn Mattson,9920,https://stockanalysis.com/analysts/Glenn-Mattson/,Not found
Michael Harrison,9920,https://stockanalysis.com/analysts/Michael-Harrison/,Not found
Benjamin Gerlinger,9920,https://stockanalysis.com/analysts/Benjamin-Gerlinger/,Not found
Stephen Trent,9920,https://stockanalysis.com/analysts/Stephen-Trent/,Not found
Benjamin Black,9920,https://stockanalysis.com/analysts/Benjamin-Black/,Not found
Stephanie Grambling,9920,https://stockanalysis.com/analysts/Stephanie-Grambling/,Not found
Stephanie Davis,9920,https://stockanalysis.com/analysts/Stephanie-Davis/,Not found
Stanley Elliott,9920,https://stockanalysis.com/analysts/Stanley-Elliott/,Not found
Stan Zlotsky,9920,https://stockanalysis.com/analysts/Stan-Zlotsky/,Not found
Srini Pajjuir,9920,https://stockanalysis.com/analysts/Srini-Pajjuir/,Not found
Bin Kim,9920,https://stockanalysis.com/analysts/Bin-Kim/,Not found
Steve Wieczynski,9920,https://stockanalysis.com/analysts/Steve-Wieczynski/,Not found
Steve Valiquette,9920,https://stockanalysis.com/analysts/Steve-Valiquette/,Not found
Steve Silver,9920,https://stockanalysis.com/analysts/Steve-Silver/,Not found
Steve Seedhouse,9920,https://stockanalysis.com/analysts/Steve-Seedhouse/,Not found
Steve Powers,9920,https://stockanalysis.com/analysts/Steve-Powers/,Not found
Steve Koenig,9920,https://stockanalysis.com/analysts/Steve-Koenig/,Not found
Steve Brozak,9920,https://stockanalysis.com/analysts/Steve-Brozak/,Not found
Bhumi Kanabar,9920,https://stockanalysis.com/analysts/Bhumi-Kanabar/,Not found
Betty Jing,9920,https://stockanalysis.com/analysts/Betty-Jing/,Not found
Betsy Graseck,9920,https://stockanalysis.com/analysts/Betsy-Graseck/,Not found
Bert Subin,9920,https://stockanalysis.com/analysts/Bert-Subin/,Not found
Benjamin Miller,9920,https://stockanalysis.com/analysts/Benjamin-Miller/,Not found
Benjamin Haynor,9920,https://stockanalysis.com/analysts/Benjamin-Haynor/,Not found
Griffin Boss,9920,https://stockanalysis.com/analysts/Griffin-Boss/,Not found
Gregory Fraser,9920,https://stockanalysis.com/analysts/Gregory-Fraser/,Not found
Greg Pardy,9920,https://stockanalysis.com/analysts/Greg-Pardy/,Not found
Greg Miller,9920,https://stockanalysis.com/analysts/Greg-Miller/,Not found
Michael Carrier,9920,https://stockanalysis.com/analysts/Michael-Carrier/,Not found
Michael Albanses,9920,https://stockanalysis.com/analysts/Michael-Albanses/,Not found
Meyer Sheilds,9920,https://stockanalysis.com/analysts/Meyer-Sheilds/,Not found
Jeff Van,9920,https://stockanalysis.com/analysts/Jeff-Van/,Not found
Ati Modak,9920,https://stockanalysis.com/analysts/Ati-Modak/,Not found
Steven Sheeckutz,9920,https://stockanalysis.com/analysts/Steven-Sheeckutz/,Not found
Steven Madden,9920,https://stockanalysis.com/analysts/Steven-Madden/,Not found
Steven Frankel,9920,https://stockanalysis.com/analysts/Steven-Frankel/,Not found
Steven Enders,9920,https://stockanalysis.com/analysts/Steven-Enders/,Not found
Steven Cahill,9920,https://stockanalysis.com/analysts/Steven-Cahill/,Not found
Ben Miller,9920,https://stockanalysis.com/analysts/Ben-Miller/,Not found
Ben Chaiken,9920,https://stockanalysis.com/analysts/Ben-Chaiken/,Not found
Steven Alexoloulos,9920,https://stockanalysis.com/analysts/Steven-Alexoloulos/,Not found
Jeff Kessler,9920,https://stockanalysis.com/analysts/Jeff-Kessler/,Not found
Madhu Kumar,9920,https://stockanalysis.com/analysts/Madhu-Kumar/,Not found
Luke Lemoine,9920,https://stockanalysis.com/analysts/Luke-Lemoine/,Not found
Luiz Carvalho,9920,https://stockanalysis.com/analysts/Luiz-Carvalho/,Not found
Jeff Hickey,9920,https://stockanalysis.com/analysts/Jeff-Hickey/,Not found
Jeff Garro,9920,https://stockanalysis.com/analysts/Jeff-Garro/,Not found
Jeff Cohen,9920,https://stockanalysis.com/analysts/Jeff-Cohen/,Not found
Heather Balsky,9920,https://stockanalysis.com/analysts/Heather-Balsky/,Not found
Hartaj Singh,9920,https://stockanalysis.com/analysts/Hartaj-Singh/,Not found
Melanie Nunez,9920,https://stockanalysis.com/analysts/Melanie-Nunez/,Not found
Medhi Hosseini,9920,https://stockanalysis.com/analysts/Medhi-Hosseini/,Not found
John Young,9920,https://stockanalysis.com/analysts/John-Young/,Not found
John Wilkin,9920,https://stockanalysis.com/analysts/John-Wilkin/,24 Aug 2026
John Te,9920,https://stockanalysis.com/analysts/John-Te/,Not found
John Sourbeer,9920,https://stockanalysis.com/analysts/John-Sourbeer/,Not found
John Rowan,9920,https://stockanalysis.com/analysts/John-Rowan/,Not found
Kevin Fitzsimmons,9920,https://stockanalysis.com/analysts/Kevin-Fitzsimmons/,Not found
Kevin Barker,9920,https://stockanalysis.com/analysts/Kevin-Barker/,Not found
Kenneth Worthington,9920,https://stockanalysis.com/analysts/Kenneth-Worthington/,Not found
Kenneth Shiu,9920,https://stockanalysis.com/analysts/Kenneth-Shiu/,Not found
Austin Dietz,9920,https://stockanalysis.com/analysts/Austin-Dietz/,Not found
Tao Qiu,9920,https://stockanalysis.com/analysts/Tao-Qiu/,Not found
Ashwin Shirvaikar,9920,https://stockanalysis.com/analysts/Ashwin-Shirvaikar/,Not found
Ashley Helgans,9920,https://stockanalysis.com/analysts/Ashley-Helgans/,Not found
Arthur Lai,9920,https://stockanalysis.com/analysts/Arthur-Lai/,Not found
Arthur He,9920,https://stockanalysis.com/analysts/Arthur-He/,Not found
Arnon Shirazi,9920,https://stockanalysis.com/analysts/Arnon-Shirazi/,Not found
Susy Tibaldi,9920,https://stockanalysis.com/analysts/Susy-Tibaldi/,Not found
Sung Ji,9920,https://stockanalysis.com/analysts/Sung-Ji/,Not found
Suji Desilva,9920,https://stockanalysis.com/analysts/Suji-Desilva/,Not found
Strong Buy,9920,https://stockanalysis.com/analysts/Strong-Buy/,Not found
Jon Young,9920,https://stockanalysis.com/analysts/Jon-Young/,Not found
Terence Malone,9920,https://stockanalysis.com/analysts/Terence-Malone/,Not found
Andy Yu,9920,https://stockanalysis.com/analysts/Andy-Yu/,Not found
Andy Terrell,9920,https://stockanalysis.com/analysts/Andy-Terrell/,Not found
Andy Marok,9920,https://stockanalysis.com/analysts/Andy-Marok/,Not found
André Uggedal,9920,empty,Not found
Anthony Powell,9920,https://stockanalysis.com/analysts/Anthony-Powell/,Not found
Anthony Linton,9920,https://stockanalysis.com/analysts/Anthony-Linton/,Not found
Tejas Savant,9920,https://stockanalysis.com/analysts/Tejas-Savant/,Not found
Taz Koujalgi,9920,https://stockanalysis.com/analysts/Taz-Koujalgi/,Not found
Taylor Morrison,9920,https://stockanalysis.com/analysts/Taylor-Morrison/,Not found
Max Hopkins,9920,https://stockanalysis.com/analysts/Max-Hopkins/,Not found
Harry Read,9920,https://stockanalysis.com/analysts/Harry-Read/,Not found
Harold Goetsch,9920,https://stockanalysis.com/analysts/Harold-Goetsch/,Not found
Harmen Puri,9920,https://stockanalysis.com/analysts/Harmen-Puri/,Not found
Hans Mosesmann,9920,https://stockanalysis.com/analysts/Hans-Mosesmann/,Not found
Hamza Fodderwala,9920,https://stockanalysis.com/analysts/Hamza-Fodderwala/,Not found
Matthew Summerville,9920,https://stockanalysis.com/analysts/Matthew-Summerville/,Not found
Matthew Stanton,9920,https://stockanalysis.com/analysts/Matthew-Stanton/,Not found
Matthew Sheerin,9920,https://stockanalysis.com/analysts/Matthew-Sheerin/,Not found
Matthew Murphy,9920,https://stockanalysis.com/analysts/Matthew-Murphy/,Not found
Matthew McKellar,9920,https://stockanalysis.com/analysts/Matthew-McKellar/,Not found
Matthew McClintock,9920,https://stockanalysis.com/analysts/Matthew-McClintock/,Not found
Matthew Krueger,9920,https://stockanalysis.com/analysts/Matthew-Krueger/,Not found
Andrew Rosivach,9920,https://stockanalysis.com/analysts/Andrew-Rosivach/,Not found
Andrew Mok,9920,https://stockanalysis.com/analysts/Andrew-Mok/,Not found
Andrew Madrid,9920,https://stockanalysis.com/analysts/Andrew-Madrid/,Not found
Tim Perz,9920,https://stockanalysis.com/analysts/Tim-Perz/,Not found
Tim Chiodo,9920,https://stockanalysis.com/analysts/Tim-Chiodo/,Not found
Anne Meisner,9920,https://stockanalysis.com/analysts/Anne-Meisner/,Not found
Thomas Catherwood,9920,https://stockanalysis.com/analysts/Thomas-Catherwood/,Not found
Thomas Burlton,9920,https://stockanalysis.com/analysts/Thomas-Burlton/,Not found
Ian Macpherson,9920,https://stockanalysis.com/analysts/Ian-Macpherson/,Not found
Holly Stewart,9920,https://stockanalysis.com/analysts/Holly-Stewart/,Not found
Himanshu Gupta,9920,https://stockanalysis.com/analysts/Himanshu-Gupta/,Not found
Henry Meyer,9920,https://stockanalysis.com/analysts/Henry-Meyer/,Not found
Helfey Hannah,9920,https://stockanalysis.com/analysts/Helfey-Hannah/,Not found
JESALYN Wong,9920,https://stockanalysis.com/analysts/JESALYN-Wong/,Not found
Ian Moore,9920,https://stockanalysis.com/analysts/Ian-Moore/,Not found
Matthew Hewitt,9920,https://stockanalysis.com/analysts/Matthew-Hewitt/,Not found
Jonathan Siegmann,9920,https://stockanalysis.com/analysts/Jonathan-Siegmann/,Not found
Jonathan Reeder,9920,https://stockanalysis.com/analysts/Jonathan-Reeder/,Not found
Jonathan Lee,9920,https://stockanalysis.com/analysts/Jonathan-Lee/,Not found
Jonathan Hughes,9920,https://stockanalysis.com/analysts/Jonathan-Hughes/,Not found
Jonathan Bock,9920,https://stockanalysis.com/analysts/Jonathan-Bock/,Not found
Ken Wong,9920,https://stockanalysis.com/analysts/Ken-Wong/,Not found
Ken Newman,9920,https://stockanalysis.com/analysts/Ken-Newman/,Not found
Ken Herbert,9920,https://stockanalysis.com/analysts/Ken-Herbert/,Not found
Ken Goldman,9920,https://stockanalysis.com/analysts/Ken-Goldman/,Not found
Kelly Shi,9920,https://stockanalysis.com/analysts/Kelly-Shi/,Not found
Andrew Wong,9920,https://stockanalysis.com/analysts/Andrew-Wong/,Not found
Andrew Uerkwitz,9920,https://stockanalysis.com/analysts/Andrew-Uerkwitz/,Not found
Andrew Schmidt,9920,https://stockanalysis.com/analysts/Andrew-Schmidt/,Not found
Matthew Herrmann,9920,https://stockanalysis.com/analysts/Matthew-Herrmann/,Not found
Matthew Harrison,9920,https://stockanalysis.com/analysts/Matthew-Harrison/,Not found
Matthew Gillmor,9920,https://stockanalysis.com/analysts/Matthew-Gillmor/,Not found
Jacob Smith,9920,https://stockanalysis.com/analysts/Jacob-Smith/,Not found
Jack Vander,9920,https://stockanalysis.com/analysts/Jack-Vander/,Not found
Matt Venezia,9920,https://stockanalysis.com/analysts/Matt-Venezia/,Not found
Matt OBrien,9920,https://stockanalysis.com/analysts/Matt-OBrien/,Not found
Matt Niknam,9920,https://stockanalysis.com/analysts/Matt-Niknam/,Not found
Matt McGinley,9920,https://stockanalysis.com/analysts/Matt-McGinley/,Not found
Todd Weller,9920,https://stockanalysis.com/analysts/Todd-Weller/,Not found
Andrew Jones,9920,https://stockanalysis.com/analysts/Andrew-Jones/,Not found
Andrew Carter,9920,https://stockanalysis.com/analysts/Andrew-Carter/,Not found
Andrew Bowler,9920,https://stockanalysis.com/analysts/Andrew-Bowler/,Not found
Andrew Baum,9920,https://stockanalysis.com/analysts/Andrew-Baum/,Not found
Timothy Switzer,9920,https://stockanalysis.com/analysts/Timothy-Switzer/,Not found
Tim Thein,9920,https://stockanalysis.com/analysts/Tim-Thein/,Not found
Andres Maldonado,9920,https://stockanalysis.com/analysts/Andres-Maldonado/,Not found
Jordan Boretz,9920,https://stockanalysis.com/analysts/Jordan-Boretz/,Not found
Jack Cummins,9920,https://stockanalysis.com/analysts/Jack-Cummins/,Not found
James Goss,9920,https://stockanalysis.com/analysts/James-Goss/,Not found
James Fotheringham,9920,https://stockanalysis.com/analysts/James-Fotheringham/,Not found
Matt Howlett,9920,https://stockanalysis.com/analysts/Matt-Howlett/,Not found
Matt Farrell,9920,https://stockanalysis.com/analysts/Matt-Farrell/,Not found
Matt Breese,9920,https://stockanalysis.com/analysts/Matt-Breese/,Not found
Amanda Sweitzer,9920,https://stockanalysis.com/analysts/Amanda-Sweitzer/,Not found
Andreas Sheppard,9920,https://stockanalysis.com/analysts/Andreas-Sheppard/,Not found
Andrea Teixeira,9920,https://stockanalysis.com/analysts/Andrea-Teixeira/,Not found
Andre Uggedal,9920,https://stockanalysis.com/analysts/Andre-Uggedal/,Not found
Tommy McJoynt,9920,https://stockanalysis.com/analysts/Tommy-McJoynt/,Not found
Tom Stephan,9920,https://stockanalysis.com/analysts/Tom-Stephan/,Not found
Tom O Malley,9920,https://stockanalysis.com/analysts/Tom-O-Malley/,Not found
Tom McGovern,9920,https://stockanalysis.com/analysts/Tom-McGovern/,Not found
Tom Hayes,9920,https://stockanalysis.com/analysts/Tom-Hayes/,Not found
Tom Fitzgerald,9920,https://stockanalysis.com/analysts/Tom-Fitzgerald/,Not found
James Callahan,9920,https://stockanalysis.com/analysts/James-Callahan/,Not found
James Sheehan,9920,https://stockanalysis.com/analysts/James-Sheehan/,Not found
Market Perform,9920,https://stockanalysis.com/analysts/Market-Perform/,Not found
Mark Purcell,9920,https://stockanalysis.com/analysts/Mark-Purcell/,Not found
James Heaney,9920,https://stockanalysis.com/analysts/James-Heaney/,Not found
Jeff Adelson,9920,https://stockanalysis.com/analysts/Jeff-Adelson/,Not found
Jean Ann,9920,https://stockanalysis.com/analysts/Jean-Ann/,Not found
Mario Lu,9920,https://stockanalysis.com/analysts/Mario-Lu/,Not found
Katherine Griffin,9920,https://stockanalysis.com/analysts/Katherine-Griffin/,Not found
Jorg Friedemann,9920,https://stockanalysis.com/analysts/Jorg-Friedemann/,Not found
Trevor Walsh,9920,https://stockanalysis.com/analysts/Trevor-Walsh/,Not found
Toshiya Hari,9920,https://stockanalysis.com/analysts/Toshiya-Hari/,Not found
Tony DiMatteo,9920,https://stockanalysis.com/analysts/Tony-DiMatteo/,Not found
Toni Sacconaghi,9920,https://stockanalysis.com/analysts/Toni-Sacconaghi/,Not found
Alexander Platt,9920,https://stockanalysis.com/analysts/Alexander-Platt/,Not found
Ally Yseen,9920,https://stockanalysis.com/analysts/Ally-Yseen/,Not found
Van Sinderen,9920,https://stockanalysis.com/analysts/Van-Sinderen/,Not found
Tyler Brown,9920,https://stockanalysis.com/analysts/Tyler-Brown/,Not found
Tsin Huang,9920,https://stockanalysis.com/analysts/Tsin-Huang/,Not found
Alice Xiao,9920,https://stockanalysis.com/analysts/Alice-Xiao/,Not found
Ali Faghri,9920,https://stockanalysis.com/analysts/Ali-Faghri/,Not found
Alexia Howard,9920,https://stockanalysis.com/analysts/Alexia-Howard/,Not found
Joseph Grabowski,9920,https://stockanalysis.com/analysts/Joseph-Grabowski/,Not found
Joseph Feldman,9920,https://stockanalysis.com/analysts/Joseph-Feldman/,Not found
Keegan Carl,9920,https://stockanalysis.com/analysts/Keegan-Carl/,Not found
Mariana Taddeo,9920,https://stockanalysis.com/analysts/Mariana-Taddeo/,Not found
Mariana Perez,9920,https://stockanalysis.com/analysts/Mariana-Perez/,Not found
Maria Thibault,9920,https://stockanalysis.com/analysts/Maria-Thibault/,Not found
Marcus Cole,9920,https://stockanalysis.com/analysts/Marcus-Cole/,Not found
MarK Shutley,9920,https://stockanalysis.com/analysts/MarK-Shutley/,Not found
Javier Martinez,9920,https://stockanalysis.com/analysts/Javier-Martinez/,Not found
Jason Wittes,9920,https://stockanalysis.com/analysts/Jason-Wittes/,Not found
Jason Mills,9920,https://stockanalysis.com/analysts/Jason-Mills/,Not found
Vladimir Bystricky,9920,https://stockanalysis.com/analysts/Vladimir-Bystricky/,Not found
Vivien Azer,9920,https://stockanalysis.com/analysts/Vivien-Azer/,Not found
Vitor Tomita,9920,https://stockanalysis.com/analysts/Vitor-Tomita/,Not found
Vincent Sinisi,9920,https://stockanalysis.com/analysts/Vincent-Sinisi/,Not found
Alexandra Steiger,9920,https://stockanalysis.com/analysts/Alexandra-Steiger/,Not found
Alexander Waters,9920,https://stockanalysis.com/analysts/Alexander-Waters/,Not found
Vincent Ciantic,9920,https://stockanalysis.com/analysts/Vincent-Ciantic/,Not found
Vilas Abraham,9920,https://stockanalysis.com/analysts/Vilas-Abraham/,Not found
Vikram Purohit,9920,https://stockanalysis.com/analysts/Vikram-Purohit/,Not found
Vikram Malhorta,9920,https://stockanalysis.com/analysts/Vikram-Malhorta/,Not found
Weston Bloomer,9920,https://stockanalysis.com/analysts/Weston-Bloomer/,Not found
Alex Potter,9920,https://stockanalysis.com/analysts/Alex-Potter/,Not found
Alex Perry,9920,https://stockanalysis.com/analysts/Alex-Perry/,Not found
Alex Nowark,9920,https://stockanalysis.com/analysts/Alex-Nowark/,Not found
Alex Haissl,9920,https://stockanalysis.com/analysts/Alex-Haissl/,Not found
Alex Goldfarb,9920,https://stockanalysis.com/analysts/Alex-Goldfarb/,Not found
Alex Thompson,9920,https://stockanalysis.com/analysts/Alex-Thompson/,Not found
Alex Straton,9920,https://stockanalysis.com/analysts/Alex-Straton/,Not found
Alex Stranahan,9920,https://stockanalysis.com/analysts/Alex-Stranahan/,Not found
Wesley Golladay,9920,https://stockanalysis.com/analysts/Wesley-Golladay/,Not found
Weng Chen,9920,https://stockanalysis.com/analysts/Weng-Chen/,Not found
Jason Haas,9920,https://stockanalysis.com/analysts/Jason-Haas/,Not found
Jason Gursky,9920,https://stockanalysis.com/analysts/Jason-Gursky/,Not found
Jason English,9920,https://stockanalysis.com/analysts/Jason-English/,Not found
Jason Bouvier,9920,https://stockanalysis.com/analysts/Jason-Bouvier/,Not found
Jared Dinges,9920,https://stockanalysis.com/analysts/Jared-Dinges/,Not found
Janice Quek,9920,https://stockanalysis.com/analysts/Janice-Quek/,Not found
Janco Venter,9920,https://stockanalysis.com/analysts/Janco-Venter/,Not found
Zixiao Yang,9920,https://stockanalysis.com/analysts/Zixiao-Yang/,Not found
Zijie Yang,9920,https://stockanalysis.com/analysts/Zijie-Yang/,Not found
Zhijing Liu,9920,https://stockanalysis.com/analysts/Zhijing-Liu/,Not found
Zachary Warring,9920,https://stockanalysis.com/analysts/Zachary-Warring/,Not found
Adam Samuelson,9920,https://stockanalysis.com/analysts/Adam-Samuelson/,Not found
lvan Tuerkcan,9920,https://stockanalysis.com/analysts/lvan-Tuerkcan/,Not found
Aidan Hall,9920,https://stockanalysis.com/analysts/Aidan-Hall/,Not found
de Angele,9920,https://stockanalysis.com/analysts/de-Angele/,Not found
Agnieszka Pustula,9920,https://stockanalysis.com/analysts/Agnieszka-Pustula/,Not found
