Analyst name,Ranking,URL,Last update
Asiya Merchant,1,https://stockanalysis.com/analysts/Asiya-Merchant/,29 Jul 2026
Atif Malik,4,https://stockanalysis.com/analysts/Atif-Malik/,29 Jul 2026
Timothy Arcuri,5,https://stockanalysis.com/analysts/Timothy-Arcuri/,29 Jul 2026
Justin Jenkins,6,https://stockanalysis.com/analysts/Justin-Jenkins/,13 Jul 2026
Harsh Kumar,7,https://stockanalysis.com/analysts/Harsh-Kumar/,26 Feb 2026
William Stein,8,https://stockanalysis.com/analysts/William-Stein/,28 Jul 2026
Samik Chatterjee,9,https://stockanalysis.com/analysts/Samik-Chatterjee/,28 Jul 2026
Aaron Rakers,10,https://stockanalysis.com/analysts/Aaron-Rakers/,29 Jul 2026
Krish Sankar,11,https://stockanalysis.com/analysts/Krish-Sankar/,29 Jul 2026
Vijay Rakesh,12,https://stockanalysis.com/analysts/Vijay-Rakesh/,28 Jul 2026
Richard Shannon,13,https://stockanalysis.com/analysts/Richard-Shannon/,22 Jul 2026
Matt Bryson,15,https://stockanalysis.com/analysts/Matt-Bryson/,29 Jul 2026
Chris Hallam,16,https://stockanalysis.com/analysts/Chris-Hallam/,28 Jul 2026
Ebrahim Poonawala,18,https://stockanalysis.com/analysts/Ebrahim-Poonawala/,28 Jul 2026
Theresa Chen,19,https://stockanalysis.com/analysts/Theresa-Chen/,29 Jul 2026
Mark Hughes,20,https://stockanalysis.com/analysts/Mark-Hughes/,29 Jul 2026
Harlan Sur,21,https://stockanalysis.com/analysts/Harlan-Sur/,29 Jul 2026
Dan Payne,22,https://stockanalysis.com/analysts/Dan-Payne/,07 Jul 2026
Michael Siperco,23,https://stockanalysis.com/analysts/Michael-Siperco/,10 Dec 2025
Ruben Roy,24,https://stockanalysis.com/analysts/Ruben-Roy/,29 Jul 2026
Josh Sullivan,25,https://stockanalysis.com/analysts/Josh-Sullivan/,15 Jul 2026
Rick Schafer,26,https://stockanalysis.com/analysts/Rick-Schafer/,29 Jul 2026
Mark Lipacis,28,https://stockanalysis.com/analysts/Mark-Lipacis/,27 Jul 2026
Jim Kelleher,29,https://stockanalysis.com/analysts/Jim-Kelleher/,28 Jul 2026
Brent Thielman,30,https://stockanalysis.com/analysts/Brent-Thielman/,07 Jul 2026
Andrew Kaplowitz,31,https://stockanalysis.com/analysts/Andrew-Kaplowitz/,29 Jul 2026
Amit Daryanani,32,https://stockanalysis.com/analysts/Amit-Daryanani/,29 Jul 2026
Blayne Curtis,33,https://stockanalysis.com/analysts/Blayne-Curtis/,28 Jul 2026
Quinn Bolton,34,https://stockanalysis.com/analysts/Quinn-Bolton/,29 Jul 2026
Wamsi Mohan,35,https://stockanalysis.com/analysts/Wamsi-Mohan/,29 Jul 2026
Christopher Rolland,37,https://stockanalysis.com/analysts/Christopher-Rolland/,29 Jul 2026
Mark Miller,39,https://stockanalysis.com/analysts/Mark-Miller/,15 Jan 2026
Julian Harrison,40,https://stockanalysis.com/analysts/Julian-Harrison/,27 Jul 2026
Thomas Smith,41,https://stockanalysis.com/analysts/Thomas-Smith/,28 Jul 2026
Gary Tenner,44,https://stockanalysis.com/analysts/Gary-Tenner/,29 Jul 2026
Faisal Khurshid,46,https://stockanalysis.com/analysts/Faisal-Khurshid/,24 Jul 2026
Bose George,48,https://stockanalysis.com/analysts/Bose-George/,29 Jul 2026
Gautam Khanna,50,https://stockanalysis.com/analysts/Gautam-Khanna/,29 Jul 2026
Jason Seidl,51,https://stockanalysis.com/analysts/Jason-Seidl/,29 Jul 2026
Cody Acree,52,https://stockanalysis.com/analysts/Cody-Acree/,29 Jul 2026
Michael Ciarmoli,53,https://stockanalysis.com/analysts/Michael-Ciarmoli/,29 Jul 2026
Devin Ryan,55,https://stockanalysis.com/analysts/Devin-Ryan/,23 Jul 2026
John Freeman,56,https://stockanalysis.com/analysts/John-Freeman/,21 Jul 2026
David Risinger,57,https://stockanalysis.com/analysts/David-Risinger/,17 Jul 2026
John Todaro,58,https://stockanalysis.com/analysts/John-Todaro/,29 Jul 2026
Christian Schwab,60,https://stockanalysis.com/analysts/Christian-Schwab/,24 Jul 2026
Sam Slutsky,62,https://stockanalysis.com/analysts/Sam-Slutsky/,28 Jul 2026
Ritu Baral,63,https://stockanalysis.com/analysts/Ritu-Baral/,29 Jul 2026
Andres Coello,66,https://stockanalysis.com/analysts/Andres-Coello/,29 Jul 2026
Bill Papanastasiou,67,https://stockanalysis.com/analysts/Bill-Papanastasiou/,27 Jul 2026
Phil Hardie,68,https://stockanalysis.com/analysts/Phil-Hardie/,24 Jul 2026
Meyer Shields,69,https://stockanalysis.com/analysts/Meyer-Shields/,29 Jul 2026
Kian Abouhossein,70,https://stockanalysis.com/analysts/Kian-Abouhossein/,29 Jul 2026
Mike Mayo,71,https://stockanalysis.com/analysts/Mike-Mayo/,23 Jul 2026
Gerard Cassidy,72,https://stockanalysis.com/analysts/Gerard-Cassidy/,23 Jul 2026
Ross Seymore,73,https://stockanalysis.com/analysts/Ross-Seymore/,29 Jun 2026
Jamie Cook,74,https://stockanalysis.com/analysts/Jamie-Cook/,29 Jul 2026
Brian Chin,75,https://stockanalysis.com/analysts/Brian-Chin/,10 Jul 2026
Moshe Orenbuch,76,https://stockanalysis.com/analysts/Moshe-Orenbuch/,27 Jul 2026
Leo Mariani,79,https://stockanalysis.com/analysts/Leo-Mariani/,29 Jul 2026
Brian MacArthur,80,https://stockanalysis.com/analysts/Brian-MacArthur/,23 Jul 2026
Chris Caso,82,https://stockanalysis.com/analysts/Chris-Caso/,11 Jun 2026
Mike Colonnese,83,https://stockanalysis.com/analysts/Mike-Colonnese/,22 Jul 2026
Tore Svanberg,84,https://stockanalysis.com/analysts/Tore-Svanberg/,29 Jul 2026
Ami Fadia,85,https://stockanalysis.com/analysts/Ami-Fadia/,29 Jul 2026
Kevin Cassidy,86,https://stockanalysis.com/analysts/Kevin-Cassidy/,28 Jul 2026
Chase Knickerbocker,87,https://stockanalysis.com/analysts/Chase-Knickerbocker/,28 Jul 2026
Joon Lee,88,https://stockanalysis.com/analysts/Joon-Lee/,17 Mar 2026
Tim Savageaux,89,https://stockanalysis.com/analysts/Tim-Savageaux/,29 Jul 2026
Damon Delmonte,92,https://stockanalysis.com/analysts/Damon-Delmonte/,28 Jul 2026
Brian Brophy,93,https://stockanalysis.com/analysts/Brian-Brophy/,29 Jul 2026
Ariel Rosa,94,https://stockanalysis.com/analysts/Ariel-Rosa/,29 Jul 2026
Selman Akyol,95,https://stockanalysis.com/analysts/Selman-Akyol/,29 Jul 2026
Paul Newsome,97,https://stockanalysis.com/analysts/Paul-Newsome/,29 Jul 2026
Daniel Fannon,99,https://stockanalysis.com/analysts/Daniel-Fannon/,22 Jul 2026
Steve Barger,100,https://stockanalysis.com/analysts/Steve-Barger/,29 Jul 2026
Walter Spracklin,101,https://stockanalysis.com/analysts/Walter-Spracklin/,27 Jul 2026
Patrick Brown,102,https://stockanalysis.com/analysts/Patrick-Brown/,16 Jul 2026
Stacy Rasgon,104,https://stockanalysis.com/analysts/Stacy-Rasgon/,27 Jul 2026
Ronald Epstein,105,https://stockanalysis.com/analysts/Ronald-Epstein/,29 Jul 2026
Dave Kang,106,https://stockanalysis.com/analysts/Dave-Kang/,29 Jul 2026
Carey Macrury,107,https://stockanalysis.com/analysts/Carey-Macrury/,06 Jul 2026
Myles Minter,108,https://stockanalysis.com/analysts/Myles-Minter/,29 Jul 2026
Yaron Werber,109,https://stockanalysis.com/analysts/Yaron-Werber/,28 Jul 2026
John Vinh,110,https://stockanalysis.com/analysts/John-Vinh/,29 Jul 2026
Robert Brown,111,https://stockanalysis.com/analysts/Robert-Brown/,28 Jul 2026
Tristan Gerra,112,https://stockanalysis.com/analysts/Tristan-Gerra/,28 Jul 2026
Heiko Ihle,113,https://stockanalysis.com/analysts/Heiko-Ihle/,24 Jul 2026
David Konrad,117,https://stockanalysis.com/analysts/David-Konrad/,28 Jul 2026
Jeremy Hoy,118,https://stockanalysis.com/analysts/Jeremy-Hoy/,20 Jul 2026
Srini Pajjuri,119,https://stockanalysis.com/analysts/Srini-Pajjuri/,29 Jul 2026
Sanjay Sakhrani,121,https://stockanalysis.com/analysts/Sanjay-Sakhrani/,29 Jul 2026
Jason Goldberg,122,https://stockanalysis.com/analysts/Jason-Goldberg/,29 Jul 2026
Nathan Jones,123,https://stockanalysis.com/analysts/Nathan-Jones/,29 Jul 2026
Jonathan Chappell,124,https://stockanalysis.com/analysts/Jonathan-Chappell/,28 Jul 2026
Seamus Fernandez,125,https://stockanalysis.com/analysts/Seamus-Fernandez/,16 Jul 2026
Joshua Buchalter,126,https://stockanalysis.com/analysts/Joshua-Buchalter/,29 Jul 2026
Alexander Paris,127,https://stockanalysis.com/analysts/Alexander-Paris/,29 Jul 2026
Keith Mackey,129,https://stockanalysis.com/analysts/Keith-Mackey/,27 Jul 2026
Mehdi Hosseini,130,https://stockanalysis.com/analysts/Mehdi-Hosseini/,29 Jul 2026
Etzer Darout,131,https://stockanalysis.com/analysts/Etzer-Darout/,29 Jul 2026
Yatin Suneja,132,https://stockanalysis.com/analysts/Yatin-Suneja/,24 Jul 2026
David Williams,133,https://stockanalysis.com/analysts/David-Williams/,10 Jun 2026
Michael Schmidt,134,https://stockanalysis.com/analysts/Michael-Schmidt/,28 Jul 2026
Craig Ellis,137,https://stockanalysis.com/analysts/Craig-Ellis/,28 Jul 2026
Patrick Trucchio,138,https://stockanalysis.com/analysts/Patrick-Trucchio/,28 Jul 2026
Wood Lay,140,https://stockanalysis.com/analysts/Wood-Lay/,27 Jul 2026
Brian Meredith,141,https://stockanalysis.com/analysts/Brian-Meredith/,28 Jul 2026
Patrick Moley,144,https://stockanalysis.com/analysts/Patrick-Moley/,24 Jul 2026
Debanjana Chatterjee,145,https://stockanalysis.com/analysts/Debanjana-Chatterjee/,29 Jul 2026
Alexander Blostein,146,https://stockanalysis.com/analysts/Alexander-Blostein/,28 Jul 2026
Chris Kotowski,147,https://stockanalysis.com/analysts/Chris-Kotowski/,24 Jul 2026
Stephen Volkmann,148,https://stockanalysis.com/analysts/Stephen-Volkmann/,29 Jul 2026
Andrew Obin,149,https://stockanalysis.com/analysts/Andrew-Obin/,29 Jul 2026
Peter Arment,150,https://stockanalysis.com/analysts/Peter-Arment/,24 Jul 2026
Eric Winmill,151,https://stockanalysis.com/analysts/Eric-Winmill/,24 Jul 2026
Charles Minervino,153,https://stockanalysis.com/analysts/Charles-Minervino/,29 Jul 2026
Jonathan Ruykhaver,154,https://stockanalysis.com/analysts/Jonathan-Ruykhaver/,28 Jul 2026
Justin Post,155,https://stockanalysis.com/analysts/Justin-Post/,29 Jul 2026
Joseph Moore,156,https://stockanalysis.com/analysts/Joseph-Moore/,28 Jul 2026
Simon Leopold,157,https://stockanalysis.com/analysts/Simon-Leopold/,01 Jul 2026
James Ricchiuti,158,https://stockanalysis.com/analysts/James-Ricchiuti/,23 Jul 2026
Joseph Schwartz,159,https://stockanalysis.com/analysts/Joseph-Schwartz/,27 Jul 2026
George Sutton,160,https://stockanalysis.com/analysts/George-Sutton/,17 Jul 2026
Yasmeen Rahimi,161,https://stockanalysis.com/analysts/Yasmeen-Rahimi/,24 Jul 2026
Colin Rusch,162,https://stockanalysis.com/analysts/Colin-Rusch/,29 Jul 2026
Christopher McGratty,165,https://stockanalysis.com/analysts/Christopher-McGratty/,28 Jul 2026
Andrew Percoco,169,https://stockanalysis.com/analysts/Andrew-Percoco/,29 Jul 2026
Allison Bratzel,170,https://stockanalysis.com/analysts/Allison-Bratzel/,09 Jul 2026
Fadi Chamoun,173,https://stockanalysis.com/analysts/Fadi-Chamoun/,27 Jul 2026
Julian Mitchell,175,https://stockanalysis.com/analysts/Julian-Mitchell/,12 Jun 2026
Noah Kaye,176,https://stockanalysis.com/analysts/Noah-Kaye/,29 Jul 2026
Mark Delaney,178,https://stockanalysis.com/analysts/Mark-Delaney/,26 Jul 2026
Jason Gerberry,179,https://stockanalysis.com/analysts/Jason-Gerberry/,28 Jul 2026
Lloyd Walmsley,180,https://stockanalysis.com/analysts/Lloyd-Walmsley/,28 Jul 2026
Richard Hatch,182,https://stockanalysis.com/analysts/Richard-Hatch/,28 Jul 2026
Vivek Arya,183,https://stockanalysis.com/analysts/Vivek-Arya/,29 Jul 2026
Douglas Tsao,185,https://stockanalysis.com/analysts/Douglas-Tsao/,29 Jul 2026
Gregory Lewis,186,https://stockanalysis.com/analysts/Gregory-Lewis/,29 Jul 2026
Mark Newman,188,https://stockanalysis.com/analysts/Mark-Newman/,20 Jul 2026
Kyle Menges,189,https://stockanalysis.com/analysts/Kyle-Menges/,24 Jul 2026
Keith Horowitz,190,https://stockanalysis.com/analysts/Keith-Horowitz/,08 May 2026
Kelsey Goodwin,191,https://stockanalysis.com/analysts/Kelsey-Goodwin/,24 Jul 2026
Andrew Coombs,193,https://stockanalysis.com/analysts/Andrew-Coombs/,29 Jul 2026
Erik Rasmussen,196,https://stockanalysis.com/analysts/Erik-Rasmussen/,24 Jul 2026
James Thalacker,199,https://stockanalysis.com/analysts/James-Thalacker/,29 Jul 2026
Shrenik Kothari,200,https://stockanalysis.com/analysts/Shrenik-Kothari/,28 Jul 2026
Manav Gupta,201,https://stockanalysis.com/analysts/Manav-Gupta/,29 Jul 2026
Frederic Bastien,202,https://stockanalysis.com/analysts/Frederic-Bastien/,02 Jul 2026
Bobby Brooks,203,https://stockanalysis.com/analysts/Bobby-Brooks/,29 Jul 2026
Doug Schenkel,206,https://stockanalysis.com/analysts/Doug-Schenkel/,10 Dec 2025
Michael Lasser,207,https://stockanalysis.com/analysts/Michael-Lasser/,29 Jul 2026
Bryan Blair,209,https://stockanalysis.com/analysts/Bryan-Blair/,29 Jul 2026
Christopher Glynn,210,https://stockanalysis.com/analysts/Christopher-Glynn/,29 Jul 2026
Craig Stanley,211,https://stockanalysis.com/analysts/Craig-Stanley/,14 May 2026
Sam Crittenden,212,https://stockanalysis.com/analysts/Sam-Crittenden/,23 Jul 2026
Nehal Chokshi,213,https://stockanalysis.com/analysts/Nehal-Chokshi/,28 Jul 2026
Edward Nash,214,https://stockanalysis.com/analysts/Edward-Nash/,29 Jul 2026
Melissa Weathers,215,https://stockanalysis.com/analysts/Melissa-Weathers/,09 Jul 2026
Brett Huff,219,https://stockanalysis.com/analysts/Brett-Huff/,23 Jul 2026
Stephen Tusa,223,https://stockanalysis.com/analysts/Stephen-Tusa/,11 Jun 2026
Scot Ciccarelli,224,https://stockanalysis.com/analysts/Scot-Ciccarelli/,24 Jul 2026
Elvira Scotto,225,https://stockanalysis.com/analysts/Elvira-Scotto/,21 Jul 2026
Srikripa Devarakonda,228,https://stockanalysis.com/analysts/Srikripa-Devarakonda/,27 Jul 2026
Erik Woodring,230,https://stockanalysis.com/analysts/Erik-Woodring/,29 Jul 2026
Rob Owens,231,https://stockanalysis.com/analysts/Rob-Owens/,29 Jul 2026
Charles Shi,232,https://stockanalysis.com/analysts/Charles-Shi/,29 Jul 2026
Gus Richard,233,https://stockanalysis.com/analysts/Gus-Richard/,29 Jul 2026
Anupam Rama,235,https://stockanalysis.com/analysts/Anupam-Rama/,29 Jul 2026
Alex Platt,238,https://stockanalysis.com/analysts/Alex-Platt/,18 May 2026
Michael Lewis,246,https://stockanalysis.com/analysts/Michael-Lewis/,28 Jul 2026
Rudy Li,247,https://stockanalysis.com/analysts/Rudy-Li/,29 Jul 2026
John Eade,249,https://stockanalysis.com/analysts/John-Eade/,21 Jul 2026
Peter Benedict,250,https://stockanalysis.com/analysts/Peter-Benedict/,20 Jul 2026
Erin Wright,251,https://stockanalysis.com/analysts/Erin-Wright/,29 Jul 2026
Scott Hanold,252,https://stockanalysis.com/analysts/Scott-Hanold/,24 Jul 2026
Thomas Diffely,253,https://stockanalysis.com/analysts/Thomas-Diffely/,11 Dec 2025
Keith Hughes,254,https://stockanalysis.com/analysts/Keith-Hughes/,29 Jul 2026
Brian Bedell,255,https://stockanalysis.com/analysts/Brian-Bedell/,22 Jul 2026
Tim Long,256,https://stockanalysis.com/analysts/Tim-Long/,29 Jul 2026
Rami Katkhuda,257,https://stockanalysis.com/analysts/Rami-Katkhuda/,22 Jul 2026
Brian Quast,258,https://stockanalysis.com/analysts/Brian-Quast/,23 Jul 2026
Chip Moore,259,https://stockanalysis.com/analysts/Chip-Moore/,29 Jul 2026
Derek Archila,260,https://stockanalysis.com/analysts/Derek-Archila/,29 Jul 2026
Jonathan Wolleben,262,https://stockanalysis.com/analysts/Jonathan-Wolleben/,21 Jul 2026
Chris Dendrinos,263,https://stockanalysis.com/analysts/Chris-Dendrinos/,29 Jul 2026
Ryan Koontz,264,https://stockanalysis.com/analysts/Ryan-Koontz/,29 Jul 2026
Martin Fan,265,https://stockanalysis.com/analysts/Martin-Fan/,28 Jul 2026
Edward Yang,268,https://stockanalysis.com/analysts/Edward-Yang/,29 Jul 2026
Scott Deuschle,269,https://stockanalysis.com/analysts/Scott-Deuschle/,27 Jul 2026
David Feaster,272,https://stockanalysis.com/analysts/David-Feaster/,17 Jul 2026
Michael Blum,274,https://stockanalysis.com/analysts/Michael-Blum/,25 Jun 2026
David Manthey,278,https://stockanalysis.com/analysts/David-Manthey/,28 Jul 2026
Corey Tarlowe,279,https://stockanalysis.com/analysts/Corey-Tarlowe/,13 Jul 2026
Mark DeVries,281,https://stockanalysis.com/analysts/Mark-DeVries/,22 Jul 2026
Mark Devries,281,https://stockanalysis.com/analysts/Mark-Devries/,22 Jul 2026
Brandon Couillard,284,https://stockanalysis.com/analysts/Brandon-Couillard/,23 Jul 2026
Shaul Eyal,286,https://stockanalysis.com/analysts/Shaul-Eyal/,29 Jul 2026
Orest Wowkodaw,289,https://stockanalysis.com/analysts/Orest-Wowkodaw/,24 Jul 2026
Robert Burns,291,https://stockanalysis.com/analysts/Robert-Burns/,29 Jul 2026
Jaeson Schmidt,292,https://stockanalysis.com/analysts/Jaeson-Schmidt/,23 Jul 2026
Trevor Allred,295,https://stockanalysis.com/analysts/Trevor-Allred/,21 Jul 2026
Andre Madrid,298,https://stockanalysis.com/analysts/Andre-Madrid/,28 Jul 2026
Christopher Allen,299,https://stockanalysis.com/analysts/Christopher-Allen/,24 Jul 2026
Brett Linzey,300,https://stockanalysis.com/analysts/Brett-Linzey/,29 Jul 2026
Seth Seifman,303,https://stockanalysis.com/analysts/Seth-Seifman/,29 Jul 2026
Nathan Race,305,https://stockanalysis.com/analysts/Nathan-Race/,29 Jul 2026
Anthony Pettinari,306,https://stockanalysis.com/analysts/Anthony-Pettinari/,29 Jul 2026
Leonid Timashev,307,https://stockanalysis.com/analysts/Leonid-Timashev/,28 Jul 2026
Naved Khan,308,https://stockanalysis.com/analysts/Naved-Khan/,15 Jun 2026
Cory Kasimov,309,https://stockanalysis.com/analysts/Cory-Kasimov/,20 Jul 2026
Greg Palm,310,https://stockanalysis.com/analysts/Greg-Palm/,20 Jul 2026
Mike Crawford,311,https://stockanalysis.com/analysts/Mike-Crawford/,17 Jul 2026
Ananda Baruah,312,https://stockanalysis.com/analysts/Ananda-Baruah/,02 Jun 2026
David Nierengarten,313,https://stockanalysis.com/analysts/David-Nierengarten/,28 Jul 2026
Andrew Fein,314,https://stockanalysis.com/analysts/Andrew-Fein/,24 Jul 2026
Joseph Stringer,315,https://stockanalysis.com/analysts/Joseph-Stringer/,29 Jul 2026
Catherine Mealor,320,https://stockanalysis.com/analysts/Catherine-Mealor/,28 Jul 2026
Robert Dodd,321,https://stockanalysis.com/analysts/Robert-Dodd/,09 Jul 2026
Andrew Wittmann,323,https://stockanalysis.com/analysts/Andrew-Wittmann/,29 Jul 2026
George Notter,324,https://stockanalysis.com/analysts/George-Notter/,28 Jul 2026
Christian Wetherbee,327,https://stockanalysis.com/analysts/Christian-Wetherbee/,29 Jul 2026
Jeffrey Hammond,328,https://stockanalysis.com/analysts/Jeffrey-Hammond/,29 Jul 2026
Ross Sandler,329,https://stockanalysis.com/analysts/Ross-Sandler/,24 Jul 2026
Jon Arfstrom,331,https://stockanalysis.com/analysts/Jon-Arfstrom/,24 Jul 2026
John DiFucci,332,https://stockanalysis.com/analysts/John-DiFucci/,27 Jul 2026
Alex Zukin,333,https://stockanalysis.com/analysts/Alex-Zukin/,05 Jul 2026
Craig Hutchison,334,https://stockanalysis.com/analysts/Craig-Hutchison/,23 Jul 2026
Brian Nagel,335,https://stockanalysis.com/analysts/Brian-Nagel/,26 Jun 2026
Joseph Thome,338,https://stockanalysis.com/analysts/Joseph-Thome/,28 Jul 2026
William Power,339,https://stockanalysis.com/analysts/William-Power/,24 Jul 2026
Andrew Berens,341,https://stockanalysis.com/analysts/Andrew-Berens/,07 Jul 2026
Jay Olson,342,https://stockanalysis.com/analysts/Jay-Olson/,28 Jul 2026
Jeff Rulis,344,https://stockanalysis.com/analysts/Jeff-Rulis/,29 Jul 2026
Stephen Biggar,347,https://stockanalysis.com/analysts/Stephen-Biggar/,29 Jul 2026
Joseph Quatrochi,350,https://stockanalysis.com/analysts/Joseph-Quatrochi/,29 Jul 2026
Raj Ray,351,https://stockanalysis.com/analysts/Raj-Ray/,29 Jul 2026
Brian Gesuale,353,https://stockanalysis.com/analysts/Brian-Gesuale/,29 Jul 2026
Sheila Kahyaoglu,354,https://stockanalysis.com/analysts/Sheila-Kahyaoglu/,29 Jul 2026
Mark Kelley,356,https://stockanalysis.com/analysts/Mark-Kelley/,16 Jun 2026
Erik Suppiger,358,https://stockanalysis.com/analysts/Erik-Suppiger/,24 Jul 2026
Josh Wolfson,359,https://stockanalysis.com/analysts/Josh-Wolfson/,28 Jul 2026
Hamed Khorsand,360,https://stockanalysis.com/analysts/Hamed-Khorsand/,28 Jul 2026
Joseph Pantginis,362,https://stockanalysis.com/analysts/Joseph-Pantginis/,29 Jul 2026
Michael Grondahl,363,https://stockanalysis.com/analysts/Michael-Grondahl/,28 Jul 2026
Ed Arce,364,https://stockanalysis.com/analysts/Ed-Arce/,30 Apr 2026
Melissa Fairbanks,367,https://stockanalysis.com/analysts/Melissa-Fairbanks/,29 Jul 2026
Brian Drab,369,https://stockanalysis.com/analysts/Brian-Drab/,29 Jul 2026
Yaron Kinar,370,https://stockanalysis.com/analysts/Yaron-Kinar/,29 Jul 2026
Stephen Scouten,371,https://stockanalysis.com/analysts/Stephen-Scouten/,29 Jul 2026
David Karnovsky,373,https://stockanalysis.com/analysts/David-Karnovsky/,28 Jul 2026
Andrew Tsai,376,https://stockanalysis.com/analysts/Andrew-Tsai/,17 Jul 2026
Stephanie Moore,377,https://stockanalysis.com/analysts/Stephanie-Moore/,28 Jul 2026
Matthew Carletti,379,https://stockanalysis.com/analysts/Matthew-Carletti/,29 Jul 2026
Jacob Stephan,381,https://stockanalysis.com/analysts/Jacob-Stephan/,28 Jul 2026
David Amsellem,382,https://stockanalysis.com/analysts/David-Amsellem/,28 Jul 2026
Mircea Dobre,383,https://stockanalysis.com/analysts/Mircea-Dobre/,29 Jul 2026
Andrew Mikitchook,384,https://stockanalysis.com/analysts/Andrew-Mikitchook/,20 Jul 2026
Alex Rygiel,385,https://stockanalysis.com/analysts/Alex-Rygiel/,21 Jul 2026
Cosmos Chiu,386,https://stockanalysis.com/analysts/Cosmos-Chiu/,16 Jul 2026
Katie Lachapelle,387,https://stockanalysis.com/analysts/Katie-Lachapelle/,19 May 2026
Marc Goodman,388,https://stockanalysis.com/analysts/Marc-Goodman/,13 Jul 2026
Lucas Servera,390,https://stockanalysis.com/analysts/Lucas-Servera/,29 Jul 2026
Katja Jancic,391,https://stockanalysis.com/analysts/Katja-Jancic/,29 Jul 2026
Harry Fong,392,https://stockanalysis.com/analysts/Harry-Fong/,29 Jul 2026
Robert Hope,395,https://stockanalysis.com/analysts/Robert-Hope/,21 Jul 2026
Gregory Peters,396,https://stockanalysis.com/analysts/Gregory-Peters/,06 Jul 2026
Eric Handler,397,https://stockanalysis.com/analysts/Eric-Handler/,29 Jul 2026
Daniela Costa,398,https://stockanalysis.com/analysts/Daniela-Costa/,28 Jul 2026
Richard Shane,399,https://stockanalysis.com/analysts/Richard-Shane/,28 Jul 2026
Fatima Boolani,400,https://stockanalysis.com/analysts/Fatima-Boolani/,28 Jul 2026
James Schneider,401,https://stockanalysis.com/analysts/James-Schneider/,29 Jul 2026
Randy Binner,402,https://stockanalysis.com/analysts/Randy-Binner/,13 Jul 2026
James Lee,403,https://stockanalysis.com/analysts/James-Lee/,29 Jul 2026
Ryan Todd,404,https://stockanalysis.com/analysts/Ryan-Todd/,23 Jul 2026
Geoff Meacham,406,https://stockanalysis.com/analysts/Geoff-Meacham/,29 Jul 2026
Kevin Steinke,407,https://stockanalysis.com/analysts/Kevin-Steinke/,28 Jul 2026
Gary Mobley,408,https://stockanalysis.com/analysts/Gary-Mobley/,28 Jul 2026
Lloyd Byrne,409,https://stockanalysis.com/analysts/Lloyd-Byrne/,28 Jul 2026
David Scharf,410,https://stockanalysis.com/analysts/David-Scharf/,28 Jul 2026
Tara Bancroft,411,https://stockanalysis.com/analysts/Tara-Bancroft/,20 Jul 2026
Gregory Renza,412,https://stockanalysis.com/analysts/Gregory-Renza/,27 Jul 2026
Graig Suvannavejh,414,https://stockanalysis.com/analysts/Graig-Suvannavejh/,29 Jul 2026
Joseph Vafi,416,https://stockanalysis.com/analysts/Joseph-Vafi/,29 Jul 2026
Sebastien Naji,420,https://stockanalysis.com/analysts/Sebastien-Naji/,29 Jul 2026
Junaid Siddiqui,421,https://stockanalysis.com/analysts/Junaid-Siddiqui/,29 Jul 2026
Laura Prendergast,422,https://stockanalysis.com/analysts/Laura-Prendergast/,23 Jul 2026
Andrew Brackmann,423,https://stockanalysis.com/analysts/Andrew-Brackmann/,02 Jul 2026
Sam Margolin,425,https://stockanalysis.com/analysts/Sam-Margolin/,24 Jul 2026
Jade Rahmani,427,https://stockanalysis.com/analysts/Jade-Rahmani/,28 Jul 2026
Douglas Harter,430,https://stockanalysis.com/analysts/Douglas-Harter/,28 Jul 2026
Bobby Griffin,432,https://stockanalysis.com/analysts/Bobby-Griffin/,17 Jul 2026
Hal Goetsch,434,https://stockanalysis.com/analysts/Hal-Goetsch/,24 Jul 2026
John Hecht,435,https://stockanalysis.com/analysts/John-Hecht/,22 Jul 2026
Deepak Mathivanan,436,https://stockanalysis.com/analysts/Deepak-Mathivanan/,22 Jul 2026
Jason Bazinet,437,https://stockanalysis.com/analysts/Jason-Bazinet/,29 Jul 2026
Scott Gruber,439,https://stockanalysis.com/analysts/Scott-Gruber/,29 Jul 2026
Patrick Jones,440,https://stockanalysis.com/analysts/Patrick-Jones/,23 Jul 2026
Josh Beck,441,https://stockanalysis.com/analysts/Josh-Beck/,21 Jul 2026
Jason Butler,444,https://stockanalysis.com/analysts/Jason-Butler/,24 Jul 2026
Annabel Samimy,445,https://stockanalysis.com/analysts/Annabel-Samimy/,24 Jul 2026
Manuel Navas,449,https://stockanalysis.com/analysts/Manuel-Navas/,29 Jul 2026
Trung Huynh,450,https://stockanalysis.com/analysts/Trung-Huynh/,21 Jul 2026
Devin Dodge,453,https://stockanalysis.com/analysts/Devin-Dodge/,23 Jul 2026
Sean Laaman,454,https://stockanalysis.com/analysts/Sean-Laaman/,28 Jul 2026
Subbu Nambi,456,https://stockanalysis.com/analysts/Subbu-Nambi/,28 Jul 2026
Nicholas Campanella,457,https://stockanalysis.com/analysts/Nicholas-Campanella/,28 Jul 2026
Arren Cyganovich,458,https://stockanalysis.com/analysts/Arren-Cyganovich/,28 Jul 2026
Jay McCanless,459,https://stockanalysis.com/analysts/Jay-McCanless/,09 Apr 2026
Charles Zhu,464,https://stockanalysis.com/analysts/Charles-Zhu/,27 Jul 2026
Andrew Nowinski,467,https://stockanalysis.com/analysts/Andrew-Nowinski/,26 Jul 2026
Liam Burke,468,https://stockanalysis.com/analysts/Liam-Burke/,29 May 2026
Paul Matteis,469,https://stockanalysis.com/analysts/Paul-Matteis/,25 Jul 2026
Justin Crowley,470,https://stockanalysis.com/analysts/Justin-Crowley/,29 Jul 2026
John Massocca,472,https://stockanalysis.com/analysts/John-Massocca/,22 Jul 2026
Myles Allsop,474,https://stockanalysis.com/analysts/Myles-Allsop/,16 Jul 2026
Matthew Clark,476,https://stockanalysis.com/analysts/Matthew-Clark/,28 Jul 2026
Allen Lutz,477,https://stockanalysis.com/analysts/Allen-Lutz/,29 Jul 2026
Scott Siefers,478,https://stockanalysis.com/analysts/Scott-Siefers/,14 May 2026
Edward Kelly,480,https://stockanalysis.com/analysts/Edward-Kelly/,24 Jul 2026
Brian Pitz,483,https://stockanalysis.com/analysts/Brian-Pitz/,28 Jul 2026
Adam Seiden,485,https://stockanalysis.com/analysts/Adam-Seiden/,29 Jul 2026
Bradley Thomas,486,https://stockanalysis.com/analysts/Bradley-Thomas/,28 Jul 2026
Nicole Deblase,487,https://stockanalysis.com/analysts/Nicole-Deblase/,22 Jul 2026
Vamil Divan,488,https://stockanalysis.com/analysts/Vamil-Divan/,23 Jul 2026
Rob Sanderson,489,https://stockanalysis.com/analysts/Rob-Sanderson/,15 Jun 2026
Brian Abrahams,490,https://stockanalysis.com/analysts/Brian-Abrahams/,28 Jul 2026
Chris Brendler,492,https://stockanalysis.com/analysts/Chris-Brendler/,28 Jul 2026
Ovais Habib,493,https://stockanalysis.com/analysts/Ovais-Habib/,21 Jul 2026
Maxwell Skor,496,https://stockanalysis.com/analysts/Maxwell-Skor/,28 Jul 2026
Patrick Kenny,497,https://stockanalysis.com/analysts/Patrick-Kenny/,15 Jun 2026
David Hoang,498,https://stockanalysis.com/analysts/David-Hoang/,16 Jul 2026
Nathan Martin,499,https://stockanalysis.com/analysts/Nathan-Martin/,24 Jul 2026
Joseph Dickerson,501,https://stockanalysis.com/analysts/Joseph-Dickerson/,29 Jul 2026
Bascome Majors,502,https://stockanalysis.com/analysts/Bascome-Majors/,29 Jul 2026
Daniel Major,503,https://stockanalysis.com/analysts/Daniel-Major/,24 Jul 2026
Michael Doumet,504,https://stockanalysis.com/analysts/Michael-Doumet/,23 Feb 2026
Rupesh Parikh,507,https://stockanalysis.com/analysts/Rupesh-Parikh/,13 Jul 2026
Konark Gupta,508,https://stockanalysis.com/analysts/Konark-Gupta/,28 Jul 2026
Deane Dray,509,https://stockanalysis.com/analysts/Deane-Dray/,28 Jul 2026
David Arcaro,510,https://stockanalysis.com/analysts/David-Arcaro/,29 Jul 2026
Omar Dessouky,511,https://stockanalysis.com/analysts/Omar-Dessouky/,27 Jul 2026
Hamir Patel,512,https://stockanalysis.com/analysts/Hamir-Patel/,24 Jul 2026
Mike Cikos,513,https://stockanalysis.com/analysts/Mike-Cikos/,29 Jul 2026
Craig Siegenthaler,514,https://stockanalysis.com/analysts/Craig-Siegenthaler/,27 Jul 2026
Gary Prestopino,515,https://stockanalysis.com/analysts/Gary-Prestopino/,24 Jul 2026
David Koning,516,https://stockanalysis.com/analysts/David-Koning/,14 Jul 2026
Ted Jackson,517,https://stockanalysis.com/analysts/Ted-Jackson/,29 Jul 2026
Robert Young,518,https://stockanalysis.com/analysts/Robert-Young/,15 May 2026
Chris LaFemina,519,https://stockanalysis.com/analysts/Chris-LaFemina/,29 Jul 2026
Nick Giles,520,https://stockanalysis.com/analysts/Nick-Giles/,28 Jul 2026
Debjit Chattopadhyay,521,https://stockanalysis.com/analysts/Debjit-Chattopadhyay/,21 Jul 2026
Maria Ripps,522,https://stockanalysis.com/analysts/Maria-Ripps/,23 Jul 2026
Kristen Kluska,523,https://stockanalysis.com/analysts/Kristen-Kluska/,29 Jul 2026
Richard Ramsden,528,https://stockanalysis.com/analysts/Richard-Ramsden/,16 Jul 2026
Anthony Chukumba,532,https://stockanalysis.com/analysts/Anthony-Chukumba/,13 Jul 2026
Simon Yarmak,534,https://stockanalysis.com/analysts/Simon-Yarmak/,28 Jul 2026
Myles Walton,536,https://stockanalysis.com/analysts/Myles-Walton/,14 Jun 2026
Karl Keirstead,538,https://stockanalysis.com/analysts/Karl-Keirstead/,27 Jul 2026
Michael Wiederhorn,541,https://stockanalysis.com/analysts/Michael-Wiederhorn/,28 Jul 2026
Jonathan Komp,543,https://stockanalysis.com/analysts/Jonathan-Komp/,29 Jul 2026
Whitney Ijem,544,https://stockanalysis.com/analysts/Whitney-Ijem/,20 Jul 2026
Jed Dorsheimer,545,https://stockanalysis.com/analysts/Jed-Dorsheimer/,29 Jul 2026
Richard Anderson,549,https://stockanalysis.com/analysts/Richard-Anderson/,25 Jun 2026
Ryan Krueger,550,https://stockanalysis.com/analysts/Ryan-Krueger/,29 Jul 2026
Christopher Kuhn,551,https://stockanalysis.com/analysts/Christopher-Kuhn/,16 Jul 2026
Dean Wilkinson,552,https://stockanalysis.com/analysts/Dean-Wilkinson/,29 Jul 2026
Lee Horowitz,553,https://stockanalysis.com/analysts/Lee-Horowitz/,30 Apr 2026
Paul Golding,557,https://stockanalysis.com/analysts/Paul-Golding/,07 Jul 2026
Steven Chubak,558,https://stockanalysis.com/analysts/Steven-Chubak/,15 Jun 2026
Kristine Liwag,559,https://stockanalysis.com/analysts/Kristine-Liwag/,29 Jul 2026
Stephen Kim,560,https://stockanalysis.com/analysts/Stephen-Kim/,29 Jul 2026
Philip Ng,563,https://stockanalysis.com/analysts/Philip-Ng/,30 Jun 2026
Jason Zemansky,564,https://stockanalysis.com/analysts/Jason-Zemansky/,28 Jul 2026
Matt Summerville,565,https://stockanalysis.com/analysts/Matt-Summerville/,29 Jul 2026
Colin Canfield,566,https://stockanalysis.com/analysts/Colin-Canfield/,22 Jul 2026
Anita Soni,567,https://stockanalysis.com/analysts/Anita-Soni/,28 Jul 2026
Daniel Ives,568,https://stockanalysis.com/analysts/Daniel-Ives/,30 Jun 2026
Ryan Deschner,576,https://stockanalysis.com/analysts/Ryan-Deschner/,10 Jul 2026
Stephen Bersey,578,https://stockanalysis.com/analysts/Stephen-Bersey/,02 Jul 2026
Pierre Ferragu,580,https://stockanalysis.com/analysts/Pierre-Ferragu/,18 Jun 2026
Tim Huff,584,https://stockanalysis.com/analysts/Tim-Huff/,13 May 2026
Michael Tupholme,585,https://stockanalysis.com/analysts/Michael-Tupholme/,27 Jul 2026
Joe Ritchie,586,https://stockanalysis.com/analysts/Joe-Ritchie/,29 Jul 2026
Mitch Kummetz,588,https://stockanalysis.com/analysts/Mitch-Kummetz/,20 Jul 2026
Danielle Brill,589,https://stockanalysis.com/analysts/Danielle-Brill/,28 Jul 2026
Laura Chico,593,https://stockanalysis.com/analysts/Laura-Chico/,29 Jul 2026
Stephen Gengaro,594,https://stockanalysis.com/analysts/Stephen-Gengaro/,28 Jul 2026
Ben Gerlinger,597,https://stockanalysis.com/analysts/Ben-Gerlinger/,28 Jul 2026
Sam Burwell,600,https://stockanalysis.com/analysts/Sam-Burwell/,28 Jul 2026
Jeet Mukherjee,601,https://stockanalysis.com/analysts/Jeet-Mukherjee/,27 Jul 2026
Angie Storozynski,602,https://stockanalysis.com/analysts/Angie-Storozynski/,15 Jun 2026
Donald Fandetti,603,https://stockanalysis.com/analysts/Donald-Fandetti/,28 Jul 2026
Kenneth Lee,606,https://stockanalysis.com/analysts/Kenneth-Lee/,28 Jul 2026
Benjamin Budish,608,https://stockanalysis.com/analysts/Benjamin-Budish/,29 Jul 2026
Sami Corwin,610,https://stockanalysis.com/analysts/Sami-Corwin/,29 Jul 2026
Steven Lichtman,611,https://stockanalysis.com/analysts/Steven-Lichtman/,06 Jul 2026
Lawson Winder,612,https://stockanalysis.com/analysts/Lawson-Winder/,27 Jul 2026
Clark Lampen,613,https://stockanalysis.com/analysts/Clark-Lampen/,28 Jul 2026
Serge Belanger,614,https://stockanalysis.com/analysts/Serge-Belanger/,27 Jul 2026
Brett Knoblauch,615,https://stockanalysis.com/analysts/Brett-Knoblauch/,28 Jul 2026
Susan Anderson,616,https://stockanalysis.com/analysts/Susan-Anderson/,23 Jul 2026
Swayampakula Ramakanth,617,https://stockanalysis.com/analysts/Swayampakula-Ramakanth/,28 Jul 2026
Jake Sekelsky,618,https://stockanalysis.com/analysts/Jake-Sekelsky/,29 Jul 2026
Mihir Bhatia,622,https://stockanalysis.com/analysts/Mihir-Bhatia/,29 Jul 2026
Daniel Tamayo,623,https://stockanalysis.com/analysts/Daniel-Tamayo/,16 Jul 2026
David George,624,https://stockanalysis.com/analysts/David-George/,24 Jul 2026
John Ivankoe,626,https://stockanalysis.com/analysts/John-Ivankoe/,21 Jul 2026
Joseph Bonner,627,https://stockanalysis.com/analysts/Joseph-Bonner/,27 Jul 2026
Brennan Hawken,628,https://stockanalysis.com/analysts/Brennan-Hawken/,22 Jul 2026
Michael Leshock,629,https://stockanalysis.com/analysts/Michael-Leshock/,22 Jul 2026
Steve Moss,631,https://stockanalysis.com/analysts/Steve-Moss/,22 Jul 2026
Richard Baldry,632,https://stockanalysis.com/analysts/Richard-Baldry/,24 Jun 2026
Justin Walsh,636,https://stockanalysis.com/analysts/Justin-Walsh/,16 Jul 2026
Lisa Lewandowski,638,https://stockanalysis.com/analysts/Lisa-Lewandowski/,22 Jul 2026
Daniel Imbro,642,https://stockanalysis.com/analysts/Daniel-Imbro/,16 Jan 2026
Joseph Gallo,644,https://stockanalysis.com/analysts/Joseph-Gallo/,29 Jul 2026
Robert Catellier,645,https://stockanalysis.com/analysts/Robert-Catellier/,29 Jul 2026
Garik Shmois,646,https://stockanalysis.com/analysts/Garik-Shmois/,28 Jan 2026
Adam Borg,647,https://stockanalysis.com/analysts/Adam-Borg/,22 Jul 2026
Jason Gabelman,650,https://stockanalysis.com/analysts/Jason-Gabelman/,29 Jul 2026
John Ransom,652,https://stockanalysis.com/analysts/John-Ransom/,09 Jul 2026
Michael Rollins,653,https://stockanalysis.com/analysts/Michael-Rollins/,28 Jul 2026
Andrew Jeffrey,654,https://stockanalysis.com/analysts/Andrew-Jeffrey/,29 Jul 2026
Cameron Doerksen,655,https://stockanalysis.com/analysts/Cameron-Doerksen/,07 Jul 2026
Bryan Kraft,656,https://stockanalysis.com/analysts/Bryan-Kraft/,27 Jul 2026
Akash Tewari,658,https://stockanalysis.com/analysts/Akash-Tewari/,26 Jul 2026
Sandeep Deshpande,659,https://stockanalysis.com/analysts/Sandeep-Deshpande/,16 Jul 2026
Brad Heffern,660,https://stockanalysis.com/analysts/Brad-Heffern/,28 Jul 2026
Steven Wieczynski,661,https://stockanalysis.com/analysts/Steven-Wieczynski/,29 Jul 2026
Ryan Pfingst,663,https://stockanalysis.com/analysts/Ryan-Pfingst/,02 Jul 2026
Mark Moerdler,666,https://stockanalysis.com/analysts/Mark-Moerdler/,22 Jul 2026
Suneet Kamath,667,https://stockanalysis.com/analysts/Suneet-Kamath/,13 Jul 2026
Mark Jarvi,668,https://stockanalysis.com/analysts/Mark-Jarvi/,29 Jul 2026
Christopher Carril,669,https://stockanalysis.com/analysts/Christopher-Carril/,15 Jul 2026
David Joyce,672,https://stockanalysis.com/analysts/David-Joyce/,26 Jul 2026
John Barnidge,673,https://stockanalysis.com/analysts/John-Barnidge/,06 Mar 2026
Scott Graham,676,https://stockanalysis.com/analysts/Scott-Graham/,29 Jul 2026
Jonathan Atkin,677,https://stockanalysis.com/analysts/Jonathan-Atkin/,27 Jul 2026
Neil Mehta,680,https://stockanalysis.com/analysts/Neil-Mehta/,29 Jul 2026
Michael Halloran,681,https://stockanalysis.com/analysts/Michael-Halloran/,29 Jul 2026
Scott Schneeberger,682,https://stockanalysis.com/analysts/Scott-Schneeberger/,29 Jul 2026
Rohit Kulkarni,683,https://stockanalysis.com/analysts/Rohit-Kulkarni/,23 Jul 2026
Daley Li,684,https://stockanalysis.com/analysts/Daley-Li/,01 Jun 2026
Mark Mahaney,685,https://stockanalysis.com/analysts/Mark-Mahaney/,29 Jul 2026
Andrew Boone,686,https://stockanalysis.com/analysts/Andrew-Boone/,29 Jul 2026
Chris Graja,691,https://stockanalysis.com/analysts/Chris-Graja/,27 Jul 2026
Cherilyn Radbourne,694,https://stockanalysis.com/analysts/Cherilyn-Radbourne/,27 Jul 2026
John Mackay,696,https://stockanalysis.com/analysts/John-Mackay/,27 Jul 2026
Darko Mihelic,698,https://stockanalysis.com/analysts/Darko-Mihelic/,13 Jul 2026
Dan Leonard,699,https://stockanalysis.com/analysts/Dan-Leonard/,28 Jul 2026
Peter Saleh,700,https://stockanalysis.com/analysts/Peter-Saleh/,24 Jul 2026
Alexander Hacking,701,https://stockanalysis.com/analysts/Alexander-Hacking/,29 Jul 2026
Patrick Scholes,703,https://stockanalysis.com/analysts/Patrick-Scholes/,29 Jul 2026
Gray Powell,704,https://stockanalysis.com/analysts/Gray-Powell/,28 Jul 2026
Aaron Bilkoski,705,https://stockanalysis.com/analysts/Aaron-Bilkoski/,27 Jul 2026
Max Michaelis,706,https://stockanalysis.com/analysts/Max-Michaelis/,28 Jul 2026
Fawne Jiang,709,https://stockanalysis.com/analysts/Fawne-Jiang/,25 Jun 2026
Lance Vitanza,710,https://stockanalysis.com/analysts/Lance-Vitanza/,29 Jul 2026
Gregory Miller,716,https://stockanalysis.com/analysts/Gregory-Miller/,24 Jul 2026
Anthony Crowdell,718,https://stockanalysis.com/analysts/Anthony-Crowdell/,29 Jul 2026
Jack Meehan,719,https://stockanalysis.com/analysts/Jack-Meehan/,26 Mar 2026
Andrew Kligerman,720,https://stockanalysis.com/analysts/Andrew-Kligerman/,28 Jul 2026
Eric Heath,722,https://stockanalysis.com/analysts/Eric-Heath/,29 Jul 2026
Doug Creutz,725,https://stockanalysis.com/analysts/Doug-Creutz/,24 Jul 2026
Brad Zelnick,726,https://stockanalysis.com/analysts/Brad-Zelnick/,20 Jul 2026
Mohit Bansal,727,https://stockanalysis.com/analysts/Mohit-Bansal/,27 Jul 2026
Drew Crum,729,https://stockanalysis.com/analysts/Drew-Crum/,24 Jul 2026
Brian Morrison,731,https://stockanalysis.com/analysts/Brian-Morrison/,14 Jul 2026
David Westenberg,733,https://stockanalysis.com/analysts/David-Westenberg/,29 Jul 2026
Michael Morris,734,https://stockanalysis.com/analysts/Michael-Morris/,29 Jul 2026
Alexander Potter,738,https://stockanalysis.com/analysts/Alexander-Potter/,29 Jul 2026
Kevin Heal,739,https://stockanalysis.com/analysts/Kevin-Heal/,29 Jul 2026
Matthew Prisco,742,https://stockanalysis.com/analysts/Matthew-Prisco/,28 Jul 2026
Peter Peng,744,https://stockanalysis.com/analysts/Peter-Peng/,29 Jul 2026
David Vernon,746,https://stockanalysis.com/analysts/David-Vernon/,28 Jul 2026
Michael Carroll,748,https://stockanalysis.com/analysts/Michael-Carroll/,02 Jul 2026
Ann Hynes,751,https://stockanalysis.com/analysts/Ann-Hynes/,28 Jul 2026
Brian McKenna,752,https://stockanalysis.com/analysts/Brian-McKenna/,22 Apr 2026
Paul Lejuez,753,https://stockanalysis.com/analysts/Paul-Lejuez/,29 Jul 2026
Tanya Jakusconek,754,https://stockanalysis.com/analysts/Tanya-Jakusconek/,27 Jul 2026
David Windley,755,https://stockanalysis.com/analysts/David-Windley/,22 Jul 2026
Jake Bartlett,757,https://stockanalysis.com/analysts/Jake-Bartlett/,18 Mar 2026
Silvan Tuerkcan,759,https://stockanalysis.com/analysts/Silvan-Tuerkcan/,23 Jun 2026
Chris Dankert,762,https://stockanalysis.com/analysts/Chris-Dankert/,16 Jul 2026
Dave Rochester,765,https://stockanalysis.com/analysts/Dave-Rochester/,22 Jul 2026
Mark Fitzgibbon,767,https://stockanalysis.com/analysts/Mark-Fitzgibbon/,27 Feb 2026
Nick Doyle,768,https://stockanalysis.com/analysts/Nick-Doyle/,10 Nov 2025
Stephen Richardson,769,https://stockanalysis.com/analysts/Stephen-Richardson/,27 Jul 2026
Terence Flynn,770,https://stockanalysis.com/analysts/Terence-Flynn/,28 Jul 2026
Matthew Bouley,771,https://stockanalysis.com/analysts/Matthew-Bouley/,24 Jul 2026
Koji Ikeda,772,https://stockanalysis.com/analysts/Koji-Ikeda/,28 Jul 2026
John Kernan,773,https://stockanalysis.com/analysts/John-Kernan/,04 Dec 2025
Anthony Stoss,774,https://stockanalysis.com/analysts/Anthony-Stoss/,23 Jul 2026
Yigal Nochomovitz,775,https://stockanalysis.com/analysts/Yigal-Nochomovitz/,24 Jul 2026
Sohrab Movahedi,780,https://stockanalysis.com/analysts/Sohrab-Movahedi/,01 Jun 2026
Mark Shmulik,781,https://stockanalysis.com/analysts/Mark-Shmulik/,27 Jul 2026
John Heinbockel,784,https://stockanalysis.com/analysts/John-Heinbockel/,19 Jul 2026
Darrin Peller,786,https://stockanalysis.com/analysts/Darrin-Peller/,29 Jul 2026
Gokul Hariharan,788,https://stockanalysis.com/analysts/Gokul-Hariharan/,15 Jul 2026
David Tarantino,789,https://stockanalysis.com/analysts/David-Tarantino/,23 Jul 2026
Ryan MacWilliams,791,https://stockanalysis.com/analysts/Ryan-MacWilliams/,29 Jul 2026
Ryan Macwilliams,791,https://stockanalysis.com/analysts/Ryan-Macwilliams/,29 Jul 2026
Shyam Patil,792,https://stockanalysis.com/analysts/Shyam-Patil/,29 Jul 2026
Colin Sebastian,793,https://stockanalysis.com/analysts/Colin-Sebastian/,29 Jul 2026
Mark Argento,795,https://stockanalysis.com/analysts/Mark-Argento/,07 May 2026
Richard Close,796,https://stockanalysis.com/analysts/Richard-Close/,20 Jul 2026
Scott Searle,797,https://stockanalysis.com/analysts/Scott-Searle/,21 Jul 2026
Asad Haider,798,https://stockanalysis.com/analysts/Asad-Haider/,27 Jul 2026
Chris Baker,799,https://stockanalysis.com/analysts/Chris-Baker/,27 Jul 2026
Ross Sparenblek,800,https://stockanalysis.com/analysts/Ross-Sparenblek/,24 Jul 2026
Sean McLoughlin,803,https://stockanalysis.com/analysts/Sean-McLoughlin/,08 May 2026
Ryan Nash,804,https://stockanalysis.com/analysts/Ryan-Nash/,24 Jul 2026
RJ Milligan,805,https://stockanalysis.com/analysts/RJ-Milligan/,28 Jul 2026
Jonathan Petersen,807,https://stockanalysis.com/analysts/Jonathan-Petersen/,06 Jul 2026
Christopher Horvers,809,https://stockanalysis.com/analysts/Christopher-Horvers/,28 Jul 2026
Josh Silverstein,810,https://stockanalysis.com/analysts/Josh-Silverstein/,28 Jul 2026
Keith Weiss,811,https://stockanalysis.com/analysts/Keith-Weiss/,21 Jul 2026
Doug Leggate,812,https://stockanalysis.com/analysts/Doug-Leggate/,28 Jul 2026
Doug Anmuth,813,https://stockanalysis.com/analysts/Doug-Anmuth/,27 Jul 2026
Joseph Osha,815,https://stockanalysis.com/analysts/Joseph-Osha/,29 Jul 2026
Martin Yang,816,https://stockanalysis.com/analysts/Martin-Yang/,29 Jul 2026
Michael Kupinski,817,https://stockanalysis.com/analysts/Michael-Kupinski/,28 Jul 2026
Conor Fitzpatrick,818,https://stockanalysis.com/analysts/Conor-Fitzpatrick/,27 Jul 2026
Brandon Bingham,819,https://stockanalysis.com/analysts/Brandon-Bingham/,26 May 2026
Jay Huang,820,https://stockanalysis.com/analysts/Jay-Huang/,20 Jul 2026
Mohammed Khallouf,823,https://stockanalysis.com/analysts/Mohammed-Khallouf/,08 Jul 2026
Elyse Greenspan,825,https://stockanalysis.com/analysts/Elyse-Greenspan/,29 Jul 2026
Eric Martinuzzi,829,https://stockanalysis.com/analysts/Eric-Martinuzzi/,23 Jul 2026
Jeff Jones,830,https://stockanalysis.com/analysts/Jeff-Jones/,15 Jul 2026
Kelly Bania,834,https://stockanalysis.com/analysts/Kelly-Bania/,24 Jul 2026
Mario Saric,835,https://stockanalysis.com/analysts/Mario-Saric/,30 Jun 2026
Kenneth Zener,836,https://stockanalysis.com/analysts/Kenneth-Zener/,06 Apr 2026
Tami Zakaria,838,https://stockanalysis.com/analysts/Tami-Zakaria/,29 Jul 2026
Joseph Stauff,839,https://stockanalysis.com/analysts/Joseph-Stauff/,29 Jul 2026
Jayson Bedford,841,https://stockanalysis.com/analysts/Jayson-Bedford/,17 Jul 2026
John Staszak,842,https://stockanalysis.com/analysts/John-Staszak/,13 Jul 2026
Ben Hendrix,843,https://stockanalysis.com/analysts/Ben-Hendrix/,28 Jul 2026
Scott Devitt,847,https://stockanalysis.com/analysts/Scott-Devitt/,26 Mar 2026
Catherine Novack,848,https://stockanalysis.com/analysts/Catherine-Novack/,07 Jul 2026
Nicolai Kempf,849,https://stockanalysis.com/analysts/Nicolai-Kempf/,28 Jul 2026
Louis Miscioscia,855,https://stockanalysis.com/analysts/Louis-Miscioscia/,12 May 2026
Owen Lau,856,https://stockanalysis.com/analysts/Owen-Lau/,29 Jul 2026
Yun Kim,858,https://stockanalysis.com/analysts/Yun-Kim/,03 Jun 2026
Tessa Romero,859,https://stockanalysis.com/analysts/Tessa-Romero/,22 Jul 2026
Timothy Horan,860,https://stockanalysis.com/analysts/Timothy-Horan/,24 Jul 2026
Devin McDermott,861,https://stockanalysis.com/analysts/Devin-McDermott/,29 Jul 2026
Vincent Colicchio,862,https://stockanalysis.com/analysts/Vincent-Colicchio/,08 Jul 2026
Benjamin Swinburne,863,https://stockanalysis.com/analysts/Benjamin-Swinburne/,16 Mar 2026
Philippe Houchois,864,https://stockanalysis.com/analysts/Philippe-Houchois/,28 Jul 2026
Stephen Ju,865,https://stockanalysis.com/analysts/Stephen-Ju/,28 Jul 2026
Josh Nichols,866,https://stockanalysis.com/analysts/Josh-Nichols/,27 Jul 2026
Alex Kramm,868,https://stockanalysis.com/analysts/Alex-Kramm/,24 Jul 2026
Jeremy Tonet,869,https://stockanalysis.com/analysts/Jeremy-Tonet/,28 Jul 2026
Paul Treiber,870,https://stockanalysis.com/analysts/Paul-Treiber/,28 Jul 2026
Jeff Martin,871,https://stockanalysis.com/analysts/Jeff-Martin/,29 Jul 2026
Edison Lee,872,https://stockanalysis.com/analysts/Edison-Lee/,28 Jul 2026
Shweta Khajuria,873,https://stockanalysis.com/analysts/Shweta-Khajuria/,02 Jul 2026
Sumant Kulkarni,874,https://stockanalysis.com/analysts/Sumant-Kulkarni/,27 Jul 2026
Andy Chen,879,https://stockanalysis.com/analysts/Andy-Chen/,28 Jul 2026
Victoria McCulloch,883,https://stockanalysis.com/analysts/Victoria-McCulloch/,28 Jul 2026
Dara Mohsenian,884,https://stockanalysis.com/analysts/Dara-Mohsenian/,29 Jul 2026
Joshua Shanker,886,https://stockanalysis.com/analysts/Joshua-Shanker/,29 Jul 2026
Liam Fitzpatrick,888,https://stockanalysis.com/analysts/Liam-Fitzpatrick/,22 Jul 2026
Eric Coldwell,889,https://stockanalysis.com/analysts/Eric-Coldwell/,29 Jul 2026
Peter Heckmann,890,https://stockanalysis.com/analysts/Peter-Heckmann/,29 Jul 2026
Laura Martin,891,https://stockanalysis.com/analysts/Laura-Martin/,24 Jul 2026
Oliver Wintermantel,893,https://stockanalysis.com/analysts/Oliver-Wintermantel/,07 Jul 2026
Casey Alexander,895,https://stockanalysis.com/analysts/Casey-Alexander/,10 Mar 2026
Alexander Duval,900,https://stockanalysis.com/analysts/Alexander-Duval/,28 Jul 2026
Ivan Feinseth,901,https://stockanalysis.com/analysts/Ivan-Feinseth/,28 Jul 2026
Katherine Lei,905,https://stockanalysis.com/analysts/Katherine-Lei/,02 Jun 2026
Vivek Juneja,908,https://stockanalysis.com/analysts/Vivek-Juneja/,29 Jul 2026
Kevin Chiang,911,https://stockanalysis.com/analysts/Kevin-Chiang/,29 Jul 2026
Levi Spry,912,https://stockanalysis.com/analysts/Levi-Spry/,29 Jul 2026
Andrew Liesch,913,https://stockanalysis.com/analysts/Andrew-Liesch/,08 Jul 2026
Brandon Oglenski,915,https://stockanalysis.com/analysts/Brandon-Oglenski/,29 Jul 2026
Ittai Kidron,916,https://stockanalysis.com/analysts/Ittai-Kidron/,27 Jul 2026
Joseph Catanzaro,920,https://stockanalysis.com/analysts/Joseph-Catanzaro/,17 Jul 2026
Lauren Silberman,925,https://stockanalysis.com/analysts/Lauren-Silberman/,21 Jul 2026
Alicia Reese,926,https://stockanalysis.com/analysts/Alicia-Reese/,29 Jul 2026
Michael Feniger,927,https://stockanalysis.com/analysts/Michael-Feniger/,29 Jul 2026
Lisa Gill,929,https://stockanalysis.com/analysts/Lisa-Gill/,28 Jul 2026
Blair Abernethy,930,https://stockanalysis.com/analysts/Blair-Abernethy/,28 Jul 2026
Steven Cahall,931,https://stockanalysis.com/analysts/Steven-Cahall/,27 Jul 2026
Kunal Madhukar,932,https://stockanalysis.com/analysts/Kunal-Madhukar/,04 Jun 2026
Saket Kalia,933,https://stockanalysis.com/analysts/Saket-Kalia/,29 Jul 2026
Tal Liani,934,https://stockanalysis.com/analysts/Tal-Liani/,29 Jul 2026
Youssef Squali,935,https://stockanalysis.com/analysts/Youssef-Squali/,28 Jul 2026
Gil Blum,939,https://stockanalysis.com/analysts/Gil-Blum/,22 Jul 2026
David Paige,942,https://stockanalysis.com/analysts/David-Paige/,23 Jul 2026
Bennett Moore,944,https://stockanalysis.com/analysts/Bennett-Moore/,28 Jul 2026
Duffy Fischer,948,https://stockanalysis.com/analysts/Duffy-Fischer/,29 Jul 2026
Omotayo Okusanya,949,https://stockanalysis.com/analysts/Omotayo-Okusanya/,22 Jul 2026
Alex Scott,950,https://stockanalysis.com/analysts/Alex-Scott/,29 Jul 2026
Joel Jackson,951,https://stockanalysis.com/analysts/Joel-Jackson/,03 Jul 2026
Rudy Kessinger,952,https://stockanalysis.com/analysts/Rudy-Kessinger/,29 Jul 2026
Ian Zaffino,953,https://stockanalysis.com/analysts/Ian-Zaffino/,23 Jul 2026
Justin Clare,954,https://stockanalysis.com/analysts/Justin-Clare/,28 Jul 2026
John Blackledge,955,https://stockanalysis.com/analysts/John-Blackledge/,29 Jul 2026
Darren Aftahi,956,https://stockanalysis.com/analysts/Darren-Aftahi/,28 Jul 2026
Ronald Kamdem,958,https://stockanalysis.com/analysts/Ronald-Kamdem/,29 Jul 2026
Glenn Schorr,959,https://stockanalysis.com/analysts/Glenn-Schorr/,23 Jul 2026
Brian Bittner,960,https://stockanalysis.com/analysts/Brian-Bittner/,29 Jul 2026
Ananda Ghosh,962,https://stockanalysis.com/analysts/Ananda-Ghosh/,20 Jul 2026
Martin Auster,963,https://stockanalysis.com/analysts/Martin-Auster/,09 Jul 2026
Craig Irwin,964,https://stockanalysis.com/analysts/Craig-Irwin/,23 Jul 2026
Peter Weed,970,https://stockanalysis.com/analysts/Peter-Weed/,28 Jul 2026
Tim Anderson,971,https://stockanalysis.com/analysts/Tim-Anderson/,18 Dec 2025
Jessica Fye,975,https://stockanalysis.com/analysts/Jessica-Fye/,29 Jul 2026
Salveen Richter,976,https://stockanalysis.com/analysts/Salveen-Richter/,29 Jul 2026
Zach Cummins,977,https://stockanalysis.com/analysts/Zach-Cummins/,08 May 2026
Michael Zaremski,980,https://stockanalysis.com/analysts/Michael-Zaremski/,29 Jul 2026
Michael Brown,982,https://stockanalysis.com/analysts/Michael-Brown/,29 Jul 2026
Duane Pfennigwerth,983,https://stockanalysis.com/analysts/Duane-Pfennigwerth/,22 Jul 2026
Rafe Jadrosich,984,https://stockanalysis.com/analysts/Rafe-Jadrosich/,29 Jul 2026
Arun Jayaram,985,https://stockanalysis.com/analysts/Arun-Jayaram/,28 Jul 2026
Tycho Peterson,986,https://stockanalysis.com/analysts/Tycho-Peterson/,29 Jul 2026
Curry Baker,987,https://stockanalysis.com/analysts/Curry-Baker/,27 Jul 2026
Michael Rose,989,https://stockanalysis.com/analysts/Michael-Rose/,23 Jul 2026
Jeremy Hamblin,990,https://stockanalysis.com/analysts/Jeremy-Hamblin/,17 Jul 2026
Brian Foran,992,https://stockanalysis.com/analysts/Brian-Foran/,29 Jul 2026
Robert Stallard,995,https://stockanalysis.com/analysts/Robert-Stallard/,01 Jul 2026
David Toung,997,https://stockanalysis.com/analysts/David-Toung/,28 Jul 2026
Brian Mullan,998,https://stockanalysis.com/analysts/Brian-Mullan/,29 Jul 2026
Peter Winter,999,https://stockanalysis.com/analysts/Peter-Winter/,28 Jul 2026
Tazeen Ahmad,1000,https://stockanalysis.com/analysts/Tazeen-Ahmad/,28 Jul 2026
Patrick Sholl,1003,https://stockanalysis.com/analysts/Patrick-Sholl/,29 Jul 2026
Jeff Cantwell,1004,https://stockanalysis.com/analysts/Jeff-Cantwell/,24 May 2026
Matthew Boss,1005,https://stockanalysis.com/analysts/Matthew-Boss/,28 Jul 2026
Adam Maeder,1006,https://stockanalysis.com/analysts/Adam-Maeder/,24 Jul 2026
Gautam Chhugani,1008,https://stockanalysis.com/analysts/Gautam-Chhugani/,23 Jul 2026
Todd Thomas,1011,https://stockanalysis.com/analysts/Todd-Thomas/,29 Jul 2026
Douglas Harned,1012,https://stockanalysis.com/analysts/Douglas-Harned/,29 Jul 2026
Alexander Pearce,1013,https://stockanalysis.com/analysts/Alexander-Pearce/,22 Jul 2026
Gabriela Borges,1016,https://stockanalysis.com/analysts/Gabriela-Borges/,22 Jul 2026
Thomas Wadewitz,1017,https://stockanalysis.com/analysts/Thomas-Wadewitz/,29 Jul 2026
George Hill,1018,https://stockanalysis.com/analysts/George-Hill/,20 May 2026
Jeff Johnson,1019,https://stockanalysis.com/analysts/Jeff-Johnson/,14 Jul 2026
Thomas Chong,1020,https://stockanalysis.com/analysts/Thomas-Chong/,28 Jul 2026
Brian Kinstlinger,1021,https://stockanalysis.com/analysts/Brian-Kinstlinger/,27 Jul 2026
Yanan Zhu,1023,https://stockanalysis.com/analysts/Yanan-Zhu/,15 Jul 2026
Joshua Chan,1029,https://stockanalysis.com/analysts/Joshua-Chan/,27 Jul 2026
Erika Najarian,1030,https://stockanalysis.com/analysts/Erika-Najarian/,07 Jul 2026
Jon Tower,1032,https://stockanalysis.com/analysts/Jon-Tower/,29 Jul 2026
James Fish,1034,https://stockanalysis.com/analysts/James-Fish/,28 Jul 2026
Brian Essex,1035,https://stockanalysis.com/analysts/Brian-Essex/,29 Jul 2026
Andy Barish,1037,https://stockanalysis.com/analysts/Andy-Barish/,28 Jul 2026
Mark Zgutowicz,1038,https://stockanalysis.com/analysts/Mark-Zgutowicz/,29 Jul 2026
Yuan Zhi,1040,https://stockanalysis.com/analysts/Yuan-Zhi/,29 Jul 2026
Christopher Snyder,1047,https://stockanalysis.com/analysts/Christopher-Snyder/,29 Jul 2026
Brian Cheng,1048,https://stockanalysis.com/analysts/Brian-Cheng/,24 Jul 2026
Gavin Parsons,1055,https://stockanalysis.com/analysts/Gavin-Parsons/,29 Jul 2026
John Babcock,1057,https://stockanalysis.com/analysts/John-Babcock/,29 Jul 2026
Christopher Marinac,1059,https://stockanalysis.com/analysts/Christopher-Marinac/,12 Jun 2026
Pito Chickering,1062,https://stockanalysis.com/analysts/Pito-Chickering/,27 Jul 2026
Ben Reitzes,1063,https://stockanalysis.com/analysts/Ben-Reitzes/,29 Jun 2026
Tobey Sommer,1066,https://stockanalysis.com/analysts/Tobey-Sommer/,29 Jul 2026
Trey Grooms,1067,https://stockanalysis.com/analysts/Trey-Grooms/,28 Jul 2026
Michael Baker,1068,https://stockanalysis.com/analysts/Michael-Baker/,27 Jul 2026
Evan Seigerman,1070,https://stockanalysis.com/analysts/Evan-Seigerman/,29 Jul 2026
Timothy Wojs,1071,https://stockanalysis.com/analysts/Timothy-Wojs/,24 Jul 2026
Eddie Hickman,1077,https://stockanalysis.com/analysts/Eddie-Hickman/,28 Jul 2026
Terry McEvoy,1079,https://stockanalysis.com/analysts/Terry-McEvoy/,16 Jul 2026
Crispin Love,1080,https://stockanalysis.com/analysts/Crispin-Love/,28 Jul 2026
Ross Fowler,1081,https://stockanalysis.com/analysts/Ross-Fowler/,27 Jul 2026
Tiago Fauth,1084,https://stockanalysis.com/analysts/Tiago-Fauth/,09 Jul 2026
Mitchell Kapoor,1085,https://stockanalysis.com/analysts/Mitchell-Kapoor/,28 Jul 2026
Timothy Coffey,1089,https://stockanalysis.com/analysts/Timothy-Coffey/,28 Jul 2026
Ashwani Verma,1094,https://stockanalysis.com/analysts/Ashwani-Verma/,28 Jul 2026
Nelson Ng,1095,https://stockanalysis.com/analysts/Nelson-Ng/,28 Jul 2026
Eric Joseph,1099,https://stockanalysis.com/analysts/Eric-Joseph/,22 Jul 2026
Joseph Altobello,1100,https://stockanalysis.com/analysts/Joseph-Altobello/,29 May 2026
Subash Chandra,1101,https://stockanalysis.com/analysts/Subash-Chandra/,22 Jul 2026
Kurt Yinger,1106,https://stockanalysis.com/analysts/Kurt-Yinger/,28 Jul 2026
Peter Levine,1108,https://stockanalysis.com/analysts/Peter-Levine/,27 Jul 2026
Amit Mehrotra,1109,https://stockanalysis.com/analysts/Amit-Mehrotra/,24 Jul 2026
Derek Podhaizer,1110,https://stockanalysis.com/analysts/Derek-Podhaizer/,29 Jul 2026
Brendan Smith,1111,https://stockanalysis.com/analysts/Brendan-Smith/,28 Jul 2026
David Anderson,1112,https://stockanalysis.com/analysts/David-Anderson/,28 Jul 2026
Troy Jensen,1113,https://stockanalysis.com/analysts/Troy-Jensen/,09 Jul 2026
Matthew Galinko,1114,https://stockanalysis.com/analysts/Matthew-Galinko/,21 Jul 2026
Daniel Cardenas,1117,https://stockanalysis.com/analysts/Daniel-Cardenas/,12 Mar 2026
Jimmy Shan,1120,https://stockanalysis.com/analysts/Jimmy-Shan/,23 Jul 2026
Bret Jordan,1121,https://stockanalysis.com/analysts/Bret-Jordan/,30 Jun 2026
Paul Choi,1123,https://stockanalysis.com/analysts/Paul-Choi/,27 Jul 2026
Kannan Venkateshwar,1124,https://stockanalysis.com/analysts/Kannan-Venkateshwar/,27 Jul 2026
Eric Luebchow,1126,https://stockanalysis.com/analysts/Eric-Luebchow/,29 Jul 2026
Brandt Montour,1127,https://stockanalysis.com/analysts/Brandt-Montour/,29 Jul 2026
Alex Markgraff,1129,https://stockanalysis.com/analysts/Alex-Markgraff/,22 Jul 2026
Maury Raycroft,1130,https://stockanalysis.com/analysts/Maury-Raycroft/,14 Jul 2026
Andrew Steinerman,1137,https://stockanalysis.com/analysts/Andrew-Steinerman/,29 Jul 2026
Timur Braziler,1138,https://stockanalysis.com/analysts/Timur-Braziler/,28 Jul 2026
Mark Lear,1140,https://stockanalysis.com/analysts/Mark-Lear/,21 Jul 2026
Gregg Moskowitz,1141,https://stockanalysis.com/analysts/Gregg-Moskowitz/,15 Jul 2026
Steven Forbes,1142,https://stockanalysis.com/analysts/Steven-Forbes/,24 Jul 2026
Michael Elias,1143,https://stockanalysis.com/analysts/Michael-Elias/,24 Jul 2026
Peter Keith,1144,https://stockanalysis.com/analysts/Peter-Keith/,29 Jul 2026
Chad Dillard,1151,https://stockanalysis.com/analysts/Chad-Dillard/,24 Jul 2026
Jeffrey Spector,1152,https://stockanalysis.com/analysts/Jeffrey-Spector/,27 Jul 2026
David Vogt,1153,https://stockanalysis.com/analysts/David-Vogt/,29 Jul 2026
Eugene Hsiao,1154,https://stockanalysis.com/analysts/Eugene-Hsiao/,29 May 2026
Todd Coupland,1155,https://stockanalysis.com/analysts/Todd-Coupland/,29 Jul 2026
Rick Patel,1158,https://stockanalysis.com/analysts/Rick-Patel/,23 Jul 2026
Steven Seedhouse,1160,https://stockanalysis.com/analysts/Steven-Seedhouse/,16 Jul 2026
Alexandra Yates,1162,https://stockanalysis.com/analysts/Alexandra-Yates/,21 Jul 2026
Janet Lee,1163,https://stockanalysis.com/analysts/Janet-Lee/,29 Jul 2026
Kelly Motta,1164,https://stockanalysis.com/analysts/Kelly-Motta/,27 Jul 2026
Michael Linenberg,1172,https://stockanalysis.com/analysts/Michael-Linenberg/,13 Jul 2026
Robert Driscoll,1174,https://stockanalysis.com/analysts/Robert-Driscoll/,29 Jul 2026
Mark Strouse,1175,https://stockanalysis.com/analysts/Mark-Strouse/,29 Jul 2026
Kalpit Patel,1176,https://stockanalysis.com/analysts/Kalpit-Patel/,26 Jul 2026
Matthew Weston,1177,https://stockanalysis.com/analysts/Matthew-Weston/,24 Jul 2026
Ketan Mamtora,1178,https://stockanalysis.com/analysts/Ketan-Mamtora/,28 Jul 2026
Kristina Ruggeri,1181,https://stockanalysis.com/analysts/Kristina-Ruggeri/,27 Jul 2026
Scott Group,1183,https://stockanalysis.com/analysts/Scott-Group/,26 Apr 2026
Daryl Young,1184,https://stockanalysis.com/analysts/Daryl-Young/,28 Jul 2026
Bill Selesky,1185,https://stockanalysis.com/analysts/Bill-Selesky/,24 Jul 2026
John Lovallo,1186,https://stockanalysis.com/analysts/John-Lovallo/,29 Jul 2026
Aleksey Yefremov,1187,https://stockanalysis.com/analysts/Aleksey-Yefremov/,04 Mar 2026
Alan Gould,1188,https://stockanalysis.com/analysts/Alan-Gould/,04 Jun 2026
Dan Dolev,1189,https://stockanalysis.com/analysts/Dan-Dolev/,29 Jul 2026
David Bishop,1190,https://stockanalysis.com/analysts/David-Bishop/,27 Jul 2026
David Raso,1191,https://stockanalysis.com/analysts/David-Raso/,11 May 2026
Christopher Nolan,1195,https://stockanalysis.com/analysts/Christopher-Nolan/,15 May 2026
Manan Gosalia,1197,https://stockanalysis.com/analysts/Manan-Gosalia/,29 Jul 2026
Craig Hettenbach,1198,https://stockanalysis.com/analysts/Craig-Hettenbach/,29 Jul 2026
Marcio Farid,1199,https://stockanalysis.com/analysts/Marcio-Farid/,29 Jul 2026
Adam Berlin,1200,https://stockanalysis.com/analysts/Adam-Berlin/,01 Jul 2026
Greg Gibas,1204,https://stockanalysis.com/analysts/Greg-Gibas/,14 Jul 2026
Mark Carden,1205,https://stockanalysis.com/analysts/Mark-Carden/,28 Jul 2026
Alexander Slagle,1207,https://stockanalysis.com/analysts/Alexander-Slagle/,14 May 2026
David Motemaden,1209,https://stockanalysis.com/analysts/David-Motemaden/,27 Jul 2026
Michael Roxland,1212,https://stockanalysis.com/analysts/Michael-Roxland/,29 Jul 2026
Stephen Laszczyk,1213,https://stockanalysis.com/analysts/Stephen-Laszczyk/,23 Jul 2026
Mark Murphy,1216,https://stockanalysis.com/analysts/Mark-Murphy/,14 Jul 2026
Sabahat Khan,1217,https://stockanalysis.com/analysts/Sabahat-Khan/,29 Jul 2026
Stephen Willey,1219,https://stockanalysis.com/analysts/Stephen-Willey/,28 Jul 2026
Michael Swartz,1220,https://stockanalysis.com/analysts/Michael-Swartz/,06 Jul 2026
Chiara Battistini,1228,https://stockanalysis.com/analysts/Chiara-Battistini/,29 Jul 2026
Christopher Stathoulopoulos,1229,https://stockanalysis.com/analysts/Christopher-Stathoulopoulos/,29 Jul 2026
Jay Sole,1231,https://stockanalysis.com/analysts/Jay-Sole/,29 Jul 2026
Rowland Mayor,1233,https://stockanalysis.com/analysts/Rowland-Mayor/,28 Jul 2026
Ingo Wermann,1236,https://stockanalysis.com/analysts/Ingo-Wermann/,24 Jul 2026
Bryan Keane,1239,https://stockanalysis.com/analysts/Bryan-Keane/,29 Jul 2026
Matthew Taylor,1242,https://stockanalysis.com/analysts/Matthew-Taylor/,28 Jul 2026
Stephen Byrd,1243,https://stockanalysis.com/analysts/Stephen-Byrd/,24 Jul 2026
Brad Reback,1244,https://stockanalysis.com/analysts/Brad-Reback/,23 Jul 2026
David Long,1246,https://stockanalysis.com/analysts/David-Long/,01 Jul 2026
Rajesh Kumar,1251,https://stockanalysis.com/analysts/Rajesh-Kumar/,13 Jul 2026
Tavy Rosner,1253,https://stockanalysis.com/analysts/Tavy-Rosner/,18 Mar 2026
Derick Ma,1257,https://stockanalysis.com/analysts/Derick-Ma/,24 Jul 2026
Jon Windham,1258,https://stockanalysis.com/analysts/Jon-Windham/,14 Jul 2026
Matthew Hedberg,1259,https://stockanalysis.com/analysts/Matthew-Hedberg/,29 Jul 2026
Gil Luria,1260,https://stockanalysis.com/analysts/Gil-Luria/,29 Jul 2026
Sean McCutcheon,1261,https://stockanalysis.com/analysts/Sean-McCutcheon/,19 May 2026
Jasper Bibb,1263,https://stockanalysis.com/analysts/Jasper-Bibb/,27 Jul 2026
Lance Wilkes,1268,https://stockanalysis.com/analysts/Lance-Wilkes/,28 Jul 2026
Pablo Monsivais,1269,https://stockanalysis.com/analysts/Pablo-Monsivais/,15 May 2026
John Hodulik,1273,https://stockanalysis.com/analysts/John-Hodulik/,27 Jul 2026
Jordan Alliger,1276,https://stockanalysis.com/analysts/Jordan-Alliger/,29 Jul 2026
Barton Crockett,1278,https://stockanalysis.com/analysts/Barton-Crockett/,29 Jul 2026
Reuben Garner,1279,https://stockanalysis.com/analysts/Reuben-Garner/,23 Jul 2026
Anthony Petrone,1280,https://stockanalysis.com/analysts/Anthony-Petrone/,29 Jul 2026
Phillip Jungwirth,1282,https://stockanalysis.com/analysts/Phillip-Jungwirth/,28 Jul 2026
Mark Smith,1283,https://stockanalysis.com/analysts/Mark-Smith/,17 Jul 2026
Justin Lake,1286,https://stockanalysis.com/analysts/Justin-Lake/,05 May 2026
Jimmy Bhullar,1288,https://stockanalysis.com/analysts/Jimmy-Bhullar/,07 May 2026
Zach Parham,1289,https://stockanalysis.com/analysts/Zach-Parham/,06 May 2026
Corinne Johnson,1291,https://stockanalysis.com/analysts/Corinne-Johnson/,16 Jul 2026
Kingsley Crane,1292,https://stockanalysis.com/analysts/Kingsley-Crane/,02 Jul 2026
Savanthi Syth,1293,https://stockanalysis.com/analysts/Savanthi-Syth/,14 Jul 2026
Justin Kim,1294,https://stockanalysis.com/analysts/Justin-Kim/,08 Jun 2026
Eric Sheridan,1295,https://stockanalysis.com/analysts/Eric-Sheridan/,27 Jul 2026
Bernie McTernan,1296,https://stockanalysis.com/analysts/Bernie-McTernan/,29 Jul 2026
Bradley Canino,1297,https://stockanalysis.com/analysts/Bradley-Canino/,28 Jul 2026
Chris Parkinson,1303,https://stockanalysis.com/analysts/Chris-Parkinson/,28 Jul 2026
Andrei Stadnik,1304,https://stockanalysis.com/analysts/Andrei-Stadnik/,08 May 2026
Sarah James,1305,https://stockanalysis.com/analysts/Sarah-James/,29 Jul 2026
Ralph Schackart,1309,https://stockanalysis.com/analysts/Ralph-Schackart/,29 Jul 2026
Brian Tanquilut,1311,https://stockanalysis.com/analysts/Brian-Tanquilut/,28 Jul 2026
Brian Ossenbeck,1312,https://stockanalysis.com/analysts/Brian-Ossenbeck/,29 Jul 2026
Sangita Jain,1313,https://stockanalysis.com/analysts/Sangita-Jain/,27 Jul 2026
Ben Mohr,1314,https://stockanalysis.com/analysts/Ben-Mohr/,24 Jul 2026
Ghansham Panjabi,1318,https://stockanalysis.com/analysts/Ghansham-Panjabi/,29 Jul 2026
Greg Melich,1320,https://stockanalysis.com/analysts/Greg-Melich/,22 Jul 2026
Benjamin Theurer,1321,https://stockanalysis.com/analysts/Benjamin-Theurer/,29 Jul 2026
Andrew Charles,1322,https://stockanalysis.com/analysts/Andrew-Charles/,29 Jul 2026
Alec Stranahan,1323,https://stockanalysis.com/analysts/Alec-Stranahan/,22 Jul 2026
Thomas Flaten,1324,https://stockanalysis.com/analysts/Thomas-Flaten/,23 Jul 2026
Daniel Osley,1326,https://stockanalysis.com/analysts/Daniel-Osley/,15 Jul 2026
Kelsey Chia,1330,https://stockanalysis.com/analysts/Kelsey-Chia/,29 Jul 2026
Mauricio Serna,1333,https://stockanalysis.com/analysts/Mauricio-Serna/,22 Jul 2026
John Royall,1336,https://stockanalysis.com/analysts/John-Royall/,28 Jul 2026
Suraj Kalia,1338,https://stockanalysis.com/analysts/Suraj-Kalia/,28 Jul 2026
Andrew Weisel,1343,https://stockanalysis.com/analysts/Andrew-Weisel/,29 Jul 2026
Ari Klein,1346,https://stockanalysis.com/analysts/Ari-Klein/,28 Jul 2026
Buck Horne,1348,https://stockanalysis.com/analysts/Buck-Horne/,10 Jul 2026
Jonathan Goldman,1349,https://stockanalysis.com/analysts/Jonathan-Goldman/,29 Jul 2026
Biren Amin,1351,https://stockanalysis.com/analysts/Biren-Amin/,17 Jul 2026
Anne Ling,1352,https://stockanalysis.com/analysts/Anne-Ling/,22 Jul 2026
Vikram Gandhi,1354,https://stockanalysis.com/analysts/Vikram-Gandhi/,20 Jul 2026
Kyle Joseph,1358,https://stockanalysis.com/analysts/Kyle-Joseph/,08 May 2026
Marcelo Santos,1360,https://stockanalysis.com/analysts/Marcelo-Santos/,22 Jun 2026
Reginald Smith,1362,https://stockanalysis.com/analysts/Reginald-Smith/,08 Jul 2026
Steven Fisher,1363,https://stockanalysis.com/analysts/Steven-Fisher/,29 Jul 2026
Noah Poponak,1364,https://stockanalysis.com/analysts/Noah-Poponak/,29 Jul 2026
Matthew Caufield,1365,https://stockanalysis.com/analysts/Matthew-Caufield/,20 Jul 2026
Bonnie Herzog,1372,https://stockanalysis.com/analysts/Bonnie-Herzog/,28 Jul 2026
Nigel Coe,1373,https://stockanalysis.com/analysts/Nigel-Coe/,21 Jul 2026
Kirk Materne,1374,https://stockanalysis.com/analysts/Kirk-Materne/,27 Jul 2026
David Katz,1376,https://stockanalysis.com/analysts/David-Katz/,17 Jul 2026
Mike Kratky,1377,https://stockanalysis.com/analysts/Mike-Kratky/,24 Jul 2026
Andreas Argyrides,1378,https://stockanalysis.com/analysts/Andreas-Argyrides/,06 Jul 2026
Richard Choe,1380,https://stockanalysis.com/analysts/Richard-Choe/,28 Jul 2026
Jonathan Matuszewski,1383,https://stockanalysis.com/analysts/Jonathan-Matuszewski/,09 Jul 2026
Michael Shlisky,1385,https://stockanalysis.com/analysts/Michael-Shlisky/,22 Jul 2026
Adam Vogel,1388,https://stockanalysis.com/analysts/Adam-Vogel/,28 Jul 2026
Andrew Terrell,1390,https://stockanalysis.com/analysts/Andrew-Terrell/,29 Jul 2026
Brian Nowak,1396,https://stockanalysis.com/analysts/Brian-Nowak/,23 Jul 2026
Michael Rehaut,1397,https://stockanalysis.com/analysts/Michael-Rehaut/,16 Jun 2026
Miller Jump,1399,https://stockanalysis.com/analysts/Miller-Jump/,23 Jul 2026
Jeffrey Silber,1400,https://stockanalysis.com/analysts/Jeffrey-Silber/,27 Jul 2026
Charles Rhyee,1401,https://stockanalysis.com/analysts/Charles-Rhyee/,29 Jul 2026
Daniel Politzer,1402,https://stockanalysis.com/analysts/Daniel-Politzer/,28 Jul 2026
David Deckelbaum,1403,https://stockanalysis.com/analysts/David-Deckelbaum/,26 Mar 2026
Michael Goldsmith,1406,https://stockanalysis.com/analysts/Michael-Goldsmith/,28 Jul 2026
Paul Fremont,1408,https://stockanalysis.com/analysts/Paul-Fremont/,18 Jun 2026
Adithya Metuku,1409,https://stockanalysis.com/analysts/Adithya-Metuku/,27 Jul 2026
Peter Supino,1410,https://stockanalysis.com/analysts/Peter-Supino/,23 Jul 2026
Chris Schott,1411,https://stockanalysis.com/analysts/Chris-Schott/,28 Jul 2026
Michael Diana,1412,https://stockanalysis.com/analysts/Michael-Diana/,28 Jul 2026
Steven Delaney,1413,https://stockanalysis.com/analysts/Steven-Delaney/,07 May 2026
Steven Alexopoulos,1419,https://stockanalysis.com/analysts/Steven-Alexopoulos/,27 Jul 2026
Stephen Grambling,1421,https://stockanalysis.com/analysts/Stephen-Grambling/,28 Jul 2026
Barry Sine,1424,https://stockanalysis.com/analysts/Barry-Sine/,22 Jun 2026
Alex Irving,1425,https://stockanalysis.com/analysts/Alex-Irving/,24 Jul 2026
Gerry Sweeney,1427,https://stockanalysis.com/analysts/Gerry-Sweeney/,27 Jul 2026
Richard Newitter,1428,https://stockanalysis.com/analysts/Richard-Newitter/,28 Jul 2026
Prakhar Agrawal,1430,https://stockanalysis.com/analysts/Prakhar-Agrawal/,17 Jul 2026
Connor Murphy,1434,https://stockanalysis.com/analysts/Connor-Murphy/,16 Jul 2026
Bruno Amorim,1441,https://stockanalysis.com/analysts/Bruno-Amorim/,16 Jul 2026
Daniel Stauder,1443,https://stockanalysis.com/analysts/Daniel-Stauder/,08 May 2026
Mathieu Robilliard,1445,https://stockanalysis.com/analysts/Mathieu-Robilliard/,29 Jul 2026
Mark Altschwager,1447,https://stockanalysis.com/analysts/Mark-Altschwager/,27 Jul 2026
Luke Hannan,1448,https://stockanalysis.com/analysts/Luke-Hannan/,15 May 2026
Mark Cash,1449,https://stockanalysis.com/analysts/Mark-Cash/,22 Jul 2026
Caitlin Roberts,1455,https://stockanalysis.com/analysts/Caitlin-Roberts/,14 Jul 2026
Kevin Grundy,1456,https://stockanalysis.com/analysts/Kevin-Grundy/,08 Jul 2026
Barry Oxford,1457,https://stockanalysis.com/analysts/Barry-Oxford/,29 Jul 2026
Steve Fleishman,1458,https://stockanalysis.com/analysts/Steve-Fleishman/,28 Jul 2026
Tyler Batory,1459,https://stockanalysis.com/analysts/Tyler-Batory/,29 Jul 2026
Tom Nikic,1461,https://stockanalysis.com/analysts/Tom-Nikic/,29 Jul 2026
Christopher Nardone,1462,https://stockanalysis.com/analysts/Christopher-Nardone/,24 Jul 2026
Anthony Bonadio,1465,https://stockanalysis.com/analysts/Anthony-Bonadio/,28 Jul 2026
Stephanie Price,1468,https://stockanalysis.com/analysts/Stephanie-Price/,23 Jul 2026
Michael Binetti,1470,https://stockanalysis.com/analysts/Michael-Binetti/,27 Jul 2026
Emma Xu,1472,https://stockanalysis.com/analysts/Emma-Xu/,04 Jun 2026
Daniel Kurnos,1473,https://stockanalysis.com/analysts/Daniel-Kurnos/,22 Jul 2026
Dennis Ip,1474,https://stockanalysis.com/analysts/Dennis-Ip/,22 May 2026
Philip Shen,1476,https://stockanalysis.com/analysts/Philip-Shen/,29 Jul 2026
Sudan Loganathan,1478,https://stockanalysis.com/analysts/Sudan-Loganathan/,04 Jun 2026
Anthony Hau,1479,https://stockanalysis.com/analysts/Anthony-Hau/,28 Jul 2026
Matt Larew,1484,https://stockanalysis.com/analysts/Matt-Larew/,29 Jul 2026
Ruplu Bhattacharya,1486,https://stockanalysis.com/analysts/Ruplu-Bhattacharya/,28 Jul 2026
Cameron Bean,1489,https://stockanalysis.com/analysts/Cameron-Bean/,01 Apr 2026
William Janela,1493,https://stockanalysis.com/analysts/William-Janela/,22 Jul 2026
Richard Clarke,1497,https://stockanalysis.com/analysts/Richard-Clarke/,28 Jul 2026
Amos Fletcher,1499,https://stockanalysis.com/analysts/Amos-Fletcher/,23 Jul 2026
Justin Patterson,1502,https://stockanalysis.com/analysts/Justin-Patterson/,29 Jul 2026
Robert Jamieson,1503,https://stockanalysis.com/analysts/Robert-Jamieson/,27 May 2026
Karen Holthouse,1505,https://stockanalysis.com/analysts/Karen-Holthouse/,23 Jul 2026
Damian Karas,1506,https://stockanalysis.com/analysts/Damian-Karas/,13 Feb 2026
Meta Marshall,1510,https://stockanalysis.com/analysts/Meta-Marshall/,29 Jul 2026
Robbie Marcus,1513,https://stockanalysis.com/analysts/Robbie-Marcus/,28 Jul 2026
Harshita Rawat,1518,https://stockanalysis.com/analysts/Harshita-Rawat/,21 Jul 2026
Dan Bergstrom,1521,https://stockanalysis.com/analysts/Dan-Bergstrom/,28 Jul 2026
Jared Shaw,1522,https://stockanalysis.com/analysts/Jared-Shaw/,28 Jul 2026
Kevin Caliendo,1523,https://stockanalysis.com/analysts/Kevin-Caliendo/,29 Jul 2026
Adrian Huerta,1525,https://stockanalysis.com/analysts/Adrian-Huerta/,08 Jul 2026
Sean Steuart,1526,https://stockanalysis.com/analysts/Sean-Steuart/,29 Jul 2026
Andrew Sherman,1527,https://stockanalysis.com/analysts/Andrew-Sherman/,28 Jul 2026
Joe Feldman,1528,https://stockanalysis.com/analysts/Joe-Feldman/,29 Jul 2026
David Stanton,1531,https://stockanalysis.com/analysts/David-Stanton/,21 Jul 2026
Michael Cherny,1537,https://stockanalysis.com/analysts/Michael-Cherny/,23 Jul 2026
Sanjit Singh,1538,https://stockanalysis.com/analysts/Sanjit-Singh/,29 Jul 2026
Brian Vaccaro,1542,https://stockanalysis.com/analysts/Brian-Vaccaro/,17 Jul 2026
James Hardiman,1547,https://stockanalysis.com/analysts/James-Hardiman/,29 Jul 2026
Laurie Havener,1550,https://stockanalysis.com/analysts/Laurie-Havener/,29 Jul 2026
Michael Ward,1551,https://stockanalysis.com/analysts/Michael-Ward/,29 Jul 2026
Anthony Codling,1553,https://stockanalysis.com/analysts/Anthony-Codling/,23 Jul 2026
Robert Kad,1554,https://stockanalysis.com/analysts/Robert-Kad/,29 Jul 2026
Gaurav Jain,1557,https://stockanalysis.com/analysts/Gaurav-Jain/,06 Jan 2026
Jonathan Ho,1558,https://stockanalysis.com/analysts/Jonathan-Ho/,29 Jul 2026
John McNulty,1559,https://stockanalysis.com/analysts/John-McNulty/,29 Jul 2026
Robert Drbul,1560,https://stockanalysis.com/analysts/Robert-Drbul/,30 Jun 2026
Robert Ohmes,1561,https://stockanalysis.com/analysts/Robert-Ohmes/,24 Jul 2026
Pete Stavropoulos,1562,https://stockanalysis.com/analysts/Pete-Stavropoulos/,16 Jul 2026
Russell Gunther,1564,https://stockanalysis.com/analysts/Russell-Gunther/,27 Jul 2026
Carter Gould,1566,https://stockanalysis.com/analysts/Carter-Gould/,06 Jul 2026
Adam Jonas,1567,https://stockanalysis.com/analysts/Adam-Jonas/,28 Jul 2026
Jed Kelly,1568,https://stockanalysis.com/analysts/Jed-Kelly/,28 Jul 2026
Richa Harnain,1569,https://stockanalysis.com/analysts/Richa-Harnain/,24 Jul 2026
Kristen Owen,1576,https://stockanalysis.com/analysts/Kristen-Owen/,23 Jul 2026
Thomas Champion,1577,https://stockanalysis.com/analysts/Thomas-Champion/,23 Jul 2026
Robert Wasserman,1578,https://stockanalysis.com/analysts/Robert-Wasserman/,20 Jul 2026
Luke Horton,1587,https://stockanalysis.com/analysts/Luke-Horton/,27 Jul 2026
Merrill Ross,1588,https://stockanalysis.com/analysts/Merrill-Ross/,13 May 2026
David Palmer,1589,https://stockanalysis.com/analysts/David-Palmer/,23 Jul 2026
Jasper Hellweg,1590,https://stockanalysis.com/analysts/Jasper-Hellweg/,24 Jul 2026
Shlomo Rosenbaum,1591,https://stockanalysis.com/analysts/Shlomo-Rosenbaum/,29 Jul 2026
Fahad Tariq,1592,https://stockanalysis.com/analysts/Fahad-Tariq/,13 Jul 2026
John Baumgartner,1593,https://stockanalysis.com/analysts/John-Baumgartner/,20 May 2026
Keith Bachman,1595,https://stockanalysis.com/analysts/Keith-Bachman/,24 Jul 2026
Leland Gershell,1596,https://stockanalysis.com/analysts/Leland-Gershell/,27 Jul 2026
James Yaro,1600,https://stockanalysis.com/analysts/James-Yaro/,29 Jul 2026
John Colantuoni,1601,https://stockanalysis.com/analysts/John-Colantuoni/,27 Jul 2026
Mark Schappel,1603,https://stockanalysis.com/analysts/Mark-Schappel/,29 Jul 2026
Michael Bellisario,1604,https://stockanalysis.com/analysts/Michael-Bellisario/,29 Jul 2026
Brian Peterson,1605,https://stockanalysis.com/analysts/Brian-Peterson/,29 Jul 2026
Jon Hickman,1607,https://stockanalysis.com/analysts/Jon-Hickman/,08 Jul 2026
Rustam Kanga,1612,https://stockanalysis.com/analysts/Rustam-Kanga/,23 Jul 2026
Lauren Lieberman,1613,https://stockanalysis.com/analysts/Lauren-Lieberman/,29 Jul 2026
Michael Gorman,1621,https://stockanalysis.com/analysts/Michael-Gorman/,22 Jul 2026
Michael Lavery,1623,https://stockanalysis.com/analysts/Michael-Lavery/,29 Jul 2026
Bill Peterson,1625,https://stockanalysis.com/analysts/Bill-Peterson/,29 Jul 2026
Marc Bianchi,1626,https://stockanalysis.com/analysts/Marc-Bianchi/,29 Jul 2026
Geulah Livshits,1627,https://stockanalysis.com/analysts/Geulah-Livshits/,07 Jul 2026
Sergey Glinyanov,1631,https://stockanalysis.com/analysts/Sergey-Glinyanov/,21 Jul 2026
Simeon Gutman,1634,https://stockanalysis.com/analysts/Simeon-Gutman/,28 Jul 2026
Marie Ferguson,1642,https://stockanalysis.com/analysts/Marie-Ferguson/,27 Jul 2026
Austin Wurschmidt,1645,https://stockanalysis.com/analysts/Austin-Wurschmidt/,11 Jun 2026
Tommy Moll,1647,https://stockanalysis.com/analysts/Tommy-Moll/,16 Jul 2026
Nicholas Yulico,1648,https://stockanalysis.com/analysts/Nicholas-Yulico/,29 Jul 2026
Sam Darkatsh,1650,https://stockanalysis.com/analysts/Sam-Darkatsh/,22 Jul 2026
Josh Baer,1651,https://stockanalysis.com/analysts/Josh-Baer/,28 Jul 2026
Scott Davis,1656,https://stockanalysis.com/analysts/Scott-Davis/,27 Jan 2026
Polo Tang,1657,https://stockanalysis.com/analysts/Polo-Tang/,23 Jul 2026
Sebastiano Petti,1658,https://stockanalysis.com/analysts/Sebastiano-Petti/,29 Jul 2026
Matt Olney,1659,https://stockanalysis.com/analysts/Matt-Olney/,29 Jul 2026
Caitlin Cronin,1660,https://stockanalysis.com/analysts/Caitlin-Cronin/,17 Dec 2025
Luke Sergott,1662,https://stockanalysis.com/analysts/Luke-Sergott/,28 Jul 2026
Thomas Shrader,1665,https://stockanalysis.com/analysts/Thomas-Shrader/,21 Jul 2026
Michael Morton,1667,https://stockanalysis.com/analysts/Michael-Morton/,10 Jun 2026
Jeff Schmitt,1670,https://stockanalysis.com/analysts/Jeff-Schmitt/,24 Jul 2026
Tom Narayan,1676,https://stockanalysis.com/analysts/Tom-Narayan/,28 Jul 2026
Robert Stevenson,1677,https://stockanalysis.com/analysts/Robert-Stevenson/,13 Jan 2026
Kerry Holford,1679,https://stockanalysis.com/analysts/Kerry-Holford/,27 Jul 2026
Jack Slevin,1682,https://stockanalysis.com/analysts/Jack-Slevin/,21 Jul 2026
Alexei Gogolev,1683,https://stockanalysis.com/analysts/Alexei-Gogolev/,29 Jul 2026
Chris Woronka,1685,https://stockanalysis.com/analysts/Chris-Woronka/,24 Jul 2026
Steven Etoch,1687,https://stockanalysis.com/analysts/Steven-Etoch/,27 Jul 2026
Jason Bandel,1691,https://stockanalysis.com/analysts/Jason-Bandel/,08 May 2026
Howard Ma,1692,https://stockanalysis.com/analysts/Howard-Ma/,21 Jul 2026
Jake Fuller,1693,https://stockanalysis.com/analysts/Jake-Fuller/,29 Jul 2026
Mathew Blackman,1695,https://stockanalysis.com/analysts/Mathew-Blackman/,17 Jul 2026
Andrea Alfonso,1697,https://stockanalysis.com/analysts/Andrea-Alfonso/,27 Jul 2026
Matthew DeYoe,1699,https://stockanalysis.com/analysts/Matthew-DeYoe/,29 Jul 2026
Thomas Gallagher,1701,https://stockanalysis.com/analysts/Thomas-Gallagher/,13 Jul 2026
Tim Mulrooney,1702,https://stockanalysis.com/analysts/Tim-Mulrooney/,28 Jul 2026
Sophie Karp,1705,https://stockanalysis.com/analysts/Sophie-Karp/,29 Jul 2026
Kash Rangan,1707,https://stockanalysis.com/analysts/Kash-Rangan/,02 Feb 2026
Simon Coles,1715,https://stockanalysis.com/analysts/Simon-Coles/,27 Jul 2026
Jonathan Block,1716,https://stockanalysis.com/analysts/Jonathan-Block/,15 Jul 2026
Stephen Powers,1721,https://stockanalysis.com/analysts/Stephen-Powers/,27 Jul 2026
David Dai,1723,https://stockanalysis.com/analysts/David-Dai/,22 Jul 2026
Biraj Borkhataria,1724,https://stockanalysis.com/analysts/Biraj-Borkhataria/,29 Jul 2026
James Rollyson,1726,https://stockanalysis.com/analysts/James-Rollyson/,10 Jul 2026
Alex Terentiew,1728,https://stockanalysis.com/analysts/Alex-Terentiew/,08 Jun 2026
Stephen Baxter,1729,https://stockanalysis.com/analysts/Stephen-Baxter/,28 Jul 2026
Jonathan Chang,1730,https://stockanalysis.com/analysts/Jonathan-Chang/,13 Jul 2026
Venugopal Garre,1738,https://stockanalysis.com/analysts/Venugopal-Garre/,20 Jul 2026
Scott Stember,1739,https://stockanalysis.com/analysts/Scott-Stember/,29 Jul 2026
Vincent Caintic,1741,https://stockanalysis.com/analysts/Vincent-Caintic/,27 Jul 2026
Stacy Ku,1742,https://stockanalysis.com/analysts/Stacy-Ku/,27 Jul 2026
Thiago Batista,1746,https://stockanalysis.com/analysts/Thiago-Batista/,03 Jun 2026
Mark Weintraub,1749,https://stockanalysis.com/analysts/Mark-Weintraub/,03 May 2026
Piyush Choudhary,1752,https://stockanalysis.com/analysts/Piyush-Choudhary/,16 Jan 2026
Kate McShane,1753,https://stockanalysis.com/analysts/Kate-McShane/,27 Jul 2026
Steve Hansen,1755,https://stockanalysis.com/analysts/Steve-Hansen/,30 Jun 2026
Patrick Colville,1756,https://stockanalysis.com/analysts/Patrick-Colville/,28 Jul 2026
John Dunn,1762,https://stockanalysis.com/analysts/John-Dunn/,10 Jul 2026
Phillip Blee,1763,https://stockanalysis.com/analysts/Phillip-Blee/,29 Jul 2026
Adam Tindle,1765,https://stockanalysis.com/analysts/Adam-Tindle/,15 Jul 2026
Allen Gong,1768,https://stockanalysis.com/analysts/Allen-Gong/,05 Jun 2026
Jeff Grampp,1770,https://stockanalysis.com/analysts/Jeff-Grampp/,28 Jul 2026
Gregory Francfort,1773,https://stockanalysis.com/analysts/Gregory-Francfort/,14 Jul 2026
James Feldman,1774,https://stockanalysis.com/analysts/James-Feldman/,28 Jul 2026
Saree Boroditsky,1776,https://stockanalysis.com/analysts/Saree-Boroditsky/,09 Feb 2026
George Tong,1778,https://stockanalysis.com/analysts/George-Tong/,28 Jul 2026
Jeffrey Zekauskas,1779,https://stockanalysis.com/analysts/Jeffrey-Zekauskas/,29 Jul 2026
Robert Ottenstein,1780,https://stockanalysis.com/analysts/Robert-Ottenstein/,28 Jul 2026
Dennis Ding,1781,https://stockanalysis.com/analysts/Dennis-Ding/,13 Jul 2026
Douglas Miehm,1782,https://stockanalysis.com/analysts/Douglas-Miehm/,26 Jul 2026
Joshua Reilly,1784,https://stockanalysis.com/analysts/Joshua-Reilly/,29 Jul 2026
Mickey Schleien,1787,https://stockanalysis.com/analysts/Mickey-Schleien/,03 Mar 2026
Kevin Kopelman,1788,https://stockanalysis.com/analysts/Kevin-Kopelman/,21 Jul 2026
Emmanuel Papadakis,1789,https://stockanalysis.com/analysts/Emmanuel-Papadakis/,28 Jul 2026
Drew McReynolds,1790,https://stockanalysis.com/analysts/Drew-McReynolds/,28 Jul 2026
Patrick Walravens,1793,https://stockanalysis.com/analysts/Patrick-Walravens/,22 Jul 2026
Michael Latimore,1794,https://stockanalysis.com/analysts/Michael-Latimore/,28 Jul 2026
Joe Dickstein,1795,https://stockanalysis.com/analysts/Joe-Dickstein/,01 Jun 2026
Edlain Rodriguez,1798,https://stockanalysis.com/analysts/Edlain-Rodriguez/,21 Jul 2026
Brad Erickson,1801,https://stockanalysis.com/analysts/Brad-Erickson/,23 Jul 2026
Chad Beynon,1802,https://stockanalysis.com/analysts/Chad-Beynon/,01 Jun 2026
Janine Stichter,1804,https://stockanalysis.com/analysts/Janine-Stichter/,27 Jul 2026
Nicholas Holowko,1806,https://stockanalysis.com/analysts/Nicholas-Holowko/,07 Jul 2026
Kevin Garrigan,1814,https://stockanalysis.com/analysts/Kevin-Garrigan/,28 Jul 2026
Christine Dooley,1818,https://stockanalysis.com/analysts/Christine-Dooley/,27 Jul 2026
Vijit Jain,1822,https://stockanalysis.com/analysts/Vijit-Jain/,19 May 2026
George Kelly,1825,https://stockanalysis.com/analysts/George-Kelly/,15 Jul 2026
Axel Herlinghaus,1830,https://stockanalysis.com/analysts/Axel-Herlinghaus/,29 Jul 2026
Zachary Fadem,1831,https://stockanalysis.com/analysts/Zachary-Fadem/,29 Jul 2026
Eric Gonzalez,1832,https://stockanalysis.com/analysts/Eric-Gonzalez/,20 Apr 2026
Ben Kallo,1834,https://stockanalysis.com/analysts/Ben-Kallo/,29 Jul 2026
James Kammert,1836,https://stockanalysis.com/analysts/James-Kammert/,23 Jul 2026
Joe Laetsch,1839,https://stockanalysis.com/analysts/Joe-Laetsch/,27 Jul 2026
John Kilichowski,1841,https://stockanalysis.com/analysts/John-Kilichowski/,28 Jul 2026
Charles Meade,1843,https://stockanalysis.com/analysts/Charles-Meade/,20 May 2026
Brian Schwartz,1844,https://stockanalysis.com/analysts/Brian-Schwartz/,28 Jul 2026
Simon Toyne,1846,https://stockanalysis.com/analysts/Simon-Toyne/,31 Mar 2026
Mitchel Penn,1848,https://stockanalysis.com/analysts/Mitchel-Penn/,23 Jul 2026
Daniel Magder,1849,https://stockanalysis.com/analysts/Daniel-Magder/,16 Jul 2026
Brendan Nosal,1850,https://stockanalysis.com/analysts/Brendan-Nosal/,22 Jul 2026
Roger Boyd,1851,https://stockanalysis.com/analysts/Roger-Boyd/,29 Jul 2026
Kevin Fisk,1852,https://stockanalysis.com/analysts/Kevin-Fisk/,24 Jul 2026
Leah Jordan,1854,https://stockanalysis.com/analysts/Leah-Jordan/,28 Jul 2026
Louie DiPalma,1858,https://stockanalysis.com/analysts/Louie-DiPalma/,29 Jul 2026
Daniel Arias,1861,https://stockanalysis.com/analysts/Daniel-Arias/,29 Jul 2026
Bruno Montanari,1864,https://stockanalysis.com/analysts/Bruno-Montanari/,16 Jul 2026
Omar Mejias,1876,https://stockanalysis.com/analysts/Omar-Mejias/,24 Jul 2026
Michael Ryskin,1878,https://stockanalysis.com/analysts/Michael-Ryskin/,28 Jul 2026
Glen Santangelo,1880,https://stockanalysis.com/analysts/Glen-Santangelo/,24 Jul 2026
Daniil Gataulin,1884,https://stockanalysis.com/analysts/Daniil-Gataulin/,25 Jun 2026
Taylor Conrad,1889,https://stockanalysis.com/analysts/Taylor-Conrad/,17 Jun 2026
Matthew Harrigan,1891,https://stockanalysis.com/analysts/Matthew-Harrigan/,24 Jul 2026
Robert Stein,1892,https://stockanalysis.com/analysts/Robert-Stein/,16 Jul 2026
Cristina Fernandez,1893,https://stockanalysis.com/analysts/Cristina-Fernandez/,15 Jul 2026
Mayank Mamtani,1904,https://stockanalysis.com/analysts/Mayank-Mamtani/,27 Jul 2026
Pooran Sharma,1906,https://stockanalysis.com/analysts/Pooran-Sharma/,28 Jul 2026
Richard Safran,1909,https://stockanalysis.com/analysts/Richard-Safran/,26 May 2026
Andrew Strelzik,1913,https://stockanalysis.com/analysts/Andrew-Strelzik/,21 Jul 2026
Whit Mayo,1914,https://stockanalysis.com/analysts/Whit-Mayo/,17 Jul 2026
Jeffrey Kiang,1917,https://stockanalysis.com/analysts/Jeffrey-Kiang/,23 Jul 2026
James Faucette,1918,https://stockanalysis.com/analysts/James-Faucette/,29 Jul 2026
Bhavesh Lodaya,1919,https://stockanalysis.com/analysts/Bhavesh-Lodaya/,28 Jul 2026
Simon Hales,1920,https://stockanalysis.com/analysts/Simon-Hales/,29 Jul 2026
Maher Yaghi,1921,https://stockanalysis.com/analysts/Maher-Yaghi/,29 Jul 2026
Richard Garchitorena,1922,https://stockanalysis.com/analysts/Richard-Garchitorena/,29 Jul 2026
Wilma Burdis,1927,https://stockanalysis.com/analysts/Wilma-Burdis/,02 Jul 2026
William Appicelli,1929,https://stockanalysis.com/analysts/William-Appicelli/,28 Jul 2026
Guy Hardwick,1932,https://stockanalysis.com/analysts/Guy-Hardwick/,29 Jul 2026
Timna Tanners,1934,https://stockanalysis.com/analysts/Timna-Tanners/,28 Jul 2026
Aaron Hecht,1935,https://stockanalysis.com/analysts/Aaron-Hecht/,27 Jul 2026
Uy Ear,1937,https://stockanalysis.com/analysts/Uy-Ear/,29 Jul 2026
Conor Cunningham,1940,https://stockanalysis.com/analysts/Conor-Cunningham/,07 Jul 2026
Ric Prentiss,1941,https://stockanalysis.com/analysts/Ric-Prentiss/,17 Jul 2026
George Staphos,1943,https://stockanalysis.com/analysts/George-Staphos/,29 Jul 2026
Ben Isaacson,1945,https://stockanalysis.com/analysts/Ben-Isaacson/,29 Jul 2026
John Newman,1947,https://stockanalysis.com/analysts/John-Newman/,27 Jul 2026
Saul Martinez,1952,https://stockanalysis.com/analysts/Saul-Martinez/,20 Jul 2026
Kalei Akamine,1955,https://stockanalysis.com/analysts/Kalei-Akamine/,27 Apr 2026
Vijay Kumar,1956,https://stockanalysis.com/analysts/Vijay-Kumar/,06 Jul 2026
Ygal Arounian,1957,https://stockanalysis.com/analysts/Ygal-Arounian/,29 Jul 2026
Matt Phipps,1958,https://stockanalysis.com/analysts/Matt-Phipps/,28 Jul 2026
Namita Samtani,1965,https://stockanalysis.com/analysts/Namita-Samtani/,24 Jul 2026
Aneesha Sherman,1967,https://stockanalysis.com/analysts/Aneesha-Sherman/,29 Jul 2026
Hanwen Chang,1968,https://stockanalysis.com/analysts/Hanwen-Chang/,24 Jul 2026
Adam Bubes,1972,https://stockanalysis.com/analysts/Adam-Bubes/,29 Jul 2026
Ryan Levine,1974,https://stockanalysis.com/analysts/Ryan-Levine/,28 Jul 2026
Emily Bodnar,1982,https://stockanalysis.com/analysts/Emily-Bodnar/,27 Jul 2026
Andres Cardona,1984,https://stockanalysis.com/analysts/Andres-Cardona/,02 Jul 2026
James Condulis,1986,https://stockanalysis.com/analysts/James-Condulis/,14 Jul 2026
Judah Frommer,1988,https://stockanalysis.com/analysts/Judah-Frommer/,29 Jul 2026
Brandon Nispel,1989,https://stockanalysis.com/analysts/Brandon-Nispel/,29 Jul 2026
Christopher Liu,1991,https://stockanalysis.com/analysts/Christopher-Liu/,22 Jun 2026
Adam Baumgarten,1996,https://stockanalysis.com/analysts/Adam-Baumgarten/,27 Feb 2026
Max Rakhlenko,1998,https://stockanalysis.com/analysts/Max-Rakhlenko/,29 Jul 2026
Adam Klauber,2000,https://stockanalysis.com/analysts/Adam-Klauber/,29 Jul 2026
Jonathan Yong,2007,https://stockanalysis.com/analysts/Jonathan-Yong/,08 Jul 2026
Steve Frankel,2010,https://stockanalysis.com/analysts/Steve-Frankel/,29 Jul 2026
Paul Gong,2011,https://stockanalysis.com/analysts/Paul-Gong/,17 Jun 2026
Jiong Shao,2012,https://stockanalysis.com/analysts/Jiong-Shao/,16 Jul 2026
Robert Mollins,2014,https://stockanalysis.com/analysts/Robert-Mollins/,10 Jun 2026
Matthew Erdner,2015,https://stockanalysis.com/analysts/Matthew-Erdner/,29 Jul 2026
Jairam Nathan,2016,https://stockanalysis.com/analysts/Jairam-Nathan/,29 Jun 2026
Owen Rickert,2017,https://stockanalysis.com/analysts/Owen-Rickert/,29 Jul 2026
Luisa Hector,2018,https://stockanalysis.com/analysts/Luisa-Hector/,27 Jul 2026
Alexander Goldfarb,2031,https://stockanalysis.com/analysts/Alexander-Goldfarb/,29 Jul 2026
Olivia Tong,2033,https://stockanalysis.com/analysts/Olivia-Tong/,14 Jul 2026
Oliver Chen,2044,https://stockanalysis.com/analysts/Oliver-Chen/,23 Jul 2026
Cooper Clark,2045,https://stockanalysis.com/analysts/Cooper-Clark/,24 Jun 2026
Faiza Alwy,2049,https://stockanalysis.com/analysts/Faiza-Alwy/,24 Jul 2026
Jenny Ping,2050,https://stockanalysis.com/analysts/Jenny-Ping/,24 Jul 2026
Ryan Merkel,2051,https://stockanalysis.com/analysts/Ryan-Merkel/,29 Jul 2026
Andrea Newkirk,2052,https://stockanalysis.com/analysts/Andrea-Newkirk/,11 Feb 2026
Sachin Salgaonkar,2053,https://stockanalysis.com/analysts/Sachin-Salgaonkar/,28 Jul 2026
Hassan Ahmed,2054,https://stockanalysis.com/analysts/Hassan-Ahmed/,29 Jul 2026
Chris McNally,2058,https://stockanalysis.com/analysts/Chris-McNally/,27 Jul 2026
Puneet Souda,2061,https://stockanalysis.com/analysts/Puneet-Souda/,17 Jul 2026
Kyle Boucher,2063,https://stockanalysis.com/analysts/Kyle-Boucher/,30 Jun 2026
Lee Simpson,2065,https://stockanalysis.com/analysts/Lee-Simpson/,29 Jul 2026
Ken Hoexter,2067,https://stockanalysis.com/analysts/Ken-Hoexter/,29 Jul 2026
Anja Soderstrom,2072,https://stockanalysis.com/analysts/Anja-Soderstrom/,05 May 2026
Derek Hewett,2075,https://stockanalysis.com/analysts/Derek-Hewett/,29 Jul 2026
Peter Steyn,2076,https://stockanalysis.com/analysts/Peter-Steyn/,20 May 2026
Jonna Kim,2080,https://stockanalysis.com/analysts/Jonna-Kim/,22 Jul 2026
Joyce Ju,2081,https://stockanalysis.com/analysts/Joyce-Ju/,27 Jul 2026
George Choi,2083,https://stockanalysis.com/analysts/George-Choi/,10 Jul 2026
Matthew Smith,2084,https://stockanalysis.com/analysts/Matthew-Smith/,13 May 2026
Tom Forte,2085,https://stockanalysis.com/analysts/Tom-Forte/,24 Jul 2026
Jason Cassorla,2088,https://stockanalysis.com/analysts/Jason-Cassorla/,28 Jul 2026
Melissa Wedel,2089,https://stockanalysis.com/analysts/Melissa-Wedel/,24 Jul 2026
Steven Pizzella,2093,https://stockanalysis.com/analysts/Steven-Pizzella/,23 Jul 2026
Adrienne Yih,2095,https://stockanalysis.com/analysts/Adrienne-Yih/,24 Jul 2026
Michael Nathanson,2099,https://stockanalysis.com/analysts/Michael-Nathanson/,29 Jul 2026
Jamie Baker,2103,https://stockanalysis.com/analysts/Jamie-Baker/,28 Jul 2026
Rodolfo Angele,2104,https://stockanalysis.com/analysts/Rodolfo-Angele/,29 Jul 2026
Joseph Yanchunis,2113,https://stockanalysis.com/analysts/Joseph-Yanchunis/,22 Jul 2026
Raimo Lenschow,2118,https://stockanalysis.com/analysts/Raimo-Lenschow/,27 Jul 2026
John Pancari,2124,https://stockanalysis.com/analysts/John-Pancari/,27 Jul 2026
Benjamin Rossi,2127,https://stockanalysis.com/analysts/Benjamin-Rossi/,22 Jun 2026
Patrick Creuset,2130,https://stockanalysis.com/analysts/Patrick-Creuset/,28 Jul 2026
Anthony Paolone,2131,https://stockanalysis.com/analysts/Anthony-Paolone/,28 Jul 2026
Pradeep Ramani,2137,https://stockanalysis.com/analysts/Pradeep-Ramani/,02 Feb 2026
Justin Kleber,2143,https://stockanalysis.com/analysts/Justin-Kleber/,01 May 2026
Jeff Lick,2144,https://stockanalysis.com/analysts/Jeff-Lick/,21 Jul 2026
Thomas Stephan,2145,https://stockanalysis.com/analysts/Thomas-Stephan/,28 Jul 2026
Ernesto Gabilondo,2154,https://stockanalysis.com/analysts/Ernesto-Gabilondo/,27 Jul 2026
Yuri Fernandes,2155,https://stockanalysis.com/analysts/Yuri-Fernandes/,07 Jul 2026
Nicholas Thillman,2160,https://stockanalysis.com/analysts/Nicholas-Thillman/,29 Jul 2026
Peter McGoldrick,2161,https://stockanalysis.com/analysts/Peter-McGoldrick/,29 Jul 2026
Arthur Truslove,2163,https://stockanalysis.com/analysts/Arthur-Truslove/,27 Jul 2026
Ellie Jiang,2167,https://stockanalysis.com/analysts/Ellie-Jiang/,25 Jun 2026
Nicholas Joseph,2169,https://stockanalysis.com/analysts/Nicholas-Joseph/,29 Jul 2026
Jim Sanderson,2172,https://stockanalysis.com/analysts/Jim-Sanderson/,15 Jun 2026
Sam Reid,2174,https://stockanalysis.com/analysts/Sam-Reid/,28 Jul 2026
Brian McNamara,2175,https://stockanalysis.com/analysts/Brian-McNamara/,27 Jul 2026
Simeon Siegel,2178,https://stockanalysis.com/analysts/Simeon-Siegel/,30 Jun 2026
Barry Jonas,2187,https://stockanalysis.com/analysts/Barry-Jonas/,29 Jul 2026
Bill Sutherland,2188,https://stockanalysis.com/analysts/Bill-Sutherland/,15 Jul 2026
Jordan Lyonnais,2189,https://stockanalysis.com/analysts/Jordan-Lyonnais/,07 May 2026
Dae Lee,2190,https://stockanalysis.com/analysts/Dae-Lee/,08 May 2026
Steve Sakwa,2196,https://stockanalysis.com/analysts/Steve-Sakwa/,27 Jul 2026
Timothy Chiodo,2198,https://stockanalysis.com/analysts/Timothy-Chiodo/,29 Jul 2026
Caleb Stein,2200,https://stockanalysis.com/analysts/Caleb-Stein/,12 May 2026
Tyler DiMatteo,2202,https://stockanalysis.com/analysts/Tyler-DiMatteo/,29 Jul 2026
Wesley Brooks,2205,https://stockanalysis.com/analysts/Wesley-Brooks/,07 May 2026
Ty Collin,2212,https://stockanalysis.com/analysts/Ty-Collin/,27 Jul 2026
Samir Khanal,2215,https://stockanalysis.com/analysts/Samir-Khanal/,30 Jun 2026
Thibault Boutherin,2216,https://stockanalysis.com/analysts/Thibault-Boutherin/,25 Jun 2026
Richard Sunderland,2218,https://stockanalysis.com/analysts/Richard-Sunderland/,29 Jul 2026
Peter Galbo,2222,https://stockanalysis.com/analysts/Peter-Galbo/,29 Jul 2026
Sameer Joshi,2224,https://stockanalysis.com/analysts/Sameer-Joshi/,24 Jul 2026
Matthew Heimermann,2227,https://stockanalysis.com/analysts/Matthew-Heimermann/,28 Jul 2026
Sharon Zackfia,2230,https://stockanalysis.com/analysts/Sharon-Zackfia/,29 Jul 2026
Hector Maya,2231,https://stockanalysis.com/analysts/Hector-Maya/,09 Jul 2026
Blaine Heck,2234,https://stockanalysis.com/analysts/Blaine-Heck/,21 Jul 2026
Thomas Blakey,2237,https://stockanalysis.com/analysts/Thomas-Blakey/,23 Jul 2026
David Rescott,2238,https://stockanalysis.com/analysts/David-Rescott/,17 Jul 2026
Nat Schindler,2239,https://stockanalysis.com/analysts/Nat-Schindler/,29 Jul 2026
Shaun Kelley,2248,https://stockanalysis.com/analysts/Shaun-Kelley/,29 Jul 2026
Nikhil Devnani,2249,https://stockanalysis.com/analysts/Nikhil-Devnani/,14 May 2026
Upal Rana,2250,https://stockanalysis.com/analysts/Upal-Rana/,09 Jul 2026
Daniel Clark,2254,https://stockanalysis.com/analysts/Daniel-Clark/,24 Feb 2026
Craig Mailman,2255,https://stockanalysis.com/analysts/Craig-Mailman/,11 Jun 2026
Dominick Gabriele,2259,https://stockanalysis.com/analysts/Dominick-Gabriele/,15 Jul 2026
Andres Sheppard,2260,https://stockanalysis.com/analysts/Andres-Sheppard/,28 Jul 2026
Kim Fustier,2262,https://stockanalysis.com/analysts/Kim-Fustier/,18 May 2026
Detlef Winckelmann,2264,https://stockanalysis.com/analysts/Detlef-Winckelmann/,28 Jul 2026
Matthew Condon,2265,https://stockanalysis.com/analysts/Matthew-Condon/,22 Jul 2026
Alejandro Demichelis,2267,https://stockanalysis.com/analysts/Alejandro-Demichelis/,18 Jun 2026
Danielle Antalffy,2268,https://stockanalysis.com/analysts/Danielle-Antalffy/,28 Jul 2026
Edison Yu,2269,https://stockanalysis.com/analysts/Edison-Yu/,27 Jul 2026
Priya Sachdeva,2270,https://stockanalysis.com/analysts/Priya-Sachdeva/,28 Jul 2026
Greg McGinniss,2273,https://stockanalysis.com/analysts/Greg-McGinniss/,29 Jul 2026
Stephen Glagola,2274,https://stockanalysis.com/analysts/Stephen-Glagola/,28 Jul 2026
Ronald Josey,2276,https://stockanalysis.com/analysts/Ronald-Josey/,22 Jul 2026
Joseph Cardoso,2281,https://stockanalysis.com/analysts/Joseph-Cardoso/,29 Jul 2026
Vincent Andrews,2284,https://stockanalysis.com/analysts/Vincent-Andrews/,29 Jul 2026
David Lantz,2286,https://stockanalysis.com/analysts/David-Lantz/,21 Jul 2026
Wyatt Swanson,2288,https://stockanalysis.com/analysts/Wyatt-Swanson/,29 Jul 2026
Casey Woodring,2294,https://stockanalysis.com/analysts/Casey-Woodring/,29 Jul 2026
Andrew Didora,2295,https://stockanalysis.com/analysts/Andrew-Didora/,29 Jul 2026
Linda Huang,2299,https://stockanalysis.com/analysts/Linda-Huang/,01 Apr 2026
Andrew DeGasperi,2306,https://stockanalysis.com/analysts/Andrew-DeGasperi/,13 Jul 2026
Samantha Semenkow,2308,https://stockanalysis.com/analysts/Samantha-Semenkow/,24 Jul 2026
Bryan Burgmeier,2310,https://stockanalysis.com/analysts/Bryan-Burgmeier/,10 Jul 2026
Joshua Tilton,2312,https://stockanalysis.com/analysts/Joshua-Tilton/,09 Jun 2026
Lorraine Hutchinson,2313,https://stockanalysis.com/analysts/Lorraine-Hutchinson/,29 Jul 2026
Brett Rabatin,2314,https://stockanalysis.com/analysts/Brett-Rabatin/,24 Jul 2026
Jason Weaver,2320,https://stockanalysis.com/analysts/Jason-Weaver/,21 Jul 2026
Kevin McVeigh,2321,https://stockanalysis.com/analysts/Kevin-McVeigh/,24 Jul 2026
Kevin Mcveigh,2321,https://stockanalysis.com/analysts/Kevin-Mcveigh/,24 Jul 2026
Joshua Spector,2322,https://stockanalysis.com/analysts/Joshua-Spector/,29 Jul 2026
Pablo Singzon,2329,https://stockanalysis.com/analysts/Pablo-Singzon/,28 Jul 2026
Eliana Merle,2332,https://stockanalysis.com/analysts/Eliana-Merle/,28 Jul 2026
Tate Sullivan,2333,https://stockanalysis.com/analysts/Tate-Sullivan/,27 Jul 2026
Omar Sheikh,2337,https://stockanalysis.com/analysts/Omar-Sheikh/,10 Mar 2026
Manav Patnaik,2339,https://stockanalysis.com/analysts/Manav-Patnaik/,29 Jul 2026
Matthew Biegler,2344,https://stockanalysis.com/analysts/Matthew-Biegler/,15 Jun 2026
Keay Nakae,2345,https://stockanalysis.com/analysts/Keay-Nakae/,26 Jul 2026
Austin Moeller,2353,https://stockanalysis.com/analysts/Austin-Moeller/,28 Jul 2026
Robert Fishman,2355,https://stockanalysis.com/analysts/Robert-Fishman/,24 Apr 2026
Mike Hickey,2356,https://stockanalysis.com/analysts/Mike-Hickey/,27 Jul 2026
Will Kirkness,2359,https://stockanalysis.com/analysts/Will-Kirkness/,29 Jun 2026
Brian Wilczynski,2361,https://stockanalysis.com/analysts/Brian-Wilczynski/,21 Jul 2026
Guilherme Mendes,2363,https://stockanalysis.com/analysts/Guilherme-Mendes/,15 Jun 2026
Rayna Kumar,2366,https://stockanalysis.com/analysts/Rayna-Kumar/,29 Jul 2026
Jeffrey Stevenson,2367,https://stockanalysis.com/analysts/Jeffrey-Stevenson/,28 Apr 2026
Amit Dayal,2369,https://stockanalysis.com/analysts/Amit-Dayal/,28 Jul 2026
Benjamin Soff,2374,https://stockanalysis.com/analysts/Benjamin-Soff/,27 Jul 2026
Ike Boruchow,2375,https://stockanalysis.com/analysts/Ike-Boruchow/,28 Jul 2026
Ken Gawrelski,2376,https://stockanalysis.com/analysts/Ken-Gawrelski/,23 Jul 2026
Vikram Malhotra,2381,https://stockanalysis.com/analysts/Vikram-Malhotra/,28 Jul 2026
Mark Palmer,2383,https://stockanalysis.com/analysts/Mark-Palmer/,22 Jul 2026
Edward Tenthoff,2401,https://stockanalysis.com/analysts/Edward-Tenthoff/,28 Jul 2026
Laurent Vasilescu,2405,https://stockanalysis.com/analysts/Laurent-Vasilescu/,22 Jul 2026
Larry Biegelsen,2408,https://stockanalysis.com/analysts/Larry-Biegelsen/,23 Jul 2026
Dan Levy,2409,https://stockanalysis.com/analysts/Dan-Levy/,28 Jul 2026
Christopher Raymond,2417,https://stockanalysis.com/analysts/Christopher-Raymond/,17 Jul 2026
Francois Brisebois,2418,https://stockanalysis.com/analysts/Francois-Brisebois/,29 Jul 2026
Vitaly Umansky,2425,https://stockanalysis.com/analysts/Vitaly-Umansky/,07 Jun 2026
Gena Wang,2429,https://stockanalysis.com/analysts/Gena-Wang/,28 May 2026
Rodrigo Alcantara,2430,https://stockanalysis.com/analysts/Rodrigo-Alcantara/,14 Jul 2026
Jakob Bluestone,2433,https://stockanalysis.com/analysts/Jakob-Bluestone/,02 Feb 2026
Ryan Zimmerman,2438,https://stockanalysis.com/analysts/Ryan-Zimmerman/,29 Jul 2026
Matthew Martino,2439,https://stockanalysis.com/analysts/Matthew-Martino/,29 Jun 2026
Betty Jiang,2442,https://stockanalysis.com/analysts/Betty-Jiang/,28 Jul 2026
Andrew Lazar,2445,https://stockanalysis.com/analysts/Andrew-Lazar/,28 Jul 2026
Keith Stanley,2453,https://stockanalysis.com/analysts/Keith-Stanley/,28 Jul 2026
Glenn Chin,2454,https://stockanalysis.com/analysts/Glenn-Chin/,16 Jul 2026
Richard Vosser,2457,https://stockanalysis.com/analysts/Richard-Vosser/,27 Jul 2026
Chris Muller,2461,https://stockanalysis.com/analysts/Chris-Muller/,14 May 2026
Joanna Gajuk,2470,https://stockanalysis.com/analysts/Joanna-Gajuk/,29 Jul 2026
George Gianarikas,2473,https://stockanalysis.com/analysts/George-Gianarikas/,24 Jul 2026
David Grossman,2481,https://stockanalysis.com/analysts/David-Grossman/,29 Jul 2026
Alex Kania,2484,https://stockanalysis.com/analysts/Alex-Kania/,29 Jul 2026
Michael Cyprys,2493,https://stockanalysis.com/analysts/Michael-Cyprys/,29 Jul 2026
Tyler Radke,2495,https://stockanalysis.com/analysts/Tyler-Radke/,29 Jul 2026
Nicholas Lorusso,2498,https://stockanalysis.com/analysts/Nicholas-Lorusso/,28 Jul 2026
Matthew Hershenhorn,2500,https://stockanalysis.com/analysts/Matthew-Hershenhorn/,22 May 2026
Daniel Mckenzie,2505,https://stockanalysis.com/analysts/Daniel-Mckenzie/,21 Jun 2026
Ashish Sabadra,2513,https://stockanalysis.com/analysts/Ashish-Sabadra/,28 Jul 2026
Sam Eiber,2516,https://stockanalysis.com/analysts/Sam-Eiber/,20 Jul 2026
Luke Junk,2517,https://stockanalysis.com/analysts/Luke-Junk/,24 Jul 2026
James Shin,2521,https://stockanalysis.com/analysts/James-Shin/,07 May 2026
Daniel Grosslight,2525,https://stockanalysis.com/analysts/Daniel-Grosslight/,24 Jul 2026
Justin Zelin,2527,https://stockanalysis.com/analysts/Justin-Zelin/,02 Feb 2026
Sebastian Sandler,2528,https://stockanalysis.com/analysts/Sebastian-Sandler/,06 May 2026
Ranjan Sharma,2533,https://stockanalysis.com/analysts/Ranjan-Sharma/,02 Jul 2026
Matt Miksic,2534,https://stockanalysis.com/analysts/Matt-Miksic/,28 May 2026
Jason Celino,2535,https://stockanalysis.com/analysts/Jason-Celino/,28 Jul 2026
Emily Field,2538,https://stockanalysis.com/analysts/Emily-Field/,29 Jul 2026
Michael Legg,2539,https://stockanalysis.com/analysts/Michael-Legg/,03 Mar 2026
Julien Blouin,2541,https://stockanalysis.com/analysts/Julien-Blouin/,27 Jul 2026
Lilyanna Yang,2543,https://stockanalysis.com/analysts/Lilyanna-Yang/,26 May 2026
Radi Sultan,2548,https://stockanalysis.com/analysts/Radi-Sultan/,10 Jul 2026
Paul Knight,2552,https://stockanalysis.com/analysts/Paul-Knight/,02 Jul 2026
Elizabeth Sun,2557,https://stockanalysis.com/analysts/Elizabeth-Sun/,24 Jul 2026
Alicia Yap,2560,https://stockanalysis.com/analysts/Alicia-Yap/,29 Jul 2026
Ed Vyvyan,2562,https://stockanalysis.com/analysts/Ed-Vyvyan/,27 Feb 2026
James Gordon,2567,https://stockanalysis.com/analysts/James-Gordon/,11 Mar 2026
Asthika Goonewardene,2570,https://stockanalysis.com/analysts/Asthika-Goonewardene/,22 Jun 2026
Paul Johnson,2577,https://stockanalysis.com/analysts/Paul-Johnson/,20 Jul 2026
Martijn Rats,2582,https://stockanalysis.com/analysts/Martijn-Rats/,10 Jul 2026
Kendall Toscano,2586,https://stockanalysis.com/analysts/Kendall-Toscano/,29 Jul 2026
Michael Cho,2587,https://stockanalysis.com/analysts/Michael-Cho/,28 Jul 2026
Arun Viswanathan,2592,https://stockanalysis.com/analysts/Arun-Viswanathan/,27 Jul 2026
Ken Worthington,2594,https://stockanalysis.com/analysts/Ken-Worthington/,29 Jul 2026
Nicholas Amicucci,2595,https://stockanalysis.com/analysts/Nicholas-Amicucci/,27 Jul 2026
Timothy Hoff,2596,https://stockanalysis.com/analysts/Timothy-Hoff/,29 Jul 2026
Eli Jossen,2601,https://stockanalysis.com/analysts/Eli-Jossen/,22 Jul 2026
Michael Ulz,2602,https://stockanalysis.com/analysts/Michael-Ulz/,28 Jul 2026
Aaron Kimson,2608,https://stockanalysis.com/analysts/Aaron-Kimson/,27 Jul 2026
Joanne Wuensch,2609,https://stockanalysis.com/analysts/Joanne-Wuensch/,24 Jul 2026
Keegan Cox,2611,https://stockanalysis.com/analysts/Keegan-Cox/,21 Jul 2026
Dana Telsey,2613,https://stockanalysis.com/analysts/Dana-Telsey/,29 Jul 2026
Robert Labick,2615,https://stockanalysis.com/analysts/Robert-Labick/,10 Dec 2025
Gregg Orrill,2617,https://stockanalysis.com/analysts/Gregg-Orrill/,06 Jul 2026
Michael Goldie,2618,https://stockanalysis.com/analysts/Michael-Goldie/,29 Jul 2026
Zhihan Ma,2623,https://stockanalysis.com/analysts/Zhihan-Ma/,21 Jul 2026
Terry Ma,2627,https://stockanalysis.com/analysts/Terry-Ma/,27 Jul 2026
Alex Yao,2631,https://stockanalysis.com/analysts/Alex-Yao/,28 Jul 2026
Carly Davenport,2634,https://stockanalysis.com/analysts/Carly-Davenport/,27 Jul 2026
David Begleiter,2650,https://stockanalysis.com/analysts/David-Begleiter/,09 Jul 2026
Karl Shepard,2653,https://stockanalysis.com/analysts/Karl-Shepard/,22 Jul 2026
Patrick Cunningham,2656,https://stockanalysis.com/analysts/Patrick-Cunningham/,29 Jul 2026
Peyton Dorne,2667,https://stockanalysis.com/analysts/Peyton-Dorne/,27 Jul 2026
Aravinda Galappatthige,2672,https://stockanalysis.com/analysts/Aravinda-Galappatthige/,16 Jul 2026
Michael Sarcone,2673,https://stockanalysis.com/analysts/Michael-Sarcone/,29 Jul 2026
Praneeth Satish,2679,https://stockanalysis.com/analysts/Praneeth-Satish/,29 Jul 2026
Michael Petusky,2681,https://stockanalysis.com/analysts/Michael-Petusky/,28 Jul 2026
Piyush Avasthy,2685,https://stockanalysis.com/analysts/Piyush-Avasthy/,13 Jul 2026
Jeffrey Meuler,2686,https://stockanalysis.com/analysts/Jeffrey-Meuler/,29 Jul 2026
Randal Konik,2694,https://stockanalysis.com/analysts/Randal-Konik/,09 Jul 2026
John Kim,2699,https://stockanalysis.com/analysts/John-Kim/,27 Jul 2026
Ryland Conrad,2704,https://stockanalysis.com/analysts/Ryland-Conrad/,27 Jul 2026
Michael Gaugler,2705,https://stockanalysis.com/analysts/Michael-Gaugler/,24 Nov 2025
Lu Li,2712,https://stockanalysis.com/analysts/Lu-Li/,07 May 2026
Adam Frisch,2713,https://stockanalysis.com/analysts/Adam-Frisch/,27 Jul 2026
Gaurav Mehta,2730,https://stockanalysis.com/analysts/Gaurav-Mehta/,29 Jul 2026
Natalya Davies,2732,https://stockanalysis.com/analysts/Natalya-Davies/,17 Apr 2026
Patrick Baumann,2742,https://stockanalysis.com/analysts/Patrick-Baumann/,18 May 2026
Nik Modi,2749,https://stockanalysis.com/analysts/Nik-Modi/,29 Jul 2026
Sathish Kasinathan,2750,https://stockanalysis.com/analysts/Sathish-Kasinathan/,09 Jul 2026
Kallum Titchmarsh,2752,https://stockanalysis.com/analysts/Kallum-Titchmarsh/,29 Jul 2026
Alfonso Salazar,2755,https://stockanalysis.com/analysts/Alfonso-Salazar/,22 Jul 2026
Filippo Falorni,2756,https://stockanalysis.com/analysts/Filippo-Falorni/,29 Jul 2026
Lisa Walter,2758,https://stockanalysis.com/analysts/Lisa-Walter/,23 Jul 2026
Roger Song,2760,https://stockanalysis.com/analysts/Roger-Song/,16 Jul 2026
Emily Ericksen,2762,https://stockanalysis.com/analysts/Emily-Ericksen/,20 Feb 2026
Arpine Kocharyan,2765,https://stockanalysis.com/analysts/Arpine-Kocharyan/,27 Jul 2026
Mark Massaro,2767,https://stockanalysis.com/analysts/Mark-Massaro/,22 Jul 2026
Nitin Bansal,2771,https://stockanalysis.com/analysts/Nitin-Bansal/,16 Jul 2026
Trevor Romeo,2774,https://stockanalysis.com/analysts/Trevor-Romeo/,30 Jul 2026
Mikhail Goberman,2775,https://stockanalysis.com/analysts/Mikhail-Goberman/,29 Jul 2026
Eunice Lee,2779,https://stockanalysis.com/analysts/Eunice-Lee/,13 Jul 2026
Surinder Thind,2780,https://stockanalysis.com/analysts/Surinder-Thind/,23 Jul 2026
Benjamin Burnett,2781,https://stockanalysis.com/analysts/Benjamin-Burnett/,29 Jul 2026
Narumi Nakagiri,2782,https://stockanalysis.com/analysts/Narumi-Nakagiri/,14 May 2026
Emma Schwartz,2784,https://stockanalysis.com/analysts/Emma-Schwartz/,10 Jul 2026
Ravi Shanker,2786,https://stockanalysis.com/analysts/Ravi-Shanker/,29 Jul 2026
Brent Thill,2787,https://stockanalysis.com/analysts/Brent-Thill/,23 Jul 2026
Ross MacDonald,2792,https://stockanalysis.com/analysts/Ross-MacDonald/,09 Jul 2026
Angel Castillo,2795,https://stockanalysis.com/analysts/Angel-Castillo/,28 Jul 2026
Andrew Spinola,2799,https://stockanalysis.com/analysts/Andrew-Spinola/,20 May 2026
Dennis Geiger,2802,https://stockanalysis.com/analysts/Dennis-Geiger/,29 Jul 2026
Anthony Elian,2803,https://stockanalysis.com/analysts/Anthony-Elian/,28 Jul 2026
Tina Hou,2804,https://stockanalysis.com/analysts/Tina-Hou/,13 Jul 2026
Tasso Vasconcellos,2812,https://stockanalysis.com/analysts/Tasso-Vasconcellos/,27 May 2026
William Pickering,2813,https://stockanalysis.com/analysts/William-Pickering/,13 May 2026
David Roman,2814,https://stockanalysis.com/analysts/David-Roman/,15 Jul 2026
William Plovanic,2815,https://stockanalysis.com/analysts/William-Plovanic/,27 Jul 2026
James Sidoti,2816,https://stockanalysis.com/analysts/James-Sidoti/,06 May 2026
Mikhail Paramonov,2817,https://stockanalysis.com/analysts/Mikhail-Paramonov/,17 Jul 2026
Jonathan Keypour,2825,https://stockanalysis.com/analysts/Jonathan-Keypour/,09 Jul 2026
Michael Montani,2827,https://stockanalysis.com/analysts/Michael-Montani/,27 Jul 2026
Robin Zhu,2829,https://stockanalysis.com/analysts/Robin-Zhu/,13 Jul 2026
Nafeesa Gupta,2836,https://stockanalysis.com/analysts/Nafeesa-Gupta/,30 Jun 2026
Christine Cho,2838,https://stockanalysis.com/analysts/Christine-Cho/,14 May 2026
Maheep Mandloi,2842,https://stockanalysis.com/analysts/Maheep-Mandloi/,29 Jul 2026
Ryan Langston,2852,https://stockanalysis.com/analysts/Ryan-Langston/,29 Jul 2026
Paul Rossington,2855,https://stockanalysis.com/analysts/Paul-Rossington/,02 Jun 2026
Avinatan Jaroslawicz,2857,https://stockanalysis.com/analysts/Avinatan-Jaroslawicz/,07 Jul 2026
Dina Ramadane,2861,https://stockanalysis.com/analysts/Dina-Ramadane/,07 Jul 2026
Nathan Feather,2864,https://stockanalysis.com/analysts/Nathan-Feather/,17 Jul 2026
Wei Fang,2873,https://stockanalysis.com/analysts/Wei-Fang/,25 Jun 2026
Vik Chopra,2874,https://stockanalysis.com/analysts/Vik-Chopra/,28 Jul 2026
David Bellinger,2887,https://stockanalysis.com/analysts/David-Bellinger/,28 Jul 2026
Timothy Zhao,2888,https://stockanalysis.com/analysts/Timothy-Zhao/,16 Jul 2026
Vikram Kesavabhotla,2891,https://stockanalysis.com/analysts/Vikram-Kesavabhotla/,22 Jul 2026
Bob Huang,2893,https://stockanalysis.com/analysts/Bob-Huang/,29 Jul 2026
Lizzie Dove,2901,https://stockanalysis.com/analysts/Lizzie-Dove/,29 Jul 2026
Kelly Crago,2902,https://stockanalysis.com/analysts/Kelly-Crago/,12 May 2026
James Friedman,2909,https://stockanalysis.com/analysts/James-Friedman/,28 Jul 2026
Susan Maklari,2911,https://stockanalysis.com/analysts/Susan-Maklari/,22 Jul 2026
Amy Li,2922,https://stockanalysis.com/analysts/Amy-Li/,11 May 2026
Andre Salles,2923,https://stockanalysis.com/analysts/Andre-Salles/,01 May 2026
Farzin Haque,2927,https://stockanalysis.com/analysts/Farzin-Haque/,29 Mar 2026
Ricardo Alves,2929,https://stockanalysis.com/analysts/Ricardo-Alves/,25 May 2026
Lucas Ferreira,2933,https://stockanalysis.com/analysts/Lucas-Ferreira/,28 Jul 2026
Eric Boyes,2944,https://stockanalysis.com/analysts/Eric-Boyes/,23 Jul 2026
Phani Kanumuri,2947,https://stockanalysis.com/analysts/Phani-Kanumuri/,27 Apr 2026
John Davis,2957,https://stockanalysis.com/analysts/John-Davis/,08 May 2026
Laurence Alexander,2958,https://stockanalysis.com/analysts/Laurence-Alexander/,20 Jul 2026
Ryan Gravett,2960,https://stockanalysis.com/analysts/Ryan-Gravett/,22 Jul 2026
Andrew Andersen,2963,https://stockanalysis.com/analysts/Andrew-Andersen/,18 Jun 2026
Brooke Roach,2993,https://stockanalysis.com/analysts/Brooke-Roach/,29 Jul 2026
Scott Wurtzel,3004,https://stockanalysis.com/analysts/Scott-Wurtzel/,29 Jul 2026
Alec Brondolo,3007,https://stockanalysis.com/analysts/Alec-Brondolo/,27 Jul 2026
Faham Baig,3016,https://stockanalysis.com/analysts/Faham-Baig/,23 Jul 2026
Max Gumport,3021,https://stockanalysis.com/analysts/Max-Gumport/,09 Apr 2026
Judith Elliott,3025,https://stockanalysis.com/analysts/Judith-Elliott/,01 Apr 2026
Jackson Ader,3026,https://stockanalysis.com/analysts/Jackson-Ader/,24 Jul 2026
Scott Fletcher,3027,https://stockanalysis.com/analysts/Scott-Fletcher/,10 Jul 2026
Helena Wang,3028,https://stockanalysis.com/analysts/Helena-Wang/,20 Jul 2026
Neal Burk,3029,https://stockanalysis.com/analysts/Neal-Burk/,28 May 2026
Chris Luyckx,3032,https://stockanalysis.com/analysts/Chris-Luyckx/,23 Apr 2026
Jordan Bender,3033,https://stockanalysis.com/analysts/Jordan-Bender/,16 Jul 2026
Alexander Perry,3042,https://stockanalysis.com/analysts/Alexander-Perry/,28 Jul 2026
Duksan Jang,3047,https://stockanalysis.com/analysts/Duksan-Jang/,26 Jun 2026
Winnie Dong,3052,https://stockanalysis.com/analysts/Winnie-Dong/,27 Apr 2026
Austin Wang,3059,https://stockanalysis.com/analysts/Austin-Wang/,15 Jul 2026
Matt Koranda,3064,https://stockanalysis.com/analysts/Matt-Koranda/,29 Jul 2026
Leonardo Olmos,3069,https://stockanalysis.com/analysts/Leonardo-Olmos/,14 Jul 2026
Ilya Zubkov,3071,https://stockanalysis.com/analysts/Ilya-Zubkov/,16 Jul 2026
Andrew Marok,3077,https://stockanalysis.com/analysts/Andrew-Marok/,17 Jul 2026
John Choi,3078,https://stockanalysis.com/analysts/John-Choi/,24 Jun 2026
Jamie Clark,3080,https://stockanalysis.com/analysts/Jamie-Clark/,17 Feb 2026
Warren Ackerman,3085,https://stockanalysis.com/analysts/Warren-Ackerman/,29 Jul 2026
Laura Sutcliffe,3089,https://stockanalysis.com/analysts/Laura-Sutcliffe/,29 Jul 2026
Sara Senatore,3090,https://stockanalysis.com/analysts/Sara-Senatore/,29 Jul 2026
Ashley Wallace,3098,https://stockanalysis.com/analysts/Ashley-Wallace/,22 May 2026
Bart Dziarski,3099,https://stockanalysis.com/analysts/Bart-Dziarski/,24 Jul 2026
Eric Hagen,3100,https://stockanalysis.com/analysts/Eric-Hagen/,30 Apr 2026
Eddie Kim,3108,https://stockanalysis.com/analysts/Eddie-Kim/,27 Jul 2026
Steven Shemesh,3116,https://stockanalysis.com/analysts/Steven-Shemesh/,29 Jul 2026
John Zamparo,3117,https://stockanalysis.com/analysts/John-Zamparo/,28 Jul 2026
Vijay Jayant,3127,https://stockanalysis.com/analysts/Vijay-Jayant/,08 May 2026
Steve Byrne,3129,https://stockanalysis.com/analysts/Steve-Byrne/,08 Jan 2026
Daria Nasledysheva,3132,https://stockanalysis.com/analysts/Daria-Nasledysheva/,24 Jul 2026
Abhishek Shukla,3140,https://stockanalysis.com/analysts/Abhishek-Shukla/,14 Jul 2026
Carlos Peyrelongue,3147,https://stockanalysis.com/analysts/Carlos-Peyrelongue/,24 Jul 2026
Toni Kaplan,3152,https://stockanalysis.com/analysts/Toni-Kaplan/,29 Jul 2026
Aidan Kelly,3161,https://stockanalysis.com/analysts/Aidan-Kelly/,16 Jul 2026
Samantha Hoh,3165,https://stockanalysis.com/analysts/Samantha-Hoh/,22 Apr 2026
Julian Radlinger,3170,https://stockanalysis.com/analysts/Julian-Radlinger/,23 Jul 2026
Pujarini Ghosh,3181,https://stockanalysis.com/analysts/Pujarini-Ghosh/,17 Jul 2026
Bhavin Shah,3193,https://stockanalysis.com/analysts/Bhavin-Shah/,08 May 2026
Trevor Allinson,3204,https://stockanalysis.com/analysts/Trevor-Allinson/,22 Apr 2026
Niall Alexander,3211,https://stockanalysis.com/analysts/Niall-Alexander/,22 Jun 2026
Harry Bartlett,3214,https://stockanalysis.com/analysts/Harry-Bartlett/,28 Jan 2026
Hoang Nguyen,3221,https://stockanalysis.com/analysts/Hoang-Nguyen/,01 Jun 2026
Martin Jungfleisch,3222,https://stockanalysis.com/analysts/Martin-Jungfleisch/,09 Jul 2026
Gary Nachman,3225,https://stockanalysis.com/analysts/Gary-Nachman/,23 Jul 2026
Louis Raffetto,3228,https://stockanalysis.com/analysts/Louis-Raffetto/,29 Jan 2026
Anna Lizzul,3233,https://stockanalysis.com/analysts/Anna-Lizzul/,17 Jul 2026
Kevin Fischbeck,3237,https://stockanalysis.com/analysts/Kevin-Fischbeck/,29 Jul 2026
Vince Valentini,3248,https://stockanalysis.com/analysts/Vince-Valentini/,23 Jul 2026
Judy Zhang,3261,https://stockanalysis.com/analysts/Judy-Zhang/,03 Jun 2026
Thomas Yeh,3266,https://stockanalysis.com/analysts/Thomas-Yeh/,07 May 2026
Leo Carrington,3271,https://stockanalysis.com/analysts/Leo-Carrington/,27 Jul 2026
Kemp Dolliver,3279,https://stockanalysis.com/analysts/Kemp-Dolliver/,28 Jul 2026
Michael Ng,3284,https://stockanalysis.com/analysts/Michael-Ng/,28 Jul 2026
Julien Roch,3286,https://stockanalysis.com/analysts/Julien-Roch/,29 Jul 2026
Griffin Bryan,3292,https://stockanalysis.com/analysts/Griffin-Bryan/,06 Jul 2026
James Kirby,3300,https://stockanalysis.com/analysts/James-Kirby/,01 Jul 2026
Bradley Sills,3301,https://stockanalysis.com/analysts/Bradley-Sills/,12 Mar 2026
Marvin Fong,3302,https://stockanalysis.com/analysts/Marvin-Fong/,29 Jul 2026
Luke Morison,3315,https://stockanalysis.com/analysts/Luke-Morison/,29 Jun 2026
Steven Zaccone,3318,https://stockanalysis.com/analysts/Steven-Zaccone/,22 Jul 2026
Cory Carpenter,3322,https://stockanalysis.com/analysts/Cory-Carpenter/,22 Jun 2026
Rock Hoffman,3324,https://stockanalysis.com/analysts/Rock-Hoffman/,02 Apr 2026
Seth Bergey,3346,https://stockanalysis.com/analysts/Seth-Bergey/,23 Jun 2026
Anderson Schock,3349,https://stockanalysis.com/analysts/Anderson-Schock/,29 Jun 2026
Ryan Brinkman,3357,https://stockanalysis.com/analysts/Ryan-Brinkman/,14 Jul 2026
Nathan Stein,3360,https://stockanalysis.com/analysts/Nathan-Stein/,19 Dec 2025
Gustavo Schroden,3362,https://stockanalysis.com/analysts/Gustavo-Schroden/,12 Jun 2026
Joseph Giordano,3374,https://stockanalysis.com/analysts/Joseph-Giordano/,21 Jul 2026
Trevor Williams,3396,https://stockanalysis.com/analysts/Trevor-Williams/,09 Feb 2026
Alexandria Hammond,3417,https://stockanalysis.com/analysts/Alexandria-Hammond/,21 May 2026
Edward Lewis,3418,https://stockanalysis.com/analysts/Edward-Lewis/,16 Jun 2026
Firoz Valliji,3424,https://stockanalysis.com/analysts/Firoz-Valliji/,08 May 2026
Alberto Valerio,3425,https://stockanalysis.com/analysts/Alberto-Valerio/,25 May 2026
Anne Samuel,3426,https://stockanalysis.com/analysts/Anne-Samuel/,29 Jul 2026
Parker Snure,3433,https://stockanalysis.com/analysts/Parker-Snure/,10 Jul 2026
Alexander Hess,3434,https://stockanalysis.com/analysts/Alexander-Hess/,22 Jul 2026
Matt Roberts,3439,https://stockanalysis.com/analysts/Matt-Roberts/,22 Jul 2026
Filipe Nielsen,3460,https://stockanalysis.com/analysts/Filipe-Nielsen/,17 Mar 2026
Scott Buck,3466,https://stockanalysis.com/analysts/Scott-Buck/,31 Mar 2026
Spencer Hanus,3498,https://stockanalysis.com/analysts/Spencer-Hanus/,23 Jun 2026
Clark Wright,3502,https://stockanalysis.com/analysts/Clark-Wright/,09 Jul 2026
Samad Samana,3503,https://stockanalysis.com/analysts/Samad-Samana/,23 Jul 2026
Atul Maheswari,3504,https://stockanalysis.com/analysts/Atul-Maheswari/,29 Jul 2026
John Stansel,3505,https://stockanalysis.com/analysts/John-Stansel/,28 Jul 2026
Dushyant Ailani,3509,https://stockanalysis.com/analysts/Dushyant-Ailani/,10 Jun 2026
Edward DeArias,3510,https://stockanalysis.com/analysts/Edward-DeArias/,22 Jul 2026
Hong Zhang,3517,https://stockanalysis.com/analysts/Hong-Zhang/,29 Jun 2026
Seyon Park,3518,https://stockanalysis.com/analysts/Seyon-Park/,17 Jul 2026
Richard Hightower,3532,https://stockanalysis.com/analysts/Richard-Hightower/,27 Jul 2026
Simon Clinch,3539,https://stockanalysis.com/analysts/Simon-Clinch/,11 Jun 2026
Steven Valiquette,3540,https://stockanalysis.com/analysts/Steven-Valiquette/,28 Jul 2026
Robert Moskow,3543,https://stockanalysis.com/analysts/Robert-Moskow/,29 Jul 2026
Anojja Shah,3546,https://stockanalysis.com/analysts/Anojja-Shah/,27 Jul 2026
Justin Bowers,3560,https://stockanalysis.com/analysts/Justin-Bowers/,23 Jul 2026
David Saxon,3565,https://stockanalysis.com/analysts/David-Saxon/,17 Jul 2026
Ami Probandt,3578,https://stockanalysis.com/analysts/Ami-Probandt/,14 May 2026
Javier Escalante,3582,https://stockanalysis.com/analysts/Javier-Escalante/,23 Jul 2026
Daniel Jester,3589,https://stockanalysis.com/analysts/Daniel-Jester/,24 Jul 2026
Adam Kramer,3597,https://stockanalysis.com/analysts/Adam-Kramer/,27 Jul 2026
Roanna Ruiz,3616,https://stockanalysis.com/analysts/Roanna-Ruiz/,13 Jul 2026
Charlie Lederer,3622,https://stockanalysis.com/analysts/Charlie-Lederer/,22 Jun 2026
Thiago Bortoluci,3624,https://stockanalysis.com/analysts/Thiago-Bortoluci/,29 May 2026
Renata Cabral,3626,https://stockanalysis.com/analysts/Renata-Cabral/,02 Jul 2026
Matthew Coad,3636,https://stockanalysis.com/analysts/Matthew-Coad/,28 Jul 2026
Olivia Brayer,3640,https://stockanalysis.com/analysts/Olivia-Brayer/,28 Jul 2026
Caitlin Burrows,3643,https://stockanalysis.com/analysts/Caitlin-Burrows/,29 Jul 2026
Laurent Yoon,3654,https://stockanalysis.com/analysts/Laurent-Yoon/,23 Jul 2026
Noah Hungness,3655,https://stockanalysis.com/analysts/Noah-Hungness/,27 Apr 2026
Jorge Kuri,3663,https://stockanalysis.com/analysts/Jorge-Kuri/,26 Jun 2026
Martin Malloy,3667,https://stockanalysis.com/analysts/Martin-Malloy/,05 Jan 2026
Ben Klieve,3670,https://stockanalysis.com/analysts/Ben-Klieve/,22 Jul 2026
Yiwen Zhang,3674,https://stockanalysis.com/analysts/Yiwen-Zhang/,06 May 2026
Michael Mueller,3675,https://stockanalysis.com/analysts/Michael-Mueller/,28 Jul 2026
Michael Nedelcovych,3676,https://stockanalysis.com/analysts/Michael-Nedelcovych/,13 Jul 2026
David Mak,3678,https://stockanalysis.com/analysts/David-Mak/,29 Jun 2026
Frank Louthan,3680,https://stockanalysis.com/analysts/Frank-Louthan/,28 May 2026
Andrew Harte,3693,https://stockanalysis.com/analysts/Andrew-Harte/,28 Jul 2026
Catharine Trebnick,3697,https://stockanalysis.com/analysts/Catharine-Trebnick/,29 Jul 2026
Martin Englert,3703,https://stockanalysis.com/analysts/Martin-Englert/,28 Apr 2026
Romain Gourvil,3724,https://stockanalysis.com/analysts/Romain-Gourvil/,29 Jul 2026
Jamie Rollo,3729,https://stockanalysis.com/analysts/Jamie-Rollo/,28 Jul 2026
Andrew Schmitt,3732,https://stockanalysis.com/analysts/Andrew-Schmitt/,23 Jul 2026
Kaumil Gajrawala,3737,https://stockanalysis.com/analysts/Kaumil-Gajrawala/,29 Jul 2026
Rashad Kawan,3747,https://stockanalysis.com/analysts/Rashad-Kawan/,24 Apr 2026
Ryan Tunis,3754,https://stockanalysis.com/analysts/Ryan-Tunis/,28 Jul 2026
Gregory Williams,3757,https://stockanalysis.com/analysts/Gregory-Williams/,29 Jul 2026
Neha Agarwala,3767,https://stockanalysis.com/analysts/Neha-Agarwala/,04 Mar 2026
Chasen Bender,3774,https://stockanalysis.com/analysts/Chasen-Bender/,24 Feb 2026
Arjun Bhatia,3780,https://stockanalysis.com/analysts/Arjun-Bhatia/,29 Jul 2026
Michael Ha,3792,https://stockanalysis.com/analysts/Michael-Ha/,29 Jul 2026
Paul Jeng,3801,https://stockanalysis.com/analysts/Paul-Jeng/,14 Jul 2026
Jason Helfstein,3811,https://stockanalysis.com/analysts/Jason-Helfstein/,29 Jul 2026
Fulvio Cazzol,3812,https://stockanalysis.com/analysts/Fulvio-Cazzol/,27 May 2026
Kenneth Fong,3814,https://stockanalysis.com/analysts/Kenneth-Fong/,18 Mar 2026
Brian Harbour,3816,https://stockanalysis.com/analysts/Brian-Harbour/,16 Jul 2026
Tomohiko Sano,3818,https://stockanalysis.com/analysts/Tomohiko-Sano/,28 Jul 2026
Sean McGowan,3820,https://stockanalysis.com/analysts/Sean-McGowan/,27 Jul 2026
Adam Hotchkiss,3826,https://stockanalysis.com/analysts/Adam-Hotchkiss/,05 Jun 2026
Mario Pierry,3828,https://stockanalysis.com/analysts/Mario-Pierry/,24 Jul 2026
Mayank Tandon,3839,https://stockanalysis.com/analysts/Mayank-Tandon/,29 Jul 2026
Daniela Haigian,3840,https://stockanalysis.com/analysts/Daniela-Haigian/,24 Jul 2026
Thomas Wendler,3841,https://stockanalysis.com/analysts/Thomas-Wendler/,28 Jul 2026
Michael Toomey,3845,https://stockanalysis.com/analysts/Michael-Toomey/,16 Jul 2026
Sergio Segura,3847,https://stockanalysis.com/analysts/Sergio-Segura/,12 May 2026
Matthew Lofting,3848,https://stockanalysis.com/analysts/Matthew-Lofting/,24 Jul 2026
Matthew Cost,3854,https://stockanalysis.com/analysts/Matthew-Cost/,21 Jul 2026
Ryan Kenny,3855,https://stockanalysis.com/analysts/Ryan-Kenny/,24 Jul 2026
Andrea Pistacchi,3862,https://stockanalysis.com/analysts/Andrea-Pistacchi/,28 Jul 2026
Daniel Moore,3863,https://stockanalysis.com/analysts/Daniel-Moore/,27 May 2026
Nadine Sarwat,3869,https://stockanalysis.com/analysts/Nadine-Sarwat/,20 Jul 2026
Michael DiFiore,3883,https://stockanalysis.com/analysts/Michael-DiFiore/,07 May 2026
Brendan Lynch,3886,https://stockanalysis.com/analysts/Brendan-Lynch/,29 Jul 2026
Andrew Polkowitz,3887,https://stockanalysis.com/analysts/Andrew-Polkowitz/,01 May 2026
Chad Messer,3897,https://stockanalysis.com/analysts/Chad-Messer/,21 Jul 2026
Michael Fairbanks,3898,https://stockanalysis.com/analysts/Michael-Fairbanks/,23 Jul 2026
Matheus Enfeldt,3899,https://stockanalysis.com/analysts/Matheus-Enfeldt/,20 Jul 2026
Carlos Laboy,3900,https://stockanalysis.com/analysts/Carlos-Laboy/,28 Jul 2026
Craig Kennison,3902,https://stockanalysis.com/analysts/Craig-Kennison/,29 Jul 2026
Matthew Johnson,3908,https://stockanalysis.com/analysts/Matthew-Johnson/,10 Apr 2026
Ella Smith,3912,https://stockanalysis.com/analysts/Ella-Smith/,24 Jun 2026
Lincoln Kong,3914,https://stockanalysis.com/analysts/Lincoln-Kong/,29 Jun 2026
Derek Soderberg,3915,https://stockanalysis.com/analysts/Derek-Soderberg/,23 Jun 2026
Tito Labarta,3920,https://stockanalysis.com/analysts/Tito-Labarta/,28 Jul 2026
Peter Grom,3928,https://stockanalysis.com/analysts/Peter-Grom/,29 Jul 2026
Brian Holland,3930,https://stockanalysis.com/analysts/Brian-Holland/,06 Jul 2026
Eric Serotta,3937,https://stockanalysis.com/analysts/Eric-Serotta/,28 Jul 2026
Lucy Yu,3945,https://stockanalysis.com/analysts/Lucy-Yu/,23 Apr 2026
Megan Alexander,3947,https://stockanalysis.com/analysts/Megan-Alexander/,24 Jun 2026
Thomas Palmer,3948,https://stockanalysis.com/analysts/Thomas-Palmer/,29 Jul 2026
Taylor Manley,3952,https://stockanalysis.com/analysts/Taylor-Manley/,29 Jul 2026
Fan Tso,3955,https://stockanalysis.com/analysts/Fan-Tso/,26 May 2026
Estelle Weingrod,3958,https://stockanalysis.com/analysts/Estelle-Weingrod/,21 Jul 2026
Cameron McVeigh,3961,https://stockanalysis.com/analysts/Cameron-McVeigh/,29 Jul 2026
Chris Quintero,3970,https://stockanalysis.com/analysts/Chris-Quintero/,29 Jul 2026
Derrick Wood,3974,https://stockanalysis.com/analysts/Derrick-Wood/,28 Jul 2026
Kostas Biliouris,3975,https://stockanalysis.com/analysts/Kostas-Biliouris/,24 Jul 2026
Peter Christiansen,3984,https://stockanalysis.com/analysts/Peter-Christiansen/,29 Jul 2026
Anthony Trainor,3985,https://stockanalysis.com/analysts/Anthony-Trainor/,27 Jul 2026
Ned Baramov,3990,https://stockanalysis.com/analysts/Ned-Baramov/,13 May 2026
David Chiaverini,3992,https://stockanalysis.com/analysts/David-Chiaverini/,23 Jul 2026
Chad Larkin,3997,https://stockanalysis.com/analysts/Chad-Larkin/,08 May 2026
Luca Issi,4001,https://stockanalysis.com/analysts/Luca-Issi/,23 Jul 2026
Rick Wise,4007,https://stockanalysis.com/analysts/Rick-Wise/,29 Jul 2026
Graham Doyle,4008,https://stockanalysis.com/analysts/Graham-Doyle/,22 Jul 2026
Greg Parrish,4013,https://stockanalysis.com/analysts/Greg-Parrish/,24 Jul 2026
Alex Bond,4019,https://stockanalysis.com/analysts/Alex-Bond/,29 Jul 2026
Kevin Dede,4035,https://stockanalysis.com/analysts/Kevin-Dede/,09 Apr 2026
Batya Levi,4040,https://stockanalysis.com/analysts/Batya-Levi/,28 Jul 2026
Ekaterina Knyazkova,4047,https://stockanalysis.com/analysts/Ekaterina-Knyazkova/,12 Jun 2026
Stephanie Piazzola,4048,https://stockanalysis.com/analysts/Stephanie-Piazzola/,13 May 2026
Jack Lin,4055,https://stockanalysis.com/analysts/Jack-Lin/,28 May 2026
Jessica Tassan,4062,https://stockanalysis.com/analysts/Jessica-Tassan/,28 Jul 2026
Alexander Sklar,4070,https://stockanalysis.com/analysts/Alexander-Sklar/,22 Jul 2026
Christian Carlino,4074,https://stockanalysis.com/analysts/Christian-Carlino/,12 Nov 2025
Akshay Gupta,4076,https://stockanalysis.com/analysts/Akshay-Gupta/,13 Apr 2026
Lee Hambright,4079,https://stockanalysis.com/analysts/Lee-Hambright/,17 Jul 2026
Zachary Silverberg,4083,https://stockanalysis.com/analysts/Zachary-Silverberg/,21 Jul 2026
Brandon Folkes,4095,https://stockanalysis.com/analysts/Brandon-Folkes/,28 Jul 2026
Nathan Treybeck,4097,https://stockanalysis.com/analysts/Nathan-Treybeck/,08 Jul 2026
Paul Kearney,4102,https://stockanalysis.com/analysts/Paul-Kearney/,04 Nov 2025
Alton Stump,4103,https://stockanalysis.com/analysts/Alton-Stump/,04 Jun 2026
Clarke Jeffries,4104,https://stockanalysis.com/analysts/Clarke-Jeffries/,28 Jul 2026
Kyle Peterson,4105,https://stockanalysis.com/analysts/Kyle-Peterson/,29 Jul 2026
Wahid Amin,4111,https://stockanalysis.com/analysts/Wahid-Amin/,17 Feb 2026
Patrick Wood,4121,https://stockanalysis.com/analysts/Patrick-Wood/,28 Jul 2026
Jason Stewart,4126,https://stockanalysis.com/analysts/Jason-Stewart/,17 Jul 2026
Brett Fishbin,4128,https://stockanalysis.com/analysts/Brett-Fishbin/,02 Jul 2026
Yi Chen,4129,https://stockanalysis.com/analysts/Yi-Chen/,29 Jul 2026
Craig Moffett,4132,https://stockanalysis.com/analysts/Craig-Moffett/,08 Apr 2026
Jared Levine,4133,https://stockanalysis.com/analysts/Jared-Levine/,28 Jul 2026
Matthew Swanson,4140,https://stockanalysis.com/analysts/Matthew-Swanson/,29 Jul 2026
Siti Panigrahi,4148,https://stockanalysis.com/analysts/Siti-Panigrahi/,28 Jul 2026
Noah Zatzkin,4151,https://stockanalysis.com/analysts/Noah-Zatzkin/,29 Jul 2026
Nick Lai,4152,https://stockanalysis.com/analysts/Nick-Lai/,14 Jul 2026
Mason Carrico,4153,https://stockanalysis.com/analysts/Mason-Carrico/,23 Jul 2026
Matt Ma,4157,https://stockanalysis.com/analysts/Matt-Ma/,13 May 2026
Mani Foroohar,4160,https://stockanalysis.com/analysts/Mani-Foroohar/,04 Jun 2026
Brendan Sproules,4161,https://stockanalysis.com/analysts/Brendan-Sproules/,03 Jul 2026
Andrew Cooper,4169,https://stockanalysis.com/analysts/Andrew-Cooper/,15 Jul 2026
Salvator Tiano,4177,https://stockanalysis.com/analysts/Salvator-Tiano/,30 Jun 2026
Danilo Gargiulo,4186,https://stockanalysis.com/analysts/Danilo-Gargiulo/,20 Jul 2026
Nate Svensson,4189,https://stockanalysis.com/analysts/Nate-Svensson/,10 Jul 2026
Samuel Nielsen,4203,https://stockanalysis.com/analysts/Samuel-Nielsen/,15 Jul 2026
Jason Tilchen,4209,https://stockanalysis.com/analysts/Jason-Tilchen/,07 Jul 2026
Ed Engel,4220,https://stockanalysis.com/analysts/Ed-Engel/,29 Apr 2026
James West,4221,https://stockanalysis.com/analysts/James-West/,16 Jun 2026
Stan Berenshteyn,4231,https://stockanalysis.com/analysts/Stan-Berenshteyn/,22 Jul 2026
Marco Limite,4232,https://stockanalysis.com/analysts/Marco-Limite/,24 Jul 2026
Robert Oliver,4240,https://stockanalysis.com/analysts/Robert-Oliver/,23 Jul 2026
Gerald Pascarelli,4244,https://stockanalysis.com/analysts/Gerald-Pascarelli/,24 Jul 2026
Vasundhara Govil,4249,https://stockanalysis.com/analysts/Vasundhara-Govil/,12 May 2026
Tom White,4250,https://stockanalysis.com/analysts/Tom-White/,07 Jul 2026
Todd Brooks,4262,https://stockanalysis.com/analysts/Todd-Brooks/,17 Jul 2026
Michael Sison,4276,https://stockanalysis.com/analysts/Michael-Sison/,29 Jul 2026
Charles Nabhan,4277,https://stockanalysis.com/analysts/Charles-Nabhan/,08 May 2026
Michael Okunewitch,4279,https://stockanalysis.com/analysts/Michael-Okunewitch/,17 Jul 2026
Trevor Young,4285,https://stockanalysis.com/analysts/Trevor-Young/,11 Jun 2026
Ameet Thakkar,4288,https://stockanalysis.com/analysts/Ameet-Thakkar/,29 Jul 2026
Robert Farnam,4290,https://stockanalysis.com/analysts/Robert-Farnam/,25 Mar 2026
Kevin Krishnaratne,4291,https://stockanalysis.com/analysts/Kevin-Krishnaratne/,29 Jul 2026
Nik Cremo,4298,https://stockanalysis.com/analysts/Nik-Cremo/,29 Jul 2026
Austin Bohlig,4302,https://stockanalysis.com/analysts/Austin-Bohlig/,09 Jul 2026
Casey Ryan,4303,https://stockanalysis.com/analysts/Casey-Ryan/,08 Jan 2026
Ben Haynor,4309,https://stockanalysis.com/analysts/Ben-Haynor/,09 Jul 2026
Ashley Owens,4311,https://stockanalysis.com/analysts/Ashley-Owens/,24 Jul 2026
Jack Matten,4312,https://stockanalysis.com/analysts/Jack-Matten/,28 Jul 2026
Matthew Hurwit,4314,https://stockanalysis.com/analysts/Matthew-Hurwit/,25 Mar 2026
Andrea Tan,4322,https://stockanalysis.com/analysts/Andrea-Tan/,05 Feb 2026
Logan Reich,4326,https://stockanalysis.com/analysts/Logan-Reich/,28 Jul 2026
Ben Shelley,4330,https://stockanalysis.com/analysts/Ben-Shelley/,23 Jul 2026
Tracy Benguigui,4332,https://stockanalysis.com/analysts/Tracy-Benguigui/,06 Jul 2026
Jeff Chung,4333,https://stockanalysis.com/analysts/Jeff-Chung/,23 Jul 2026
Anthony Valentini,4338,https://stockanalysis.com/analysts/Anthony-Valentini/,14 Jul 2026
Gordon Johnson,4340,https://stockanalysis.com/analysts/Gordon-Johnson/,28 Jul 2026
Jason Bednar,4341,https://stockanalysis.com/analysts/Jason-Bednar/,29 Jul 2026
Lucky Schreiner,4349,https://stockanalysis.com/analysts/Lucky-Schreiner/,23 Jul 2026
Greg Konrad,4355,https://stockanalysis.com/analysts/Greg-Konrad/,17 May 2026
Anna Glaessgen,4356,https://stockanalysis.com/analysts/Anna-Glaessgen/,21 Jul 2026
Joseph Civello,4358,https://stockanalysis.com/analysts/Joseph-Civello/,28 Jul 2026
Cheng Li,4361,https://stockanalysis.com/analysts/Cheng-Li/,27 Feb 2026
Sara Nik,4362,https://stockanalysis.com/analysts/Sara-Nik/,24 Jul 2026
David Turkaly,4365,https://stockanalysis.com/analysts/David-Turkaly/,08 May 2026
Carl Byrnes,4366,https://stockanalysis.com/analysts/Carl-Byrnes/,24 Apr 2026
Rahul Krotthapalli,4367,https://stockanalysis.com/analysts/Rahul-Krotthapalli/,09 Jul 2026
Bill Kerr,4371,https://stockanalysis.com/analysts/Bill-Kerr/,11 Dec 2025
Benjamin Mayhew,4374,https://stockanalysis.com/analysts/Benjamin-Mayhew/,23 Jul 2026
Michael Pachter,4380,https://stockanalysis.com/analysts/Michael-Pachter/,29 Jul 2026
Jeffrey Adelson,4381,https://stockanalysis.com/analysts/Jeffrey-Adelson/,27 Jul 2026
Frank Takkinen,4382,https://stockanalysis.com/analysts/Frank-Takkinen/,29 Jul 2026
Kumaraguru Raja,4383,https://stockanalysis.com/analysts/Kumaraguru-Raja/,27 Jul 2026
Leo Chiang,4385,https://stockanalysis.com/analysts/Leo-Chiang/,28 Jul 2026
Michael Turrin,4387,https://stockanalysis.com/analysts/Michael-Turrin/,26 Jul 2026
Jeffrey Stantial,4389,https://stockanalysis.com/analysts/Jeffrey-Stantial/,22 Jul 2026
Mickey Legg,4391,https://stockanalysis.com/analysts/Mickey-Legg/,21 Jul 2026
Kai Klose,4398,https://stockanalysis.com/analysts/Kai-Klose/,15 Jul 2026
Chris Pierce,4401,https://stockanalysis.com/analysts/Chris-Pierce/,23 Jul 2026
Li Watsek,4402,https://stockanalysis.com/analysts/Li-Watsek/,16 Jul 2026
Brandon Vazquez,4403,https://stockanalysis.com/analysts/Brandon-Vazquez/,27 Jul 2026
Jim Salera,4404,https://stockanalysis.com/analysts/Jim-Salera/,21 Jul 2026
Madeline Brooks,4407,https://stockanalysis.com/analysts/Madeline-Brooks/,27 Feb 2026
Richard Kramer,4410,https://stockanalysis.com/analysts/Richard-Kramer/,30 Jun 2026
Bryan Bergin,4412,https://stockanalysis.com/analysts/Bryan-Bergin/,29 Jul 2026
Tim Rezvan,4414,https://stockanalysis.com/analysts/Tim-Rezvan/,01 Jul 2026
George Kurosawa,4416,https://stockanalysis.com/analysts/George-Kurosawa/,22 Jul 2026
James Quigley,4422,https://stockanalysis.com/analysts/James-Quigley/,24 Jul 2026
Michael Funk,4423,https://stockanalysis.com/analysts/Michael-Funk/,29 Jul 2026
Will Nance,4429,https://stockanalysis.com/analysts/Will-Nance/,28 Jul 2026
David Larsen,4431,https://stockanalysis.com/analysts/David-Larsen/,24 Jul 2026
Tim Hsiao,4434,https://stockanalysis.com/analysts/Tim-Hsiao/,22 Jul 2026
Isabella Simonato,4441,https://stockanalysis.com/analysts/Isabella-Simonato/,16 Jun 2026
William Grippin,4442,https://stockanalysis.com/analysts/William-Grippin/,29 Jul 2026
Nora Min,4446,https://stockanalysis.com/analysts/Nora-Min/,27 Nov 2025
Colin Langan,4447,https://stockanalysis.com/analysts/Colin-Langan/,29 Jul 2026
Alexia Dogani,4449,https://stockanalysis.com/analysts/Alexia-Dogani/,28 Jul 2026
Bryan Smilek,4451,https://stockanalysis.com/analysts/Bryan-Smilek/,23 Jul 2026
Ryan Meyers,4452,https://stockanalysis.com/analysts/Ryan-Meyers/,15 Jul 2026
Scott Berg,4456,https://stockanalysis.com/analysts/Scott-Berg/,28 Jul 2026
Stephen Sheldon,4459,https://stockanalysis.com/analysts/Stephen-Sheldon/,30 Jul 2026
Rishi Jaluria,4461,https://stockanalysis.com/analysts/Rishi-Jaluria/,26 Jul 2026
Curtis Nagle,4462,https://stockanalysis.com/analysts/Curtis-Nagle/,29 Jul 2026
Matthew VanVliet,4464,https://stockanalysis.com/analysts/Matthew-VanVliet/,27 Jul 2026
Corinne Blanchard,4467,https://stockanalysis.com/analysts/Corinne-Blanchard/,14 Jul 2026
Marc Torrente,4469,https://stockanalysis.com/analysts/Marc-Torrente/,27 Jul 2026
Jailendra Singh,4474,https://stockanalysis.com/analysts/Jailendra-Singh/,29 Jul 2026
David Adlington,4476,https://stockanalysis.com/analysts/David-Adlington/,28 Jul 2026
Anna Andreeva,4477,https://stockanalysis.com/analysts/Anna-Andreeva/,29 Jul 2026
Elizabeth Porter,4481,https://stockanalysis.com/analysts/Elizabeth-Porter/,28 Jul 2026
Ryan Tomasello,4483,https://stockanalysis.com/analysts/Ryan-Tomasello/,29 Jul 2026
Shilan Modi,4485,https://stockanalysis.com/analysts/Shilan-Modi/,14 Apr 2026
Priyanka Grover,4486,https://stockanalysis.com/analysts/Priyanka-Grover/,08 Jul 2026
Seth Sigman,4488,https://stockanalysis.com/analysts/Seth-Sigman/,28 Jul 2026
Tom Curran,4489,https://stockanalysis.com/analysts/Tom-Curran/,08 Jan 2026
Scott Schoenhaus,4492,https://stockanalysis.com/analysts/Scott-Schoenhaus/,13 Jul 2026
Aaron Grey,4495,https://stockanalysis.com/analysts/Aaron-Grey/,29 Jul 2026
Brian Skorney,4498,https://stockanalysis.com/analysts/Brian-Skorney/,07 Jul 2026
Neal Dingmann,4500,https://stockanalysis.com/analysts/Neal-Dingmann/,28 Jul 2026
Boobalan Pachaiyappan,4501,https://stockanalysis.com/analysts/Boobalan-Pachaiyappan/,29 Jul 2026
Sean Milligan,4503,https://stockanalysis.com/analysts/Sean-Milligan/,29 Jul 2026
Jake Roberge,4509,https://stockanalysis.com/analysts/Jake-Roberge/,18 Mar 2026
Taylor McGinnis,4511,https://stockanalysis.com/analysts/Taylor-McGinnis/,24 Jul 2026
Constantine Davides,4514,https://stockanalysis.com/analysts/Constantine-Davides/,29 Jul 2026
Michael Albanese,4515,https://stockanalysis.com/analysts/Michael-Albanese/,22 Jul 2026
Caroline Palomeque,4516,https://stockanalysis.com/analysts/Caroline-Palomeque/,16 Jun 2026
Sean Kennedy,4518,https://stockanalysis.com/analysts/Sean-Kennedy/,28 Jul 2026
Fedor Shabalin,4520,https://stockanalysis.com/analysts/Fedor-Shabalin/,16 Jul 2026
Daina Graybosch,4521,https://stockanalysis.com/analysts/Daina-Graybosch/,20 Jul 2026
Young Li,4527,https://stockanalysis.com/analysts/Young-Li/,07 Jul 2026
Jason Kupferberg,4528,https://stockanalysis.com/analysts/Jason-Kupferberg/,28 Jul 2026
Daniel Perlin,4529,https://stockanalysis.com/analysts/Daniel-Perlin/,28 Jul 2026
Yun Zhong,4530,https://stockanalysis.com/analysts/Yun-Zhong/,28 Jul 2026
Naz Rahman,4532,https://stockanalysis.com/analysts/Naz-Rahman/,29 Jul 2026
Piral Dadhania,4533,https://stockanalysis.com/analysts/Piral-Dadhania/,28 Jul 2026
Puneet Jain,4537,https://stockanalysis.com/analysts/Puneet-Jain/,21 May 2026
Terry Tillman,4539,https://stockanalysis.com/analysts/Terry-Tillman/,29 Jul 2026
Bill Kirk,4540,https://stockanalysis.com/analysts/Bill-Kirk/,27 Jul 2026
Bruce Jackson,4542,https://stockanalysis.com/analysts/Bruce-Jackson/,24 Jul 2026
Sarang Vora,4546,https://stockanalysis.com/analysts/Sarang-Vora/,24 Jun 2026
Joseph Spak,4554,https://stockanalysis.com/analysts/Joseph-Spak/,29 Jul 2026
David Hynes,4555,https://stockanalysis.com/analysts/David-Hynes/,27 Jul 2026
Reni Benjamin,4556,https://stockanalysis.com/analysts/Reni-Benjamin/,23 Apr 2026
Jason Kolbert,4557,https://stockanalysis.com/analysts/Jason-Kolbert/,13 May 2026
Matthew Keller,4558,https://stockanalysis.com/analysts/Matthew-Keller/,08 Jul 2026
Kyle Bauser,4560,https://stockanalysis.com/analysts/Kyle-Bauser/,17 Apr 2026
Marie Thibault,4561,https://stockanalysis.com/analysts/Marie-Thibault/,24 Jul 2026
Ryan MacDonald,4562,https://stockanalysis.com/analysts/Ryan-MacDonald/,20 Jul 2026
Vikram Bagri,4563,https://stockanalysis.com/analysts/Vikram-Bagri/,24 Jul 2026
Jack Allen,4564,https://stockanalysis.com/analysts/Jack-Allen/,30 Jun 2026
Christopher Souther,4565,https://stockanalysis.com/analysts/Christopher-Souther/,29 Jul 2026
Itay Michaeli,4570,https://stockanalysis.com/analysts/Itay-Michaeli/,29 Jul 2026
Eric Wold,4571,https://stockanalysis.com/analysts/Eric-Wold/,15 Jul 2026
Allen Klee,4572,https://stockanalysis.com/analysts/Allen-Klee/,24 Jul 2026
James Molloy,4574,https://stockanalysis.com/analysts/James-Molloy/,27 Jul 2026
Edward Woo,4577,https://stockanalysis.com/analysts/Edward-Woo/,10 Jun 2026
Jason McCarthy,4578,https://stockanalysis.com/analysts/Jason-McCarthy/,28 Jul 2026
Anthony Vendetti,4579,https://stockanalysis.com/analysts/Anthony-Vendetti/,21 Jul 2026
James McIlree,4580,https://stockanalysis.com/analysts/James-McIlree/,12 Jun 2026
Lucas Ward,4581,https://stockanalysis.com/analysts/Lucas-Ward/,04 Jun 2026
Aidan Hall,9955,https://stockanalysis.com/analysts/Aidan-Hall/,Not found
Air Ma,9955,https://stockanalysis.com/analysts/Air-Ma/,Not found
Woody Lay,9955,https://stockanalysis.com/analysts/Woody-Lay/,Not found
Xavier Bouvignies,9955,https://stockanalysis.com/analysts/Xavier-Bouvignies/,Not found
Yessica Sanchez,9955,https://stockanalysis.com/analysts/Yessica-Sanchez/,Not found
Yi Fu,9955,https://stockanalysis.com/analysts/Yi-Fu/,Not found
Aaron Kessler,9955,https://stockanalysis.com/analysts/Aaron-Kessler/,Not found
Abhi Agarwal,9955,https://stockanalysis.com/analysts/Abhi-Agarwal/,Not found
Zachary Warring,9955,https://stockanalysis.com/analysts/Zachary-Warring/,Not found
Zhijing Liu,9955,https://stockanalysis.com/analysts/Zhijing-Liu/,Not found
Zijie Yang,9955,https://stockanalysis.com/analysts/Zijie-Yang/,Not found
Agnieszka Pustula,9955,https://stockanalysis.com/analysts/Agnieszka-Pustula/,Not found
Daniel Chen,9955,https://stockanalysis.com/analysts/Daniel-Chen/,Not found
Daniel Ford,9955,https://stockanalysis.com/analysts/Daniel-Ford/,Not found
Daniel Hibshman,9955,https://stockanalysis.com/analysts/Daniel-Hibshman/,Not found
Patrick R. Trucchio,9955,https://stockanalysis.com/analysts/Patrick-R.-Trucchio/,Not found
Patrick Tyler,9955,https://stockanalysis.com/analysts/Patrick-Tyler/,Not found
Patty Kanada,9955,https://stockanalysis.com/analysts/Patty-Kanada/,Not found
Paul Adams,9955,https://stockanalysis.com/analysts/Paul-Adams/,Not found
Paul Cheng,9955,https://stockanalysis.com/analysts/Paul-Cheng/,Not found
Paul Chung,9955,https://stockanalysis.com/analysts/Paul-Chung/,Not found
Paul Coster,9955,https://stockanalysis.com/analysts/Paul-Coster/,Not found
Paul Diamond,9955,https://stockanalysis.com/analysts/Paul-Diamond/,Not found
Daniel Kutz,9955,https://stockanalysis.com/analysts/Daniel-Kutz/,Not found
Daniel Markowitz,9955,https://stockanalysis.com/analysts/Daniel-Markowitz/,Not found
Daniel Roeska,9955,https://stockanalysis.com/analysts/Daniel-Roeska/,Not found
Pablo Zuanic,9955,https://stockanalysis.com/analysts/Pablo-Zuanic/,Not found
Papa Sylla,9955,https://stockanalysis.com/analysts/Papa-Sylla/,Not found
Parker Lane,9955,https://stockanalysis.com/analysts/Parker-Lane/,Not found
Patrick Donnelly,9955,https://stockanalysis.com/analysts/Patrick-Donnelly/,Not found
Darren Leung,9955,https://stockanalysis.com/analysts/Darren-Leung/,Not found
Ole Slorer,9955,https://stockanalysis.com/analysts/Ole-Slorer/,Not found
Omar Nokta,9955,https://stockanalysis.com/analysts/Omar-Nokta/,Not found
David Belinger,9955,https://stockanalysis.com/analysts/David-Belinger/,Not found
David Bouchey,9955,https://stockanalysis.com/analysts/David-Bouchey/,Not found
Paul McTaggart,9955,https://stockanalysis.com/analysts/Paul-McTaggart/,Not found
Paul Obrecht,9955,https://stockanalysis.com/analysts/Paul-Obrecht/,Not found
Paul Steep,9955,https://stockanalysis.com/analysts/Paul-Steep/,Not found
Paul Zimbardo,9955,https://stockanalysis.com/analysts/Paul-Zimbardo/,Not found
Perez Mora,9955,https://stockanalysis.com/analysts/Perez-Mora/,Not found
Pete Skibitski,9955,https://stockanalysis.com/analysts/Pete-Skibitski/,Not found
Dan Silverstein,9955,https://stockanalysis.com/analysts/Dan-Silverstein/,Not found
Dane Leone,9955,https://stockanalysis.com/analysts/Dane-Leone/,Not found
Daniel Chan,9955,https://stockanalysis.com/analysts/Daniel-Chan/,Not found
Peter Costa,9955,https://stockanalysis.com/analysts/Peter-Costa/,Not found
Peter Lawson,9955,https://stockanalysis.com/analysts/Peter-Lawson/,Not found
Peter Osterland,9955,https://stockanalysis.com/analysts/Peter-Osterland/,Not found
Curt Woodworth,9955,https://stockanalysis.com/analysts/Curt-Woodworth/,Not found
Curtis Shauger,9955,https://stockanalysis.com/analysts/Curtis-Shauger/,Not found
Da Wei,9955,https://stockanalysis.com/analysts/Da-Wei/,Not found
Dae Gon,9955,https://stockanalysis.com/analysts/Dae-Gon/,Not found
Dailey Fairbanks,9955,https://stockanalysis.com/analysts/Dailey-Fairbanks/,Not found
Dan Brennan,9955,https://stockanalysis.com/analysts/Dan-Brennan/,Not found
Dan Ives,9955,https://stockanalysis.com/analysts/Dan-Ives/,Not found
David Hicks,9955,https://stockanalysis.com/analysts/David-Hicks/,Not found
Nick Pope,9955,https://stockanalysis.com/analysts/Nick-Pope/,Not found
Nicole Germino,9955,https://stockanalysis.com/analysts/Nicole-Germino/,Not found
Nicole Miller,9955,https://stockanalysis.com/analysts/Nicole-Miller/,Not found
Nigel Dally,9955,https://stockanalysis.com/analysts/Nigel-Dally/,Not found
Nitin Kumar,9955,https://stockanalysis.com/analysts/Nitin-Kumar/,Not found
Noah Herman,9955,https://stockanalysis.com/analysts/Noah-Herman/,Not found
David Kang,9955,https://stockanalysis.com/analysts/David-Kang/,Not found
Corinne Jenkins,9955,https://stockanalysis.com/analysts/Corinne-Jenkins/,Not found
Philip Cusick,9955,https://stockanalysis.com/analysts/Philip-Cusick/,Not found
Philip Gibbs,9955,https://stockanalysis.com/analysts/Philip-Gibbs/,Not found
Philipp Häßler,9955,empty,Not found
Pinjalim Bora,9955,https://stockanalysis.com/analysts/Pinjalim-Bora/,Not found
Cristina Fernández,9955,empty,Not found
Cristopher Kennedy,9955,https://stockanalysis.com/analysts/Cristopher-Kennedy/,Not found
David Lebovitz,9955,https://stockanalysis.com/analysts/David-Lebovitz/,Not found
David Lebowitz,9955,https://stockanalysis.com/analysts/David-Lebowitz/,Not found
David Leiker,9955,https://stockanalysis.com/analysts/David-Leiker/,Not found
David Lewis,9955,https://stockanalysis.com/analysts/David-Lewis/,Not found
David MacDonald,9955,https://stockanalysis.com/analysts/David-MacDonald/,Not found
Nicholas Jones,9955,https://stockanalysis.com/analysts/Nicholas-Jones/,Not found
Nicholas Thomas,9955,https://stockanalysis.com/analysts/Nicholas-Thomas/,Not found
Nicholas Watts,9955,https://stockanalysis.com/analysts/Nicholas-Watts/,Not found
Nick Abbott,9955,https://stockanalysis.com/analysts/Nick-Abbott/,Not found
Nick Del,9955,https://stockanalysis.com/analysts/Nick-Del/,Not found
Prashant Rao,9955,https://stockanalysis.com/analysts/Prashant-Rao/,Not found
Pérez Mora,9955,empty,Not found
Colleen Kusy,9955,https://stockanalysis.com/analysts/Colleen-Kusy/,Not found
Connor Chamberlain,9955,https://stockanalysis.com/analysts/Connor-Chamberlain/,Not found
Connor Lynagh,9955,https://stockanalysis.com/analysts/Connor-Lynagh/,Not found
Connor Siversky,9955,https://stockanalysis.com/analysts/Connor-Siversky/,Not found
Conor Fitzgerald,9955,https://stockanalysis.com/analysts/Conor-Fitzgerald/,Not found
Conor McNamara,9955,https://stockanalysis.com/analysts/Conor-McNamara/,Not found
Nick Housden,9955,https://stockanalysis.com/analysts/Nick-Housden/,Not found
Nick Joseph,9955,https://stockanalysis.com/analysts/Nick-Joseph/,Not found
Nathan Rice,9955,https://stockanalysis.com/analysts/Nathan-Rice/,Not found
Neel Kumar,9955,https://stockanalysis.com/analysts/Neel-Kumar/,Not found
Neil Kalton,9955,https://stockanalysis.com/analysts/Neil-Kalton/,Not found
Nichola Holowko,9955,https://stockanalysis.com/analysts/Nichola-Holowko/,Not found
David Motemeden,9955,https://stockanalysis.com/analysts/David-Motemeden/,Not found
Cleveland Rueckert,9955,https://stockanalysis.com/analysts/Cleveland-Rueckert/,Not found
Cody Ross,9955,https://stockanalysis.com/analysts/Cody-Ross/,Not found
Colin Bristow,9955,https://stockanalysis.com/analysts/Colin-Bristow/,Not found
Colin Isaac,9955,https://stockanalysis.com/analysts/Colin-Isaac/,Not found
Q3 EPS,9955,https://stockanalysis.com/analysts/Q3-EPS/,Not found
Q3 Marketplace,9955,https://stockanalysis.com/analysts/Q3-Marketplace/,Not found
Rachel Vatnsdal,9955,https://stockanalysis.com/analysts/Rachel-Vatnsdal/,Not found
Raghuram Selvaraju,9955,https://stockanalysis.com/analysts/Raghuram-Selvaraju/,Not found
Raj Kumar,9955,https://stockanalysis.com/analysts/Raj-Kumar/,Not found
Raj Sharma,9955,https://stockanalysis.com/analysts/Raj-Sharma/,Not found
Rajat Gupta,9955,https://stockanalysis.com/analysts/Rajat-Gupta/,Not found
Ralph Profiti,9955,https://stockanalysis.com/analysts/Ralph-Profiti/,Not found
David Rodgers,9955,https://stockanalysis.com/analysts/David-Rodgers/,Not found
David Seigerman,9955,https://stockanalysis.com/analysts/David-Seigerman/,Not found
David Smith,9955,https://stockanalysis.com/analysts/David-Smith/,Not found
David Strauss,9955,https://stockanalysis.com/analysts/David-Strauss/,Not found
Nathan Janes,9955,https://stockanalysis.com/analysts/Nathan-Janes/,Not found
David Togut,9955,https://stockanalysis.com/analysts/David-Togut/,Not found
Christopher Schoell,9955,https://stockanalysis.com/analysts/Christopher-Schoell/,Not found
Reif Ehrlich,9955,https://stockanalysis.com/analysts/Reif-Ehrlich/,Not found
Ricardo Rezende,9955,https://stockanalysis.com/analysts/Ricardo-Rezende/,Not found
Christyne McGarvey,9955,https://stockanalysis.com/analysts/Christyne-McGarvey/,Not found
Chuck Grom,9955,https://stockanalysis.com/analysts/Chuck-Grom/,Not found
De Bruin,9955,https://stockanalysis.com/analysts/De-Bruin/,Not found
Deborah Ciervo,9955,https://stockanalysis.com/analysts/Deborah-Ciervo/,Not found
Mike Matson,9955,https://stockanalysis.com/analysts/Mike-Matson/,Not found
Mike Morris,9955,https://stockanalysis.com/analysts/Mike-Morris/,Not found
Mike Polark,9955,https://stockanalysis.com/analysts/Mike-Polark/,Not found
Mike Scialla,9955,https://stockanalysis.com/analysts/Mike-Scialla/,Not found
Ming Hsun,9955,https://stockanalysis.com/analysts/Ming-Hsun/,Not found
Mitch Germain,9955,https://stockanalysis.com/analysts/Mitch-Germain/,Not found
Derik De,9955,https://stockanalysis.com/analysts/Derik-De/,Not found
Destiny Hance,9955,https://stockanalysis.com/analysts/Destiny-Hance/,Not found
Christopher Dendrinos,9955,https://stockanalysis.com/analysts/Christopher-Dendrinos/,Not found
Christopher Graja,9955,https://stockanalysis.com/analysts/Christopher-Graja/,Not found
Rich Hightower,9955,https://stockanalysis.com/analysts/Rich-Hightower/,Not found
Rich Hilliker,9955,https://stockanalysis.com/analysts/Rich-Hilliker/,Not found
Richard Eastman,9955,https://stockanalysis.com/analysts/Richard-Eastman/,Not found
Richard Hill,9955,https://stockanalysis.com/analysts/Richard-Hill/,Not found
Richard Law,9955,https://stockanalysis.com/analysts/Richard-Law/,Not found
Christopher LaFemina,9955,https://stockanalysis.com/analysts/Christopher-LaFemina/,Not found
Christopher LeFemina,9955,https://stockanalysis.com/analysts/Christopher-LeFemina/,Not found
Christopher Mandeville,9955,https://stockanalysis.com/analysts/Christopher-Mandeville/,Not found
Christopher Merwin,9955,https://stockanalysis.com/analysts/Christopher-Merwin/,Not found
Christopher Moore,9955,https://stockanalysis.com/analysts/Christopher-Moore/,Not found
Christopher Parkinson,9955,https://stockanalysis.com/analysts/Christopher-Parkinson/,Not found
Chris Robertson,9955,https://stockanalysis.com/analysts/Chris-Robertson/,Not found
Richard Radbourne,9955,https://stockanalysis.com/analysts/Richard-Radbourne/,Not found
Richard Repetto,9955,https://stockanalysis.com/analysts/Richard-Repetto/,Not found
Rick Paterson,9955,https://stockanalysis.com/analysts/Rick-Paterson/,Not found
Ricky Goldwasser,9955,https://stockanalysis.com/analysts/Ricky-Goldwasser/,Not found
Chris Senyek,9955,https://stockanalysis.com/analysts/Chris-Senyek/,Not found
Chris Snyder,9955,https://stockanalysis.com/analysts/Chris-Snyder/,Not found
Chris Zhang,9955,https://stockanalysis.com/analysts/Chris-Zhang/,Not found
Christopher Danely,9955,https://stockanalysis.com/analysts/Christopher-Danely/,Not found
Diego Aragao,9955,https://stockanalysis.com/analysts/Diego-Aragao/,Not found
Mike Albanese,9955,https://stockanalysis.com/analysts/Mike-Albanese/,Not found
Mike Burton,9955,https://stockanalysis.com/analysts/Mike-Burton/,Not found
Mike Cyprys,9955,https://stockanalysis.com/analysts/Mike-Cyprys/,Not found
Mike Dahl,9955,https://stockanalysis.com/analysts/Mike-Dahl/,Not found
Mike Genovese,9955,https://stockanalysis.com/analysts/Mike-Genovese/,Not found
Mike Grondahl,9955,https://stockanalysis.com/analysts/Mike-Grondahl/,Not found
Mike Harris,9955,https://stockanalysis.com/analysts/Mike-Harris/,Not found
Mike Lavery,9955,https://stockanalysis.com/analysts/Mike-Lavery/,Not found
Dillon Cumming,9955,https://stockanalysis.com/analysts/Dillon-Cumming/,Not found
Dimple Gosa,9955,https://stockanalysis.com/analysts/Dimple-Gosa/,Not found
Dimple Gosai,9955,https://stockanalysis.com/analysts/Dimple-Gosai/,Not found
Divya Goyal,9955,https://stockanalysis.com/analysts/Divya-Goyal/,Not found
Chris Carey,9955,https://stockanalysis.com/analysts/Chris-Carey/,Not found
Rob Brown,9955,https://stockanalysis.com/analysts/Rob-Brown/,Not found
Rob Dickerson,9955,https://stockanalysis.com/analysts/Rob-Dickerson/,Not found
Rob Oliver,9955,https://stockanalysis.com/analysts/Rob-Oliver/,Not found
Rob Wertheimer,9955,https://stockanalysis.com/analysts/Rob-Wertheimer/,Not found
Robert Bek,9955,https://stockanalysis.com/analysts/Robert-Bek/,Not found
Robert Cox,9955,https://stockanalysis.com/analysts/Robert-Cox/,Not found
Chris Kuntarich,9955,https://stockanalysis.com/analysts/Chris-Kuntarich/,Not found
Chris Mcgratty,9955,https://stockanalysis.com/analysts/Chris-Mcgratty/,Not found
Chris Merwin,9955,https://stockanalysis.com/analysts/Chris-Merwin/,Not found
Chris Raymond,9955,https://stockanalysis.com/analysts/Chris-Raymond/,Not found
Charles Duncan,9955,https://stockanalysis.com/analysts/Charles-Duncan/,Not found
Robert Mason,9955,https://stockanalysis.com/analysts/Robert-Mason/,Not found
Robert Mosca,9955,https://stockanalysis.com/analysts/Robert-Mosca/,Not found
Robert Napoli,9955,https://stockanalysis.com/analysts/Robert-Napoli/,Not found
Charles Zhou,9955,https://stockanalysis.com/analysts/Charles-Zhou/,Not found
Chi Fong,9955,https://stockanalysis.com/analysts/Chi-Fong/,Not found
Domingos Falavina,9955,https://stockanalysis.com/analysts/Domingos-Falavina/,Not found
Don Carducci,9955,https://stockanalysis.com/analysts/Don-Carducci/,Not found
Dori Kesten,9955,https://stockanalysis.com/analysts/Dori-Kesten/,Not found
Doug Harter,9955,https://stockanalysis.com/analysts/Doug-Harter/,Not found
Michael Tyndall,9955,https://stockanalysis.com/analysts/Michael-Tyndall/,Not found
Michael Walkley,9955,https://stockanalysis.com/analysts/Michael-Walkley/,Not found
Michael Weinstein,9955,https://stockanalysis.com/analysts/Michael-Weinstein/,Not found
Micheal Bellisario,9955,https://stockanalysis.com/analysts/Micheal-Bellisario/,Not found
Michelle Fang,9955,https://stockanalysis.com/analysts/Michelle-Fang/,Not found
Douglas Irwin,9955,https://stockanalysis.com/analysts/Douglas-Irwin/,Not found
Drew Chamberlain,9955,https://stockanalysis.com/analysts/Drew-Chamberlain/,Not found
Roy Buchanan,9955,https://stockanalysis.com/analysts/Roy-Buchanan/,Not found
Robin Farley,9955,https://stockanalysis.com/analysts/Robin-Farley/,Not found
Robyn Karnauskas,9955,https://stockanalysis.com/analysts/Robyn-Karnauskas/,Not found
Roger Read,9955,https://stockanalysis.com/analysts/Roger-Read/,Not found
Rohin Patel,9955,https://stockanalysis.com/analysts/Rohin-Patel/,Not found
Ronald J,9955,https://stockanalysis.com/analysts/Ronald-J/,Not found
Catherine Ramsey,9955,https://stockanalysis.com/analysts/Catherine-Ramsey/,Not found
Catherine Schulte,9955,https://stockanalysis.com/analysts/Catherine-Schulte/,Not found
Cecilia Furlong,9955,https://stockanalysis.com/analysts/Cecilia-Furlong/,Not found
Cerena Chen,9955,https://stockanalysis.com/analysts/Cerena-Chen/,Not found
Chad Bennett,9955,https://stockanalysis.com/analysts/Chad-Bennett/,Not found
Drew Ranieri,9955,https://stockanalysis.com/analysts/Drew-Ranieri/,Not found
Duane Pfenningwerth,9955,https://stockanalysis.com/analysts/Duane-Pfenningwerth/,Not found
Durgesh Chopra,9955,https://stockanalysis.com/analysts/Durgesh-Chopra/,Not found
Michael Perito,9955,https://stockanalysis.com/analysts/Michael-Perito/,Not found
Michael Phillips,9955,https://stockanalysis.com/analysts/Michael-Phillips/,Not found
Michael Schmitz,9955,https://stockanalysis.com/analysts/Michael-Schmitz/,Not found
Ed Yang,9955,https://stockanalysis.com/analysts/Ed-Yang/,Not found
Eddie Leung,9955,https://stockanalysis.com/analysts/Eddie-Leung/,Not found
Michael Jalonen,9955,https://stockanalysis.com/analysts/Michael-Jalonen/,Not found
Michael Kaye,9955,https://stockanalysis.com/analysts/Michael-Kaye/,Not found
Michael McGovern,9955,https://stockanalysis.com/analysts/Michael-McGovern/,Not found
Michael Minchak,9955,https://stockanalysis.com/analysts/Michael-Minchak/,Not found
Carlos De,9955,https://stockanalysis.com/analysts/Carlos-De/,Not found
Carly Kenselaar,9955,https://stockanalysis.com/analysts/Carly-Kenselaar/,Not found
Ronald Jewsikow,9955,https://stockanalysis.com/analysts/Ronald-Jewsikow/,Not found
Ross Gilardi,9955,https://stockanalysis.com/analysts/Ross-Gilardi/,Not found
Ross Muken,9955,https://stockanalysis.com/analysts/Ross-Muken/,Not found
Ross Osborn,9955,https://stockanalysis.com/analysts/Ross-Osborn/,Not found
Ross Smotrich,9955,https://stockanalysis.com/analysts/Ross-Smotrich/,Not found
Michael Harrison,9955,https://stockanalysis.com/analysts/Michael-Harrison/,Not found
Elizabeth Anderson,9955,https://stockanalysis.com/analysts/Elizabeth-Anderson/,Not found
Elizabeth Garcia,9955,https://stockanalysis.com/analysts/Elizabeth-Garcia/,Not found
Elizabeth Suzuki,9955,https://stockanalysis.com/analysts/Elizabeth-Suzuki/,Not found
Burrows Szczupak,9955,https://stockanalysis.com/analysts/Burrows-Szczupak/,Not found
C J,9955,https://stockanalysis.com/analysts/C-J/,Not found
Russell Quelch,9955,https://stockanalysis.com/analysts/Russell-Quelch/,Not found
Ryan Cooke,9955,https://stockanalysis.com/analysts/Ryan-Cooke/,Not found
Ryan Griffin,9955,https://stockanalysis.com/analysts/Ryan-Griffin/,Not found
Ryan Krieger,9955,https://stockanalysis.com/analysts/Ryan-Krieger/,Not found
Cameron Mansson,9955,https://stockanalysis.com/analysts/Cameron-Mansson/,Not found
Camille Bonnel,9955,https://stockanalysis.com/analysts/Camille-Bonnel/,Not found
Meyer Sheilds,9955,https://stockanalysis.com/analysts/Meyer-Sheilds/,Not found
Michael Albanses,9955,https://stockanalysis.com/analysts/Michael-Albanses/,Not found
Michael Carrier,9955,https://stockanalysis.com/analysts/Michael-Carrier/,Not found
Eric Beaumont,9955,https://stockanalysis.com/analysts/Eric-Beaumont/,Not found
Eric Des,9955,https://stockanalysis.com/analysts/Eric-Des/,Not found
Eric Schmidt,9955,https://stockanalysis.com/analysts/Eric-Schmidt/,Not found
Bryan Adams,9955,https://stockanalysis.com/analysts/Bryan-Adams/,Not found
Ryan Lynch,9955,https://stockanalysis.com/analysts/Ryan-Lynch/,Not found
Ryan McKeveny,9955,https://stockanalysis.com/analysts/Ryan-McKeveny/,Not found
Bryan Maher,9955,https://stockanalysis.com/analysts/Bryan-Maher/,Not found
Bryan Spillane,9955,https://stockanalysis.com/analysts/Bryan-Spillane/,Not found
Bryce Rowe,9955,https://stockanalysis.com/analysts/Bryce-Rowe/,Not found
Max Hopkins,9955,https://stockanalysis.com/analysts/Max-Hopkins/,Not found
Medhi Hosseini,9955,https://stockanalysis.com/analysts/Medhi-Hosseini/,Not found
Melanie Nunez,9955,https://stockanalysis.com/analysts/Melanie-Nunez/,Not found
Erin Wilson,9955,https://stockanalysis.com/analysts/Erin-Wilson/,Not found
Erwan Rambourg,9955,https://stockanalysis.com/analysts/Erwan-Rambourg/,Not found
Esme Pau,9955,https://stockanalysis.com/analysts/Esme-Pau/,Not found
Esther Rajavelu,9955,https://stockanalysis.com/analysts/Esther-Rajavelu/,Not found
Eun Yang,9955,https://stockanalysis.com/analysts/Eun-Yang/,Not found
Eva Fortea,9955,https://stockanalysis.com/analysts/Eva-Fortea/,Not found
Evan David,9955,https://stockanalysis.com/analysts/Evan-David/,Not found
Farooq Hamed,9955,https://stockanalysis.com/analysts/Farooq-Hamed/,Not found
Federico Merendi,9955,https://stockanalysis.com/analysts/Federico-Merendi/,Not found
Matthew Krueger,9955,https://stockanalysis.com/analysts/Matthew-Krueger/,Not found
Matthew McClintock,9955,https://stockanalysis.com/analysts/Matthew-McClintock/,Not found
Matthew McKellar,9955,https://stockanalysis.com/analysts/Matthew-McKellar/,Not found
Matthew Murphy,9955,https://stockanalysis.com/analysts/Matthew-Murphy/,Not found
Matthew Sheerin,9955,https://stockanalysis.com/analysts/Matthew-Sheerin/,Not found
Matthew Stanton,9955,https://stockanalysis.com/analysts/Matthew-Stanton/,Not found
Matthew Summerville,9955,https://stockanalysis.com/analysts/Matthew-Summerville/,Not found
Brian Lee,9955,https://stockanalysis.com/analysts/Brian-Lee/,Not found
Brian Martin,9955,https://stockanalysis.com/analysts/Brian-Martin/,Not found
Sabrina Abrams,9955,https://stockanalysis.com/analysts/Sabrina-Abrams/,Not found
Brock Vandervliet,9955,https://stockanalysis.com/analysts/Brock-Vandervliet/,Not found
Bruce Chan,9955,https://stockanalysis.com/analysts/Bruce-Chan/,Not found
Matthew Gillmor,9955,https://stockanalysis.com/analysts/Matthew-Gillmor/,Not found
Matthew Harrison,9955,https://stockanalysis.com/analysts/Matthew-Harrison/,Not found
Matthew Herrmann,9955,https://stockanalysis.com/analysts/Matthew-Herrmann/,Not found
Matthew Hewitt,9955,https://stockanalysis.com/analysts/Matthew-Hewitt/,Not found
Felicia Hendrix,9955,https://stockanalysis.com/analysts/Felicia-Hendrix/,Not found
Fernando Abdalla,9955,https://stockanalysis.com/analysts/Fernando-Abdalla/,Not found
Samuel Eisner,9955,https://stockanalysis.com/analysts/Samuel-Eisner/,Not found
Sanjeev Rana,9955,https://stockanalysis.com/analysts/Sanjeev-Rana/,Not found
Brett Simpson,9955,https://stockanalysis.com/analysts/Brett-Simpson/,Not found
Brian Brungardt,9955,https://stockanalysis.com/analysts/Brian-Brungardt/,Not found
Brian Butler,9955,https://stockanalysis.com/analysts/Brian-Butler/,Not found
Brian Fitzgerald,9955,https://stockanalysis.com/analysts/Brian-Fitzgerald/,Not found
Brian Flores,9955,https://stockanalysis.com/analysts/Brian-Flores/,Not found
Floris Van,9955,https://stockanalysis.com/analysts/Floris-Van/,Not found
Francisco Suarez,9955,https://stockanalysis.com/analysts/Francisco-Suarez/,Not found
Frank Lee,9955,https://stockanalysis.com/analysts/Frank-Lee/,Not found
Fu Lee,9955,https://stockanalysis.com/analysts/Fu-Lee/,Not found
Gabe Hajde,9955,https://stockanalysis.com/analysts/Gabe-Hajde/,Not found
Gabriel Moreen,9955,https://stockanalysis.com/analysts/Gabriel-Moreen/,Not found
Matt McGinley,9955,https://stockanalysis.com/analysts/Matt-McGinley/,Not found
Matt Niknam,9955,https://stockanalysis.com/analysts/Matt-Niknam/,Not found
Brandon King,9955,https://stockanalysis.com/analysts/Brandon-King/,Not found
Scott Ciccarelli,9955,https://stockanalysis.com/analysts/Scott-Ciccarelli/,Not found
Scott Fidel,9955,https://stockanalysis.com/analysts/Scott-Fidel/,Not found
Scott Marks,9955,https://stockanalysis.com/analysts/Scott-Marks/,Not found
Brent Bracelin,9955,https://stockanalysis.com/analysts/Brent-Bracelin/,Not found
Brent Dilts,9955,https://stockanalysis.com/analysts/Brent-Dilts/,Not found
Brent Navon,9955,https://stockanalysis.com/analysts/Brent-Navon/,Not found
Brett Feldman,9955,https://stockanalysis.com/analysts/Brett-Feldman/,Not found
Matt OBrien,9955,https://stockanalysis.com/analysts/Matt-OBrien/,Not found
Matt Venezia,9955,https://stockanalysis.com/analysts/Matt-Venezia/,Not found
Matt Breese,9955,https://stockanalysis.com/analysts/Matt-Breese/,Not found
Matt Farrell,9955,https://stockanalysis.com/analysts/Matt-Farrell/,Not found
Matt Howlett,9955,https://stockanalysis.com/analysts/Matt-Howlett/,Not found
Boris Van,9955,https://stockanalysis.com/analysts/Boris-Van/,Not found
Brad Canino,9955,https://stockanalysis.com/analysts/Brad-Canino/,Not found
Brad Capuzzi,9955,https://stockanalysis.com/analysts/Brad-Capuzzi/,Not found
Sean King,9955,https://stockanalysis.com/analysts/Sean-King/,Not found
Sean Lee,9955,https://stockanalysis.com/analysts/Sean-Lee/,Not found
Sean Meakim,9955,https://stockanalysis.com/analysts/Sean-Meakim/,Not found
Brad Sills,9955,https://stockanalysis.com/analysts/Brad-Sills/,Not found
Bradley Berning,9955,https://stockanalysis.com/analysts/Bradley-Berning/,Not found
Brady Gailey,9955,https://stockanalysis.com/analysts/Brady-Gailey/,Not found
Geoff Lowery,9955,https://stockanalysis.com/analysts/Geoff-Lowery/,Not found
George Bose,9955,https://stockanalysis.com/analysts/George-Bose/,Not found
Mark Purcell,9955,https://stockanalysis.com/analysts/Mark-Purcell/,Not found
Market Perform,9955,https://stockanalysis.com/analysts/Market-Perform/,Not found
George Farmer,9955,https://stockanalysis.com/analysts/George-Farmer/,Not found
George Galliers,9955,https://stockanalysis.com/analysts/George-Galliers/,Not found
George Wang,9955,https://stockanalysis.com/analysts/George-Wang/,Not found
Glenn Mattson,9955,https://stockanalysis.com/analysts/Glenn-Mattson/,Not found
Sean Wieland,9955,https://stockanalysis.com/analysts/Sean-Wieland/,Not found
Seth Gilbert,9955,https://stockanalysis.com/analysts/Seth-Gilbert/,Not found
Shagun Singh,9955,https://stockanalysis.com/analysts/Shagun-Singh/,Not found
Shane Brett,9955,https://stockanalysis.com/analysts/Shane-Brett/,Not found
Bob Drbul,9955,https://stockanalysis.com/analysts/Bob-Drbul/,Not found
Bob Jian,9955,https://stockanalysis.com/analysts/Bob-Jian/,Not found
Bobby Zolper,9955,https://stockanalysis.com/analysts/Bobby-Zolper/,Not found
Boonie Herzog,9955,https://stockanalysis.com/analysts/Boonie-Herzog/,Not found
Greg Harrison,9955,https://stockanalysis.com/analysts/Greg-Harrison/,Not found
Greg Lewis,9955,https://stockanalysis.com/analysts/Greg-Lewis/,Not found
Greg Miller,9955,https://stockanalysis.com/analysts/Greg-Miller/,Not found
Greg Pardy,9955,https://stockanalysis.com/analysts/Greg-Pardy/,Not found
Gregory Fraser,9955,https://stockanalysis.com/analysts/Gregory-Fraser/,Not found
Griffin Boss,9955,https://stockanalysis.com/analysts/Griffin-Boss/,Not found
MarK Shutley,9955,https://stockanalysis.com/analysts/MarK-Shutley/,Not found
Biju Perincheril,9955,https://stockanalysis.com/analysts/Biju-Perincheril/,Not found
Bill Chappell,9955,https://stockanalysis.com/analysts/Bill-Chappell/,Not found
Bill Katz,9955,https://stockanalysis.com/analysts/Bill-Katz/,Not found
Bill Maughan,9955,https://stockanalysis.com/analysts/Bill-Maughan/,Not found
Bin Kim,9955,https://stockanalysis.com/analysts/Bin-Kim/,Not found
Sheila McGrath,9955,https://stockanalysis.com/analysts/Sheila-McGrath/,Not found
Shiwen Li,9955,https://stockanalysis.com/analysts/Shiwen-Li/,Not found
Shneur Gershuni,9955,https://stockanalysis.com/analysts/Shneur-Gershuni/,Not found
Sidney Ho,9955,https://stockanalysis.com/analysts/Sidney-Ho/,Not found
Marcus Cole,9955,https://stockanalysis.com/analysts/Marcus-Cole/,Not found
Maria Thibault,9955,https://stockanalysis.com/analysts/Maria-Thibault/,Not found
Mariana Perez,9955,https://stockanalysis.com/analysts/Mariana-Perez/,Not found
Mariana Taddeo,9955,https://stockanalysis.com/analysts/Mariana-Taddeo/,Not found
Mario Lu,9955,https://stockanalysis.com/analysts/Mario-Lu/,Not found
Hamza Fodderwala,9955,https://stockanalysis.com/analysts/Hamza-Fodderwala/,Not found
Hans Mosesmann,9955,https://stockanalysis.com/analysts/Hans-Mosesmann/,Not found
Harmen Puri,9955,https://stockanalysis.com/analysts/Harmen-Puri/,Not found
Harold Goetsch,9955,https://stockanalysis.com/analysts/Harold-Goetsch/,Not found
Harry Read,9955,https://stockanalysis.com/analysts/Harry-Read/,Not found
Bert Subin,9955,https://stockanalysis.com/analysts/Bert-Subin/,Not found
Betsy Graseck,9955,https://stockanalysis.com/analysts/Betsy-Graseck/,Not found
Betty Jing,9955,https://stockanalysis.com/analysts/Betty-Jing/,Not found
Simon Flannery,9955,https://stockanalysis.com/analysts/Simon-Flannery/,Not found
Smedes Rose,9955,https://stockanalysis.com/analysts/Smedes-Rose/,Not found
Soe Naing,9955,https://stockanalysis.com/analysts/Soe-Naing/,Not found
Sorabh Daga,9955,https://stockanalysis.com/analysts/Sorabh-Daga/,Not found
Soumit Roy,9955,https://stockanalysis.com/analysts/Soumit-Roy/,Not found
Spiro Dounis,9955,https://stockanalysis.com/analysts/Spiro-Dounis/,Not found
Bhumi Kanabar,9955,https://stockanalysis.com/analysts/Bhumi-Kanabar/,Not found
Luiz Carvalho,9955,https://stockanalysis.com/analysts/Luiz-Carvalho/,Not found
Luke Lemoine,9955,https://stockanalysis.com/analysts/Luke-Lemoine/,Not found
Madhu Kumar,9955,https://stockanalysis.com/analysts/Madhu-Kumar/,Not found
Hartaj Singh,9955,https://stockanalysis.com/analysts/Hartaj-Singh/,Not found
Heather Balsky,9955,https://stockanalysis.com/analysts/Heather-Balsky/,Not found
Helfey Hannah,9955,https://stockanalysis.com/analysts/Helfey-Hannah/,Not found
Henry Meyer,9955,https://stockanalysis.com/analysts/Henry-Meyer/,Not found
Himanshu Gupta,9955,https://stockanalysis.com/analysts/Himanshu-Gupta/,Not found
Ben Miller,9955,https://stockanalysis.com/analysts/Ben-Miller/,Not found
Benjamin Black,9955,https://stockanalysis.com/analysts/Benjamin-Black/,Not found
Srini Pajjuir,9955,https://stockanalysis.com/analysts/Srini-Pajjuir/,Not found
Stan Zlotsky,9955,https://stockanalysis.com/analysts/Stan-Zlotsky/,Not found
Stanley Elliott,9955,https://stockanalysis.com/analysts/Stanley-Elliott/,Not found
Stephanie Davis,9955,https://stockanalysis.com/analysts/Stephanie-Davis/,Not found
Stephanie Grambling,9955,https://stockanalysis.com/analysts/Stephanie-Grambling/,Not found
Benjamin Gerlinger,9955,https://stockanalysis.com/analysts/Benjamin-Gerlinger/,Not found
Benjamin Haynor,9955,https://stockanalysis.com/analysts/Benjamin-Haynor/,Not found
Benjamin Miller,9955,https://stockanalysis.com/analysts/Benjamin-Miller/,Not found
Holly Stewart,9955,https://stockanalysis.com/analysts/Holly-Stewart/,Not found
Ian Macpherson,9955,https://stockanalysis.com/analysts/Ian-Macpherson/,Not found
Louise Singlehurst,9955,https://stockanalysis.com/analysts/Louise-Singlehurst/,Not found
Louthan IV,9955,https://stockanalysis.com/analysts/Louthan-IV/,Not found
Lucas Pipes,9955,https://stockanalysis.com/analysts/Lucas-Pipes/,Not found
Liisa Bayko,9955,https://stockanalysis.com/analysts/Liisa-Bayko/,Not found
Lili Nsongo,9955,https://stockanalysis.com/analysts/Lili-Nsongo/,Not found
Lisa Clive,9955,https://stockanalysis.com/analysts/Lisa-Clive/,Not found
Ian Moore,9955,https://stockanalysis.com/analysts/Ian-Moore/,Not found
JESALYN Wong,9955,https://stockanalysis.com/analysts/JESALYN-Wong/,Not found
Stephen Trent,9955,https://stockanalysis.com/analysts/Stephen-Trent/,Not found
Ati Modak,9955,https://stockanalysis.com/analysts/Ati-Modak/,Not found
Austin Dietz,9955,https://stockanalysis.com/analysts/Austin-Dietz/,Not found
Ben Chaiken,9955,https://stockanalysis.com/analysts/Ben-Chaiken/,Not found
Jack Cummins,9955,https://stockanalysis.com/analysts/Jack-Cummins/,Not found
Lawrence Biegelsen,9955,https://stockanalysis.com/analysts/Lawrence-Biegelsen/,Not found
Leandro Bastos,9955,https://stockanalysis.com/analysts/Leandro-Bastos/,Not found
Lee Krowl,9955,https://stockanalysis.com/analysts/Lee-Krowl/,Not found
Jack Vander,9955,https://stockanalysis.com/analysts/Jack-Vander/,Not found
Jacob Smith,9955,https://stockanalysis.com/analysts/Jacob-Smith/,Not found
Ashley Helgans,9955,https://stockanalysis.com/analysts/Ashley-Helgans/,Not found
Ashwin Shirvaikar,9955,https://stockanalysis.com/analysts/Ashwin-Shirvaikar/,Not found
Steve Brozak,9955,https://stockanalysis.com/analysts/Steve-Brozak/,Not found
Steve Koenig,9955,https://stockanalysis.com/analysts/Steve-Koenig/,Not found
Steve Powers,9955,https://stockanalysis.com/analysts/Steve-Powers/,Not found
Steve Seedhouse,9955,https://stockanalysis.com/analysts/Steve-Seedhouse/,Not found
Steve Silver,9955,https://stockanalysis.com/analysts/Steve-Silver/,Not found
Steve Valiquette,9955,https://stockanalysis.com/analysts/Steve-Valiquette/,Not found
Steve Wieczynski,9955,https://stockanalysis.com/analysts/Steve-Wieczynski/,Not found
Steven Alexoloulos,9955,https://stockanalysis.com/analysts/Steven-Alexoloulos/,Not found
James Callahan,9955,https://stockanalysis.com/analysts/James-Callahan/,Not found
Kyle Mikson,9955,https://stockanalysis.com/analysts/Kyle-Mikson/,Not found
Kyle Voigt,9955,https://stockanalysis.com/analysts/Kyle-Voigt/,Not found
Landon Park,9955,https://stockanalysis.com/analysts/Landon-Park/,Not found
Larry Solow,9955,https://stockanalysis.com/analysts/Larry-Solow/,Not found
Lauren Schenk,9955,https://stockanalysis.com/analysts/Lauren-Schenk/,Not found
James Fotheringham,9955,https://stockanalysis.com/analysts/James-Fotheringham/,Not found
James Goss,9955,https://stockanalysis.com/analysts/James-Goss/,Not found
Steven Cahill,9955,https://stockanalysis.com/analysts/Steven-Cahill/,Not found
Steven Enders,9955,https://stockanalysis.com/analysts/Steven-Enders/,Not found
Steven Frankel,9955,https://stockanalysis.com/analysts/Steven-Frankel/,Not found
Steven Madden,9955,https://stockanalysis.com/analysts/Steven-Madden/,Not found
Steven Sheeckutz,9955,https://stockanalysis.com/analysts/Steven-Sheeckutz/,Not found
Arnon Shirazi,9955,https://stockanalysis.com/analysts/Arnon-Shirazi/,Not found
Arthur He,9955,https://stockanalysis.com/analysts/Arthur-He/,Not found
Arthur Lai,9955,https://stockanalysis.com/analysts/Arthur-Lai/,Not found
James Heaney,9955,https://stockanalysis.com/analysts/James-Heaney/,Not found
Korinne Wolfmeyer,9955,https://stockanalysis.com/analysts/Korinne-Wolfmeyer/,Not found
Kosta Tasoulis,9955,https://stockanalysis.com/analysts/Kosta-Tasoulis/,Not found
James Sheehan,9955,https://stockanalysis.com/analysts/James-Sheehan/,Not found
Anne Meisner,9955,https://stockanalysis.com/analysts/Anne-Meisner/,Not found
Strong Buy,9955,https://stockanalysis.com/analysts/Strong-Buy/,Not found
Suji Desilva,9955,https://stockanalysis.com/analysts/Suji-Desilva/,Not found
Sung Ji,9955,https://stockanalysis.com/analysts/Sung-Ji/,Not found
Susy Tibaldi,9955,https://stockanalysis.com/analysts/Susy-Tibaldi/,Not found
Anthony Linton,9955,https://stockanalysis.com/analysts/Anthony-Linton/,Not found
Anthony Powell,9955,https://stockanalysis.com/analysts/Anthony-Powell/,Not found
Janco Venter,9955,https://stockanalysis.com/analysts/Janco-Venter/,Not found
Janice Quek,9955,https://stockanalysis.com/analysts/Janice-Quek/,Not found
Jared Dinges,9955,https://stockanalysis.com/analysts/Jared-Dinges/,Not found
Kevin Liu,9955,https://stockanalysis.com/analysts/Kevin-Liu/,Not found
Ki Bin,9955,https://stockanalysis.com/analysts/Ki-Bin/,Not found
Kieran De,9955,https://stockanalysis.com/analysts/Kieran-De/,Not found
Kimberly Greenberger,9955,https://stockanalysis.com/analysts/Kimberly-Greenberger/,Not found
Jason Bouvier,9955,https://stockanalysis.com/analysts/Jason-Bouvier/,Not found
Jason English,9955,https://stockanalysis.com/analysts/Jason-English/,Not found
André Uggedal,9955,empty,Not found
Andy Marok,9955,https://stockanalysis.com/analysts/Andy-Marok/,Not found
Andy Terrell,9955,https://stockanalysis.com/analysts/Andy-Terrell/,Not found
Andy Yu,9955,https://stockanalysis.com/analysts/Andy-Yu/,Not found
Tao Qiu,9955,https://stockanalysis.com/analysts/Tao-Qiu/,Not found
Taylor Morrison,9955,https://stockanalysis.com/analysts/Taylor-Morrison/,Not found
Taz Koujalgi,9955,https://stockanalysis.com/analysts/Taz-Koujalgi/,Not found
Tejas Savant,9955,https://stockanalysis.com/analysts/Tejas-Savant/,Not found
Jason Gursky,9955,https://stockanalysis.com/analysts/Jason-Gursky/,Not found
Jason Haas,9955,https://stockanalysis.com/analysts/Jason-Haas/,Not found
Kenneth Shiu,9955,https://stockanalysis.com/analysts/Kenneth-Shiu/,Not found
Kenneth Worthington,9955,https://stockanalysis.com/analysts/Kenneth-Worthington/,Not found
Kevin Barker,9955,https://stockanalysis.com/analysts/Kevin-Barker/,Not found
Kevin Fitzsimmons,9955,https://stockanalysis.com/analysts/Kevin-Fitzsimmons/,Not found
Jason Mills,9955,https://stockanalysis.com/analysts/Jason-Mills/,Not found
Andrew Mok,9955,https://stockanalysis.com/analysts/Andrew-Mok/,Not found
Andrew Rosivach,9955,https://stockanalysis.com/analysts/Andrew-Rosivach/,Not found
Andrew Schmidt,9955,https://stockanalysis.com/analysts/Andrew-Schmidt/,Not found
Terence Malone,9955,https://stockanalysis.com/analysts/Terence-Malone/,Not found
Thomas Burlton,9955,https://stockanalysis.com/analysts/Thomas-Burlton/,Not found
Thomas Catherwood,9955,https://stockanalysis.com/analysts/Thomas-Catherwood/,Not found
Andrew Uerkwitz,9955,https://stockanalysis.com/analysts/Andrew-Uerkwitz/,Not found
Andrew Wong,9955,https://stockanalysis.com/analysts/Andrew-Wong/,Not found
Jason Wittes,9955,https://stockanalysis.com/analysts/Jason-Wittes/,Not found
Javier Martinez,9955,https://stockanalysis.com/analysts/Javier-Martinez/,Not found
Kelly Shi,9955,https://stockanalysis.com/analysts/Kelly-Shi/,Not found
Ken Goldman,9955,https://stockanalysis.com/analysts/Ken-Goldman/,Not found
Ken Herbert,9955,https://stockanalysis.com/analysts/Ken-Herbert/,Not found
Ken Newman,9955,https://stockanalysis.com/analysts/Ken-Newman/,Not found
Ken Wong,9955,https://stockanalysis.com/analysts/Ken-Wong/,Not found
Jean Ann,9955,https://stockanalysis.com/analysts/Jean-Ann/,Not found
Jeff Adelson,9955,https://stockanalysis.com/analysts/Jeff-Adelson/,Not found
Andrew Carter,9955,https://stockanalysis.com/analysts/Andrew-Carter/,Not found
Andrew Jones,9955,https://stockanalysis.com/analysts/Andrew-Jones/,Not found
Tim Chiodo,9955,https://stockanalysis.com/analysts/Tim-Chiodo/,Not found
Tim Perz,9955,https://stockanalysis.com/analysts/Tim-Perz/,Not found
Andrew Madrid,9955,https://stockanalysis.com/analysts/Andrew-Madrid/,Not found
Jeff Cohen,9955,https://stockanalysis.com/analysts/Jeff-Cohen/,Not found
Jeff Garro,9955,https://stockanalysis.com/analysts/Jeff-Garro/,Not found
Jeff Hickey,9955,https://stockanalysis.com/analysts/Jeff-Hickey/,Not found
Katherine Griffin,9955,https://stockanalysis.com/analysts/Katherine-Griffin/,Not found
Katie Fleischer,9955,https://stockanalysis.com/analysts/Katie-Fleischer/,Not found
Keegan Carl,9955,https://stockanalysis.com/analysts/Keegan-Carl/,Not found
Jeff Kessler,9955,https://stockanalysis.com/analysts/Jeff-Kessler/,Not found
Jeff Van,9955,https://stockanalysis.com/analysts/Jeff-Van/,Not found
Jefferey Hammond,9955,https://stockanalysis.com/analysts/Jefferey-Hammond/,Not found
Jefferson Harralson,9955,https://stockanalysis.com/analysts/Jefferson-Harralson/,Not found
Andrea Teixeira,9955,https://stockanalysis.com/analysts/Andrea-Teixeira/,Not found
Andreas Sheppard,9955,https://stockanalysis.com/analysts/Andreas-Sheppard/,Not found
Andres Maldonado,9955,https://stockanalysis.com/analysts/Andres-Maldonado/,Not found
Tim Thein,9955,https://stockanalysis.com/analysts/Tim-Thein/,Not found
Timothy Switzer,9955,https://stockanalysis.com/analysts/Timothy-Switzer/,Not found
Andrew Baum,9955,https://stockanalysis.com/analysts/Andrew-Baum/,Not found
Andrew Bowler,9955,https://stockanalysis.com/analysts/Andrew-Bowler/,Not found
Jeffery Harte,9955,https://stockanalysis.com/analysts/Jeffery-Harte/,Not found
Jeffrey Bernstein,9955,https://stockanalysis.com/analysts/Jeffrey-Bernstein/,Not found
Jeffrey Hung,9955,https://stockanalysis.com/analysts/Jeffrey-Hung/,Not found
Jeffrey Lick,9955,https://stockanalysis.com/analysts/Jeffrey-Lick/,Not found
Kaio Prato,9955,https://stockanalysis.com/analysts/Kaio-Prato/,Not found
Karol Chmiel,9955,https://stockanalysis.com/analysts/Karol-Chmiel/,Not found
Kartik Mehta,9955,https://stockanalysis.com/analysts/Kartik-Mehta/,Not found
Jeffrey Osborne,9955,https://stockanalysis.com/analysts/Jeffrey-Osborne/,Not found
Jeffrey Reive,9955,https://stockanalysis.com/analysts/Jeffrey-Reive/,Not found
Jeffrey Rulis,9955,https://stockanalysis.com/analysts/Jeffrey-Rulis/,Not found
Todd Weller,9955,https://stockanalysis.com/analysts/Todd-Weller/,Not found
Tom Fitzgerald,9955,https://stockanalysis.com/analysts/Tom-Fitzgerald/,Not found
Tom Hayes,9955,https://stockanalysis.com/analysts/Tom-Hayes/,Not found
Tom McGovern,9955,https://stockanalysis.com/analysts/Tom-McGovern/,Not found
Tom O Malley,9955,https://stockanalysis.com/analysts/Tom-O-Malley/,Not found
Tom Stephan,9955,https://stockanalysis.com/analysts/Tom-Stephan/,Not found
Tommy McJoynt,9955,https://stockanalysis.com/analysts/Tommy-McJoynt/,Not found
Andre Uggedal,9955,https://stockanalysis.com/analysts/Andre-Uggedal/,Not found
Jeffrey Zekaukas,9955,https://stockanalysis.com/analysts/Jeffrey-Zekaukas/,Not found
Jennifer Demba,9955,https://stockanalysis.com/analysts/Jennifer-Demba/,Not found
Jennifer Swanson,9955,https://stockanalysis.com/analysts/Jennifer-Swanson/,Not found
Jesse Sobelson,9955,https://stockanalysis.com/analysts/Jesse-Sobelson/,Not found
Juan Sanabria,9955,https://stockanalysis.com/analysts/Juan-Sanabria/,Not found
Jessica Ehrlich,9955,https://stockanalysis.com/analysts/Jessica-Ehrlich/,Not found
Jessica Reif,9955,https://stockanalysis.com/analysts/Jessica-Reif/,Not found
Jim Duffy,9955,https://stockanalysis.com/analysts/Jim-Duffy/,Not found
Jimmy Yoon,9955,https://stockanalysis.com/analysts/Jimmy-Yoon/,Not found
Jin Yoon,9955,https://stockanalysis.com/analysts/Jin-Yoon/,Not found
Joao Pedro,9955,https://stockanalysis.com/analysts/Joao-Pedro/,Not found
Josh Schimmer,9955,https://stockanalysis.com/analysts/Josh-Schimmer/,Not found
Joshua Dennerlein,9955,https://stockanalysis.com/analysts/Joshua-Dennerlein/,Not found
Joshua Jennings,9955,https://stockanalysis.com/analysts/Joshua-Jennings/,Not found
Joe Giordano,9955,https://stockanalysis.com/analysts/Joe-Giordano/,Not found
Joe Goodwin,9955,https://stockanalysis.com/analysts/Joe-Goodwin/,Not found
Toni Sacconaghi,9955,https://stockanalysis.com/analysts/Toni-Sacconaghi/,Not found
Tony DiMatteo,9955,https://stockanalysis.com/analysts/Tony-DiMatteo/,Not found
Toshiya Hari,9955,https://stockanalysis.com/analysts/Toshiya-Hari/,Not found
Trevor Walsh,9955,https://stockanalysis.com/analysts/Trevor-Walsh/,Not found
Ally Yseen,9955,https://stockanalysis.com/analysts/Ally-Yseen/,Not found
Amanda Sweitzer,9955,https://stockanalysis.com/analysts/Amanda-Sweitzer/,Not found
Alexia Howard,9955,https://stockanalysis.com/analysts/Alexia-Howard/,Not found
Ali Faghri,9955,https://stockanalysis.com/analysts/Ali-Faghri/,Not found
Alice Xiao,9955,https://stockanalysis.com/analysts/Alice-Xiao/,Not found
Tsin Huang,9955,https://stockanalysis.com/analysts/Tsin-Huang/,Not found
Tyler Brown,9955,https://stockanalysis.com/analysts/Tyler-Brown/,Not found
Van Sinderen,9955,https://stockanalysis.com/analysts/Van-Sinderen/,Not found
Joe Meares,9955,https://stockanalysis.com/analysts/Joe-Meares/,Not found
Joe Quatrochi,9955,https://stockanalysis.com/analysts/Joe-Quatrochi/,Not found
Joe Reagor,9955,https://stockanalysis.com/analysts/Joe-Reagor/,Not found
Joe Vruwink,9955,https://stockanalysis.com/analysts/Joe-Vruwink/,Not found
Joel Beatty,9955,https://stockanalysis.com/analysts/Joel-Beatty/,Not found
Joel Fishbein,9955,https://stockanalysis.com/analysts/Joel-Fishbein/,Not found
Joel Lederman,9955,https://stockanalysis.com/analysts/Joel-Lederman/,Not found
Joseph Feldman,9955,https://stockanalysis.com/analysts/Joseph-Feldman/,Not found
Joseph Grabowski,9955,https://stockanalysis.com/analysts/Joseph-Grabowski/,Not found
John Edelman,9955,https://stockanalysis.com/analysts/John-Edelman/,Not found
John Egbert,9955,https://stockanalysis.com/analysts/John-Egbert/,Not found
Alexander Platt,9955,https://stockanalysis.com/analysts/Alexander-Platt/,Not found
Vikram Malhorta,9955,https://stockanalysis.com/analysts/Vikram-Malhorta/,Not found
Vikram Purohit,9955,https://stockanalysis.com/analysts/Vikram-Purohit/,Not found
Vilas Abraham,9955,https://stockanalysis.com/analysts/Vilas-Abraham/,Not found
Vincent Ciantic,9955,https://stockanalysis.com/analysts/Vincent-Ciantic/,Not found
Alexander Waters,9955,https://stockanalysis.com/analysts/Alexander-Waters/,Not found
Alexandra Steiger,9955,https://stockanalysis.com/analysts/Alexandra-Steiger/,Not found
John Gibson,9955,https://stockanalysis.com/analysts/John-Gibson/,Not found
John Glass,9955,https://stockanalysis.com/analysts/John-Glass/,Not found
Jonathan Siegmann,9955,https://stockanalysis.com/analysts/Jonathan-Siegmann/,Not found
Jordan Boretz,9955,https://stockanalysis.com/analysts/Jordan-Boretz/,Not found
Jorg Friedemann,9955,https://stockanalysis.com/analysts/Jorg-Friedemann/,Not found
John McDonald,9955,https://stockanalysis.com/analysts/John-McDonald/,Not found
John Murphy,9955,https://stockanalysis.com/analysts/John-Murphy/,Not found
John Nadel,9955,https://stockanalysis.com/analysts/John-Nadel/,Not found
John Roberts,9955,https://stockanalysis.com/analysts/John-Roberts/,Not found
Vitor Tomita,9955,https://stockanalysis.com/analysts/Vitor-Tomita/,Not found
Vivien Azer,9955,https://stockanalysis.com/analysts/Vivien-Azer/,Not found
Vladimir Bystricky,9955,https://stockanalysis.com/analysts/Vladimir-Bystricky/,Not found
Wei Xiong,9955,https://stockanalysis.com/analysts/Wei-Xiong/,Not found
Weng Chen,9955,https://stockanalysis.com/analysts/Weng-Chen/,Not found
Wesley Golladay,9955,https://stockanalysis.com/analysts/Wesley-Golladay/,Not found
Alex Stranahan,9955,https://stockanalysis.com/analysts/Alex-Stranahan/,Not found
Alex Straton,9955,https://stockanalysis.com/analysts/Alex-Straton/,Not found
Alex Thompson,9955,https://stockanalysis.com/analysts/Alex-Thompson/,Not found
Alex Goldfarb,9955,https://stockanalysis.com/analysts/Alex-Goldfarb/,Not found
Alex Haissl,9955,https://stockanalysis.com/analysts/Alex-Haissl/,Not found
Alex Nowark,9955,https://stockanalysis.com/analysts/Alex-Nowark/,Not found
Alex Perry,9955,https://stockanalysis.com/analysts/Alex-Perry/,Not found
Alex Potter,9955,https://stockanalysis.com/analysts/Alex-Potter/,Not found
Weston Bloomer,9955,https://stockanalysis.com/analysts/Weston-Bloomer/,Not found
William Crow,9955,https://stockanalysis.com/analysts/William-Crow/,Not found
William Jellison,9955,https://stockanalysis.com/analysts/William-Jellison/,Not found
William Kirk,9955,https://stockanalysis.com/analysts/William-Kirk/,Not found
Vincent Sinisi,9955,https://stockanalysis.com/analysts/Vincent-Sinisi/,Not found
John Rogers,9955,https://stockanalysis.com/analysts/John-Rogers/,Not found
Jonathan Bock,9955,https://stockanalysis.com/analysts/Jonathan-Bock/,Not found
Jonathan Brandt,9955,https://stockanalysis.com/analysts/Jonathan-Brandt/,Not found
Jonathan Hughes,9955,https://stockanalysis.com/analysts/Jonathan-Hughes/,Not found
Jonathan Lee,9955,https://stockanalysis.com/analysts/Jonathan-Lee/,Not found
Jonathan Reeder,9955,https://stockanalysis.com/analysts/Jonathan-Reeder/,Not found
John Rowan,9955,https://stockanalysis.com/analysts/John-Rowan/,Not found
John Sourbeer,9955,https://stockanalysis.com/analysts/John-Sourbeer/,Not found
John Te,9955,https://stockanalysis.com/analysts/John-Te/,Not found
John Wilkin,9955,https://stockanalysis.com/analysts/John-Wilkin/,Not found
John Young,9955,https://stockanalysis.com/analysts/John-Young/,Not found
Jon Young,9955,https://stockanalysis.com/analysts/Jon-Young/,Not found
del Valle,9955,https://stockanalysis.com/analysts/del-Valle/,Not found
Adam Samuelson,9955,https://stockanalysis.com/analysts/Adam-Samuelson/,Not found
lvan Tuerkcan,9955,https://stockanalysis.com/analysts/lvan-Tuerkcan/,Not found
Zixiao Yang,9955,https://stockanalysis.com/analysts/Zixiao-Yang/,Not found
de Angele,9955,https://stockanalysis.com/analysts/de-Angele/,Not found
