Analyst name,Ranking,URL,Last update
Asiya Merchant,2,https://stockanalysis.com/analysts/Asiya-Merchant/,20 Aug 2026
Timothy Arcuri,5,https://stockanalysis.com/analysts/Timothy-Arcuri/,20 Aug 2026
Justin Jenkins,6,https://stockanalysis.com/analysts/Justin-Jenkins/,11 Aug 2026
Samik Chatterjee,7,https://stockanalysis.com/analysts/Samik-Chatterjee/,21 Aug 2026
Atif Malik,8,https://stockanalysis.com/analysts/Atif-Malik/,21 Aug 2026
Michael Siperco,9,https://stockanalysis.com/analysts/Michael-Siperco/,10 Dec 2025
Harsh Kumar,10,https://stockanalysis.com/analysts/Harsh-Kumar/,26 Feb 2026
Aaron Rakers,11,https://stockanalysis.com/analysts/Aaron-Rakers/,20 Aug 2026
Vijay Rakesh,12,https://stockanalysis.com/analysts/Vijay-Rakesh/,21 Aug 2026
Richard Shannon,13,https://stockanalysis.com/analysts/Richard-Shannon/,20 Aug 2026
Jeremy Hoy,14,https://stockanalysis.com/analysts/Jeremy-Hoy/,11 Aug 2026
Matt Bryson,15,https://stockanalysis.com/analysts/Matt-Bryson/,21 Aug 2026
Chris Hallam,18,https://stockanalysis.com/analysts/Chris-Hallam/,13 Aug 2026
William Stein,19,https://stockanalysis.com/analysts/William-Stein/,20 Aug 2026
Josh Wolfson,20,https://stockanalysis.com/analysts/Josh-Wolfson/,17 Aug 2026
Ebrahim Poonawala,21,https://stockanalysis.com/analysts/Ebrahim-Poonawala/,20 Aug 2026
Theresa Chen,22,https://stockanalysis.com/analysts/Theresa-Chen/,19 Aug 2026
Dan Payne,23,https://stockanalysis.com/analysts/Dan-Payne/,07 Aug 2026
Josh Sullivan,24,https://stockanalysis.com/analysts/Josh-Sullivan/,15 Jul 2026
Harlan Sur,25,https://stockanalysis.com/analysts/Harlan-Sur/,20 Aug 2026
Krish Sankar,26,https://stockanalysis.com/analysts/Krish-Sankar/,14 Aug 2026
Heiko Ihle,27,https://stockanalysis.com/analysts/Heiko-Ihle/,21 Aug 2026
Amit Daryanani,28,https://stockanalysis.com/analysts/Amit-Daryanani/,19 Aug 2026
Rick Schafer,29,https://stockanalysis.com/analysts/Rick-Schafer/,21 Aug 2026
Ruben Roy,31,https://stockanalysis.com/analysts/Ruben-Roy/,19 Aug 2026
Brian MacArthur,32,https://stockanalysis.com/analysts/Brian-MacArthur/,23 Jul 2026
Mark Lipacis,33,https://stockanalysis.com/analysts/Mark-Lipacis/,12 Aug 2026
John Freeman,34,https://stockanalysis.com/analysts/John-Freeman/,31 Jul 2026
Jim Kelleher,35,https://stockanalysis.com/analysts/Jim-Kelleher/,18 Aug 2026
Quinn Bolton,36,https://stockanalysis.com/analysts/Quinn-Bolton/,20 Aug 2026
Wamsi Mohan,37,https://stockanalysis.com/analysts/Wamsi-Mohan/,20 Aug 2026
Mark Miller,40,https://stockanalysis.com/analysts/Mark-Miller/,15 Jan 2026
Eric Winmill,44,https://stockanalysis.com/analysts/Eric-Winmill/,19 Aug 2026
Leo Mariani,51,https://stockanalysis.com/analysts/Leo-Mariani/,21 Aug 2026
Carey Macrury,52,https://stockanalysis.com/analysts/Carey-Macrury/,06 Jul 2026
Brent Thielman,53,https://stockanalysis.com/analysts/Brent-Thielman/,21 Aug 2026
Devin Ryan,55,https://stockanalysis.com/analysts/Devin-Ryan/,11 Aug 2026
Blayne Curtis,56,https://stockanalysis.com/analysts/Blayne-Curtis/,21 Aug 2026
David Risinger,57,https://stockanalysis.com/analysts/David-Risinger/,18 Aug 2026
Patrick Trucchio,59,https://stockanalysis.com/analysts/Patrick-Trucchio/,21 Aug 2026
Christopher Rolland,60,https://stockanalysis.com/analysts/Christopher-Rolland/,20 Aug 2026
Thomas Smith,61,https://stockanalysis.com/analysts/Thomas-Smith/,04 Aug 2026
Ritu Baral,62,https://stockanalysis.com/analysts/Ritu-Baral/,17 Aug 2026
Julian Harrison,63,https://stockanalysis.com/analysts/Julian-Harrison/,20 Aug 2026
Sam Slutsky,64,https://stockanalysis.com/analysts/Sam-Slutsky/,19 Aug 2026
Gary Tenner,68,https://stockanalysis.com/analysts/Gary-Tenner/,31 Jul 2026
Faisal Khurshid,69,https://stockanalysis.com/analysts/Faisal-Khurshid/,18 Aug 2026
Kian Abouhossein,70,https://stockanalysis.com/analysts/Kian-Abouhossein/,18 Aug 2026
Selman Akyol,72,https://stockanalysis.com/analysts/Selman-Akyol/,07 Aug 2026
Mark Hughes,73,https://stockanalysis.com/analysts/Mark-Hughes/,20 Aug 2026
Mike Mayo,74,https://stockanalysis.com/analysts/Mike-Mayo/,19 Aug 2026
Gautam Khanna,75,https://stockanalysis.com/analysts/Gautam-Khanna/,19 Aug 2026
Cody Acree,76,https://stockanalysis.com/analysts/Cody-Acree/,21 Aug 2026
Jason Seidl,78,https://stockanalysis.com/analysts/Jason-Seidl/,07 Aug 2026
Moshe Orenbuch,79,https://stockanalysis.com/analysts/Moshe-Orenbuch/,19 Aug 2026
Keith Mackey,80,https://stockanalysis.com/analysts/Keith-Mackey/,17 Aug 2026
Myles Minter,81,https://stockanalysis.com/analysts/Myles-Minter/,20 Aug 2026
Richard Hatch,82,https://stockanalysis.com/analysts/Richard-Hatch/,20 Aug 2026
Michael Ciarmoli,83,https://stockanalysis.com/analysts/Michael-Ciarmoli/,20 Aug 2026
Etzer Darout,84,https://stockanalysis.com/analysts/Etzer-Darout/,20 Aug 2026
Chase Knickerbocker,85,https://stockanalysis.com/analysts/Chase-Knickerbocker/,18 Aug 2026
Christian Schwab,86,https://stockanalysis.com/analysts/Christian-Schwab/,14 Aug 2026
Joon Lee,87,https://stockanalysis.com/analysts/Joon-Lee/,17 Mar 2026
Ami Fadia,88,https://stockanalysis.com/analysts/Ami-Fadia/,14 Aug 2026
Kevin Cassidy,89,https://stockanalysis.com/analysts/Kevin-Cassidy/,19 Aug 2026
Tim Savageaux,90,https://stockanalysis.com/analysts/Tim-Savageaux/,19 Aug 2026
Andres Coello,92,https://stockanalysis.com/analysts/Andres-Coello/,07 Aug 2026
Bill Papanastasiou,94,https://stockanalysis.com/analysts/Bill-Papanastasiou/,11 Aug 2026
Patrick Moley,96,https://stockanalysis.com/analysts/Patrick-Moley/,20 Aug 2026
Bose George,97,https://stockanalysis.com/analysts/Bose-George/,17 Aug 2026
Shrenik Kothari,98,https://stockanalysis.com/analysts/Shrenik-Kothari/,23 Aug 2026
Sanjay Sakhrani,99,https://stockanalysis.com/analysts/Sanjay-Sakhrani/,21 Aug 2026
Ross Seymore,100,https://stockanalysis.com/analysts/Ross-Seymore/,29 Jun 2026
Daniel Fannon,102,https://stockanalysis.com/analysts/Daniel-Fannon/,18 Aug 2026
Walter Spracklin,103,https://stockanalysis.com/analysts/Walter-Spracklin/,11 Aug 2026
Brian Chin,104,https://stockanalysis.com/analysts/Brian-Chin/,14 Aug 2026
Patrick Brown,105,https://stockanalysis.com/analysts/Patrick-Brown/,20 Aug 2026
Charles Minervino,106,https://stockanalysis.com/analysts/Charles-Minervino/,14 Aug 2026
Seamus Fernandez,107,https://stockanalysis.com/analysts/Seamus-Fernandez/,19 Aug 2026
Andrew Kaplowitz,108,https://stockanalysis.com/analysts/Andrew-Kaplowitz/,12 Aug 2026
Chris Caso,110,https://stockanalysis.com/analysts/Chris-Caso/,04 Aug 2026
Mehdi Hosseini,111,https://stockanalysis.com/analysts/Mehdi-Hosseini/,19 Aug 2026
Mike Colonnese,112,https://stockanalysis.com/analysts/Mike-Colonnese/,21 Aug 2026
Yaron Werber,113,https://stockanalysis.com/analysts/Yaron-Werber/,19 Aug 2026
John Todaro,114,https://stockanalysis.com/analysts/John-Todaro/,18 Aug 2026
Craig Ellis,115,https://stockanalysis.com/analysts/Craig-Ellis/,20 Aug 2026
Mark Newman,117,https://stockanalysis.com/analysts/Mark-Newman/,17 Aug 2026
Srini Pajjuri,119,https://stockanalysis.com/analysts/Srini-Pajjuri/,20 Aug 2026
Ariel Rosa,120,https://stockanalysis.com/analysts/Ariel-Rosa/,10 Aug 2026
Phil Hardie,122,https://stockanalysis.com/analysts/Phil-Hardie/,07 Aug 2026
Alexander Blostein,123,https://stockanalysis.com/analysts/Alexander-Blostein/,18 Aug 2026
Paul Newsome,124,https://stockanalysis.com/analysts/Paul-Newsome/,17 Aug 2026
Gerard Cassidy,126,https://stockanalysis.com/analysts/Gerard-Cassidy/,12 Aug 2026
Stacy Rasgon,128,https://stockanalysis.com/analysts/Stacy-Rasgon/,20 Aug 2026
Craig Stanley,129,https://stockanalysis.com/analysts/Craig-Stanley/,07 Aug 2026
Justin Post,130,https://stockanalysis.com/analysts/Justin-Post/,18 Aug 2026
Dave Kang,131,https://stockanalysis.com/analysts/Dave-Kang/,18 Aug 2026
Jonathan Ruykhaver,132,https://stockanalysis.com/analysts/Jonathan-Ruykhaver/,20 Aug 2026
Sam Crittenden,133,https://stockanalysis.com/analysts/Sam-Crittenden/,17 Aug 2026
Brian Quast,134,https://stockanalysis.com/analysts/Brian-Quast/,19 Aug 2026
John Vinh,136,https://stockanalysis.com/analysts/John-Vinh/,07 Aug 2026
Simon Leopold,137,https://stockanalysis.com/analysts/Simon-Leopold/,11 Aug 2026
Michael Schmidt,138,https://stockanalysis.com/analysts/Michael-Schmidt/,14 Aug 2026
Tore Svanberg,140,https://stockanalysis.com/analysts/Tore-Svanberg/,20 Aug 2026
Tristan Gerra,141,https://stockanalysis.com/analysts/Tristan-Gerra/,06 Aug 2026
Robert Brown,142,https://stockanalysis.com/analysts/Robert-Brown/,21 Aug 2026
Martin Fan,143,https://stockanalysis.com/analysts/Martin-Fan/,18 Aug 2026
David Konrad,145,https://stockanalysis.com/analysts/David-Konrad/,21 Aug 2026
Brian Brophy,147,https://stockanalysis.com/analysts/Brian-Brophy/,13 Aug 2026
Meyer Shields,149,https://stockanalysis.com/analysts/Meyer-Shields/,21 Aug 2026
Manav Gupta,150,https://stockanalysis.com/analysts/Manav-Gupta/,19 Aug 2026
Debanjana Chatterjee,151,https://stockanalysis.com/analysts/Debanjana-Chatterjee/,21 Aug 2026
Chris Kotowski,152,https://stockanalysis.com/analysts/Chris-Kotowski/,11 Aug 2026
Scott Hanold,153,https://stockanalysis.com/analysts/Scott-Hanold/,21 Aug 2026
Jamie Cook,154,https://stockanalysis.com/analysts/Jamie-Cook/,20 Aug 2026
Jonathan Chappell,156,https://stockanalysis.com/analysts/Jonathan-Chappell/,30 Jul 2026
Steve Barger,157,https://stockanalysis.com/analysts/Steve-Barger/,14 Aug 2026
Srikripa Devarakonda,158,https://stockanalysis.com/analysts/Srikripa-Devarakonda/,18 Aug 2026
Jason Gerberry,159,https://stockanalysis.com/analysts/Jason-Gerberry/,21 Aug 2026
Yatin Suneja,160,https://stockanalysis.com/analysts/Yatin-Suneja/,14 Aug 2026
David Williams,161,https://stockanalysis.com/analysts/David-Williams/,14 Aug 2026
Douglas Tsao,162,https://stockanalysis.com/analysts/Douglas-Tsao/,18 Aug 2026
James Ricchiuti,163,https://stockanalysis.com/analysts/James-Ricchiuti/,21 Aug 2026
Edward Nash,164,https://stockanalysis.com/analysts/Edward-Nash/,17 Aug 2026
Joseph Schwartz,166,https://stockanalysis.com/analysts/Joseph-Schwartz/,27 Jul 2026
Yasmeen Rahimi,167,https://stockanalysis.com/analysts/Yasmeen-Rahimi/,20 Aug 2026
Damon Delmonte,170,https://stockanalysis.com/analysts/Damon-Delmonte/,21 Aug 2026
Subbu Nambi,171,https://stockanalysis.com/analysts/Subbu-Nambi/,20 Aug 2026
Sam Margolin,173,https://stockanalysis.com/analysts/Sam-Margolin/,13 Aug 2026
Erik Rasmussen,174,https://stockanalysis.com/analysts/Erik-Rasmussen/,13 Aug 2026
Jason Goldberg,178,https://stockanalysis.com/analysts/Jason-Goldberg/,10 Aug 2026
Nathan Jones,179,https://stockanalysis.com/analysts/Nathan-Jones/,20 Aug 2026
Elvira Scotto,180,https://stockanalysis.com/analysts/Elvira-Scotto/,21 Aug 2026
Stephen Volkmann,181,https://stockanalysis.com/analysts/Stephen-Volkmann/,20 Aug 2026
Joshua Buchalter,182,https://stockanalysis.com/analysts/Joshua-Buchalter/,20 Aug 2026
Leonid Timashev,183,https://stockanalysis.com/analysts/Leonid-Timashev/,14 Aug 2026
Lloyd Walmsley,184,https://stockanalysis.com/analysts/Lloyd-Walmsley/,17 Aug 2026
Rob Owens,186,https://stockanalysis.com/analysts/Rob-Owens/,12 Aug 2026
Orest Wowkodaw,187,https://stockanalysis.com/analysts/Orest-Wowkodaw/,19 Aug 2026
Joseph Moore,188,https://stockanalysis.com/analysts/Joseph-Moore/,20 Aug 2026
Nehal Chokshi,190,https://stockanalysis.com/analysts/Nehal-Chokshi/,21 Aug 2026
Gregory Lewis,191,https://stockanalysis.com/analysts/Gregory-Lewis/,18 Aug 2026
Joseph Pantginis,192,https://stockanalysis.com/analysts/Joseph-Pantginis/,17 Aug 2026
Alex Platt,193,https://stockanalysis.com/analysts/Alex-Platt/,18 May 2026
Keith Horowitz,196,https://stockanalysis.com/analysts/Keith-Horowitz/,08 May 2026
Brett Huff,197,https://stockanalysis.com/analysts/Brett-Huff/,11 Aug 2026
Kelsey Goodwin,198,https://stockanalysis.com/analysts/Kelsey-Goodwin/,20 Aug 2026
Charles Zhu,202,https://stockanalysis.com/analysts/Charles-Zhu/,19 Aug 2026
Allison Bratzel,205,https://stockanalysis.com/analysts/Allison-Bratzel/,19 Aug 2026
Fadi Chamoun,206,https://stockanalysis.com/analysts/Fadi-Chamoun/,21 Aug 2026
Doug Schenkel,207,https://stockanalysis.com/analysts/Doug-Schenkel/,10 Dec 2025
Andrew Obin,210,https://stockanalysis.com/analysts/Andrew-Obin/,19 Aug 2026
Peter Arment,211,https://stockanalysis.com/analysts/Peter-Arment/,19 Aug 2026
Alexander Paris,213,https://stockanalysis.com/analysts/Alexander-Paris/,12 Aug 2026
Mark Delaney,214,https://stockanalysis.com/analysts/Mark-Delaney/,19 Aug 2026
Ronald Epstein,215,https://stockanalysis.com/analysts/Ronald-Epstein/,21 Aug 2026
Cory Kasimov,216,https://stockanalysis.com/analysts/Cory-Kasimov/,17 Aug 2026
Andrew Fein,218,https://stockanalysis.com/analysts/Andrew-Fein/,21 Aug 2026
Robert Burns,219,https://stockanalysis.com/analysts/Robert-Burns/,21 Aug 2026
George Sutton,220,https://stockanalysis.com/analysts/George-Sutton/,20 Aug 2026
Colin Rusch,221,https://stockanalysis.com/analysts/Colin-Rusch/,13 Aug 2026
Wood Lay,222,https://stockanalysis.com/analysts/Wood-Lay/,19 Aug 2026
Andrew Coombs,224,https://stockanalysis.com/analysts/Andrew-Coombs/,04 Aug 2026
Rudy Li,226,https://stockanalysis.com/analysts/Rudy-Li/,11 Aug 2026
Brian Meredith,227,https://stockanalysis.com/analysts/Brian-Meredith/,17 Aug 2026
Christopher McGratty,228,https://stockanalysis.com/analysts/Christopher-McGratty/,05 Aug 2026
Daniel Major,229,https://stockanalysis.com/analysts/Daniel-Major/,14 Aug 2026
Raj Ray,232,https://stockanalysis.com/analysts/Raj-Ray/,17 Aug 2026
Andrew Percoco,235,https://stockanalysis.com/analysts/Andrew-Percoco/,20 Aug 2026
Frederic Bastien,237,https://stockanalysis.com/analysts/Frederic-Bastien/,10 Aug 2026
Noah Kaye,238,https://stockanalysis.com/analysts/Noah-Kaye/,14 Aug 2026
Brian Bedell,239,https://stockanalysis.com/analysts/Brian-Bedell/,19 Aug 2026
Cosmos Chiu,240,https://stockanalysis.com/analysts/Cosmos-Chiu/,14 Aug 2026
Rami Katkhuda,241,https://stockanalysis.com/analysts/Rami-Katkhuda/,22 Aug 2026
Derek Archila,242,https://stockanalysis.com/analysts/Derek-Archila/,17 Aug 2026
Vivek Arya,243,https://stockanalysis.com/analysts/Vivek-Arya/,20 Aug 2026
Sebastien Naji,246,https://stockanalysis.com/analysts/Sebastien-Naji/,19 Aug 2026
Christopher Allen,248,https://stockanalysis.com/analysts/Christopher-Allen/,13 Aug 2026
Levi Spry,250,https://stockanalysis.com/analysts/Levi-Spry/,23 Aug 2026
Fatima Boolani,253,https://stockanalysis.com/analysts/Fatima-Boolani/,20 Aug 2026
Stephen Tusa,254,https://stockanalysis.com/analysts/Stephen-Tusa/,11 Jun 2026
Scot Ciccarelli,255,https://stockanalysis.com/analysts/Scot-Ciccarelli/,21 Aug 2026
Michael Lasser,259,https://stockanalysis.com/analysts/Michael-Lasser/,21 Aug 2026
Brandon Couillard,261,https://stockanalysis.com/analysts/Brandon-Couillard/,14 Aug 2026
John DiFucci,262,https://stockanalysis.com/analysts/John-DiFucci/,21 Aug 2026
Christopher Glynn,263,https://stockanalysis.com/analysts/Christopher-Glynn/,21 Aug 2026
Lloyd Byrne,265,https://stockanalysis.com/analysts/Lloyd-Byrne/,17 Aug 2026
Tim Long,266,https://stockanalysis.com/analysts/Tim-Long/,18 Aug 2026
Charles Shi,268,https://stockanalysis.com/analysts/Charles-Shi/,14 Aug 2026
Graig Suvannavejh,269,https://stockanalysis.com/analysts/Graig-Suvannavejh/,20 Aug 2026
Jay Olson,271,https://stockanalysis.com/analysts/Jay-Olson/,18 Aug 2026
Anita Soni,281,https://stockanalysis.com/analysts/Anita-Soni/,17 Aug 2026
John Eade,282,https://stockanalysis.com/analysts/John-Eade/,19 Aug 2026
Bryan Blair,283,https://stockanalysis.com/analysts/Bryan-Blair/,21 Aug 2026
Craig Hutchison,284,https://stockanalysis.com/analysts/Craig-Hutchison/,17 Aug 2026
Scott Gruber,285,https://stockanalysis.com/analysts/Scott-Gruber/,20 Aug 2026
Andrew Mikitchook,286,https://stockanalysis.com/analysts/Andrew-Mikitchook/,18 Aug 2026
Kevin Steinke,287,https://stockanalysis.com/analysts/Kevin-Steinke/,17 Aug 2026
Joseph Thome,289,https://stockanalysis.com/analysts/Joseph-Thome/,19 Aug 2026
Gregory Renza,290,https://stockanalysis.com/analysts/Gregory-Renza/,21 Aug 2026
Ovais Habib,291,https://stockanalysis.com/analysts/Ovais-Habib/,19 Aug 2026
Chip Moore,293,https://stockanalysis.com/analysts/Chip-Moore/,14 Aug 2026
David Nierengarten,295,https://stockanalysis.com/analysts/David-Nierengarten/,21 Aug 2026
Jonathan Wolleben,296,https://stockanalysis.com/analysts/Jonathan-Wolleben/,10 Aug 2026
Jaeson Schmidt,297,https://stockanalysis.com/analysts/Jaeson-Schmidt/,14 Aug 2026
Melissa Weathers,300,https://stockanalysis.com/analysts/Melissa-Weathers/,14 Aug 2026
Edward Yang,301,https://stockanalysis.com/analysts/Edward-Yang/,07 Aug 2026
Michael Blum,304,https://stockanalysis.com/analysts/Michael-Blum/,12 Aug 2026
David Manthey,307,https://stockanalysis.com/analysts/David-Manthey/,11 Aug 2026
Bobby Brooks,308,https://stockanalysis.com/analysts/Bobby-Brooks/,20 Aug 2026
Peter Benedict,309,https://stockanalysis.com/analysts/Peter-Benedict/,21 Aug 2026
Ross Sandler,310,https://stockanalysis.com/analysts/Ross-Sandler/,12 Aug 2026
Julian Mitchell,311,https://stockanalysis.com/analysts/Julian-Mitchell/,12 Jun 2026
Geoff Meacham,314,https://stockanalysis.com/analysts/Geoff-Meacham/,19 Aug 2026
Lawson Winder,315,https://stockanalysis.com/analysts/Lawson-Winder/,17 Aug 2026
Naved Khan,316,https://stockanalysis.com/analysts/Naved-Khan/,20 Aug 2026
Erik Woodring,317,https://stockanalysis.com/analysts/Erik-Woodring/,13 Aug 2026
William Power,318,https://stockanalysis.com/analysts/William-Power/,17 Aug 2026
Mike Crawford,319,https://stockanalysis.com/analysts/Mike-Crawford/,13 Aug 2026
Gus Richard,320,https://stockanalysis.com/analysts/Gus-Richard/,17 Aug 2026
Anupam Rama,321,https://stockanalysis.com/analysts/Anupam-Rama/,20 Aug 2026
Chris Dendrinos,322,https://stockanalysis.com/analysts/Chris-Dendrinos/,21 Aug 2026
Ryan Koontz,323,https://stockanalysis.com/analysts/Ryan-Koontz/,18 Aug 2026
Trevor Allred,325,https://stockanalysis.com/analysts/Trevor-Allred/,05 Aug 2026
Kyle Menges,329,https://stockanalysis.com/analysts/Kyle-Menges/,21 Aug 2026
Melissa Fairbanks,330,https://stockanalysis.com/analysts/Melissa-Fairbanks/,07 Aug 2026
Brett Linzey,333,https://stockanalysis.com/analysts/Brett-Linzey/,17 Aug 2026
Stephen Biggar,334,https://stockanalysis.com/analysts/Stephen-Biggar/,11 Aug 2026
Robert Dodd,336,https://stockanalysis.com/analysts/Robert-Dodd/,09 Jul 2026
David Feaster,337,https://stockanalysis.com/analysts/David-Feaster/,21 Aug 2026
Andrew Tsai,339,https://stockanalysis.com/analysts/Andrew-Tsai/,19 Aug 2026
Mark DeVries,340,https://stockanalysis.com/analysts/Mark-DeVries/,20 Aug 2026
Mark Devries,340,https://stockanalysis.com/analysts/Mark-Devries/,20 Aug 2026
Thomas Diffely,341,https://stockanalysis.com/analysts/Thomas-Diffely/,11 Dec 2025
Mark Kelley,342,https://stockanalysis.com/analysts/Mark-Kelley/,16 Jun 2026
Vamil Divan,343,https://stockanalysis.com/analysts/Vamil-Divan/,21 Aug 2026
Brendan Smith,344,https://stockanalysis.com/analysts/Brendan-Smith/,17 Aug 2026
Daniel Ives,345,https://stockanalysis.com/analysts/Daniel-Ives/,30 Jun 2026
Ananda Baruah,347,https://stockanalysis.com/analysts/Ananda-Baruah/,19 Aug 2026
Swayampakula Ramakanth,348,https://stockanalysis.com/analysts/Swayampakula-Ramakanth/,21 Aug 2026
Joseph Stringer,349,https://stockanalysis.com/analysts/Joseph-Stringer/,19 Aug 2026
Junaid Siddiqui,351,https://stockanalysis.com/analysts/Junaid-Siddiqui/,19 Aug 2026
Catherine Mealor,352,https://stockanalysis.com/analysts/Catherine-Mealor/,06 Aug 2026
David Karnovsky,353,https://stockanalysis.com/analysts/David-Karnovsky/,21 Aug 2026
Seth Seifman,356,https://stockanalysis.com/analysts/Seth-Seifman/,19 Aug 2026
George Notter,358,https://stockanalysis.com/analysts/George-Notter/,12 Aug 2026
Corey Tarlowe,360,https://stockanalysis.com/analysts/Corey-Tarlowe/,21 Aug 2026
Jon Arfstrom,362,https://stockanalysis.com/analysts/Jon-Arfstrom/,18 Aug 2026
David Amsellem,364,https://stockanalysis.com/analysts/David-Amsellem/,21 Aug 2026
Alex Zukin,365,https://stockanalysis.com/analysts/Alex-Zukin/,11 Aug 2026
Keith Hughes,366,https://stockanalysis.com/analysts/Keith-Hughes/,21 Aug 2026
Mike Cikos,367,https://stockanalysis.com/analysts/Mike-Cikos/,14 Aug 2026
Tara Bancroft,368,https://stockanalysis.com/analysts/Tara-Bancroft/,17 Aug 2026
Brian Nagel,369,https://stockanalysis.com/analysts/Brian-Nagel/,26 Jun 2026
Greg Palm,371,https://stockanalysis.com/analysts/Greg-Palm/,14 Aug 2026
Marc Goodman,372,https://stockanalysis.com/analysts/Marc-Goodman/,13 Jul 2026
Andrew Berens,374,https://stockanalysis.com/analysts/Andrew-Berens/,07 Aug 2026
Andrew Brackmann,379,https://stockanalysis.com/analysts/Andrew-Brackmann/,02 Jul 2026
Tanya Jakusconek,380,https://stockanalysis.com/analysts/Tanya-Jakusconek/,20 Aug 2026
Sean Laaman,382,https://stockanalysis.com/analysts/Sean-Laaman/,18 Aug 2026
Andrew Wittmann,384,https://stockanalysis.com/analysts/Andrew-Wittmann/,21 Aug 2026
Nathan Race,385,https://stockanalysis.com/analysts/Nathan-Race/,11 Aug 2026
Matthew Carletti,386,https://stockanalysis.com/analysts/Matthew-Carletti/,07 Aug 2026
James Schneider,387,https://stockanalysis.com/analysts/James-Schneider/,19 Aug 2026
Ryan Todd,389,https://stockanalysis.com/analysts/Ryan-Todd/,23 Jul 2026
Patrick Jones,391,https://stockanalysis.com/analysts/Patrick-Jones/,17 Aug 2026
Shaul Eyal,393,https://stockanalysis.com/analysts/Shaul-Eyal/,17 Aug 2026
Jacob Stephan,394,https://stockanalysis.com/analysts/Jacob-Stephan/,20 Aug 2026
Katie Lachapelle,395,https://stockanalysis.com/analysts/Katie-Lachapelle/,19 May 2026
Michael Grondahl,397,https://stockanalysis.com/analysts/Michael-Grondahl/,20 Aug 2026
Fahad Tariq,399,https://stockanalysis.com/analysts/Fahad-Tariq/,21 Aug 2026
Andre Madrid,403,https://stockanalysis.com/analysts/Andre-Madrid/,20 Aug 2026
Kenneth Lee,405,https://stockanalysis.com/analysts/Kenneth-Lee/,20 Aug 2026
Daniela Costa,406,https://stockanalysis.com/analysts/Daniela-Costa/,19 Aug 2026
Joseph Quatrochi,407,https://stockanalysis.com/analysts/Joseph-Quatrochi/,20 Aug 2026
Neil Mehta,410,https://stockanalysis.com/analysts/Neil-Mehta/,20 Aug 2026
Brian Gesuale,411,https://stockanalysis.com/analysts/Brian-Gesuale/,29 Jul 2026
Jason Zemansky,412,https://stockanalysis.com/analysts/Jason-Zemansky/,17 Aug 2026
Randy Binner,413,https://stockanalysis.com/analysts/Randy-Binner/,13 Jul 2026
Erin Wright,414,https://stockanalysis.com/analysts/Erin-Wright/,19 Aug 2026
Christian Wetherbee,415,https://stockanalysis.com/analysts/Christian-Wetherbee/,20 Aug 2026
James Lee,416,https://stockanalysis.com/analysts/James-Lee/,27 Feb 2026
Craig Siegenthaler,417,https://stockanalysis.com/analysts/Craig-Siegenthaler/,14 Aug 2026
Erik Suppiger,418,https://stockanalysis.com/analysts/Erik-Suppiger/,04 Aug 2026
Deepak Mathivanan,419,https://stockanalysis.com/analysts/Deepak-Mathivanan/,12 Aug 2026
Chris LaFemina,420,https://stockanalysis.com/analysts/Chris-LaFemina/,20 Aug 2026
Alex Rygiel,421,https://stockanalysis.com/analysts/Alex-Rygiel/,11 Aug 2026
Mircea Dobre,422,https://stockanalysis.com/analysts/Mircea-Dobre/,21 Aug 2026
Ed Arce,423,https://stockanalysis.com/analysts/Ed-Arce/,30 Apr 2026
Trung Huynh,424,https://stockanalysis.com/analysts/Trung-Huynh/,20 Aug 2026
Katja Jancic,426,https://stockanalysis.com/analysts/Katja-Jancic/,07 Aug 2026
Laura Prendergast,427,https://stockanalysis.com/analysts/Laura-Prendergast/,17 Aug 2026
Brian Drab,428,https://stockanalysis.com/analysts/Brian-Drab/,14 Aug 2026
Scott Deuschle,431,https://stockanalysis.com/analysts/Scott-Deuschle/,19 Aug 2026
Arren Cyganovich,433,https://stockanalysis.com/analysts/Arren-Cyganovich/,12 Aug 2026
Gregory Peters,434,https://stockanalysis.com/analysts/Gregory-Peters/,17 Aug 2026
Edward Kelly,435,https://stockanalysis.com/analysts/Edward-Kelly/,21 Aug 2026
Eric Handler,436,https://stockanalysis.com/analysts/Eric-Handler/,12 Aug 2026
Karl Keirstead,437,https://stockanalysis.com/analysts/Karl-Keirstead/,18 Aug 2026
Benjamin Budish,438,https://stockanalysis.com/analysts/Benjamin-Budish/,17 Aug 2026
Stephanie Moore,439,https://stockanalysis.com/analysts/Stephanie-Moore/,07 Aug 2026
Anthony Pettinari,441,https://stockanalysis.com/analysts/Anthony-Pettinari/,21 Aug 2026
Sami Corwin,442,https://stockanalysis.com/analysts/Sami-Corwin/,20 Aug 2026
Sheila Kahyaoglu,443,https://stockanalysis.com/analysts/Sheila-Kahyaoglu/,21 Aug 2026
Nick Giles,444,https://stockanalysis.com/analysts/Nick-Giles/,21 Aug 2026
John Hecht,445,https://stockanalysis.com/analysts/John-Hecht/,18 Aug 2026
Jason Bazinet,446,https://stockanalysis.com/analysts/Jason-Bazinet/,19 Aug 2026
David Scharf,448,https://stockanalysis.com/analysts/David-Scharf/,11 Aug 2026
Jason Butler,449,https://stockanalysis.com/analysts/Jason-Butler/,18 Aug 2026
Jeff Rulis,454,https://stockanalysis.com/analysts/Jeff-Rulis/,11 Aug 2026
Myles Allsop,455,https://stockanalysis.com/analysts/Myles-Allsop/,14 Aug 2026
Stephen Scouten,457,https://stockanalysis.com/analysts/Stephen-Scouten/,30 Jul 2026
Jade Rahmani,458,https://stockanalysis.com/analysts/Jade-Rahmani/,12 Aug 2026
Alexander Hacking,459,https://stockanalysis.com/analysts/Alexander-Hacking/,03 Aug 2026
Jason Gabelman,460,https://stockanalysis.com/analysts/Jason-Gabelman/,12 Aug 2026
Jeffrey Hammond,465,https://stockanalysis.com/analysts/Jeffrey-Hammond/,20 Aug 2026
Max Michaelis,466,https://stockanalysis.com/analysts/Max-Michaelis/,21 Aug 2026
Mark Mahaney,467,https://stockanalysis.com/analysts/Mark-Mahaney/,13 Aug 2026
Gary Mobley,469,https://stockanalysis.com/analysts/Gary-Mobley/,19 Aug 2026
David Koning,470,https://stockanalysis.com/analysts/David-Koning/,07 Aug 2026
Brian Abrahams,471,https://stockanalysis.com/analysts/Brian-Abrahams/,14 Aug 2026
Andrew Nowinski,472,https://stockanalysis.com/analysts/Andrew-Nowinski/,02 Apr 2026
Paul Matteis,473,https://stockanalysis.com/analysts/Paul-Matteis/,14 Aug 2026
Annabel Samimy,476,https://stockanalysis.com/analysts/Annabel-Samimy/,14 Aug 2026
Kristen Kluska,477,https://stockanalysis.com/analysts/Kristen-Kluska/,20 Aug 2026
Nathan Martin,481,https://stockanalysis.com/analysts/Nathan-Martin/,06 Aug 2026
Eric Heath,482,https://stockanalysis.com/analysts/Eric-Heath/,21 Aug 2026
Yaron Kinar,484,https://stockanalysis.com/analysts/Yaron-Kinar/,11 Aug 2026
Robert Hope,485,https://stockanalysis.com/analysts/Robert-Hope/,10 Aug 2026
Tim Huff,486,https://stockanalysis.com/analysts/Tim-Huff/,11 Aug 2026
Richard Shane,490,https://stockanalysis.com/analysts/Richard-Shane/,20 Aug 2026
Brian Pitz,491,https://stockanalysis.com/analysts/Brian-Pitz/,20 Aug 2026
Ryan MacWilliams,492,https://stockanalysis.com/analysts/Ryan-MacWilliams/,11 Aug 2026
Ryan Macwilliams,492,https://stockanalysis.com/analysts/Ryan-Macwilliams/,11 Aug 2026
Josh Silverstein,493,https://stockanalysis.com/analysts/Josh-Silverstein/,17 Aug 2026
Colin Canfield,496,https://stockanalysis.com/analysts/Colin-Canfield/,10 Aug 2026
Hal Goetsch,497,https://stockanalysis.com/analysts/Hal-Goetsch/,20 Aug 2026
Hamir Patel,498,https://stockanalysis.com/analysts/Hamir-Patel/,14 Aug 2026
Laura Chico,501,https://stockanalysis.com/analysts/Laura-Chico/,19 Aug 2026
Jake Sekelsky,502,https://stockanalysis.com/analysts/Jake-Sekelsky/,21 Aug 2026
Justin Walsh,503,https://stockanalysis.com/analysts/Justin-Walsh/,19 Aug 2026
Maxwell Skor,507,https://stockanalysis.com/analysts/Maxwell-Skor/,21 Aug 2026
Miller Jump,510,https://stockanalysis.com/analysts/Miller-Jump/,20 Aug 2026
David Hoang,511,https://stockanalysis.com/analysts/David-Hoang/,13 Aug 2026
Jeet Mukherjee,512,https://stockanalysis.com/analysts/Jeet-Mukherjee/,21 Aug 2026
Adam Borg,514,https://stockanalysis.com/analysts/Adam-Borg/,19 Aug 2026
Devin Dodge,515,https://stockanalysis.com/analysts/Devin-Dodge/,17 Aug 2026
Jay McCanless,517,https://stockanalysis.com/analysts/Jay-McCanless/,21 Aug 2026
Konark Gupta,518,https://stockanalysis.com/analysts/Konark-Gupta/,19 Aug 2026
Rupesh Parikh,519,https://stockanalysis.com/analysts/Rupesh-Parikh/,21 Aug 2026
Akash Tewari,520,https://stockanalysis.com/analysts/Akash-Tewari/,20 Aug 2026
Bobby Griffin,521,https://stockanalysis.com/analysts/Bobby-Griffin/,21 Aug 2026
Evan Seigerman,523,https://stockanalysis.com/analysts/Evan-Seigerman/,20 Aug 2026
Danielle Brill,525,https://stockanalysis.com/analysts/Danielle-Brill/,21 Aug 2026
David Westenberg,526,https://stockanalysis.com/analysts/David-Westenberg/,12 Aug 2026
Hamed Khorsand,528,https://stockanalysis.com/analysts/Hamed-Khorsand/,21 Aug 2026
Liam Burke,529,https://stockanalysis.com/analysts/Liam-Burke/,17 Aug 2026
Debjit Chattopadhyay,530,https://stockanalysis.com/analysts/Debjit-Chattopadhyay/,18 Aug 2026
Harry Fong,534,https://stockanalysis.com/analysts/Harry-Fong/,20 Aug 2026
Lee Horowitz,536,https://stockanalysis.com/analysts/Lee-Horowitz/,13 Mar 2026
Anthony Chukumba,537,https://stockanalysis.com/analysts/Anthony-Chukumba/,10 Aug 2026
Scott Siefers,538,https://stockanalysis.com/analysts/Scott-Siefers/,14 May 2026
Brad Zelnick,540,https://stockanalysis.com/analysts/Brad-Zelnick/,20 Aug 2026
Myles Walton,543,https://stockanalysis.com/analysts/Myles-Walton/,05 Aug 2026
Douglas Harter,545,https://stockanalysis.com/analysts/Douglas-Harter/,14 Aug 2026
James Thalacker,546,https://stockanalysis.com/analysts/James-Thalacker/,14 Aug 2026
Rob Sanderson,550,https://stockanalysis.com/analysts/Rob-Sanderson/,15 Jun 2026
Ted Jackson,551,https://stockanalysis.com/analysts/Ted-Jackson/,21 Aug 2026
Robert Young,552,https://stockanalysis.com/analysts/Robert-Young/,15 May 2026
Whitney Ijem,553,https://stockanalysis.com/analysts/Whitney-Ijem/,20 Aug 2026
Maria Ripps,555,https://stockanalysis.com/analysts/Maria-Ripps/,13 Aug 2026
John Massocca,558,https://stockanalysis.com/analysts/John-Massocca/,22 Jul 2026
Patrick Kenny,559,https://stockanalysis.com/analysts/Patrick-Kenny/,15 Jun 2026
Mark Moerdler,560,https://stockanalysis.com/analysts/Mark-Moerdler/,12 Aug 2026
John Mackay,561,https://stockanalysis.com/analysts/John-Mackay/,21 Aug 2026
Joseph Dickerson,563,https://stockanalysis.com/analysts/Joseph-Dickerson/,04 Aug 2026
Derek Podhaizer,564,https://stockanalysis.com/analysts/Derek-Podhaizer/,07 Aug 2026
Stephen Richardson,565,https://stockanalysis.com/analysts/Stephen-Richardson/,12 Aug 2026
Joseph Bonner,567,https://stockanalysis.com/analysts/Joseph-Bonner/,20 Aug 2026
Michael Doumet,568,https://stockanalysis.com/analysts/Michael-Doumet/,23 Feb 2026
Brennan Hawken,569,https://stockanalysis.com/analysts/Brennan-Hawken/,06 Aug 2026
Gregg Moskowitz,572,https://stockanalysis.com/analysts/Gregg-Moskowitz/,19 Aug 2026
Saket Kalia,573,https://stockanalysis.com/analysts/Saket-Kalia/,20 Aug 2026
Nicole Deblase,574,https://stockanalysis.com/analysts/Nicole-Deblase/,06 Aug 2026
Gary Prestopino,577,https://stockanalysis.com/analysts/Gary-Prestopino/,20 Aug 2026
Josh Beck,578,https://stockanalysis.com/analysts/Josh-Beck/,17 Aug 2026
Steven Lichtman,579,https://stockanalysis.com/analysts/Steven-Lichtman/,21 Aug 2026
Stephen Gengaro,580,https://stockanalysis.com/analysts/Stephen-Gengaro/,13 Aug 2026
Jed Dorsheimer,581,https://stockanalysis.com/analysts/Jed-Dorsheimer/,17 Aug 2026
Conor Fitzpatrick,582,https://stockanalysis.com/analysts/Conor-Fitzpatrick/,10 Aug 2026
Richard Ramsden,585,https://stockanalysis.com/analysts/Richard-Ramsden/,16 Jul 2026
Peter Weed,586,https://stockanalysis.com/analysts/Peter-Weed/,11 Aug 2026
Joseph Gallo,587,https://stockanalysis.com/analysts/Joseph-Gallo/,18 Aug 2026
Matthew Clark,588,https://stockanalysis.com/analysts/Matthew-Clark/,03 Aug 2026
Matt Larew,589,https://stockanalysis.com/analysts/Matt-Larew/,20 Aug 2026
Michael Leshock,591,https://stockanalysis.com/analysts/Michael-Leshock/,18 Aug 2026
Steven Chubak,593,https://stockanalysis.com/analysts/Steven-Chubak/,12 Aug 2026
Dan Leonard,594,https://stockanalysis.com/analysts/Dan-Leonard/,12 Aug 2026
Mohit Bansal,595,https://stockanalysis.com/analysts/Mohit-Bansal/,20 Aug 2026
Andrew Jeffrey,596,https://stockanalysis.com/analysts/Andrew-Jeffrey/,20 Aug 2026
Keith Weiss,599,https://stockanalysis.com/analysts/Keith-Weiss/,01 Jun 2026
Philip Ng,600,https://stockanalysis.com/analysts/Philip-Ng/,18 Aug 2026
Lance Vitanza,602,https://stockanalysis.com/analysts/Lance-Vitanza/,20 Aug 2026
Yigal Nochomovitz,603,https://stockanalysis.com/analysts/Yigal-Nochomovitz/,20 Aug 2026
Brett Knoblauch,605,https://stockanalysis.com/analysts/Brett-Knoblauch/,19 Aug 2026
Asad Haider,607,https://stockanalysis.com/analysts/Asad-Haider/,20 Aug 2026
Stephen Bersey,611,https://stockanalysis.com/analysts/Stephen-Bersey/,10 Aug 2026
Ryan Krueger,612,https://stockanalysis.com/analysts/Ryan-Krueger/,11 Aug 2026
Sam Burwell,615,https://stockanalysis.com/analysts/Sam-Burwell/,18 Aug 2026
Pierre Ferragu,616,https://stockanalysis.com/analysts/Pierre-Ferragu/,30 Jul 2026
Paul Golding,618,https://stockanalysis.com/analysts/Paul-Golding/,04 Aug 2026
Stephen Kim,620,https://stockanalysis.com/analysts/Stephen-Kim/,19 Aug 2026
Bradley Thomas,622,https://stockanalysis.com/analysts/Bradley-Thomas/,20 Aug 2026
Deane Dray,623,https://stockanalysis.com/analysts/Deane-Dray/,18 Aug 2026
Mitch Kummetz,624,https://stockanalysis.com/analysts/Mitch-Kummetz/,20 Jul 2026
Sandeep Deshpande,625,https://stockanalysis.com/analysts/Sandeep-Deshpande/,19 Aug 2026
Richard Baldry,626,https://stockanalysis.com/analysts/Richard-Baldry/,14 Aug 2026
Matt Summerville,627,https://stockanalysis.com/analysts/Matt-Summerville/,21 Aug 2026
Andrew Boone,628,https://stockanalysis.com/analysts/Andrew-Boone/,11 Aug 2026
Jonathan Komp,629,https://stockanalysis.com/analysts/Jonathan-Komp/,07 Aug 2026
Gil Blum,630,https://stockanalysis.com/analysts/Gil-Blum/,21 Aug 2026
Justin Crowley,632,https://stockanalysis.com/analysts/Justin-Crowley/,19 Aug 2026
Manuel Navas,636,https://stockanalysis.com/analysts/Manuel-Navas/,11 Aug 2026
Ryan Deschner,638,https://stockanalysis.com/analysts/Ryan-Deschner/,13 Aug 2026
John Ivankoe,642,https://stockanalysis.com/analysts/John-Ivankoe/,20 Aug 2026
Michael Lewis,643,https://stockanalysis.com/analysts/Michael-Lewis/,14 Aug 2026
Terence Flynn,645,https://stockanalysis.com/analysts/Terence-Flynn/,21 Aug 2026
Blair Abernethy,646,https://stockanalysis.com/analysts/Blair-Abernethy/,21 Aug 2026
Michael Rollins,648,https://stockanalysis.com/analysts/Michael-Rollins/,14 Aug 2026
Aaron Bilkoski,650,https://stockanalysis.com/analysts/Aaron-Bilkoski/,12 Aug 2026
Gray Powell,651,https://stockanalysis.com/analysts/Gray-Powell/,10 Aug 2026
Rohit Kulkarni,652,https://stockanalysis.com/analysts/Rohit-Kulkarni/,21 Aug 2026
Omar Dessouky,653,https://stockanalysis.com/analysts/Omar-Dessouky/,14 Aug 2026
Joseph Vafi,655,https://stockanalysis.com/analysts/Joseph-Vafi/,20 Aug 2026
Dean Wilkinson,662,https://stockanalysis.com/analysts/Dean-Wilkinson/,14 Aug 2026
Mihir Bhatia,663,https://stockanalysis.com/analysts/Mihir-Bhatia/,17 Aug 2026
Daniel Tamayo,664,https://stockanalysis.com/analysts/Daniel-Tamayo/,31 Jul 2026
David George,665,https://stockanalysis.com/analysts/David-George/,17 Aug 2026
David Joyce,666,https://stockanalysis.com/analysts/David-Joyce/,07 Aug 2026
Allen Lutz,669,https://stockanalysis.com/analysts/Allen-Lutz/,20 Aug 2026
John Barnidge,670,https://stockanalysis.com/analysts/John-Barnidge/,06 Mar 2026
Brian McKenna,671,https://stockanalysis.com/analysts/Brian-McKenna/,07 Aug 2026
Michael Tupholme,672,https://stockanalysis.com/analysts/Michael-Tupholme/,18 Aug 2026
Donald Fandetti,673,https://stockanalysis.com/analysts/Donald-Fandetti/,18 Aug 2026
Michael Wiederhorn,677,https://stockanalysis.com/analysts/Michael-Wiederhorn/,19 Aug 2026
Ittai Kidron,678,https://stockanalysis.com/analysts/Ittai-Kidron/,19 Aug 2026
Chris Brendler,679,https://stockanalysis.com/analysts/Chris-Brendler/,21 Aug 2026
Susan Anderson,680,https://stockanalysis.com/analysts/Susan-Anderson/,21 Aug 2026
Brandon Bingham,683,https://stockanalysis.com/analysts/Brandon-Bingham/,12 Aug 2026
Suneet Kamath,686,https://stockanalysis.com/analysts/Suneet-Kamath/,13 Jul 2026
Ananda Ghosh,687,https://stockanalysis.com/analysts/Ananda-Ghosh/,17 Aug 2026
Alex Kramm,691,https://stockanalysis.com/analysts/Alex-Kramm/,17 Aug 2026
Peter Saleh,694,https://stockanalysis.com/analysts/Peter-Saleh/,14 Aug 2026
Bascome Majors,695,https://stockanalysis.com/analysts/Bascome-Majors/,06 Aug 2026
Joe Ritchie,696,https://stockanalysis.com/analysts/Joe-Ritchie/,10 Aug 2026
John Ransom,698,https://stockanalysis.com/analysts/John-Ransom/,31 Jul 2026
Adam Seiden,699,https://stockanalysis.com/analysts/Adam-Seiden/,21 Aug 2026
Steve Moss,701,https://stockanalysis.com/analysts/Steve-Moss/,31 Jul 2026
Serge Belanger,703,https://stockanalysis.com/analysts/Serge-Belanger/,17 Aug 2026
Clark Lampen,704,https://stockanalysis.com/analysts/Clark-Lampen/,14 Aug 2026
Ryan Pfingst,705,https://stockanalysis.com/analysts/Ryan-Pfingst/,17 Aug 2026
Lucas Servera,714,https://stockanalysis.com/analysts/Lucas-Servera/,11 Aug 2026
Garik Shmois,715,https://stockanalysis.com/analysts/Garik-Shmois/,28 Jan 2026
Kristine Liwag,720,https://stockanalysis.com/analysts/Kristine-Liwag/,21 Aug 2026
Bryan Kraft,721,https://stockanalysis.com/analysts/Bryan-Kraft/,18 Aug 2026
Cameron Doerksen,722,https://stockanalysis.com/analysts/Cameron-Doerksen/,19 Aug 2026
Koji Ikeda,726,https://stockanalysis.com/analysts/Koji-Ikeda/,19 Aug 2026
Brad Heffern,727,https://stockanalysis.com/analysts/Brad-Heffern/,07 Aug 2026
Gautam Chhugani,728,https://stockanalysis.com/analysts/Gautam-Chhugani/,21 Aug 2026
Sumant Kulkarni,729,https://stockanalysis.com/analysts/Sumant-Kulkarni/,19 Aug 2026
Chris Baker,733,https://stockanalysis.com/analysts/Chris-Baker/,10 Aug 2026
Mark Shmulik,735,https://stockanalysis.com/analysts/Mark-Shmulik/,20 Aug 2026
Daniel Imbro,736,https://stockanalysis.com/analysts/Daniel-Imbro/,16 Jan 2026
Mark Jarvi,739,https://stockanalysis.com/analysts/Mark-Jarvi/,17 Aug 2026
Christopher Kuhn,741,https://stockanalysis.com/analysts/Christopher-Kuhn/,16 Jul 2026
Christopher Carril,742,https://stockanalysis.com/analysts/Christopher-Carril/,13 Aug 2026
Angie Storozynski,743,https://stockanalysis.com/analysts/Angie-Storozynski/,16 Aug 2026
John Heinbockel,744,https://stockanalysis.com/analysts/John-Heinbockel/,21 Aug 2026
Jonathan Atkin,745,https://stockanalysis.com/analysts/Jonathan-Atkin/,20 Aug 2026
Devin McDermott,747,https://stockanalysis.com/analysts/Devin-McDermott/,20 Aug 2026
Drew Crum,748,https://stockanalysis.com/analysts/Drew-Crum/,10 Aug 2026
Brian Morrison,750,https://stockanalysis.com/analysts/Brian-Morrison/,20 Aug 2026
Daley Li,751,https://stockanalysis.com/analysts/Daley-Li/,19 Aug 2026
Vincent Colicchio,752,https://stockanalysis.com/analysts/Vincent-Colicchio/,21 Aug 2026
Fawne Jiang,754,https://stockanalysis.com/analysts/Fawne-Jiang/,20 Aug 2026
Silvan Tuerkcan,755,https://stockanalysis.com/analysts/Silvan-Tuerkcan/,10 Aug 2026
Richard Anderson,760,https://stockanalysis.com/analysts/Richard-Anderson/,17 Aug 2026
Chris Graja,761,https://stockanalysis.com/analysts/Chris-Graja/,19 Aug 2026
Durgesh Chopra,763,https://stockanalysis.com/analysts/Durgesh-Chopra/,07 Aug 2026
Nick Doyle,764,https://stockanalysis.com/analysts/Nick-Doyle/,10 Nov 2025
Darrin Peller,767,https://stockanalysis.com/analysts/Darrin-Peller/,17 Aug 2026
Scott Graham,768,https://stockanalysis.com/analysts/Scott-Graham/,09 Aug 2026
Laura Martin,772,https://stockanalysis.com/analysts/Laura-Martin/,20 Aug 2026
Alexander Potter,774,https://stockanalysis.com/analysts/Alexander-Potter/,19 Aug 2026
Ben Gerlinger,775,https://stockanalysis.com/analysts/Ben-Gerlinger/,17 Aug 2026
Jack Meehan,778,https://stockanalysis.com/analysts/Jack-Meehan/,26 Mar 2026
Arun Jayaram,781,https://stockanalysis.com/analysts/Arun-Jayaram/,17 Aug 2026
David Windley,782,https://stockanalysis.com/analysts/David-Windley/,03 Aug 2026
Doug Anmuth,784,https://stockanalysis.com/analysts/Doug-Anmuth/,21 Aug 2026
Shyam Patil,785,https://stockanalysis.com/analysts/Shyam-Patil/,17 Aug 2026
Michael Morris,787,https://stockanalysis.com/analysts/Michael-Morris/,07 Aug 2026
Mitchell Kapoor,791,https://stockanalysis.com/analysts/Mitchell-Kapoor/,21 Aug 2026
Jeff Jones,792,https://stockanalysis.com/analysts/Jeff-Jones/,21 Aug 2026
Yanan Zhu,793,https://stockanalysis.com/analysts/Yanan-Zhu/,18 Aug 2026
Andrew Kligerman,798,https://stockanalysis.com/analysts/Andrew-Kligerman/,20 Aug 2026
Mark Fitzgibbon,799,https://stockanalysis.com/analysts/Mark-Fitzgibbon/,27 Feb 2026
Robert Catellier,800,https://stockanalysis.com/analysts/Robert-Catellier/,10 Aug 2026
Darko Mihelic,802,https://stockanalysis.com/analysts/Darko-Mihelic/,18 Aug 2026
Liam Fitzpatrick,803,https://stockanalysis.com/analysts/Liam-Fitzpatrick/,19 Aug 2026
James Fish,806,https://stockanalysis.com/analysts/James-Fish/,21 Aug 2026
Adam Maeder,807,https://stockanalysis.com/analysts/Adam-Maeder/,21 Aug 2026
Jake Bartlett,808,https://stockanalysis.com/analysts/Jake-Bartlett/,18 Mar 2026
Steven Wieczynski,810,https://stockanalysis.com/analysts/Steven-Wieczynski/,20 Aug 2026
Anthony Stoss,811,https://stockanalysis.com/analysts/Anthony-Stoss/,20 Aug 2026
Marcio Farid,818,https://stockanalysis.com/analysts/Marcio-Farid/,19 Aug 2026
Peter Peng,819,https://stockanalysis.com/analysts/Peter-Peng/,08 May 2026
Owen Lau,821,https://stockanalysis.com/analysts/Owen-Lau/,18 Aug 2026
Nicholas Campanella,822,https://stockanalysis.com/analysts/Nicholas-Campanella/,13 Aug 2026
Simon Yarmak,823,https://stockanalysis.com/analysts/Simon-Yarmak/,19 Aug 2026
Jayson Bedford,824,https://stockanalysis.com/analysts/Jayson-Bedford/,07 Aug 2026
Kingsley Crane,826,https://stockanalysis.com/analysts/Kingsley-Crane/,19 Aug 2026
David Arcaro,827,https://stockanalysis.com/analysts/David-Arcaro/,21 Aug 2026
Jeremy Hamblin,828,https://stockanalysis.com/analysts/Jeremy-Hamblin/,13 Aug 2026
Adam Vogel,829,https://stockanalysis.com/analysts/Adam-Vogel/,12 Aug 2026
Lisa Lewandowski,831,https://stockanalysis.com/analysts/Lisa-Lewandowski/,21 Aug 2026
Gregory Miller,832,https://stockanalysis.com/analysts/Gregory-Miller/,13 Aug 2026
Nicolai Kempf,833,https://stockanalysis.com/analysts/Nicolai-Kempf/,14 Aug 2026
Sean McLoughlin,837,https://stockanalysis.com/analysts/Sean-McLoughlin/,08 May 2026
Sohrab Movahedi,838,https://stockanalysis.com/analysts/Sohrab-Movahedi/,01 Jun 2026
Casey Alexander,839,https://stockanalysis.com/analysts/Casey-Alexander/,10 Mar 2026
David Tarantino,843,https://stockanalysis.com/analysts/David-Tarantino/,23 Jul 2026
Gokul Hariharan,844,https://stockanalysis.com/analysts/Gokul-Hariharan/,16 Aug 2026
Tessa Romero,845,https://stockanalysis.com/analysts/Tessa-Romero/,20 Aug 2026
Doug Leggate,847,https://stockanalysis.com/analysts/Doug-Leggate/,03 Aug 2026
Michael Halloran,848,https://stockanalysis.com/analysts/Michael-Halloran/,21 Aug 2026
Tal Liani,849,https://stockanalysis.com/analysts/Tal-Liani/,20 Aug 2026
David Paige,852,https://stockanalysis.com/analysts/David-Paige/,11 Aug 2026
Kelly Bania,855,https://stockanalysis.com/analysts/Kelly-Bania/,21 Aug 2026
Alicia Reese,857,https://stockanalysis.com/analysts/Alicia-Reese/,12 Aug 2026
Cherilyn Radbourne,858,https://stockanalysis.com/analysts/Cherilyn-Radbourne/,14 Aug 2026
Doug Creutz,859,https://stockanalysis.com/analysts/Doug-Creutz/,07 Aug 2026
Joel Jackson,861,https://stockanalysis.com/analysts/Joel-Jackson/,21 Aug 2026
Ann Hynes,864,https://stockanalysis.com/analysts/Ann-Hynes/,11 Aug 2026
Patrick Sholl,865,https://stockanalysis.com/analysts/Patrick-Sholl/,13 Aug 2026
Brian Cheng,866,https://stockanalysis.com/analysts/Brian-Cheng/,18 Aug 2026
Benjamin Swinburne,867,https://stockanalysis.com/analysts/Benjamin-Swinburne/,16 Mar 2026
Salveen Richter,868,https://stockanalysis.com/analysts/Salveen-Richter/,20 Aug 2026
Catherine Novack,869,https://stockanalysis.com/analysts/Catherine-Novack/,31 Jul 2026
Eddie Hickman,872,https://stockanalysis.com/analysts/Eddie-Hickman/,14 Aug 2026
Chris Dankert,873,https://stockanalysis.com/analysts/Chris-Dankert/,21 Aug 2026
Mohammed Khallouf,874,https://stockanalysis.com/analysts/Mohammed-Khallouf/,10 Aug 2026
Andrew Sherman,875,https://stockanalysis.com/analysts/Andrew-Sherman/,10 Aug 2026
Ryan Nash,876,https://stockanalysis.com/analysts/Ryan-Nash/,10 Aug 2026
Dave Rochester,877,https://stockanalysis.com/analysts/Dave-Rochester/,19 Aug 2026
Michael Brown,878,https://stockanalysis.com/analysts/Michael-Brown/,14 Aug 2026
Michael Carroll,880,https://stockanalysis.com/analysts/Michael-Carroll/,14 Aug 2026
Tazeen Ahmad,881,https://stockanalysis.com/analysts/Tazeen-Ahmad/,21 Aug 2026
Alexander Duval,882,https://stockanalysis.com/analysts/Alexander-Duval/,19 Aug 2026
John Kernan,883,https://stockanalysis.com/analysts/John-Kernan/,04 Dec 2025
Shweta Khajuria,885,https://stockanalysis.com/analysts/Shweta-Khajuria/,03 Aug 2026
Scott Devitt,887,https://stockanalysis.com/analysts/Scott-Devitt/,20 Aug 2026
Scott Searle,888,https://stockanalysis.com/analysts/Scott-Searle/,20 Aug 2026
Lauren Silberman,892,https://stockanalysis.com/analysts/Lauren-Silberman/,13 Aug 2026
Kenneth Zener,893,https://stockanalysis.com/analysts/Kenneth-Zener/,06 Apr 2026
Glenn Schorr,894,https://stockanalysis.com/analysts/Glenn-Schorr/,10 Aug 2026
Gabriela Borges,896,https://stockanalysis.com/analysts/Gabriela-Borges/,21 Aug 2026
John Staszak,897,https://stockanalysis.com/analysts/John-Staszak/,20 Aug 2026
Timothy Horan,898,https://stockanalysis.com/analysts/Timothy-Horan/,19 Aug 2026
Stephen Willey,900,https://stockanalysis.com/analysts/Stephen-Willey/,17 Aug 2026
Andy Chen,905,https://stockanalysis.com/analysts/Andy-Chen/,04 Aug 2026
Mario Saric,907,https://stockanalysis.com/analysts/Mario-Saric/,11 Aug 2026
Jonathan Petersen,908,https://stockanalysis.com/analysts/Jonathan-Petersen/,10 Aug 2026
Yun Kim,910,https://stockanalysis.com/analysts/Yun-Kim/,04 Aug 2026
Patrick Scholes,911,https://stockanalysis.com/analysts/Patrick-Scholes/,20 Aug 2026
Peter Heckmann,913,https://stockanalysis.com/analysts/Peter-Heckmann/,21 Aug 2026
Jeff Martin,914,https://stockanalysis.com/analysts/Jeff-Martin/,21 Aug 2026
Luke Sergott,915,https://stockanalysis.com/analysts/Luke-Sergott/,10 Aug 2026
Craig Irwin,917,https://stockanalysis.com/analysts/Craig-Irwin/,21 Aug 2026
Oliver Wintermantel,921,https://stockanalysis.com/analysts/Oliver-Wintermantel/,07 Aug 2026
Kevin Heal,922,https://stockanalysis.com/analysts/Kevin-Heal/,17 Aug 2026
David Vernon,923,https://stockanalysis.com/analysts/David-Vernon/,11 Aug 2026
Louis Miscioscia,925,https://stockanalysis.com/analysts/Louis-Miscioscia/,12 May 2026
Brian Bittner,927,https://stockanalysis.com/analysts/Brian-Bittner/,13 Aug 2026
Rudy Kessinger,928,https://stockanalysis.com/analysts/Rudy-Kessinger/,19 Aug 2026
Phillip Jungwirth,929,https://stockanalysis.com/analysts/Phillip-Jungwirth/,28 Jul 2026
Edison Lee,930,https://stockanalysis.com/analysts/Edison-Lee/,17 Aug 2026
Justin Clare,931,https://stockanalysis.com/analysts/Justin-Clare/,17 Aug 2026
Philippe Houchois,932,https://stockanalysis.com/analysts/Philippe-Houchois/,10 Aug 2026
Mark Argento,933,https://stockanalysis.com/analysts/Mark-Argento/,07 Aug 2026
Martin Yang,934,https://stockanalysis.com/analysts/Martin-Yang/,11 Aug 2026
Joseph Catanzaro,935,https://stockanalysis.com/analysts/Joseph-Catanzaro/,13 Aug 2026
David Toung,938,https://stockanalysis.com/analysts/David-Toung/,07 Aug 2026
Elyse Greenspan,940,https://stockanalysis.com/analysts/Elyse-Greenspan/,20 Aug 2026
Curry Baker,942,https://stockanalysis.com/analysts/Curry-Baker/,14 Aug 2026
Brian Essex,944,https://stockanalysis.com/analysts/Brian-Essex/,21 Aug 2026
Tycho Peterson,945,https://stockanalysis.com/analysts/Tycho-Peterson/,17 Aug 2026
Youssef Squali,947,https://stockanalysis.com/analysts/Youssef-Squali/,14 Aug 2026
Joseph Osha,948,https://stockanalysis.com/analysts/Joseph-Osha/,19 Aug 2026
Katherine Lei,949,https://stockanalysis.com/analysts/Katherine-Lei/,11 Aug 2026
Ben Reitzes,953,https://stockanalysis.com/analysts/Ben-Reitzes/,29 Jun 2026
Christopher Horvers,956,https://stockanalysis.com/analysts/Christopher-Horvers/,21 Aug 2026
Kunal Madhukar,957,https://stockanalysis.com/analysts/Kunal-Madhukar/,17 Aug 2026
Matthew Bouley,959,https://stockanalysis.com/analysts/Matthew-Bouley/,20 Aug 2026
Jeremy Tonet,960,https://stockanalysis.com/analysts/Jeremy-Tonet/,20 Aug 2026
Zach Cummins,964,https://stockanalysis.com/analysts/Zach-Cummins/,14 Aug 2026
Howard Ma,967,https://stockanalysis.com/analysts/Howard-Ma/,19 Aug 2026
Dara Mohsenian,968,https://stockanalysis.com/analysts/Dara-Mohsenian/,20 Aug 2026
Joseph Stauff,969,https://stockanalysis.com/analysts/Joseph-Stauff/,20 Aug 2026
Steven Cahall,970,https://stockanalysis.com/analysts/Steven-Cahall/,14 Aug 2026
Dan Dolev,971,https://stockanalysis.com/analysts/Dan-Dolev/,17 Aug 2026
Anthony Petrone,972,https://stockanalysis.com/analysts/Anthony-Petrone/,21 Aug 2026
John Blackledge,973,https://stockanalysis.com/analysts/John-Blackledge/,21 Aug 2026
Bennett Moore,976,https://stockanalysis.com/analysts/Bennett-Moore/,14 Aug 2026
RJ Milligan,979,https://stockanalysis.com/analysts/RJ-Milligan/,28 Jul 2026
Mark Lear,983,https://stockanalysis.com/analysts/Mark-Lear/,10 Apr 2026
Mark Murphy,984,https://stockanalysis.com/analysts/Mark-Murphy/,14 Jul 2026
Andrew Liesch,985,https://stockanalysis.com/analysts/Andrew-Liesch/,08 Jul 2026
Paul Treiber,986,https://stockanalysis.com/analysts/Paul-Treiber/,14 Aug 2026
Bernie McTernan,988,https://stockanalysis.com/analysts/Bernie-McTernan/,13 Aug 2026
Eric Martinuzzi,989,https://stockanalysis.com/analysts/Eric-Martinuzzi/,14 Aug 2026
Steven Seedhouse,990,https://stockanalysis.com/analysts/Steven-Seedhouse/,21 Aug 2026
Thomas Shrader,991,https://stockanalysis.com/analysts/Thomas-Shrader/,21 Aug 2026
Stephen Laszczyk,994,https://stockanalysis.com/analysts/Stephen-Laszczyk/,11 Aug 2026
Matthew Prisco,999,https://stockanalysis.com/analysts/Matthew-Prisco/,17 Aug 2026
Victoria McCulloch,1002,https://stockanalysis.com/analysts/Victoria-McCulloch/,21 Aug 2026
Vivek Juneja,1003,https://stockanalysis.com/analysts/Vivek-Juneja/,04 Aug 2026
Ivan Feinseth,1007,https://stockanalysis.com/analysts/Ivan-Feinseth/,19 Aug 2026
Scott Schneeberger,1008,https://stockanalysis.com/analysts/Scott-Schneeberger/,18 Aug 2026
Martin Auster,1009,https://stockanalysis.com/analysts/Martin-Auster/,11 Aug 2026
Yuan Zhi,1010,https://stockanalysis.com/analysts/Yuan-Zhi/,18 Aug 2026
Alexandra Yates,1012,https://stockanalysis.com/analysts/Alexandra-Yates/,31 Jul 2026
Peter Levine,1015,https://stockanalysis.com/analysts/Peter-Levine/,20 Aug 2026
Craig Hettenbach,1016,https://stockanalysis.com/analysts/Craig-Hettenbach/,14 Aug 2026
Eric Coldwell,1019,https://stockanalysis.com/analysts/Eric-Coldwell/,11 Aug 2026
Jeff Cantwell,1020,https://stockanalysis.com/analysts/Jeff-Cantwell/,17 Aug 2026
Brad Reback,1022,https://stockanalysis.com/analysts/Brad-Reback/,18 Aug 2026
Richard Close,1023,https://stockanalysis.com/analysts/Richard-Close/,21 Aug 2026
Stephen Ju,1025,https://stockanalysis.com/analysts/Stephen-Ju/,13 Aug 2026
Josh Nichols,1026,https://stockanalysis.com/analysts/Josh-Nichols/,21 Aug 2026
Brian Mullan,1030,https://stockanalysis.com/analysts/Brian-Mullan/,17 Aug 2026
Jay Huang,1031,https://stockanalysis.com/analysts/Jay-Huang/,20 Jul 2026
Alexander Pearce,1032,https://stockanalysis.com/analysts/Alexander-Pearce/,22 Jul 2026
Omotayo Okusanya,1033,https://stockanalysis.com/analysts/Omotayo-Okusanya/,22 Jul 2026
Tami Zakaria,1035,https://stockanalysis.com/analysts/Tami-Zakaria/,21 Aug 2026
Paul Lejuez,1037,https://stockanalysis.com/analysts/Paul-Lejuez/,21 Aug 2026
Ian Zaffino,1038,https://stockanalysis.com/analysts/Ian-Zaffino/,12 Aug 2026
Subash Chandra,1039,https://stockanalysis.com/analysts/Subash-Chandra/,11 Aug 2026
Robert Driscoll,1040,https://stockanalysis.com/analysts/Robert-Driscoll/,20 Aug 2026
Ronald Kamdem,1044,https://stockanalysis.com/analysts/Ronald-Kamdem/,20 Aug 2026
Joshua Shanker,1046,https://stockanalysis.com/analysts/Joshua-Shanker/,20 Aug 2026
Alex Scott,1047,https://stockanalysis.com/analysts/Alex-Scott/,21 Aug 2026
Jon Tower,1048,https://stockanalysis.com/analysts/Jon-Tower/,13 Aug 2026
Kevin Chiang,1050,https://stockanalysis.com/analysts/Kevin-Chiang/,19 Aug 2026
Rafe Jadrosich,1051,https://stockanalysis.com/analysts/Rafe-Jadrosich/,20 Aug 2026
Keith Bachman,1052,https://stockanalysis.com/analysts/Keith-Bachman/,20 Aug 2026
David Anderson,1053,https://stockanalysis.com/analysts/David-Anderson/,20 Aug 2026
Gil Luria,1054,https://stockanalysis.com/analysts/Gil-Luria/,18 Aug 2026
Thomas Flaten,1055,https://stockanalysis.com/analysts/Thomas-Flaten/,21 Aug 2026
Brian Kinstlinger,1056,https://stockanalysis.com/analysts/Brian-Kinstlinger/,20 Aug 2026
Darren Aftahi,1057,https://stockanalysis.com/analysts/Darren-Aftahi/,11 Aug 2026
Andy Barish,1066,https://stockanalysis.com/analysts/Andy-Barish/,05 Aug 2026
Matthew Hedberg,1067,https://stockanalysis.com/analysts/Matthew-Hedberg/,14 Aug 2026
Jeff Johnson,1069,https://stockanalysis.com/analysts/Jeff-Johnson/,07 Aug 2026
Matthew Galinko,1070,https://stockanalysis.com/analysts/Matthew-Galinko/,20 Aug 2026
Robert Stallard,1073,https://stockanalysis.com/analysts/Robert-Stallard/,01 Jul 2026
Michael Zaremski,1074,https://stockanalysis.com/analysts/Michael-Zaremski/,19 Aug 2026
Derick Ma,1077,https://stockanalysis.com/analysts/Derick-Ma/,24 Jul 2026
Crispin Love,1079,https://stockanalysis.com/analysts/Crispin-Love/,11 Aug 2026
Michael Diana,1081,https://stockanalysis.com/analysts/Michael-Diana/,17 Aug 2026
Sean McCutcheon,1082,https://stockanalysis.com/analysts/Sean-McCutcheon/,06 Aug 2026
George Hill,1083,https://stockanalysis.com/analysts/George-Hill/,13 Aug 2026
Eric Sheridan,1084,https://stockanalysis.com/analysts/Eric-Sheridan/,20 Aug 2026
Hanwen Chang,1090,https://stockanalysis.com/analysts/Hanwen-Chang/,13 Aug 2026
Christopher Marinac,1091,https://stockanalysis.com/analysts/Christopher-Marinac/,12 Jun 2026
Christopher Snyder,1092,https://stockanalysis.com/analysts/Christopher-Snyder/,20 Aug 2026
Tobey Sommer,1093,https://stockanalysis.com/analysts/Tobey-Sommer/,13 Aug 2026
Brandon Oglenski,1095,https://stockanalysis.com/analysts/Brandon-Oglenski/,07 Aug 2026
Mark Zgutowicz,1096,https://stockanalysis.com/analysts/Mark-Zgutowicz/,11 Aug 2026
Anthony Crowdell,1099,https://stockanalysis.com/analysts/Anthony-Crowdell/,11 Aug 2026
Zach Parham,1101,https://stockanalysis.com/analysts/Zach-Parham/,06 May 2026
Ashwani Verma,1102,https://stockanalysis.com/analysts/Ashwani-Verma/,21 Aug 2026
Michael Feniger,1103,https://stockanalysis.com/analysts/Michael-Feniger/,21 Aug 2026
Ralph Schackart,1107,https://stockanalysis.com/analysts/Ralph-Schackart/,13 Aug 2026
Michael Baker,1109,https://stockanalysis.com/analysts/Michael-Baker/,21 Aug 2026
Raimo Lenschow,1110,https://stockanalysis.com/analysts/Raimo-Lenschow/,20 Aug 2026
Colin Sebastian,1111,https://stockanalysis.com/analysts/Colin-Sebastian/,21 Aug 2026
Michael Rose,1112,https://stockanalysis.com/analysts/Michael-Rose/,23 Jul 2026
Greg Gibas,1113,https://stockanalysis.com/analysts/Greg-Gibas/,11 Aug 2026
Bradley Canino,1127,https://stockanalysis.com/analysts/Bradley-Canino/,16 Aug 2026
Thomas Chong,1128,https://stockanalysis.com/analysts/Thomas-Chong/,21 Aug 2026
Alex Markgraff,1129,https://stockanalysis.com/analysts/Alex-Markgraff/,10 Aug 2026
Peter Winter,1137,https://stockanalysis.com/analysts/Peter-Winter/,03 Aug 2026
Duffy Fischer,1138,https://stockanalysis.com/analysts/Duffy-Fischer/,09 Aug 2026
Lisa Gill,1140,https://stockanalysis.com/analysts/Lisa-Gill/,21 Aug 2026
Trey Grooms,1141,https://stockanalysis.com/analysts/Trey-Grooms/,07 Aug 2026
Matthew Taylor,1142,https://stockanalysis.com/analysts/Matthew-Taylor/,21 Aug 2026
Corinne Johnson,1143,https://stockanalysis.com/analysts/Corinne-Johnson/,16 Jul 2026
Todd Coupland,1145,https://stockanalysis.com/analysts/Todd-Coupland/,17 Aug 2026
Tiago Fauth,1146,https://stockanalysis.com/analysts/Tiago-Fauth/,17 Aug 2026
Biren Amin,1147,https://stockanalysis.com/analysts/Biren-Amin/,20 Aug 2026
Tim Anderson,1149,https://stockanalysis.com/analysts/Tim-Anderson/,18 Dec 2025
Terry McEvoy,1151,https://stockanalysis.com/analysts/Terry-McEvoy/,16 Jul 2026
Erika Najarian,1153,https://stockanalysis.com/analysts/Erika-Najarian/,05 Aug 2026
Kannan Venkateshwar,1155,https://stockanalysis.com/analysts/Kannan-Venkateshwar/,07 Aug 2026
Kirk Materne,1157,https://stockanalysis.com/analysts/Kirk-Materne/,21 Aug 2026
Thomas Wadewitz,1159,https://stockanalysis.com/analysts/Thomas-Wadewitz/,07 Aug 2026
Joseph Altobello,1160,https://stockanalysis.com/analysts/Joseph-Altobello/,07 Aug 2026
Daniel Arias,1161,https://stockanalysis.com/analysts/Daniel-Arias/,13 Aug 2026
Timothy Coffey,1164,https://stockanalysis.com/analysts/Timothy-Coffey/,30 Jul 2026
Jeff Schmitt,1170,https://stockanalysis.com/analysts/Jeff-Schmitt/,20 Aug 2026
Joshua Chan,1171,https://stockanalysis.com/analysts/Joshua-Chan/,20 Aug 2026
Reuben Garner,1172,https://stockanalysis.com/analysts/Reuben-Garner/,17 Aug 2026
Steven Forbes,1173,https://stockanalysis.com/analysts/Steven-Forbes/,21 Aug 2026
Maury Raycroft,1174,https://stockanalysis.com/analysts/Maury-Raycroft/,06 Aug 2026
Daniel Cardenas,1178,https://stockanalysis.com/analysts/Daniel-Cardenas/,17 Aug 2026
Andrew Steinerman,1181,https://stockanalysis.com/analysts/Andrew-Steinerman/,17 Aug 2026
Barton Crockett,1182,https://stockanalysis.com/analysts/Barton-Crockett/,13 Aug 2026
Troy Jensen,1183,https://stockanalysis.com/analysts/Troy-Jensen/,11 Aug 2026
Matthew Martino,1185,https://stockanalysis.com/analysts/Matthew-Martino/,19 Aug 2026
Brian Foran,1187,https://stockanalysis.com/analysts/Brian-Foran/,04 Aug 2026
Chris Schott,1192,https://stockanalysis.com/analysts/Chris-Schott/,19 Aug 2026
Vijay Kumar,1193,https://stockanalysis.com/analysts/Vijay-Kumar/,07 Aug 2026
Timothy Wojs,1196,https://stockanalysis.com/analysts/Timothy-Wojs/,11 Aug 2026
Eric Joseph,1197,https://stockanalysis.com/analysts/Eric-Joseph/,14 Aug 2026
Mark Carden,1200,https://stockanalysis.com/analysts/Mark-Carden/,17 Aug 2026
Guy Hardwick,1201,https://stockanalysis.com/analysts/Guy-Hardwick/,21 Aug 2026
Rajesh Kumar,1205,https://stockanalysis.com/analysts/Rajesh-Kumar/,13 Jul 2026
Eugene Hsiao,1206,https://stockanalysis.com/analysts/Eugene-Hsiao/,29 May 2026
Bill Selesky,1207,https://stockanalysis.com/analysts/Bill-Selesky/,19 Aug 2026
Adam Berlin,1208,https://stockanalysis.com/analysts/Adam-Berlin/,07 Aug 2026
Jonathan Ho,1209,https://stockanalysis.com/analysts/Jonathan-Ho/,19 Aug 2026
Tate Sullivan,1210,https://stockanalysis.com/analysts/Tate-Sullivan/,21 Aug 2026
Mark Smith,1211,https://stockanalysis.com/analysts/Mark-Smith/,07 Aug 2026
Kalpit Patel,1212,https://stockanalysis.com/analysts/Kalpit-Patel/,17 Aug 2026
Ingo Wermann,1219,https://stockanalysis.com/analysts/Ingo-Wermann/,13 Aug 2026
Bryan Keane,1224,https://stockanalysis.com/analysts/Bryan-Keane/,19 Aug 2026
Kurt Yinger,1225,https://stockanalysis.com/analysts/Kurt-Yinger/,21 Aug 2026
William Janela,1226,https://stockanalysis.com/analysts/William-Janela/,04 Aug 2026
Suraj Kalia,1228,https://stockanalysis.com/analysts/Suraj-Kalia/,12 Aug 2026
Mark Cash,1229,https://stockanalysis.com/analysts/Mark-Cash/,07 Aug 2026
Richard Garchitorena,1232,https://stockanalysis.com/analysts/Richard-Garchitorena/,20 Aug 2026
Ketan Mamtora,1235,https://stockanalysis.com/analysts/Ketan-Mamtora/,17 Aug 2026
Pito Chickering,1236,https://stockanalysis.com/analysts/Pito-Chickering/,06 Aug 2026
Alan Gould,1238,https://stockanalysis.com/analysts/Alan-Gould/,04 Jun 2026
Eric Luebchow,1239,https://stockanalysis.com/analysts/Eric-Luebchow/,21 Aug 2026
Ben Hendrix,1240,https://stockanalysis.com/analysts/Ben-Hendrix/,21 Aug 2026
Michael Elias,1241,https://stockanalysis.com/analysts/Michael-Elias/,14 Aug 2026
Richard Newitter,1242,https://stockanalysis.com/analysts/Richard-Newitter/,20 Aug 2026
Matthew Caufield,1243,https://stockanalysis.com/analysts/Matthew-Caufield/,17 Aug 2026
Alexander Slagle,1247,https://stockanalysis.com/analysts/Alexander-Slagle/,14 May 2026
David Motemaden,1248,https://stockanalysis.com/analysts/David-Motemaden/,18 Aug 2026
Bret Jordan,1250,https://stockanalysis.com/analysts/Bret-Jordan/,13 Aug 2026
Todd Thomas,1251,https://stockanalysis.com/analysts/Todd-Thomas/,18 Aug 2026
Paul Choi,1253,https://stockanalysis.com/analysts/Paul-Choi/,17 Aug 2026
Amit Mehrotra,1254,https://stockanalysis.com/analysts/Amit-Mehrotra/,17 Aug 2026
Michael Swartz,1255,https://stockanalysis.com/analysts/Michael-Swartz/,21 Apr 2026
Michael Kupinski,1256,https://stockanalysis.com/analysts/Michael-Kupinski/,21 Aug 2026
Jimmy Shan,1262,https://stockanalysis.com/analysts/Jimmy-Shan/,18 Aug 2026
Christopher Nolan,1263,https://stockanalysis.com/analysts/Christopher-Nolan/,07 Aug 2026
John Hodulik,1265,https://stockanalysis.com/analysts/John-Hodulik/,17 Aug 2026
Aleksey Yefremov,1268,https://stockanalysis.com/analysts/Aleksey-Yefremov/,04 Mar 2026
Jessica Fye,1269,https://stockanalysis.com/analysts/Jessica-Fye/,21 Aug 2026
Sabahat Khan,1270,https://stockanalysis.com/analysts/Sabahat-Khan/,18 Aug 2026
Brandt Montour,1271,https://stockanalysis.com/analysts/Brandt-Montour/,21 Aug 2026
Michael Latimore,1272,https://stockanalysis.com/analysts/Michael-Latimore/,18 Aug 2026
Rowland Mayor,1274,https://stockanalysis.com/analysts/Rowland-Mayor/,14 Aug 2026
Chad Dillard,1278,https://stockanalysis.com/analysts/Chad-Dillard/,21 Aug 2026
Michael Ryskin,1281,https://stockanalysis.com/analysts/Michael-Ryskin/,14 Aug 2026
Nelson Ng,1283,https://stockanalysis.com/analysts/Nelson-Ng/,14 Aug 2026
Douglas Harned,1284,https://stockanalysis.com/analysts/Douglas-Harned/,21 Aug 2026
Mike Kratky,1286,https://stockanalysis.com/analysts/Mike-Kratky/,06 Aug 2026
David Bishop,1290,https://stockanalysis.com/analysts/David-Bishop/,27 Jul 2026
Ross Sparenblek,1291,https://stockanalysis.com/analysts/Ross-Sparenblek/,11 Aug 2026
Jeffrey Silber,1296,https://stockanalysis.com/analysts/Jeffrey-Silber/,18 Aug 2026
Robbie Marcus,1298,https://stockanalysis.com/analysts/Robbie-Marcus/,20 Aug 2026
David Deckelbaum,1299,https://stockanalysis.com/analysts/David-Deckelbaum/,26 Mar 2026
Matt Phipps,1300,https://stockanalysis.com/analysts/Matt-Phipps/,19 Aug 2026
David Raso,1304,https://stockanalysis.com/analysts/David-Raso/,02 Aug 2026
Timur Braziler,1307,https://stockanalysis.com/analysts/Timur-Braziler/,10 Aug 2026
Bonnie Herzog,1309,https://stockanalysis.com/analysts/Bonnie-Herzog/,19 Aug 2026
Sanjit Singh,1310,https://stockanalysis.com/analysts/Sanjit-Singh/,19 Aug 2026
Michael Linenberg,1313,https://stockanalysis.com/analysts/Michael-Linenberg/,31 Jul 2026
Brian Tanquilut,1314,https://stockanalysis.com/analysts/Brian-Tanquilut/,21 Aug 2026
David Long,1315,https://stockanalysis.com/analysts/David-Long/,01 Jul 2026
Andreas Argyrides,1316,https://stockanalysis.com/analysts/Andreas-Argyrides/,19 Aug 2026
Edward Tenthoff,1317,https://stockanalysis.com/analysts/Edward-Tenthoff/,14 Aug 2026
Matthew Weston,1318,https://stockanalysis.com/analysts/Matthew-Weston/,20 Aug 2026
Sudan Loganathan,1320,https://stockanalysis.com/analysts/Sudan-Loganathan/,04 Jun 2026
David Dai,1321,https://stockanalysis.com/analysts/David-Dai/,21 Aug 2026
Jimmy Bhullar,1323,https://stockanalysis.com/analysts/Jimmy-Bhullar/,20 Apr 2026
Manan Gosalia,1324,https://stockanalysis.com/analysts/Manan-Gosalia/,05 Aug 2026
Tavy Rosner,1326,https://stockanalysis.com/analysts/Tavy-Rosner/,18 Mar 2026
Brian Nowak,1327,https://stockanalysis.com/analysts/Brian-Nowak/,21 Aug 2026
David Stanton,1330,https://stockanalysis.com/analysts/David-Stanton/,21 Aug 2026
Anne Ling,1332,https://stockanalysis.com/analysts/Anne-Ling/,21 Aug 2026
Kristina Ruggeri,1335,https://stockanalysis.com/analysts/Kristina-Ruggeri/,10 Aug 2026
John Royall,1336,https://stockanalysis.com/analysts/John-Royall/,10 Aug 2026
Scott Group,1339,https://stockanalysis.com/analysts/Scott-Group/,11 Aug 2026
Jake Fuller,1343,https://stockanalysis.com/analysts/Jake-Fuller/,12 Aug 2026
Thomas Blakey,1344,https://stockanalysis.com/analysts/Thomas-Blakey/,10 Aug 2026
Jonathan Goldman,1345,https://stockanalysis.com/analysts/Jonathan-Goldman/,17 Aug 2026
Justin Kim,1346,https://stockanalysis.com/analysts/Justin-Kim/,08 Jun 2026
Connor Murphy,1350,https://stockanalysis.com/analysts/Connor-Murphy/,10 Aug 2026
Kelly Motta,1351,https://stockanalysis.com/analysts/Kelly-Motta/,03 Aug 2026
Robert Kad,1355,https://stockanalysis.com/analysts/Robert-Kad/,19 Aug 2026
Chris Parkinson,1356,https://stockanalysis.com/analysts/Chris-Parkinson/,10 Aug 2026
John Lovallo,1357,https://stockanalysis.com/analysts/John-Lovallo/,20 Aug 2026
Uy Ear,1362,https://stockanalysis.com/analysts/Uy-Ear/,20 Aug 2026
Geulah Livshits,1363,https://stockanalysis.com/analysts/Geulah-Livshits/,07 Jul 2026
Vikram Gandhi,1366,https://stockanalysis.com/analysts/Vikram-Gandhi/,20 Jul 2026
Harshita Rawat,1367,https://stockanalysis.com/analysts/Harshita-Rawat/,12 Aug 2026
Chiara Battistini,1370,https://stockanalysis.com/analysts/Chiara-Battistini/,13 Aug 2026
Ghansham Panjabi,1374,https://stockanalysis.com/analysts/Ghansham-Panjabi/,13 Aug 2026
Daryl Young,1375,https://stockanalysis.com/analysts/Daryl-Young/,18 Aug 2026
Patrick Colville,1376,https://stockanalysis.com/analysts/Patrick-Colville/,21 Aug 2026
Matthew Boss,1378,https://stockanalysis.com/analysts/Matthew-Boss/,21 Aug 2026
Rick Patel,1380,https://stockanalysis.com/analysts/Rick-Patel/,18 Aug 2026
Steven Etoch,1381,https://stockanalysis.com/analysts/Steven-Etoch/,27 Jul 2026
Casey Woodring,1386,https://stockanalysis.com/analysts/Casey-Woodring/,10 Aug 2026
Kallum Titchmarsh,1388,https://stockanalysis.com/analysts/Kallum-Titchmarsh/,17 Aug 2026
Greg Melich,1392,https://stockanalysis.com/analysts/Greg-Melich/,21 Aug 2026
Stephanie Price,1393,https://stockanalysis.com/analysts/Stephanie-Price/,14 Aug 2026
Meta Marshall,1394,https://stockanalysis.com/analysts/Meta-Marshall/,21 Aug 2026
Andrew Charles,1395,https://stockanalysis.com/analysts/Andrew-Charles/,13 Aug 2026
Leland Gershell,1396,https://stockanalysis.com/analysts/Leland-Gershell/,21 Aug 2026
Justin Lake,1400,https://stockanalysis.com/analysts/Justin-Lake/,05 May 2026
Andrei Stadnik,1403,https://stockanalysis.com/analysts/Andrei-Stadnik/,27 Apr 2026
Amos Fletcher,1404,https://stockanalysis.com/analysts/Amos-Fletcher/,18 Aug 2026
Adam Klauber,1405,https://stockanalysis.com/analysts/Adam-Klauber/,19 Aug 2026
Josh Baer,1406,https://stockanalysis.com/analysts/Josh-Baer/,16 Jul 2026
Sean Steuart,1407,https://stockanalysis.com/analysts/Sean-Steuart/,13 Aug 2026
Noah Poponak,1408,https://stockanalysis.com/analysts/Noah-Poponak/,20 Aug 2026
Duane Pfennigwerth,1418,https://stockanalysis.com/analysts/Duane-Pfennigwerth/,19 Aug 2026
Shlomo Rosenbaum,1419,https://stockanalysis.com/analysts/Shlomo-Rosenbaum/,14 Aug 2026
Carter Gould,1420,https://stockanalysis.com/analysts/Carter-Gould/,18 Aug 2026
Stephen Byrd,1422,https://stockanalysis.com/analysts/Stephen-Byrd/,13 Aug 2026
Robert Wasserman,1424,https://stockanalysis.com/analysts/Robert-Wasserman/,10 Aug 2026
Prakhar Agrawal,1426,https://stockanalysis.com/analysts/Prakhar-Agrawal/,17 Jul 2026
Jeffrey Spector,1431,https://stockanalysis.com/analysts/Jeffrey-Spector/,17 Aug 2026
Kyle Joseph,1433,https://stockanalysis.com/analysts/Kyle-Joseph/,11 Aug 2026
Buck Horne,1436,https://stockanalysis.com/analysts/Buck-Horne/,10 Jul 2026
Alexei Gogolev,1437,https://stockanalysis.com/analysts/Alexei-Gogolev/,12 Aug 2026
Christopher Stathoulopoulos,1439,https://stockanalysis.com/analysts/Christopher-Stathoulopoulos/,18 Aug 2026
Bill Peterson,1440,https://stockanalysis.com/analysts/Bill-Peterson/,10 Aug 2026
Gerry Sweeney,1441,https://stockanalysis.com/analysts/Gerry-Sweeney/,07 Aug 2026
Adithya Metuku,1444,https://stockanalysis.com/analysts/Adithya-Metuku/,27 Jul 2026
Peter Supino,1445,https://stockanalysis.com/analysts/Peter-Supino/,17 Aug 2026
John Colantuoni,1447,https://stockanalysis.com/analysts/John-Colantuoni/,10 Aug 2026
Benjamin Theurer,1448,https://stockanalysis.com/analysts/Benjamin-Theurer/,17 Aug 2026
Mathew Blackman,1450,https://stockanalysis.com/analysts/Mathew-Blackman/,06 Aug 2026
Jon Windham,1451,https://stockanalysis.com/analysts/Jon-Windham/,20 Aug 2026
Sangita Jain,1452,https://stockanalysis.com/analysts/Sangita-Jain/,17 Aug 2026
Justin Patterson,1453,https://stockanalysis.com/analysts/Justin-Patterson/,10 Aug 2026
Peter Keith,1454,https://stockanalysis.com/analysts/Peter-Keith/,21 Aug 2026
David Katz,1455,https://stockanalysis.com/analysts/David-Katz/,13 Aug 2026
Luke Hannan,1456,https://stockanalysis.com/analysts/Luke-Hannan/,06 Aug 2026
Richard Choe,1459,https://stockanalysis.com/analysts/Richard-Choe/,17 Aug 2026
Kelsey Chia,1462,https://stockanalysis.com/analysts/Kelsey-Chia/,31 Jul 2026
Daniel Stauder,1464,https://stockanalysis.com/analysts/Daniel-Stauder/,08 May 2026
Barry Sine,1465,https://stockanalysis.com/analysts/Barry-Sine/,04 Aug 2026
Cameron Bean,1467,https://stockanalysis.com/analysts/Cameron-Bean/,01 Apr 2026
Savanthi Syth,1469,https://stockanalysis.com/analysts/Savanthi-Syth/,11 Aug 2026
William Plovanic,1470,https://stockanalysis.com/analysts/William-Plovanic/,18 Aug 2026
Emily Bodnar,1471,https://stockanalysis.com/analysts/Emily-Bodnar/,18 Aug 2026
Kevin Fisk,1476,https://stockanalysis.com/analysts/Kevin-Fisk/,31 Jul 2026
Damian Karas,1477,https://stockanalysis.com/analysts/Damian-Karas/,05 Aug 2026
Bruno Amorim,1480,https://stockanalysis.com/analysts/Bruno-Amorim/,05 Aug 2026
James Yaro,1481,https://stockanalysis.com/analysts/James-Yaro/,17 Aug 2026
David Vogt,1482,https://stockanalysis.com/analysts/David-Vogt/,13 Aug 2026
Mathieu Robilliard,1483,https://stockanalysis.com/analysts/Mathieu-Robilliard/,10 Aug 2026
Michael Rehaut,1484,https://stockanalysis.com/analysts/Michael-Rehaut/,16 Jun 2026
Steven Fisher,1485,https://stockanalysis.com/analysts/Steven-Fisher/,21 Aug 2026
Jordan Alliger,1487,https://stockanalysis.com/analysts/Jordan-Alliger/,04 Aug 2026
Mark Massaro,1488,https://stockanalysis.com/analysts/Mark-Massaro/,21 Aug 2026
Daniel Osley,1489,https://stockanalysis.com/analysts/Daniel-Osley/,05 Aug 2026
Michael Roxland,1494,https://stockanalysis.com/analysts/Michael-Roxland/,21 Aug 2026
Joe Feldman,1499,https://stockanalysis.com/analysts/Joe-Feldman/,21 Aug 2026
Mark Altschwager,1500,https://stockanalysis.com/analysts/Mark-Altschwager/,21 Aug 2026
Philip Shen,1501,https://stockanalysis.com/analysts/Philip-Shen/,14 Aug 2026
Rustam Kanga,1506,https://stockanalysis.com/analysts/Rustam-Kanga/,04 Aug 2026
Kevin Grundy,1511,https://stockanalysis.com/analysts/Kevin-Grundy/,08 Jul 2026
Marcelo Santos,1512,https://stockanalysis.com/analysts/Marcelo-Santos/,18 Aug 2026
Lance Wilkes,1513,https://stockanalysis.com/analysts/Lance-Wilkes/,14 Aug 2026
Reginald Smith,1515,https://stockanalysis.com/analysts/Reginald-Smith/,08 Jul 2026
Steven Delaney,1516,https://stockanalysis.com/analysts/Steven-Delaney/,18 Aug 2026
Robert Stein,1524,https://stockanalysis.com/analysts/Robert-Stein/,12 Aug 2026
Nigel Coe,1526,https://stockanalysis.com/analysts/Nigel-Coe/,21 Jul 2026
Emma Xu,1527,https://stockanalysis.com/analysts/Emma-Xu/,21 Aug 2026
Brian Vaccaro,1528,https://stockanalysis.com/analysts/Brian-Vaccaro/,12 Aug 2026
Dennis Ip,1529,https://stockanalysis.com/analysts/Dennis-Ip/,22 May 2026
Brian Martin,1535,https://stockanalysis.com/analysts/Brian-Martin/,07 Aug 2026
Daniel Politzer,1538,https://stockanalysis.com/analysts/Daniel-Politzer/,12 Aug 2026
Mauricio Serna,1540,https://stockanalysis.com/analysts/Mauricio-Serna/,18 Aug 2026
Tom Narayan,1541,https://stockanalysis.com/analysts/Tom-Narayan/,14 Aug 2026
Brian Peterson,1542,https://stockanalysis.com/analysts/Brian-Peterson/,07 Aug 2026
Stephen Grambling,1547,https://stockanalysis.com/analysts/Stephen-Grambling/,21 Aug 2026
Pablo Monsivais,1548,https://stockanalysis.com/analysts/Pablo-Monsivais/,15 May 2026
Charles Rhyee,1553,https://stockanalysis.com/analysts/Charles-Rhyee/,19 Aug 2026
Ben Isaacson,1554,https://stockanalysis.com/analysts/Ben-Isaacson/,19 Aug 2026
Thomas Champion,1556,https://stockanalysis.com/analysts/Thomas-Champion/,19 Aug 2026
Brian Ossenbeck,1557,https://stockanalysis.com/analysts/Brian-Ossenbeck/,10 Aug 2026
Robert Jamieson,1559,https://stockanalysis.com/analysts/Robert-Jamieson/,27 May 2026
Sathish Kasinathan,1560,https://stockanalysis.com/analysts/Sathish-Kasinathan/,20 Aug 2026
Karen Holthouse,1562,https://stockanalysis.com/analysts/Karen-Holthouse/,13 Aug 2026
Paul Fremont,1563,https://stockanalysis.com/analysts/Paul-Fremont/,17 Aug 2026
Biraj Borkhataria,1564,https://stockanalysis.com/analysts/Biraj-Borkhataria/,04 Aug 2026
Ross Fowler,1565,https://stockanalysis.com/analysts/Ross-Fowler/,18 Aug 2026
Ari Klein,1566,https://stockanalysis.com/analysts/Ari-Klein/,17 Aug 2026
Robert Ohmes,1569,https://stockanalysis.com/analysts/Robert-Ohmes/,21 Aug 2026
Pete Stavropoulos,1570,https://stockanalysis.com/analysts/Pete-Stavropoulos/,10 Aug 2026
James Hardiman,1571,https://stockanalysis.com/analysts/James-Hardiman/,11 Aug 2026
Kristen Owen,1578,https://stockanalysis.com/analysts/Kristen-Owen/,21 Aug 2026
Jonathan Matuszewski,1579,https://stockanalysis.com/analysts/Jonathan-Matuszewski/,20 Aug 2026
Thomas Stephan,1582,https://stockanalysis.com/analysts/Thomas-Stephan/,17 Aug 2026
Kash Rangan,1583,https://stockanalysis.com/analysts/Kash-Rangan/,02 Feb 2026
Daniel Kurnos,1584,https://stockanalysis.com/analysts/Daniel-Kurnos/,10 Aug 2026
Janet Lee,1585,https://stockanalysis.com/analysts/Janet-Lee/,03 Aug 2026
David Palmer,1588,https://stockanalysis.com/analysts/David-Palmer/,20 Aug 2026
Anthony Codling,1589,https://stockanalysis.com/analysts/Anthony-Codling/,11 Aug 2026
Daniil Gataulin,1595,https://stockanalysis.com/analysts/Daniil-Gataulin/,25 Jun 2026
Anthony Bonadio,1597,https://stockanalysis.com/analysts/Anthony-Bonadio/,20 Aug 2026
Dan Bergstrom,1599,https://stockanalysis.com/analysts/Dan-Bergstrom/,30 Jul 2026
Caitlin Roberts,1601,https://stockanalysis.com/analysts/Caitlin-Roberts/,20 Aug 2026
Steven Alexopoulos,1602,https://stockanalysis.com/analysts/Steven-Alexopoulos/,27 Jul 2026
Gavin Parsons,1603,https://stockanalysis.com/analysts/Gavin-Parsons/,07 Aug 2026
Brad Erickson,1605,https://stockanalysis.com/analysts/Brad-Erickson/,20 Aug 2026
Jed Kelly,1607,https://stockanalysis.com/analysts/Jed-Kelly/,13 Aug 2026
Brian Schwartz,1608,https://stockanalysis.com/analysts/Brian-Schwartz/,20 Aug 2026
Jasper Hellweg,1615,https://stockanalysis.com/analysts/Jasper-Hellweg/,19 Aug 2026
Adam Jonas,1617,https://stockanalysis.com/analysts/Adam-Jonas/,19 Aug 2026
Michael Shlisky,1621,https://stockanalysis.com/analysts/Michael-Shlisky/,23 Aug 2026
Ben Mohr,1626,https://stockanalysis.com/analysts/Ben-Mohr/,14 Aug 2026
Polo Tang,1632,https://stockanalysis.com/analysts/Polo-Tang/,13 Aug 2026
Emmanuel Papadakis,1635,https://stockanalysis.com/analysts/Emmanuel-Papadakis/,19 Aug 2026
Michael Binetti,1636,https://stockanalysis.com/analysts/Michael-Binetti/,21 Aug 2026
Anderson Schock,1640,https://stockanalysis.com/analysts/Anderson-Schock/,10 Aug 2026
Venugopal Garre,1641,https://stockanalysis.com/analysts/Venugopal-Garre/,04 Aug 2026
Clark Wright,1642,https://stockanalysis.com/analysts/Clark-Wright/,17 Aug 2026
Dennis Ding,1644,https://stockanalysis.com/analysts/Dennis-Ding/,13 Jul 2026
Michael Cherny,1645,https://stockanalysis.com/analysts/Michael-Cherny/,11 Aug 2026
Steve Fleishman,1646,https://stockanalysis.com/analysts/Steve-Fleishman/,11 Aug 2026
Michael Bellisario,1647,https://stockanalysis.com/analysts/Michael-Bellisario/,06 Aug 2026
Radi Sultan,1649,https://stockanalysis.com/analysts/Radi-Sultan/,21 Aug 2026
Anthony Hau,1651,https://stockanalysis.com/analysts/Anthony-Hau/,28 Jul 2026
Andrew Terrell,1652,https://stockanalysis.com/analysts/Andrew-Terrell/,06 Aug 2026
Laurie Havener,1653,https://stockanalysis.com/analysts/Laurie-Havener/,29 Jul 2026
Merrill Ross,1654,https://stockanalysis.com/analysts/Merrill-Ross/,13 May 2026
Sebastiano Petti,1655,https://stockanalysis.com/analysts/Sebastiano-Petti/,19 Aug 2026
Tyler Batory,1656,https://stockanalysis.com/analysts/Tyler-Batory/,11 Aug 2026
Alex Irving,1657,https://stockanalysis.com/analysts/Alex-Irving/,20 Aug 2026
Robert Drbul,1658,https://stockanalysis.com/analysts/Robert-Drbul/,21 Aug 2026
Michael Lavery,1659,https://stockanalysis.com/analysts/Michael-Lavery/,21 Aug 2026
Marc Bianchi,1660,https://stockanalysis.com/analysts/Marc-Bianchi/,12 Aug 2026
Jon Hickman,1661,https://stockanalysis.com/analysts/Jon-Hickman/,19 Aug 2026
Patrick Walravens,1662,https://stockanalysis.com/analysts/Patrick-Walravens/,19 Aug 2026
Jonathan Chang,1663,https://stockanalysis.com/analysts/Jonathan-Chang/,13 Jul 2026
Michael Morton,1664,https://stockanalysis.com/analysts/Michael-Morton/,10 Jun 2026
Jason Bandel,1666,https://stockanalysis.com/analysts/Jason-Bandel/,07 Aug 2026
Stephen Powers,1667,https://stockanalysis.com/analysts/Stephen-Powers/,21 Aug 2026
Lauren Lieberman,1671,https://stockanalysis.com/analysts/Lauren-Lieberman/,20 Aug 2026
Jason Celino,1672,https://stockanalysis.com/analysts/Jason-Celino/,19 Aug 2026
Mark Schappel,1673,https://stockanalysis.com/analysts/Mark-Schappel/,18 Aug 2026
Adam Tindle,1676,https://stockanalysis.com/analysts/Adam-Tindle/,11 Aug 2026
Russell Gunther,1679,https://stockanalysis.com/analysts/Russell-Gunther/,21 Aug 2026
Gaurav Jain,1682,https://stockanalysis.com/analysts/Gaurav-Jain/,11 Aug 2026
Larry Biegelsen,1683,https://stockanalysis.com/analysts/Larry-Biegelsen/,21 Aug 2026
Sam Darkatsh,1685,https://stockanalysis.com/analysts/Sam-Darkatsh/,19 Aug 2026
Tyler Radke,1686,https://stockanalysis.com/analysts/Tyler-Radke/,20 Aug 2026
Christopher Nardone,1687,https://stockanalysis.com/analysts/Christopher-Nardone/,20 Aug 2026
Mickey Schleien,1694,https://stockanalysis.com/analysts/Mickey-Schleien/,03 Mar 2026
Jasper Bibb,1696,https://stockanalysis.com/analysts/Jasper-Bibb/,21 Aug 2026
Barry Oxford,1698,https://stockanalysis.com/analysts/Barry-Oxford/,18 Aug 2026
Sarah James,1700,https://stockanalysis.com/analysts/Sarah-James/,17 Aug 2026
John Babcock,1701,https://stockanalysis.com/analysts/John-Babcock/,20 Aug 2026
Mayank Mamtani,1705,https://stockanalysis.com/analysts/Mayank-Mamtani/,17 Aug 2026
Charles Meade,1712,https://stockanalysis.com/analysts/Charles-Meade/,17 Aug 2026
Kalei Akamine,1713,https://stockanalysis.com/analysts/Kalei-Akamine/,27 Apr 2026
Jonathan Block,1716,https://stockanalysis.com/analysts/Jonathan-Block/,20 Aug 2026
Thomas Gallagher,1720,https://stockanalysis.com/analysts/Thomas-Gallagher/,20 Aug 2026
Simon Coles,1725,https://stockanalysis.com/analysts/Simon-Coles/,21 Aug 2026
Allen Gong,1728,https://stockanalysis.com/analysts/Allen-Gong/,10 Aug 2026
Ruplu Bhattacharya,1735,https://stockanalysis.com/analysts/Ruplu-Bhattacharya/,18 Aug 2026
Simeon Gutman,1737,https://stockanalysis.com/analysts/Simeon-Gutman/,21 Aug 2026
John Baumgartner,1738,https://stockanalysis.com/analysts/John-Baumgartner/,20 May 2026
Adrian Huerta,1739,https://stockanalysis.com/analysts/Adrian-Huerta/,10 Aug 2026
Kevin Garrigan,1740,https://stockanalysis.com/analysts/Kevin-Garrigan/,14 Aug 2026
Alex Terentiew,1741,https://stockanalysis.com/analysts/Alex-Terentiew/,08 Jun 2026
Francois Brisebois,1753,https://stockanalysis.com/analysts/Francois-Brisebois/,14 Aug 2026
Robert Stevenson,1756,https://stockanalysis.com/analysts/Robert-Stevenson/,13 Jan 2026
Caitlin Cronin,1762,https://stockanalysis.com/analysts/Caitlin-Cronin/,17 Aug 2026
Tom Forte,1763,https://stockanalysis.com/analysts/Tom-Forte/,21 Aug 2026
Gregory Francfort,1766,https://stockanalysis.com/analysts/Gregory-Francfort/,12 Aug 2026
Scott Davis,1768,https://stockanalysis.com/analysts/Scott-Davis/,27 Jan 2026
Nikhil Devnani,1769,https://stockanalysis.com/analysts/Nikhil-Devnani/,14 Aug 2026
James Rollyson,1770,https://stockanalysis.com/analysts/James-Rollyson/,06 Aug 2026
Matt Miksic,1771,https://stockanalysis.com/analysts/Matt-Miksic/,28 May 2026
Matthew Harrigan,1772,https://stockanalysis.com/analysts/Matthew-Harrigan/,06 Aug 2026
Ben Kallo,1774,https://stockanalysis.com/analysts/Ben-Kallo/,18 Aug 2026
Joe Laetsch,1780,https://stockanalysis.com/analysts/Joe-Laetsch/,20 Aug 2026
Tommy Moll,1781,https://stockanalysis.com/analysts/Tommy-Moll/,18 Aug 2026
Jared Shaw,1782,https://stockanalysis.com/analysts/Jared-Shaw/,10 Aug 2026
Ryan Zimmerman,1786,https://stockanalysis.com/analysts/Ryan-Zimmerman/,20 Aug 2026
John Dunn,1789,https://stockanalysis.com/analysts/John-Dunn/,10 Aug 2026
Drew McReynolds,1792,https://stockanalysis.com/analysts/Drew-McReynolds/,14 Aug 2026
David Rescott,1794,https://stockanalysis.com/analysts/David-Rescott/,21 Aug 2026
Ronald Josey,1795,https://stockanalysis.com/analysts/Ronald-Josey/,20 Aug 2026
John McNulty,1797,https://stockanalysis.com/analysts/John-McNulty/,19 Aug 2026
Christine Dooley,1798,https://stockanalysis.com/analysts/Christine-Dooley/,20 Aug 2026
Matt Olney,1802,https://stockanalysis.com/analysts/Matt-Olney/,06 Aug 2026
Chris Woronka,1803,https://stockanalysis.com/analysts/Chris-Woronka/,14 Aug 2026
Mark Weintraub,1808,https://stockanalysis.com/analysts/Mark-Weintraub/,03 May 2026
Robert Ottenstein,1809,https://stockanalysis.com/analysts/Robert-Ottenstein/,19 Aug 2026
Brent Thill,1810,https://stockanalysis.com/analysts/Brent-Thill/,17 Aug 2026
Bhavesh Lodaya,1815,https://stockanalysis.com/analysts/Bhavesh-Lodaya/,07 Aug 2026
Jack Slevin,1818,https://stockanalysis.com/analysts/Jack-Slevin/,19 Aug 2026
Nicholas Yulico,1819,https://stockanalysis.com/analysts/Nicholas-Yulico/,18 Aug 2026
Puneet Souda,1824,https://stockanalysis.com/analysts/Puneet-Souda/,07 Aug 2026
Jeff Grampp,1825,https://stockanalysis.com/analysts/Jeff-Grampp/,20 Aug 2026
Vijit Jain,1829,https://stockanalysis.com/analysts/Vijit-Jain/,19 May 2026
Eric Gonzalez,1831,https://stockanalysis.com/analysts/Eric-Gonzalez/,05 Aug 2026
Vincent Caintic,1832,https://stockanalysis.com/analysts/Vincent-Caintic/,18 Aug 2026
Douglas Miehm,1833,https://stockanalysis.com/analysts/Douglas-Miehm/,12 Aug 2026
Andres Sheppard,1834,https://stockanalysis.com/analysts/Andres-Sheppard/,17 Aug 2026
Benjamin Rossi,1837,https://stockanalysis.com/analysts/Benjamin-Rossi/,20 Aug 2026
Thiago Batista,1838,https://stockanalysis.com/analysts/Thiago-Batista/,20 Aug 2026
Richa Harnain,1840,https://stockanalysis.com/analysts/Richa-Harnain/,24 Jul 2026
Simon Toyne,1845,https://stockanalysis.com/analysts/Simon-Toyne/,31 Mar 2026
Kevin Kopelman,1849,https://stockanalysis.com/analysts/Kevin-Kopelman/,07 Aug 2026
Piyush Choudhary,1850,https://stockanalysis.com/analysts/Piyush-Choudhary/,16 Jan 2026
Kevin McVeigh,1852,https://stockanalysis.com/analysts/Kevin-McVeigh/,17 Aug 2026
Kevin Mcveigh,1852,https://stockanalysis.com/analysts/Kevin-Mcveigh/,17 Aug 2026
Kevin Caliendo,1853,https://stockanalysis.com/analysts/Kevin-Caliendo/,14 Aug 2026
Jay Sole,1854,https://stockanalysis.com/analysts/Jay-Sole/,21 Aug 2026
Edison Yu,1857,https://stockanalysis.com/analysts/Edison-Yu/,17 Aug 2026
Judith Elliott,1859,https://stockanalysis.com/analysts/Judith-Elliott/,07 Aug 2026
Saree Boroditsky,1862,https://stockanalysis.com/analysts/Saree-Boroditsky/,09 Feb 2026
Jonathan Brandt,1864,https://stockanalysis.com/analysts/Jonathan-Brandt/,20 Aug 2026
James Faucette,1865,https://stockanalysis.com/analysts/James-Faucette/,21 Aug 2026
Jeffrey Zekauskas,1868,https://stockanalysis.com/analysts/Jeffrey-Zekauskas/,17 Aug 2026
Judah Frommer,1869,https://stockanalysis.com/analysts/Judah-Frommer/,17 Aug 2026
Alec Stranahan,1870,https://stockanalysis.com/analysts/Alec-Stranahan/,20 Aug 2026
Stacy Ku,1872,https://stockanalysis.com/analysts/Stacy-Ku/,20 Aug 2026
Mitchel Penn,1878,https://stockanalysis.com/analysts/Mitchel-Penn/,20 Aug 2026
Austin Wurschmidt,1880,https://stockanalysis.com/analysts/Austin-Wurschmidt/,19 Aug 2026
Roger Boyd,1881,https://stockanalysis.com/analysts/Roger-Boyd/,19 Aug 2026
Axel Herlinghaus,1882,https://stockanalysis.com/analysts/Axel-Herlinghaus/,13 Aug 2026
Phillip Blee,1883,https://stockanalysis.com/analysts/Phillip-Blee/,21 Aug 2026
Joshua Reilly,1885,https://stockanalysis.com/analysts/Joshua-Reilly/,20 Aug 2026
Pablo Singzon,1902,https://stockanalysis.com/analysts/Pablo-Singzon/,20 Aug 2026
Steve Hansen,1904,https://stockanalysis.com/analysts/Steve-Hansen/,04 Aug 2026
Chad Beynon,1905,https://stockanalysis.com/analysts/Chad-Beynon/,21 Aug 2026
Christopher Liu,1906,https://stockanalysis.com/analysts/Christopher-Liu/,05 Aug 2026
Michael Goldsmith,1909,https://stockanalysis.com/analysts/Michael-Goldsmith/,21 Aug 2026
Maher Yaghi,1910,https://stockanalysis.com/analysts/Maher-Yaghi/,11 Aug 2026
George Tong,1912,https://stockanalysis.com/analysts/George-Tong/,12 Aug 2026
Sam Eiber,1918,https://stockanalysis.com/analysts/Sam-Eiber/,14 Aug 2026
Peter Steyn,1921,https://stockanalysis.com/analysts/Peter-Steyn/,20 May 2026
Owen Rickert,1922,https://stockanalysis.com/analysts/Owen-Rickert/,18 Aug 2026
Joseph Cardoso,1923,https://stockanalysis.com/analysts/Joseph-Cardoso/,19 Aug 2026
Timothy Hoff,1924,https://stockanalysis.com/analysts/Timothy-Hoff/,20 Aug 2026
Wilma Burdis,1930,https://stockanalysis.com/analysts/Wilma-Burdis/,21 Aug 2026
Adam Baumgarten,1932,https://stockanalysis.com/analysts/Adam-Baumgarten/,27 Feb 2026
Taylor Conrad,1933,https://stockanalysis.com/analysts/Taylor-Conrad/,20 Aug 2026
Brendan Nosal,1936,https://stockanalysis.com/analysts/Brendan-Nosal/,30 Jul 2026
Andrew Strelzik,1939,https://stockanalysis.com/analysts/Andrew-Strelzik/,13 Aug 2026
Matthew Condon,1944,https://stockanalysis.com/analysts/Matthew-Condon/,07 Aug 2026
Jeffrey Kiang,1945,https://stockanalysis.com/analysts/Jeffrey-Kiang/,13 Aug 2026
Kerry Holford,1947,https://stockanalysis.com/analysts/Kerry-Holford/,17 Aug 2026
Namita Samtani,1949,https://stockanalysis.com/analysts/Namita-Samtani/,14 Aug 2026
Sophie Karp,1950,https://stockanalysis.com/analysts/Sophie-Karp/,13 Aug 2026
Arjun Bhatia,1951,https://stockanalysis.com/analysts/Arjun-Bhatia/,21 Aug 2026
Hector Maya,1953,https://stockanalysis.com/analysts/Hector-Maya/,13 Aug 2026
Bruno Montanari,1957,https://stockanalysis.com/analysts/Bruno-Montanari/,16 Jul 2026
Matthew DeYoe,1958,https://stockanalysis.com/analysts/Matthew-DeYoe/,19 Aug 2026
Andrew Weisel,1959,https://stockanalysis.com/analysts/Andrew-Weisel/,10 Aug 2026
Michael Ward,1961,https://stockanalysis.com/analysts/Michael-Ward/,19 Aug 2026
Betty Jiang,1962,https://stockanalysis.com/analysts/Betty-Jiang/,20 Aug 2026
Olivia Tong,1964,https://stockanalysis.com/analysts/Olivia-Tong/,14 Jul 2026
Michael Gorman,1972,https://stockanalysis.com/analysts/Michael-Gorman/,29 Jul 2026
Paul Gong,1975,https://stockanalysis.com/analysts/Paul-Gong/,17 Jun 2026
Jiong Shao,1976,https://stockanalysis.com/analysts/Jiong-Shao/,21 Aug 2026
Glen Santangelo,1982,https://stockanalysis.com/analysts/Glen-Santangelo/,21 Aug 2026
Ygal Arounian,1983,https://stockanalysis.com/analysts/Ygal-Arounian/,20 Aug 2026
Matthew Smith,1984,https://stockanalysis.com/analysts/Matthew-Smith/,13 May 2026
Nicholas Holowko,1988,https://stockanalysis.com/analysts/Nicholas-Holowko/,03 Aug 2026
Sergey Glinyanov,1990,https://stockanalysis.com/analysts/Sergey-Glinyanov/,20 Aug 2026
Ric Prentiss,1994,https://stockanalysis.com/analysts/Ric-Prentiss/,17 Jul 2026
Joe Dickstein,1995,https://stockanalysis.com/analysts/Joe-Dickstein/,01 Jun 2026
Richard Safran,2000,https://stockanalysis.com/analysts/Richard-Safran/,26 May 2026
Richard Clarke,2002,https://stockanalysis.com/analysts/Richard-Clarke/,21 Aug 2026
Pooran Sharma,2010,https://stockanalysis.com/analysts/Pooran-Sharma/,28 Jul 2026
Andrea Alfonso,2011,https://stockanalysis.com/analysts/Andrea-Alfonso/,07 Aug 2026
Robert Mollins,2012,https://stockanalysis.com/analysts/Robert-Mollins/,10 Jun 2026
Faiza Alwy,2015,https://stockanalysis.com/analysts/Faiza-Alwy/,20 Aug 2026
Louie DiPalma,2019,https://stockanalysis.com/analysts/Louie-DiPalma/,20 Aug 2026
Saul Martinez,2026,https://stockanalysis.com/analysts/Saul-Martinez/,20 Jul 2026
Edlain Rodriguez,2027,https://stockanalysis.com/analysts/Edlain-Rodriguez/,05 Aug 2026
Brandon Nispel,2029,https://stockanalysis.com/analysts/Brandon-Nispel/,14 Aug 2026
Tom Nikic,2030,https://stockanalysis.com/analysts/Tom-Nikic/,18 Aug 2026
John Newman,2031,https://stockanalysis.com/analysts/John-Newman/,21 Aug 2026
Danielle Antalffy,2039,https://stockanalysis.com/analysts/Danielle-Antalffy/,07 Aug 2026
Stephen Baxter,2040,https://stockanalysis.com/analysts/Stephen-Baxter/,14 Aug 2026
Asthika Goonewardene,2048,https://stockanalysis.com/analysts/Asthika-Goonewardene/,22 Jun 2026
Tyler DiMatteo,2050,https://stockanalysis.com/analysts/Tyler-DiMatteo/,20 Aug 2026
Luisa Hector,2053,https://stockanalysis.com/analysts/Luisa-Hector/,05 Aug 2026
Daniel Magder,2055,https://stockanalysis.com/analysts/Daniel-Magder/,16 Jul 2026
Lee Simpson,2057,https://stockanalysis.com/analysts/Lee-Simpson/,19 Aug 2026
Manav Patnaik,2058,https://stockanalysis.com/analysts/Manav-Patnaik/,17 Aug 2026
Sachin Salgaonkar,2060,https://stockanalysis.com/analysts/Sachin-Salgaonkar/,11 Aug 2026
Janine Stichter,2061,https://stockanalysis.com/analysts/Janine-Stichter/,21 Aug 2026
Austin Moeller,2062,https://stockanalysis.com/analysts/Austin-Moeller/,21 Aug 2026
Nicholas Lorusso,2068,https://stockanalysis.com/analysts/Nicholas-Lorusso/,19 Aug 2026
Simon Hales,2069,https://stockanalysis.com/analysts/Simon-Hales/,30 Jul 2026
Brian McNamara,2070,https://stockanalysis.com/analysts/Brian-McNamara/,12 Aug 2026
Jordan Lyonnais,2071,https://stockanalysis.com/analysts/Jordan-Lyonnais/,07 May 2026
James Condulis,2072,https://stockanalysis.com/analysts/James-Condulis/,18 Aug 2026
Jason Cassorla,2074,https://stockanalysis.com/analysts/Jason-Cassorla/,07 Aug 2026
Conor Cunningham,2075,https://stockanalysis.com/analysts/Conor-Cunningham/,07 Jul 2026
Ken Gawrelski,2076,https://stockanalysis.com/analysts/Ken-Gawrelski/,07 Aug 2026
Whit Mayo,2079,https://stockanalysis.com/analysts/Whit-Mayo/,30 Jul 2026
Brandon Folkes,2080,https://stockanalysis.com/analysts/Brandon-Folkes/,21 Aug 2026
Hassan Ahmed,2081,https://stockanalysis.com/analysts/Hassan-Ahmed/,19 Aug 2026
Daniel Jester,2087,https://stockanalysis.com/analysts/Daniel-Jester/,20 Aug 2026
David Grossman,2089,https://stockanalysis.com/analysts/David-Grossman/,18 Aug 2026
Mark Strouse,2091,https://stockanalysis.com/analysts/Mark-Strouse/,17 Aug 2026
Jonathan Yong,2094,https://stockanalysis.com/analysts/Jonathan-Yong/,07 Aug 2026
David Roman,2098,https://stockanalysis.com/analysts/David-Roman/,15 Jul 2026
Tim Mulrooney,2099,https://stockanalysis.com/analysts/Tim-Mulrooney/,21 Aug 2026
Cristina Fernandez,2102,https://stockanalysis.com/analysts/Cristina-Fernandez/,21 Aug 2026
Rodolfo Angele,2109,https://stockanalysis.com/analysts/Rodolfo-Angele/,06 Aug 2026
Aaron Hecht,2110,https://stockanalysis.com/analysts/Aaron-Hecht/,10 Aug 2026
Eliana Merle,2112,https://stockanalysis.com/analysts/Eliana-Merle/,17 Aug 2026
George Choi,2113,https://stockanalysis.com/analysts/George-Choi/,05 Aug 2026
Omar Mejias,2117,https://stockanalysis.com/analysts/Omar-Mejias/,06 Aug 2026
Jairam Nathan,2118,https://stockanalysis.com/analysts/Jairam-Nathan/,29 Jun 2026
Jenny Ping,2120,https://stockanalysis.com/analysts/Jenny-Ping/,24 Jul 2026
John Kilichowski,2130,https://stockanalysis.com/analysts/John-Kilichowski/,11 Aug 2026
Timna Tanners,2132,https://stockanalysis.com/analysts/Timna-Tanners/,07 Aug 2026
Bill Sutherland,2133,https://stockanalysis.com/analysts/Bill-Sutherland/,17 Aug 2026
Adam Frisch,2134,https://stockanalysis.com/analysts/Adam-Frisch/,06 Aug 2026
Anja Soderstrom,2139,https://stockanalysis.com/analysts/Anja-Soderstrom/,31 Jul 2026
Lisa Walter,2150,https://stockanalysis.com/analysts/Lisa-Walter/,17 Aug 2026
James Feldman,2152,https://stockanalysis.com/analysts/James-Feldman/,21 Aug 2026
Steven Pizzella,2154,https://stockanalysis.com/analysts/Steven-Pizzella/,13 Aug 2026
Kate McShane,2156,https://stockanalysis.com/analysts/Kate-McShane/,21 Aug 2026
Scott Stember,2158,https://stockanalysis.com/analysts/Scott-Stember/,21 Aug 2026
George Staphos,2159,https://stockanalysis.com/analysts/George-Staphos/,21 Aug 2026
George Gianarikas,2161,https://stockanalysis.com/analysts/George-Gianarikas/,17 Aug 2026
James Kammert,2163,https://stockanalysis.com/analysts/James-Kammert/,17 Aug 2026
Matthew Erdner,2174,https://stockanalysis.com/analysts/Matthew-Erdner/,06 Aug 2026
Sam Reid,2176,https://stockanalysis.com/analysts/Sam-Reid/,20 Aug 2026
Ryan Merkel,2178,https://stockanalysis.com/analysts/Ryan-Merkel/,21 Aug 2026
Sameer Joshi,2182,https://stockanalysis.com/analysts/Sameer-Joshi/,10 Aug 2026
Michael Nathanson,2185,https://stockanalysis.com/analysts/Michael-Nathanson/,07 Aug 2026
Andres Cardona,2186,https://stockanalysis.com/analysts/Andres-Cardona/,13 Aug 2026
Joshua Dennerlein,2191,https://stockanalysis.com/analysts/Joshua-Dennerlein/,04 Aug 2025
George Kelly,2192,https://stockanalysis.com/analysts/George-Kelly/,19 Aug 2026
Kyle Boucher,2193,https://stockanalysis.com/analysts/Kyle-Boucher/,11 Aug 2026
Derek Hewett,2200,https://stockanalysis.com/analysts/Derek-Hewett/,17 Aug 2026
Leah Jordan,2201,https://stockanalysis.com/analysts/Leah-Jordan/,11 Aug 2026
Roger Song,2202,https://stockanalysis.com/analysts/Roger-Song/,17 Aug 2026
Ashish Sabadra,2206,https://stockanalysis.com/analysts/Ashish-Sabadra/,21 Aug 2026
Timothy Chiodo,2209,https://stockanalysis.com/analysts/Timothy-Chiodo/,21 Aug 2026
Jonna Kim,2211,https://stockanalysis.com/analysts/Jonna-Kim/,18 Aug 2026
Nat Schindler,2212,https://stockanalysis.com/analysts/Nat-Schindler/,13 Aug 2026
Sebastian Sandler,2214,https://stockanalysis.com/analysts/Sebastian-Sandler/,30 Jul 2026
Joshua Tilton,2217,https://stockanalysis.com/analysts/Joshua-Tilton/,09 Jun 2026
Paul Knight,2221,https://stockanalysis.com/analysts/Paul-Knight/,06 Aug 2026
Adam Bubes,2223,https://stockanalysis.com/analysts/Adam-Bubes/,06 Aug 2026
Jason Weaver,2227,https://stockanalysis.com/analysts/Jason-Weaver/,14 Aug 2026
Joyce Ju,2230,https://stockanalysis.com/analysts/Joyce-Ju/,20 Aug 2026
Thibault Boutherin,2236,https://stockanalysis.com/analysts/Thibault-Boutherin/,25 Jun 2026
Patrick Creuset,2237,https://stockanalysis.com/analysts/Patrick-Creuset/,10 Aug 2026
Melissa Wedel,2238,https://stockanalysis.com/analysts/Melissa-Wedel/,24 Jul 2026
Joshua Spector,2241,https://stockanalysis.com/analysts/Joshua-Spector/,20 Aug 2026
Samantha Semenkow,2242,https://stockanalysis.com/analysts/Samantha-Semenkow/,18 Aug 2026
Amit Dayal,2243,https://stockanalysis.com/analysts/Amit-Dayal/,21 Aug 2026
Pradeep Ramani,2245,https://stockanalysis.com/analysts/Pradeep-Ramani/,02 Feb 2026
Vincent Andrews,2247,https://stockanalysis.com/analysts/Vincent-Andrews/,17 Aug 2026
Dae Lee,2254,https://stockanalysis.com/analysts/Dae-Lee/,11 Aug 2026
Priya Sachdeva,2255,https://stockanalysis.com/analysts/Priya-Sachdeva/,28 Jul 2026
Chris McNally,2261,https://stockanalysis.com/analysts/Chris-McNally/,10 Aug 2026
Natalya Davies,2268,https://stockanalysis.com/analysts/Natalya-Davies/,17 Apr 2026
Arthur Truslove,2271,https://stockanalysis.com/analysts/Arthur-Truslove/,17 Aug 2026
Ken Hoexter,2276,https://stockanalysis.com/analysts/Ken-Hoexter/,04 Aug 2026
Anthony Paolone,2285,https://stockanalysis.com/analysts/Anthony-Paolone/,21 Aug 2026
Alexander Goldfarb,2287,https://stockanalysis.com/analysts/Alexander-Goldfarb/,13 Aug 2026
Matthew Heimermann,2292,https://stockanalysis.com/analysts/Matthew-Heimermann/,20 Aug 2026
Justin Kleber,2298,https://stockanalysis.com/analysts/Justin-Kleber/,31 Jul 2026
Sharon Zackfia,2299,https://stockanalysis.com/analysts/Sharon-Zackfia/,18 Aug 2026
Caleb Stein,2300,https://stockanalysis.com/analysts/Caleb-Stein/,30 Jul 2026
Julien Blouin,2301,https://stockanalysis.com/analysts/Julien-Blouin/,19 Aug 2026
Andrew DeGasperi,2305,https://stockanalysis.com/analysts/Andrew-DeGasperi/,13 Jul 2026
Dominick Gabriele,2306,https://stockanalysis.com/analysts/Dominick-Gabriele/,15 Jul 2026
Paul Johnson,2310,https://stockanalysis.com/analysts/Paul-Johnson/,21 Aug 2026
Oliver Chen,2314,https://stockanalysis.com/analysts/Oliver-Chen/,21 Aug 2026
Ellie Jiang,2315,https://stockanalysis.com/analysts/Ellie-Jiang/,25 Jun 2026
John Pancari,2322,https://stockanalysis.com/analysts/John-Pancari/,05 Aug 2026
Joseph Yanchunis,2328,https://stockanalysis.com/analysts/Joseph-Yanchunis/,11 Aug 2026
Bryan Burgmeier,2330,https://stockanalysis.com/analysts/Bryan-Burgmeier/,30 Jul 2026
Kim Fustier,2331,https://stockanalysis.com/analysts/Kim-Fustier/,03 Aug 2026
Ryan Levine,2332,https://stockanalysis.com/analysts/Ryan-Levine/,09 Aug 2026
Peyton Dorne,2338,https://stockanalysis.com/analysts/Peyton-Dorne/,10 Aug 2026
Omar Sheikh,2341,https://stockanalysis.com/analysts/Omar-Sheikh/,10 Mar 2026
William Pickering,2342,https://stockanalysis.com/analysts/William-Pickering/,11 Aug 2026
Barry Jonas,2344,https://stockanalysis.com/analysts/Barry-Jonas/,19 Aug 2026
Michael Petusky,2345,https://stockanalysis.com/analysts/Michael-Petusky/,19 Aug 2026
Wesley Brooks,2349,https://stockanalysis.com/analysts/Wesley-Brooks/,07 May 2026
Patrick Cunningham,2352,https://stockanalysis.com/analysts/Patrick-Cunningham/,07 Aug 2026
Max Rakhlenko,2353,https://stockanalysis.com/analysts/Max-Rakhlenko/,20 Aug 2026
Elizabeth Sun,2360,https://stockanalysis.com/analysts/Elizabeth-Sun/,10 Aug 2026
Rayna Kumar,2361,https://stockanalysis.com/analysts/Rayna-Kumar/,19 Aug 2026
Linda Huang,2364,https://stockanalysis.com/analysts/Linda-Huang/,30 Jul 2026
Jim Sanderson,2371,https://stockanalysis.com/analysts/Jim-Sanderson/,13 Aug 2026
Michael Sarcone,2377,https://stockanalysis.com/analysts/Michael-Sarcone/,31 Jul 2026
Alejandro Demichelis,2379,https://stockanalysis.com/analysts/Alejandro-Demichelis/,11 Aug 2026
Simeon Siegel,2380,https://stockanalysis.com/analysts/Simeon-Siegel/,10 Aug 2026
Yi Chen,2382,https://stockanalysis.com/analysts/Yi-Chen/,21 Aug 2026
Craig Mailman,2385,https://stockanalysis.com/analysts/Craig-Mailman/,05 Mar 2026
Adrienne Yih,2387,https://stockanalysis.com/analysts/Adrienne-Yih/,21 Aug 2026
Gena Wang,2388,https://stockanalysis.com/analysts/Gena-Wang/,28 May 2026
Ilya Zubkov,2394,https://stockanalysis.com/analysts/Ilya-Zubkov/,11 Aug 2026
Peter Galbo,2395,https://stockanalysis.com/analysts/Peter-Galbo/,21 Aug 2026
Marie Ferguson,2398,https://stockanalysis.com/analysts/Marie-Ferguson/,20 Aug 2026
Keay Nakae,2400,https://stockanalysis.com/analysts/Keay-Nakae/,16 Aug 2026
Brian Wilczynski,2402,https://stockanalysis.com/analysts/Brian-Wilczynski/,30 Jul 2026
Filippo Falorni,2408,https://stockanalysis.com/analysts/Filippo-Falorni/,21 Aug 2026
Matthew Biegler,2410,https://stockanalysis.com/analysts/Matthew-Biegler/,14 Aug 2026
Nicholas Thillman,2417,https://stockanalysis.com/analysts/Nicholas-Thillman/,06 Aug 2026
Robert Fishman,2419,https://stockanalysis.com/analysts/Robert-Fishman/,30 Jul 2026
Detlef Winckelmann,2422,https://stockanalysis.com/analysts/Detlef-Winckelmann/,06 Aug 2026
Jeff Lick,2426,https://stockanalysis.com/analysts/Jeff-Lick/,11 Aug 2026
Daniel Clark,2429,https://stockanalysis.com/analysts/Daniel-Clark/,24 Feb 2026
Alexander Hess,2434,https://stockanalysis.com/analysts/Alexander-Hess/,12 Aug 2026
Dina Ramadane,2436,https://stockanalysis.com/analysts/Dina-Ramadane/,17 Aug 2026
Laurent Vasilescu,2437,https://stockanalysis.com/analysts/Laurent-Vasilescu/,22 Jul 2026
Jeffrey Meuler,2438,https://stockanalysis.com/analysts/Jeffrey-Meuler/,10 Aug 2026
Catharine Trebnick,2441,https://stockanalysis.com/analysts/Catharine-Trebnick/,21 Aug 2026
Joanne Wuensch,2444,https://stockanalysis.com/analysts/Joanne-Wuensch/,14 Aug 2026
Shaun Kelley,2445,https://stockanalysis.com/analysts/Shaun-Kelley/,10 Aug 2026
Richard Vosser,2446,https://stockanalysis.com/analysts/Richard-Vosser/,17 Aug 2026
Steve Frankel,2447,https://stockanalysis.com/analysts/Steve-Frankel/,19 Aug 2026
Jakob Bluestone,2451,https://stockanalysis.com/analysts/Jakob-Bluestone/,02 Feb 2026
Jamie Baker,2453,https://stockanalysis.com/analysts/Jamie-Baker/,30 Jul 2026
Daniel Grosslight,2454,https://stockanalysis.com/analysts/Daniel-Grosslight/,12 Aug 2026
Ranjan Sharma,2462,https://stockanalysis.com/analysts/Ranjan-Sharma/,17 Aug 2026
Steve Sakwa,2469,https://stockanalysis.com/analysts/Steve-Sakwa/,19 Aug 2026
Jackson Ader,2470,https://stockanalysis.com/analysts/Jackson-Ader/,07 Aug 2026
Jeffrey Stevenson,2471,https://stockanalysis.com/analysts/Jeffrey-Stevenson/,28 Apr 2026
Nicholas Joseph,2482,https://stockanalysis.com/analysts/Nicholas-Joseph/,17 Aug 2026
Benjamin Soff,2484,https://stockanalysis.com/analysts/Benjamin-Soff/,18 Aug 2026
Blaine Heck,2493,https://stockanalysis.com/analysts/Blaine-Heck/,10 Aug 2026
Mark Palmer,2499,https://stockanalysis.com/analysts/Mark-Palmer/,21 Aug 2026
Brett Rabatin,2504,https://stockanalysis.com/analysts/Brett-Rabatin/,18 Aug 2026
Emma Schwartz,2506,https://stockanalysis.com/analysts/Emma-Schwartz/,10 Aug 2026
Michael Cho,2508,https://stockanalysis.com/analysts/Michael-Cho/,10 Aug 2026
Dan Levy,2510,https://stockanalysis.com/analysts/Dan-Levy/,17 Aug 2026
Emily Field,2516,https://stockanalysis.com/analysts/Emily-Field/,17 Aug 2026
Michael Ulz,2517,https://stockanalysis.com/analysts/Michael-Ulz/,17 Aug 2026
Michael Legg,2518,https://stockanalysis.com/analysts/Michael-Legg/,03 Mar 2026
Justin Zelin,2520,https://stockanalysis.com/analysts/Justin-Zelin/,02 Feb 2026
Aaron Kimson,2527,https://stockanalysis.com/analysts/Aaron-Kimson/,07 Aug 2026
Dana Telsey,2529,https://stockanalysis.com/analysts/Dana-Telsey/,21 Aug 2026
Keith Stanley,2532,https://stockanalysis.com/analysts/Keith-Stanley/,11 Aug 2026
Vitaly Umansky,2534,https://stockanalysis.com/analysts/Vitaly-Umansky/,07 Jun 2026
Michael Cyprys,2536,https://stockanalysis.com/analysts/Michael-Cyprys/,07 Aug 2026
Ken Worthington,2537,https://stockanalysis.com/analysts/Ken-Worthington/,14 Aug 2026
Will Kirkness,2551,https://stockanalysis.com/analysts/Will-Kirkness/,29 Jun 2026
Ty Collin,2555,https://stockanalysis.com/analysts/Ty-Collin/,14 Aug 2026
Trevor Romeo,2556,https://stockanalysis.com/analysts/Trevor-Romeo/,07 Aug 2026
William Appicelli,2558,https://stockanalysis.com/analysts/William-Appicelli/,28 Jul 2026
Firoz Valliji,2562,https://stockanalysis.com/analysts/Firoz-Valliji/,06 Aug 2026
Andrew Didora,2564,https://stockanalysis.com/analysts/Andrew-Didora/,20 Aug 2026
Nik Modi,2566,https://stockanalysis.com/analysts/Nik-Modi/,21 Aug 2026
Patrick Baumann,2569,https://stockanalysis.com/analysts/Patrick-Baumann/,18 May 2026
David Begleiter,2573,https://stockanalysis.com/analysts/David-Begleiter/,20 Aug 2026
Robert Labick,2577,https://stockanalysis.com/analysts/Robert-Labick/,10 Dec 2025
Keegan Cox,2590,https://stockanalysis.com/analysts/Keegan-Cox/,07 Aug 2026
David Saxon,2592,https://stockanalysis.com/analysts/David-Saxon/,13 Aug 2026
Eddie Kim,2598,https://stockanalysis.com/analysts/Eddie-Kim/,12 Aug 2026
Rodrigo Alcantara,2601,https://stockanalysis.com/analysts/Rodrigo-Alcantara/,11 Aug 2026
Jared Levine,2610,https://stockanalysis.com/analysts/Jared-Levine/,21 Aug 2026
Yuri Fernandes,2611,https://stockanalysis.com/analysts/Yuri-Fernandes/,11 Aug 2026
Lilyanna Yang,2616,https://stockanalysis.com/analysts/Lilyanna-Yang/,26 May 2026
James Gordon,2617,https://stockanalysis.com/analysts/James-Gordon/,11 Mar 2026
Mike Hickey,2618,https://stockanalysis.com/analysts/Mike-Hickey/,18 Aug 2026
Wyatt Swanson,2621,https://stockanalysis.com/analysts/Wyatt-Swanson/,18 Aug 2026
Robin Zhu,2623,https://stockanalysis.com/analysts/Robin-Zhu/,04 Aug 2026
Alicia Yap,2624,https://stockanalysis.com/analysts/Alicia-Yap/,21 Aug 2026
Martijn Rats,2628,https://stockanalysis.com/analysts/Martijn-Rats/,10 Jul 2026
Christopher Raymond,2631,https://stockanalysis.com/analysts/Christopher-Raymond/,14 Aug 2026
Helena Wang,2635,https://stockanalysis.com/analysts/Helena-Wang/,17 Aug 2026
Upal Rana,2639,https://stockanalysis.com/analysts/Upal-Rana/,19 Aug 2026
Chris Muller,2642,https://stockanalysis.com/analysts/Chris-Muller/,05 Aug 2026
James Shin,2645,https://stockanalysis.com/analysts/James-Shin/,07 May 2026
Glenn Chin,2646,https://stockanalysis.com/analysts/Glenn-Chin/,02 Aug 2026
Luke Junk,2649,https://stockanalysis.com/analysts/Luke-Junk/,20 Aug 2026
Matthew Hershenhorn,2660,https://stockanalysis.com/analysts/Matthew-Hershenhorn/,05 Aug 2026
Ed Vyvyan,2667,https://stockanalysis.com/analysts/Ed-Vyvyan/,27 Feb 2026
Vikram Malhotra,2680,https://stockanalysis.com/analysts/Vikram-Malhotra/,20 Aug 2026
Aravinda Galappatthige,2691,https://stockanalysis.com/analysts/Aravinda-Galappatthige/,13 Aug 2026
Karl Shepard,2692,https://stockanalysis.com/analysts/Karl-Shepard/,30 Jul 2026
Lorraine Hutchinson,2697,https://stockanalysis.com/analysts/Lorraine-Hutchinson/,21 Aug 2026
Alex Yao,2712,https://stockanalysis.com/analysts/Alex-Yao/,21 Aug 2026
Gregg Orrill,2715,https://stockanalysis.com/analysts/Gregg-Orrill/,18 Aug 2026
Guilherme Mendes,2719,https://stockanalysis.com/analysts/Guilherme-Mendes/,15 Jun 2026
David Lantz,2720,https://stockanalysis.com/analysts/David-Lantz/,18 Aug 2026
Timothy Zhao,2722,https://stockanalysis.com/analysts/Timothy-Zhao/,21 Aug 2026
Arun Viswanathan,2727,https://stockanalysis.com/analysts/Arun-Viswanathan/,12 Aug 2026
Noah Hungness,2737,https://stockanalysis.com/analysts/Noah-Hungness/,27 Apr 2026
Narumi Nakagiri,2740,https://stockanalysis.com/analysts/Narumi-Nakagiri/,14 May 2026
Bradley Sills,2745,https://stockanalysis.com/analysts/Bradley-Sills/,12 Mar 2026
Jonathan Keypour,2749,https://stockanalysis.com/analysts/Jonathan-Keypour/,20 Aug 2026
Mikhail Goberman,2757,https://stockanalysis.com/analysts/Mikhail-Goberman/,11 Aug 2026
Alfonso Salazar,2764,https://stockanalysis.com/analysts/Alfonso-Salazar/,07 Aug 2026
Toni Kaplan,2765,https://stockanalysis.com/analysts/Toni-Kaplan/,20 Aug 2026
Ashley Wallace,2777,https://stockanalysis.com/analysts/Ashley-Wallace/,20 Aug 2026
Frank Takkinen,2791,https://stockanalysis.com/analysts/Frank-Takkinen/,19 Aug 2026
Andrew Spinola,2792,https://stockanalysis.com/analysts/Andrew-Spinola/,19 Aug 2026
Surinder Thind,2796,https://stockanalysis.com/analysts/Surinder-Thind/,13 Aug 2026
Eli Jossen,2798,https://stockanalysis.com/analysts/Eli-Jossen/,21 Aug 2026
Scott Buck,2799,https://stockanalysis.com/analysts/Scott-Buck/,31 Mar 2026
James Sidoti,2806,https://stockanalysis.com/analysts/James-Sidoti/,10 Aug 2026
Zhihan Ma,2807,https://stockanalysis.com/analysts/Zhihan-Ma/,21 Aug 2026
Austin Bohlig,2809,https://stockanalysis.com/analysts/Austin-Bohlig/,17 Aug 2026
Ryan Gravett,2812,https://stockanalysis.com/analysts/Ryan-Gravett/,07 Aug 2026
Praneeth Satish,2815,https://stockanalysis.com/analysts/Praneeth-Satish/,14 Aug 2026
Daniel Mckenzie,2818,https://stockanalysis.com/analysts/Daniel-Mckenzie/,17 Aug 2026
Eunice Lee,2820,https://stockanalysis.com/analysts/Eunice-Lee/,13 Jul 2026
Tina Hou,2829,https://stockanalysis.com/analysts/Tina-Hou/,21 Aug 2026
Avinatan Jaroslawicz,2832,https://stockanalysis.com/analysts/Avinatan-Jaroslawicz/,31 Jul 2026
Taylor Manley,2841,https://stockanalysis.com/analysts/Taylor-Manley/,07 Aug 2026
Gaurav Mehta,2845,https://stockanalysis.com/analysts/Gaurav-Mehta/,14 Aug 2026
Richard Sunderland,2847,https://stockanalysis.com/analysts/Richard-Sunderland/,17 Aug 2026
Piyush Avasthy,2850,https://stockanalysis.com/analysts/Piyush-Avasthy/,10 Aug 2026
Michael Gaugler,2851,https://stockanalysis.com/analysts/Michael-Gaugler/,24 Nov 2025
Ryland Conrad,2854,https://stockanalysis.com/analysts/Ryland-Conrad/,16 Aug 2026
Emily Ericksen,2857,https://stockanalysis.com/analysts/Emily-Ericksen/,20 Feb 2026
Andrea Newkirk,2859,https://stockanalysis.com/analysts/Andrea-Newkirk/,11 Feb 2026
Randal Konik,2865,https://stockanalysis.com/analysts/Randal-Konik/,18 Aug 2026
Adam Hotchkiss,2870,https://stockanalysis.com/analysts/Adam-Hotchkiss/,31 Jul 2026
Tasso Vasconcellos,2872,https://stockanalysis.com/analysts/Tasso-Vasconcellos/,27 May 2026
Laurence Alexander,2881,https://stockanalysis.com/analysts/Laurence-Alexander/,03 Aug 2026
Anna Lizzul,2882,https://stockanalysis.com/analysts/Anna-Lizzul/,21 Aug 2026
Joanna Gajuk,2890,https://stockanalysis.com/analysts/Joanna-Gajuk/,13 Aug 2026
Samad Samana,2893,https://stockanalysis.com/analysts/Samad-Samana/,19 Aug 2026
Greg McGinniss,2902,https://stockanalysis.com/analysts/Greg-McGinniss/,20 Aug 2026
Terry Ma,2909,https://stockanalysis.com/analysts/Terry-Ma/,18 Aug 2026
Farzin Haque,2915,https://stockanalysis.com/analysts/Farzin-Haque/,29 Mar 2026
James Friedman,2916,https://stockanalysis.com/analysts/James-Friedman/,14 Aug 2026
Rick Wise,2917,https://stockanalysis.com/analysts/Rick-Wise/,14 Aug 2026
Brooke Roach,2918,https://stockanalysis.com/analysts/Brooke-Roach/,21 Aug 2026
Paul Rossington,2924,https://stockanalysis.com/analysts/Paul-Rossington/,02 Jun 2026
Andrew Lazar,2931,https://stockanalysis.com/analysts/Andrew-Lazar/,13 Aug 2026
John Kim,2932,https://stockanalysis.com/analysts/John-Kim/,17 Aug 2026
Alec Brondolo,2933,https://stockanalysis.com/analysts/Alec-Brondolo/,20 Aug 2026
David Bellinger,2934,https://stockanalysis.com/analysts/David-Bellinger/,21 Aug 2026
Laura Sutcliffe,2957,https://stockanalysis.com/analysts/Laura-Sutcliffe/,21 Aug 2026
Ricardo Alves,2962,https://stockanalysis.com/analysts/Ricardo-Alves/,19 Aug 2026
Michael Montani,2964,https://stockanalysis.com/analysts/Michael-Montani/,30 Jul 2026
John Davis,2965,https://stockanalysis.com/analysts/John-Davis/,31 Jul 2026
Gary Nachman,2974,https://stockanalysis.com/analysts/Gary-Nachman/,12 Aug 2026
Cooper Clark,2984,https://stockanalysis.com/analysts/Cooper-Clark/,24 Jun 2026
Samantha Hoh,2986,https://stockanalysis.com/analysts/Samantha-Hoh/,22 Apr 2026
Benjamin Burnett,2990,https://stockanalysis.com/analysts/Benjamin-Burnett/,20 Aug 2026
Matthew Coad,2993,https://stockanalysis.com/analysts/Matthew-Coad/,20 Aug 2026
Ross MacDonald,2994,https://stockanalysis.com/analysts/Ross-MacDonald/,11 Aug 2026
Bart Dziarski,2997,https://stockanalysis.com/analysts/Bart-Dziarski/,14 Aug 2026
Griffin Bryan,3005,https://stockanalysis.com/analysts/Griffin-Bryan/,17 Aug 2026
Ike Boruchow,3007,https://stockanalysis.com/analysts/Ike-Boruchow/,21 Aug 2026
Ben Haynor,3008,https://stockanalysis.com/analysts/Ben-Haynor/,18 Aug 2026
Eric Boyes,3010,https://stockanalysis.com/analysts/Eric-Boyes/,07 Aug 2026
Neal Dingmann,3012,https://stockanalysis.com/analysts/Neal-Dingmann/,13 Aug 2026
Anthony Elian,3014,https://stockanalysis.com/analysts/Anthony-Elian/,20 Aug 2026
Nathan Feather,3015,https://stockanalysis.com/analysts/Nathan-Feather/,18 Aug 2026
Kelly Crago,3024,https://stockanalysis.com/analysts/Kelly-Crago/,12 May 2026
Peter McGoldrick,3026,https://stockanalysis.com/analysts/Peter-McGoldrick/,14 Aug 2026
Wei Fang,3029,https://stockanalysis.com/analysts/Wei-Fang/,21 Aug 2026
Paul Jeng,3032,https://stockanalysis.com/analysts/Paul-Jeng/,12 Aug 2026
Luke Horton,3034,https://stockanalysis.com/analysts/Luke-Horton/,13 Aug 2026
Andre Salles,3037,https://stockanalysis.com/analysts/Andre-Salles/,01 May 2026
Luke Morison,3042,https://stockanalysis.com/analysts/Luke-Morison/,12 Aug 2026
Lucas Ferreira,3043,https://stockanalysis.com/analysts/Lucas-Ferreira/,17 Aug 2026
Maheep Mandloi,3044,https://stockanalysis.com/analysts/Maheep-Mandloi/,11 Aug 2026
Vikram Kesavabhotla,3045,https://stockanalysis.com/analysts/Vikram-Kesavabhotla/,07 Aug 2026
Mikhail Paramonov,3046,https://stockanalysis.com/analysts/Mikhail-Paramonov/,07 Aug 2026
Susan Maklari,3051,https://stockanalysis.com/analysts/Susan-Maklari/,21 Aug 2026
Angel Castillo,3060,https://stockanalysis.com/analysts/Angel-Castillo/,21 Aug 2026
Nicholas Amicucci,3063,https://stockanalysis.com/analysts/Nicholas-Amicucci/,17 Aug 2026
Ernesto Gabilondo,3067,https://stockanalysis.com/analysts/Ernesto-Gabilondo/,20 Aug 2026
Vik Chopra,3069,https://stockanalysis.com/analysts/Vik-Chopra/,17 Aug 2026
Alexander Perry,3073,https://stockanalysis.com/analysts/Alexander-Perry/,10 Aug 2026
Duksan Jang,3074,https://stockanalysis.com/analysts/Duksan-Jang/,07 Aug 2026
Joseph Giordano,3075,https://stockanalysis.com/analysts/Joseph-Giordano/,21 Jul 2026
Samir Khanal,3079,https://stockanalysis.com/analysts/Samir-Khanal/,18 Aug 2026
Dennis Geiger,3087,https://stockanalysis.com/analysts/Dennis-Geiger/,20 Aug 2026
Andrew Marok,3089,https://stockanalysis.com/analysts/Andrew-Marok/,11 Aug 2026
Max Gumport,3094,https://stockanalysis.com/analysts/Max-Gumport/,09 Apr 2026
Aneesha Sherman,3099,https://stockanalysis.com/analysts/Aneesha-Sherman/,21 Aug 2026
Lu Li,3101,https://stockanalysis.com/analysts/Lu-Li/,07 May 2026
Leonardo Olmos,3105,https://stockanalysis.com/analysts/Leonardo-Olmos/,17 Aug 2026
Jamie Clark,3120,https://stockanalysis.com/analysts/Jamie-Clark/,17 Feb 2026
Chris Luyckx,3128,https://stockanalysis.com/analysts/Chris-Luyckx/,23 Apr 2026
Judy Zhang,3133,https://stockanalysis.com/analysts/Judy-Zhang/,03 Jun 2026
Phani Kanumuri,3140,https://stockanalysis.com/analysts/Phani-Kanumuri/,14 Aug 2026
Andrew Andersen,3142,https://stockanalysis.com/analysts/Andrew-Andersen/,11 Aug 2026
Abhishek Shukla,3147,https://stockanalysis.com/analysts/Abhishek-Shukla/,14 Aug 2026
Rock Hoffman,3165,https://stockanalysis.com/analysts/Rock-Hoffman/,02 Apr 2026
Peter Christiansen,3180,https://stockanalysis.com/analysts/Peter-Christiansen/,20 Aug 2026
Marvin Fong,3183,https://stockanalysis.com/analysts/Marvin-Fong/,18 Aug 2026
Justin Bowers,3190,https://stockanalysis.com/analysts/Justin-Bowers/,10 Aug 2026
Winnie Dong,3194,https://stockanalysis.com/analysts/Winnie-Dong/,12 Aug 2026
Trevor Allinson,3201,https://stockanalysis.com/analysts/Trevor-Allinson/,29 Jul 2026
Steven Zaccone,3203,https://stockanalysis.com/analysts/Steven-Zaccone/,21 Aug 2026
Kendall Toscano,3205,https://stockanalysis.com/analysts/Kendall-Toscano/,07 Aug 2026
Scott Wurtzel,3211,https://stockanalysis.com/analysts/Scott-Wurtzel/,17 Aug 2026
John Stansel,3218,https://stockanalysis.com/analysts/John-Stansel/,20 Aug 2026
Robert Moskow,3224,https://stockanalysis.com/analysts/Robert-Moskow/,19 Aug 2026
John Choi,3227,https://stockanalysis.com/analysts/John-Choi/,24 Jun 2026
Christine Cho,3231,https://stockanalysis.com/analysts/Christine-Cho/,14 May 2026
Michael Ng,3238,https://stockanalysis.com/analysts/Michael-Ng/,20 Aug 2026
Eric Hagen,3253,https://stockanalysis.com/analysts/Eric-Hagen/,30 Apr 2026
Harry Bartlett,3258,https://stockanalysis.com/analysts/Harry-Bartlett/,28 Jan 2026
Kevin Fischbeck,3260,https://stockanalysis.com/analysts/Kevin-Fischbeck/,10 Aug 2026
Daria Nasledysheva,3269,https://stockanalysis.com/analysts/Daria-Nasledysheva/,24 Jul 2026
Seyon Park,3272,https://stockanalysis.com/analysts/Seyon-Park/,05 Aug 2026
Vijay Jayant,3274,https://stockanalysis.com/analysts/Vijay-Jayant/,12 Nov 2024
Louis Raffetto,3280,https://stockanalysis.com/analysts/Louis-Raffetto/,29 Jan 2026
John Zamparo,3285,https://stockanalysis.com/analysts/John-Zamparo/,19 Aug 2026
Kostas Biliouris,3286,https://stockanalysis.com/analysts/Kostas-Biliouris/,14 Aug 2026
Steve Byrne,3293,https://stockanalysis.com/analysts/Steve-Byrne/,08 Jan 2026
Vince Valentini,3296,https://stockanalysis.com/analysts/Vince-Valentini/,14 Aug 2026
Niall Alexander,3304,https://stockanalysis.com/analysts/Niall-Alexander/,22 Jun 2026
Julien Roch,3308,https://stockanalysis.com/analysts/Julien-Roch/,13 Aug 2026
Bhavin Shah,3331,https://stockanalysis.com/analysts/Bhavin-Shah/,06 Aug 2026
Ella Smith,3337,https://stockanalysis.com/analysts/Ella-Smith/,10 Aug 2026
Martin Jungfleisch,3338,https://stockanalysis.com/analysts/Martin-Jungfleisch/,09 Jul 2026
Dushyant Ailani,3340,https://stockanalysis.com/analysts/Dushyant-Ailani/,10 Jun 2026
Scott Fletcher,3350,https://stockanalysis.com/analysts/Scott-Fletcher/,17 Aug 2026
Seth Bergey,3367,https://stockanalysis.com/analysts/Seth-Bergey/,03 Aug 2026
Matthew Cost,3406,https://stockanalysis.com/analysts/Matthew-Cost/,13 Aug 2026
Derrick Wood,3407,https://stockanalysis.com/analysts/Derrick-Wood/,20 Aug 2026
Andrew Harte,3408,https://stockanalysis.com/analysts/Andrew-Harte/,20 Aug 2026
Neal Burk,3414,https://stockanalysis.com/analysts/Neal-Burk/,11 Aug 2026
Thiago Bortoluci,3418,https://stockanalysis.com/analysts/Thiago-Bortoluci/,17 Aug 2026
Trevor Williams,3429,https://stockanalysis.com/analysts/Trevor-Williams/,09 Feb 2026
Leo Carrington,3430,https://stockanalysis.com/analysts/Leo-Carrington/,21 Aug 2026
Nafeesa Gupta,3447,https://stockanalysis.com/analysts/Nafeesa-Gupta/,06 Aug 2026
Jason Helfstein,3454,https://stockanalysis.com/analysts/Jason-Helfstein/,17 Aug 2026
Arpine Kocharyan,3460,https://stockanalysis.com/analysts/Arpine-Kocharyan/,20 Aug 2026
Spencer Hanus,3466,https://stockanalysis.com/analysts/Spencer-Hanus/,29 Jul 2026
Steven Shemesh,3467,https://stockanalysis.com/analysts/Steven-Shemesh/,21 Aug 2026
Faham Baig,3473,https://stockanalysis.com/analysts/Faham-Baig/,03 Aug 2026
Carly Davenport,3478,https://stockanalysis.com/analysts/Carly-Davenport/,20 Aug 2026
Hong Zhang,3482,https://stockanalysis.com/analysts/Hong-Zhang/,29 Jun 2026
Luca Issi,3484,https://stockanalysis.com/analysts/Luca-Issi/,19 Aug 2026
Bob Huang,3502,https://stockanalysis.com/analysts/Bob-Huang/,20 Aug 2026
Brett Fishbin,3503,https://stockanalysis.com/analysts/Brett-Fishbin/,17 Aug 2026
Warren Ackerman,3507,https://stockanalysis.com/analysts/Warren-Ackerman/,07 Aug 2026
Anne Samuel,3516,https://stockanalysis.com/analysts/Anne-Samuel/,06 Feb 2026
David Mak,3525,https://stockanalysis.com/analysts/David-Mak/,29 Jun 2026
Ryan Langston,3530,https://stockanalysis.com/analysts/Ryan-Langston/,13 Aug 2026
Matthew Swanson,3542,https://stockanalysis.com/analysts/Matthew-Swanson/,21 Aug 2026
Kyle Peterson,3548,https://stockanalysis.com/analysts/Kyle-Peterson/,20 Aug 2026
Kemp Dolliver,3556,https://stockanalysis.com/analysts/Kemp-Dolliver/,28 Jul 2026
Simon Clinch,3559,https://stockanalysis.com/analysts/Simon-Clinch/,21 Aug 2026
Steven Valiquette,3567,https://stockanalysis.com/analysts/Steven-Valiquette/,13 Aug 2026
Michael Goldie,3574,https://stockanalysis.com/analysts/Michael-Goldie/,10 Aug 2026
Pujarini Ghosh,3575,https://stockanalysis.com/analysts/Pujarini-Ghosh/,14 Jul 2026
Edward Lewis,3579,https://stockanalysis.com/analysts/Edward-Lewis/,16 Jun 2026
Katie Fleischer,3602,https://stockanalysis.com/analysts/Katie-Fleischer/,07 Aug 2026
Lizzie Dove,3604,https://stockanalysis.com/analysts/Lizzie-Dove/,19 Aug 2026
Mayank Tandon,3610,https://stockanalysis.com/analysts/Mayank-Tandon/,14 Aug 2026
Nitin Bansal,3622,https://stockanalysis.com/analysts/Nitin-Bansal/,07 Aug 2026
Matt Koranda,3629,https://stockanalysis.com/analysts/Matt-Koranda/,21 Aug 2026
Matt Roberts,3648,https://stockanalysis.com/analysts/Matt-Roberts/,22 Jul 2026
Jordan Bender,3650,https://stockanalysis.com/analysts/Jordan-Bender/,07 Aug 2026
Ravi Shanker,3660,https://stockanalysis.com/analysts/Ravi-Shanker/,11 Aug 2026
Roanna Ruiz,3670,https://stockanalysis.com/analysts/Roanna-Ruiz/,07 Aug 2026
Renata Cabral,3671,https://stockanalysis.com/analysts/Renata-Cabral/,31 Jul 2026
Sara Senatore,3673,https://stockanalysis.com/analysts/Sara-Senatore/,14 Aug 2026
James Kirby,3680,https://stockanalysis.com/analysts/James-Kirby/,07 Aug 2026
Charlie Lederer,3693,https://stockanalysis.com/analysts/Charlie-Lederer/,06 Aug 2026
Anojja Shah,3697,https://stockanalysis.com/analysts/Anojja-Shah/,13 Aug 2026
Ryan Brinkman,3700,https://stockanalysis.com/analysts/Ryan-Brinkman/,04 Aug 2026
Ami Probandt,3712,https://stockanalysis.com/analysts/Ami-Probandt/,13 Aug 2026
Nathan Stein,3725,https://stockanalysis.com/analysts/Nathan-Stein/,20 Aug 2026
Cory Carpenter,3727,https://stockanalysis.com/analysts/Cory-Carpenter/,22 Jun 2026
Laurent Yoon,3732,https://stockanalysis.com/analysts/Laurent-Yoon/,21 Aug 2026
Andrew Schmitt,3735,https://stockanalysis.com/analysts/Andrew-Schmitt/,14 Aug 2026
Martin Malloy,3739,https://stockanalysis.com/analysts/Martin-Malloy/,05 Jan 2026
Chad Larkin,3750,https://stockanalysis.com/analysts/Chad-Larkin/,07 Aug 2026
Chris Quintero,3751,https://stockanalysis.com/analysts/Chris-Quintero/,21 Aug 2026
Aidan Kelly,3755,https://stockanalysis.com/analysts/Aidan-Kelly/,11 Aug 2026
Jorge Kuri,3763,https://stockanalysis.com/analysts/Jorge-Kuri/,18 Aug 2026
Adam Kramer,3764,https://stockanalysis.com/analysts/Adam-Kramer/,13 Aug 2026
Sergio Segura,3767,https://stockanalysis.com/analysts/Sergio-Segura/,10 Aug 2026
Richard Hightower,3768,https://stockanalysis.com/analysts/Richard-Hightower/,17 Aug 2026
Robert Oliver,3769,https://stockanalysis.com/analysts/Robert-Oliver/,07 Aug 2026
Stephen Glagola,3779,https://stockanalysis.com/analysts/Stephen-Glagola/,14 Aug 2026
Michael Nedelcovych,3785,https://stockanalysis.com/analysts/Michael-Nedelcovych/,13 Jul 2026
Austin Wang,3791,https://stockanalysis.com/analysts/Austin-Wang/,07 Aug 2026
Alberto Valerio,3796,https://stockanalysis.com/analysts/Alberto-Valerio/,11 Aug 2026
Filipe Nielsen,3801,https://stockanalysis.com/analysts/Filipe-Nielsen/,17 Mar 2026
Zachary Fadem,3803,https://stockanalysis.com/analysts/Zachary-Fadem/,21 Aug 2026
Romain Gourvil,3808,https://stockanalysis.com/analysts/Romain-Gourvil/,29 Jul 2026
Daniela Haigian,3833,https://stockanalysis.com/analysts/Daniela-Haigian/,07 Aug 2026
Alex Kania,3835,https://stockanalysis.com/analysts/Alex-Kania/,07 Aug 2026
Rashad Kawan,3837,https://stockanalysis.com/analysts/Rashad-Kawan/,24 Apr 2026
Frank Louthan,3843,https://stockanalysis.com/analysts/Frank-Louthan/,28 May 2026
Clarke Jeffries,3849,https://stockanalysis.com/analysts/Clarke-Jeffries/,19 Aug 2026
Carlos Peyrelongue,3854,https://stockanalysis.com/analysts/Carlos-Peyrelongue/,17 Aug 2026
Edward DeArias,3857,https://stockanalysis.com/analysts/Edward-DeArias/,10 Aug 2026
Yiwen Zhang,3867,https://stockanalysis.com/analysts/Yiwen-Zhang/,20 Aug 2026
Gustavo Schroden,3870,https://stockanalysis.com/analysts/Gustavo-Schroden/,12 Jun 2026
Amy Li,3878,https://stockanalysis.com/analysts/Amy-Li/,11 May 2026
Martin Englert,3882,https://stockanalysis.com/analysts/Martin-Englert/,28 Apr 2026
Parker Snure,3888,https://stockanalysis.com/analysts/Parker-Snure/,07 Aug 2026
Patrick Wood,3889,https://stockanalysis.com/analysts/Patrick-Wood/,20 Aug 2026
Alexander Sklar,3896,https://stockanalysis.com/analysts/Alexander-Sklar/,13 Aug 2026
Matheus Enfeldt,3897,https://stockanalysis.com/analysts/Matheus-Enfeldt/,07 Aug 2026
Eric Serotta,3898,https://stockanalysis.com/analysts/Eric-Serotta/,11 Aug 2026
Ryan Tunis,3900,https://stockanalysis.com/analysts/Ryan-Tunis/,18 Aug 2026
Chad Messer,3902,https://stockanalysis.com/analysts/Chad-Messer/,21 Jul 2026
Nik Cremo,3919,https://stockanalysis.com/analysts/Nik-Cremo/,20 Aug 2026
Javier Escalante,3922,https://stockanalysis.com/analysts/Javier-Escalante/,06 Aug 2026
Michael Toomey,3932,https://stockanalysis.com/analysts/Michael-Toomey/,16 Jul 2026
Alex Bond,3938,https://stockanalysis.com/analysts/Alex-Bond/,10 Aug 2026
Lucy Yu,3939,https://stockanalysis.com/analysts/Lucy-Yu/,23 Apr 2026
Julian Radlinger,3942,https://stockanalysis.com/analysts/Julian-Radlinger/,19 Aug 2026
Kaumil Gajrawala,3944,https://stockanalysis.com/analysts/Kaumil-Gajrawala/,07 Aug 2026
Jamie Rollo,3951,https://stockanalysis.com/analysts/Jamie-Rollo/,12 Aug 2026
Nadine Sarwat,3952,https://stockanalysis.com/analysts/Nadine-Sarwat/,03 Aug 2026
Graham Doyle,3956,https://stockanalysis.com/analysts/Graham-Doyle/,14 Aug 2026
Gregory Williams,3958,https://stockanalysis.com/analysts/Gregory-Williams/,07 Aug 2026
Kenneth Fong,3960,https://stockanalysis.com/analysts/Kenneth-Fong/,18 Mar 2026
Andrea Pistacchi,3963,https://stockanalysis.com/analysts/Andrea-Pistacchi/,06 Aug 2026
Fulvio Cazzol,3964,https://stockanalysis.com/analysts/Fulvio-Cazzol/,05 Aug 2026
Lee Hambright,3971,https://stockanalysis.com/analysts/Lee-Hambright/,11 Aug 2026
Chasen Bender,3978,https://stockanalysis.com/analysts/Chasen-Bender/,14 Aug 2026
Michael Mueller,3985,https://stockanalysis.com/analysts/Michael-Mueller/,18 Aug 2026
Thomas Yeh,3986,https://stockanalysis.com/analysts/Thomas-Yeh/,07 May 2026
Danilo Gargiulo,3990,https://stockanalysis.com/analysts/Danilo-Gargiulo/,13 Aug 2026
Matthew Lofting,3991,https://stockanalysis.com/analysts/Matthew-Lofting/,04 Aug 2026
Hoang Nguyen,3996,https://stockanalysis.com/analysts/Hoang-Nguyen/,10 Aug 2026
Neha Agarwala,3998,https://stockanalysis.com/analysts/Neha-Agarwala/,04 Mar 2026
Ben Klieve,4010,https://stockanalysis.com/analysts/Ben-Klieve/,06 Aug 2026
Peter Grom,4014,https://stockanalysis.com/analysts/Peter-Grom/,20 Aug 2026
Stan Berenshteyn,4015,https://stockanalysis.com/analysts/Stan-Berenshteyn/,21 Aug 2026
Olivia Brayer,4023,https://stockanalysis.com/analysts/Olivia-Brayer/,20 Aug 2026
Caitlin Burrows,4029,https://stockanalysis.com/analysts/Caitlin-Burrows/,13 Aug 2026
Daniel Moore,4030,https://stockanalysis.com/analysts/Daniel-Moore/,27 May 2026
Kevin Dede,4031,https://stockanalysis.com/analysts/Kevin-Dede/,09 Apr 2026
Thomas Palmer,4041,https://stockanalysis.com/analysts/Thomas-Palmer/,18 Aug 2026
Derek Soderberg,4051,https://stockanalysis.com/analysts/Derek-Soderberg/,14 Aug 2026
Ryan Kenny,4061,https://stockanalysis.com/analysts/Ryan-Kenny/,07 Aug 2026
Jack Lin,4062,https://stockanalysis.com/analysts/Jack-Lin/,28 May 2026
Brendan Lynch,4065,https://stockanalysis.com/analysts/Brendan-Lynch/,20 Aug 2026
Andrew Cooper,4073,https://stockanalysis.com/analysts/Andrew-Cooper/,07 Aug 2026
Craig Kennison,4080,https://stockanalysis.com/analysts/Craig-Kennison/,06 Aug 2026
Carlos Laboy,4088,https://stockanalysis.com/analysts/Carlos-Laboy/,28 Jul 2026
Siti Panigrahi,4089,https://stockanalysis.com/analysts/Siti-Panigrahi/,21 Aug 2026
Michael DiFiore,4090,https://stockanalysis.com/analysts/Michael-DiFiore/,07 May 2026
Ned Baramov,4095,https://stockanalysis.com/analysts/Ned-Baramov/,07 Aug 2026
Matthew Johnson,4102,https://stockanalysis.com/analysts/Matthew-Johnson/,30 Jul 2026
Megan Alexander,4106,https://stockanalysis.com/analysts/Megan-Alexander/,24 Jun 2026
Michael Okunewitch,4108,https://stockanalysis.com/analysts/Michael-Okunewitch/,21 Aug 2026
Tito Labarta,4116,https://stockanalysis.com/analysts/Tito-Labarta/,18 Aug 2026
Nathan Treybeck,4120,https://stockanalysis.com/analysts/Nathan-Treybeck/,18 Aug 2026
Michael Fairbanks,4121,https://stockanalysis.com/analysts/Michael-Fairbanks/,03 Aug 2026
Wahid Amin,4122,https://stockanalysis.com/analysts/Wahid-Amin/,05 Aug 2026
Boobalan Pachaiyappan,4126,https://stockanalysis.com/analysts/Boobalan-Pachaiyappan/,21 Aug 2026
Fan Tso,4129,https://stockanalysis.com/analysts/Fan-Tso/,19 Aug 2026
Batya Levi,4133,https://stockanalysis.com/analysts/Batya-Levi/,04 Aug 2026
Estelle Weingrod,4142,https://stockanalysis.com/analysts/Estelle-Weingrod/,17 Aug 2026
Stephanie Piazzola,4146,https://stockanalysis.com/analysts/Stephanie-Piazzola/,05 Aug 2026
Mason Carrico,4153,https://stockanalysis.com/analysts/Mason-Carrico/,18 Aug 2026
Cameron McVeigh,4158,https://stockanalysis.com/analysts/Cameron-McVeigh/,20 Aug 2026
Michael Turrin,4161,https://stockanalysis.com/analysts/Michael-Turrin/,20 Aug 2026
Atul Maheswari,4162,https://stockanalysis.com/analysts/Atul-Maheswari/,05 Aug 2026
David Chiaverini,4167,https://stockanalysis.com/analysts/David-Chiaverini/,03 Aug 2026
Ekaterina Knyazkova,4173,https://stockanalysis.com/analysts/Ekaterina-Knyazkova/,10 Aug 2026
Kevin Krishnaratne,4176,https://stockanalysis.com/analysts/Kevin-Krishnaratne/,11 Aug 2026
Todd Brooks,4181,https://stockanalysis.com/analysts/Todd-Brooks/,07 Aug 2026
Lincoln Kong,4182,https://stockanalysis.com/analysts/Lincoln-Kong/,20 Aug 2026
Wei Xiong,4193,https://stockanalysis.com/analysts/Wei-Xiong/,12 Aug 2026
George Kurosawa,4198,https://stockanalysis.com/analysts/George-Kurosawa/,29 Jul 2026
Alton Stump,4202,https://stockanalysis.com/analysts/Alton-Stump/,10 Aug 2026
Michael Ha,4206,https://stockanalysis.com/analysts/Michael-Ha/,07 Aug 2026
Ameet Thakkar,4213,https://stockanalysis.com/analysts/Ameet-Thakkar/,10 Aug 2026
Trevor Young,4214,https://stockanalysis.com/analysts/Trevor-Young/,11 Jun 2026
Mario Pierry,4224,https://stockanalysis.com/analysts/Mario-Pierry/,17 Aug 2026
Craig Moffett,4229,https://stockanalysis.com/analysts/Craig-Moffett/,08 Apr 2026
Lucky Schreiner,4230,https://stockanalysis.com/analysts/Lucky-Schreiner/,21 Aug 2026
Brian Holland,4232,https://stockanalysis.com/analysts/Brian-Holland/,10 Aug 2026
Brandon Vazquez,4234,https://stockanalysis.com/analysts/Brandon-Vazquez/,21 Aug 2026
Tim Rezvan,4240,https://stockanalysis.com/analysts/Tim-Rezvan/,13 Aug 2026
Stephen Sheldon,4242,https://stockanalysis.com/analysts/Stephen-Sheldon/,20 Aug 2026
Greg Parrish,4260,https://stockanalysis.com/analysts/Greg-Parrish/,12 Aug 2026
Paul Kearney,4262,https://stockanalysis.com/analysts/Paul-Kearney/,04 Nov 2025
Salvator Tiano,4263,https://stockanalysis.com/analysts/Salvator-Tiano/,21 Apr 2026
Jessica Tassan,4266,https://stockanalysis.com/analysts/Jessica-Tassan/,18 Aug 2026
Christian Carlino,4267,https://stockanalysis.com/analysts/Christian-Carlino/,12 Nov 2025
Jason Stewart,4270,https://stockanalysis.com/analysts/Jason-Stewart/,17 Jul 2026
Sean McGowan,4278,https://stockanalysis.com/analysts/Sean-McGowan/,18 Aug 2026
Matt Ma,4281,https://stockanalysis.com/analysts/Matt-Ma/,13 May 2026
Brendan Sproules,4286,https://stockanalysis.com/analysts/Brendan-Sproules/,03 Jul 2026
Thomas Wendler,4289,https://stockanalysis.com/analysts/Thomas-Wendler/,30 Jul 2026
Fedor Shabalin,4293,https://stockanalysis.com/analysts/Fedor-Shabalin/,17 Aug 2026
Andrew Polkowitz,4294,https://stockanalysis.com/analysts/Andrew-Polkowitz/,01 May 2026
Tomohiko Sano,4299,https://stockanalysis.com/analysts/Tomohiko-Sano/,21 Aug 2026
Brian Harbour,4307,https://stockanalysis.com/analysts/Brian-Harbour/,13 Aug 2026
Tom White,4309,https://stockanalysis.com/analysts/Tom-White/,11 Aug 2026
Nick Lai,4310,https://stockanalysis.com/analysts/Nick-Lai/,14 Jul 2026
Akshay Gupta,4315,https://stockanalysis.com/analysts/Akshay-Gupta/,13 Apr 2026
Scott Berg,4326,https://stockanalysis.com/analysts/Scott-Berg/,20 Aug 2026
Nate Svensson,4328,https://stockanalysis.com/analysts/Nate-Svensson/,06 Aug 2026
Gerald Pascarelli,4331,https://stockanalysis.com/analysts/Gerald-Pascarelli/,11 Aug 2026
Zachary Silverberg,4339,https://stockanalysis.com/analysts/Zachary-Silverberg/,21 Aug 2026
Samuel Nielsen,4341,https://stockanalysis.com/analysts/Samuel-Nielsen/,04 Aug 2026
Michael Sison,4343,https://stockanalysis.com/analysts/Michael-Sison/,03 Aug 2026
Noah Zatzkin,4345,https://stockanalysis.com/analysts/Noah-Zatzkin/,14 Aug 2026
James West,4346,https://stockanalysis.com/analysts/James-West/,16 Jun 2026
Ed Engel,4352,https://stockanalysis.com/analysts/Ed-Engel/,02 Aug 2026
Charles Nabhan,4357,https://stockanalysis.com/analysts/Charles-Nabhan/,08 May 2026
Jason Bednar,4370,https://stockanalysis.com/analysts/Jason-Bednar/,18 Aug 2026
Bryan Bergin,4371,https://stockanalysis.com/analysts/Bryan-Bergin/,14 Aug 2026
Vasundhara Govil,4373,https://stockanalysis.com/analysts/Vasundhara-Govil/,20 Aug 2026
Anthony Valentini,4380,https://stockanalysis.com/analysts/Anthony-Valentini/,14 Jul 2026
Taylor McGinnis,4390,https://stockanalysis.com/analysts/Taylor-McGinnis/,21 Aug 2026
Anthony Trainor,4397,https://stockanalysis.com/analysts/Anthony-Trainor/,06 Aug 2026
Casey Ryan,4404,https://stockanalysis.com/analysts/Casey-Ryan/,08 Jan 2026
Rishi Jaluria,4406,https://stockanalysis.com/analysts/Rishi-Jaluria/,14 Aug 2026
Elizabeth Porter,4411,https://stockanalysis.com/analysts/Elizabeth-Porter/,18 Aug 2026
Jack Matten,4413,https://stockanalysis.com/analysts/Jack-Matten/,12 Aug 2026
Robert Farnam,4416,https://stockanalysis.com/analysts/Robert-Farnam/,25 Mar 2026
Jeff Chung,4417,https://stockanalysis.com/analysts/Jeff-Chung/,13 Aug 2026
Jason Tilchen,4418,https://stockanalysis.com/analysts/Jason-Tilchen/,12 Aug 2026
Richard Kramer,4426,https://stockanalysis.com/analysts/Richard-Kramer/,30 Jun 2026
Anna Glaessgen,4431,https://stockanalysis.com/analysts/Anna-Glaessgen/,20 Aug 2026
Carl Byrnes,4432,https://stockanalysis.com/analysts/Carl-Byrnes/,24 Apr 2026
Matthew Hurwit,4437,https://stockanalysis.com/analysts/Matthew-Hurwit/,25 Mar 2026
Logan Reich,4438,https://stockanalysis.com/analysts/Logan-Reich/,13 Aug 2026
Greg Konrad,4439,https://stockanalysis.com/analysts/Greg-Konrad/,17 May 2026
Marco Limite,4440,https://stockanalysis.com/analysts/Marco-Limite/,10 Aug 2026
Li Watsek,4442,https://stockanalysis.com/analysts/Li-Watsek/,21 Aug 2026
Andrea Tan,4448,https://stockanalysis.com/analysts/Andrea-Tan/,05 Feb 2026
Terry Tillman,4449,https://stockanalysis.com/analysts/Terry-Tillman/,21 Aug 2026
Ashley Owens,4452,https://stockanalysis.com/analysts/Ashley-Owens/,07 Aug 2026
Tracy Benguigui,4456,https://stockanalysis.com/analysts/Tracy-Benguigui/,19 Aug 2026
Bryan Smilek,4457,https://stockanalysis.com/analysts/Bryan-Smilek/,11 Aug 2026
Leo Chiang,4461,https://stockanalysis.com/analysts/Leo-Chiang/,28 Jul 2026
David Turkaly,4463,https://stockanalysis.com/analysts/David-Turkaly/,03 Aug 2026
Aaron Grey,4465,https://stockanalysis.com/analysts/Aaron-Grey/,12 Aug 2026
Ben Shelley,4468,https://stockanalysis.com/analysts/Ben-Shelley/,06 Aug 2026
Bill Kerr,4471,https://stockanalysis.com/analysts/Bill-Kerr/,11 Dec 2025
Madeline Brooks,4479,https://stockanalysis.com/analysts/Madeline-Brooks/,27 Feb 2026
Gordon Johnson,4484,https://stockanalysis.com/analysts/Gordon-Johnson/,20 Aug 2026
Matthew VanVliet,4487,https://stockanalysis.com/analysts/Matthew-VanVliet/,21 Aug 2026
Rahul Krotthapalli,4488,https://stockanalysis.com/analysts/Rahul-Krotthapalli/,12 Aug 2026
Mani Foroohar,4491,https://stockanalysis.com/analysts/Mani-Foroohar/,04 Jun 2026
Ryan Meyers,4494,https://stockanalysis.com/analysts/Ryan-Meyers/,19 Aug 2026
Kumaraguru Raja,4495,https://stockanalysis.com/analysts/Kumaraguru-Raja/,27 Jul 2026
Cheng Li,4498,https://stockanalysis.com/analysts/Cheng-Li/,27 Feb 2026
Michael Funk,4502,https://stockanalysis.com/analysts/Michael-Funk/,11 Aug 2026
Benjamin Mayhew,4505,https://stockanalysis.com/analysts/Benjamin-Mayhew/,07 Aug 2026
Jeffrey Adelson,4511,https://stockanalysis.com/analysts/Jeffrey-Adelson/,17 Aug 2026
Jeffrey Stantial,4512,https://stockanalysis.com/analysts/Jeffrey-Stantial/,14 Aug 2026
Jim Salera,4513,https://stockanalysis.com/analysts/Jim-Salera/,12 Aug 2026
Priyanka Grover,4514,https://stockanalysis.com/analysts/Priyanka-Grover/,18 Aug 2026
Mickey Legg,4515,https://stockanalysis.com/analysts/Mickey-Legg/,31 Jul 2026
Will Nance,4519,https://stockanalysis.com/analysts/Will-Nance/,21 Aug 2026
Michael Pachter,4520,https://stockanalysis.com/analysts/Michael-Pachter/,12 Aug 2026
Jake Roberge,4522,https://stockanalysis.com/analysts/Jake-Roberge/,18 Mar 2026
David Larsen,4524,https://stockanalysis.com/analysts/David-Larsen/,20 Aug 2026
James Quigley,4533,https://stockanalysis.com/analysts/James-Quigley/,06 Aug 2026
Kai Klose,4543,https://stockanalysis.com/analysts/Kai-Klose/,18 Aug 2026
Chris Pierce,4544,https://stockanalysis.com/analysts/Chris-Pierce/,12 Aug 2026
Marc Torrente,4547,https://stockanalysis.com/analysts/Marc-Torrente/,06 Aug 2026
Ryan Tomasello,4553,https://stockanalysis.com/analysts/Ryan-Tomasello/,14 Aug 2026
Tim Hsiao,4555,https://stockanalysis.com/analysts/Tim-Hsiao/,11 Aug 2026
Nora Min,4558,https://stockanalysis.com/analysts/Nora-Min/,31 Jul 2026
Yun Zhong,4560,https://stockanalysis.com/analysts/Yun-Zhong/,18 Aug 2026
David Adlington,4561,https://stockanalysis.com/analysts/David-Adlington/,12 Aug 2026
Corinne Blanchard,4566,https://stockanalysis.com/analysts/Corinne-Blanchard/,20 Aug 2026
Curtis Nagle,4569,https://stockanalysis.com/analysts/Curtis-Nagle/,21 Aug 2026
Jailendra Singh,4570,https://stockanalysis.com/analysts/Jailendra-Singh/,19 Aug 2026
Scott Schoenhaus,4571,https://stockanalysis.com/analysts/Scott-Schoenhaus/,18 Aug 2026
Isabella Simonato,4575,https://stockanalysis.com/analysts/Isabella-Simonato/,19 Aug 2026
Shilan Modi,4577,https://stockanalysis.com/analysts/Shilan-Modi/,14 Apr 2026
Colin Langan,4579,https://stockanalysis.com/analysts/Colin-Langan/,20 Aug 2026
Alexandria Hammond,4580,https://stockanalysis.com/analysts/Alexandria-Hammond/,13 Aug 2026
Sean Milligan,4585,https://stockanalysis.com/analysts/Sean-Milligan/,19 Aug 2026
William Grippin,4586,https://stockanalysis.com/analysts/William-Grippin/,10 Aug 2026
Sean Kennedy,4588,https://stockanalysis.com/analysts/Sean-Kennedy/,11 Aug 2026
Joseph Civello,4589,https://stockanalysis.com/analysts/Joseph-Civello/,21 Aug 2026
Seth Sigman,4599,https://stockanalysis.com/analysts/Seth-Sigman/,21 Aug 2026
Brian Skorney,4601,https://stockanalysis.com/analysts/Brian-Skorney/,07 Aug 2026
Tom Curran,4602,https://stockanalysis.com/analysts/Tom-Curran/,08 Jan 2026
Daniel Perlin,4609,https://stockanalysis.com/analysts/Daniel-Perlin/,20 Aug 2026
Naz Rahman,4610,https://stockanalysis.com/analysts/Naz-Rahman/,19 Aug 2026
Anna Andreeva,4611,https://stockanalysis.com/analysts/Anna-Andreeva/,21 Aug 2026
David Hynes,4615,https://stockanalysis.com/analysts/David-Hynes/,11 Aug 2026
Bill Kirk,4616,https://stockanalysis.com/analysts/Bill-Kirk/,21 Aug 2026
Constantine Davides,4617,https://stockanalysis.com/analysts/Constantine-Davides/,29 Jul 2026
Matthew Keller,4620,https://stockanalysis.com/analysts/Matthew-Keller/,18 Aug 2026
Puneet Jain,4621,https://stockanalysis.com/analysts/Puneet-Jain/,12 Aug 2026
Jason Kupferberg,4622,https://stockanalysis.com/analysts/Jason-Kupferberg/,20 Aug 2026
Alexia Dogani,4623,https://stockanalysis.com/analysts/Alexia-Dogani/,17 Aug 2026
Daina Graybosch,4624,https://stockanalysis.com/analysts/Daina-Graybosch/,11 Aug 2026
Michael Albanese,4625,https://stockanalysis.com/analysts/Michael-Albanese/,19 Aug 2026
Caroline Palomeque,4629,https://stockanalysis.com/analysts/Caroline-Palomeque/,16 Jun 2026
Sara Nik,4631,https://stockanalysis.com/analysts/Sara-Nik/,21 Aug 2026
Bruce Jackson,4633,https://stockanalysis.com/analysts/Bruce-Jackson/,20 Aug 2026
Sarang Vora,4637,https://stockanalysis.com/analysts/Sarang-Vora/,21 Aug 2026
Young Li,4639,https://stockanalysis.com/analysts/Young-Li/,07 Jul 2026
Piral Dadhania,4642,https://stockanalysis.com/analysts/Piral-Dadhania/,19 Aug 2026
Joseph Spak,4644,https://stockanalysis.com/analysts/Joseph-Spak/,20 Aug 2026
Marie Thibault,4650,https://stockanalysis.com/analysts/Marie-Thibault/,21 Aug 2026
Reni Benjamin,4651,https://stockanalysis.com/analysts/Reni-Benjamin/,07 Aug 2026
Jason Kolbert,4652,https://stockanalysis.com/analysts/Jason-Kolbert/,13 May 2026
Ryan MacDonald,4656,https://stockanalysis.com/analysts/Ryan-MacDonald/,18 Aug 2026
Vikram Bagri,4657,https://stockanalysis.com/analysts/Vikram-Bagri/,20 Aug 2026
Kyle Bauser,4658,https://stockanalysis.com/analysts/Kyle-Bauser/,17 Apr 2026
Jason McCarthy,4659,https://stockanalysis.com/analysts/Jason-McCarthy/,20 Aug 2026
Jack Allen,4661,https://stockanalysis.com/analysts/Jack-Allen/,30 Jun 2026
James Molloy,4662,https://stockanalysis.com/analysts/James-Molloy/,18 Aug 2026
Christopher Souther,4663,https://stockanalysis.com/analysts/Christopher-Souther/,13 Aug 2026
Itay Michaeli,4665,https://stockanalysis.com/analysts/Itay-Michaeli/,11 Aug 2026
Eric Wold,4666,https://stockanalysis.com/analysts/Eric-Wold/,15 Jul 2026
Allen Klee,4667,https://stockanalysis.com/analysts/Allen-Klee/,21 Aug 2026
Edward Woo,4668,https://stockanalysis.com/analysts/Edward-Woo/,10 Jun 2026
James McIlree,4669,https://stockanalysis.com/analysts/James-McIlree/,17 Aug 2026
Anthony Vendetti,4672,https://stockanalysis.com/analysts/Anthony-Vendetti/,20 Aug 2026
Lucas Ward,4673,https://stockanalysis.com/analysts/Lucas-Ward/,04 Jun 2026
Alexander Platt,9986,https://stockanalysis.com/analysts/Alexander-Platt/,Not found
Alex Stranahan,9986,https://stockanalysis.com/analysts/Alex-Stranahan/,Not found
Alex Straton,9986,https://stockanalysis.com/analysts/Alex-Straton/,Not found
Alex Thompson,9986,https://stockanalysis.com/analysts/Alex-Thompson/,Not found
Wesley Golladay,9986,https://stockanalysis.com/analysts/Wesley-Golladay/,Not found
Vincent Sinisi,9986,https://stockanalysis.com/analysts/Vincent-Sinisi/,Not found
Vitor Tomita,9986,https://stockanalysis.com/analysts/Vitor-Tomita/,Not found
Vivien Azer,9986,https://stockanalysis.com/analysts/Vivien-Azer/,Not found
Vladimir Bystricky,9986,https://stockanalysis.com/analysts/Vladimir-Bystricky/,Not found
William Crow,9986,https://stockanalysis.com/analysts/William-Crow/,Not found
Weng Chen,9986,https://stockanalysis.com/analysts/Weng-Chen/,Not found
Tyler Brown,9986,https://stockanalysis.com/analysts/Tyler-Brown/,Not found
William Jellison,9986,https://stockanalysis.com/analysts/William-Jellison/,Not found
William Kirk,9986,https://stockanalysis.com/analysts/William-Kirk/,Not found
Weston Bloomer,9986,https://stockanalysis.com/analysts/Weston-Bloomer/,Not found
del Valle,9986,https://stockanalysis.com/analysts/del-Valle/,Not found
Aaron Kessler,9986,https://stockanalysis.com/analysts/Aaron-Kessler/,Not found
Abhi Agarwal,9986,https://stockanalysis.com/analysts/Abhi-Agarwal/,Not found
John Edelman,9986,https://stockanalysis.com/analysts/John-Edelman/,Not found
Air Ma,9986,https://stockanalysis.com/analysts/Air-Ma/,Not found
Adam Samuelson,9986,https://stockanalysis.com/analysts/Adam-Samuelson/,Not found
Woody Lay,9986,https://stockanalysis.com/analysts/Woody-Lay/,Not found
Xavier Bouvignies,9986,https://stockanalysis.com/analysts/Xavier-Bouvignies/,Not found
Agnieszka Pustula,9986,https://stockanalysis.com/analysts/Agnieszka-Pustula/,Not found
Aidan Hall,9986,https://stockanalysis.com/analysts/Aidan-Hall/,Not found
Yessica Sanchez,9986,https://stockanalysis.com/analysts/Yessica-Sanchez/,Not found
Yi Fu,9986,https://stockanalysis.com/analysts/Yi-Fu/,Not found
Pablo Zuanic,9986,https://stockanalysis.com/analysts/Pablo-Zuanic/,Not found
Papa Sylla,9986,https://stockanalysis.com/analysts/Papa-Sylla/,Not found
Parker Lane,9986,https://stockanalysis.com/analysts/Parker-Lane/,Not found
Dan Brennan,9986,https://stockanalysis.com/analysts/Dan-Brennan/,Not found
Dan Ives,9986,https://stockanalysis.com/analysts/Dan-Ives/,Not found
Paul Diamond,9986,https://stockanalysis.com/analysts/Paul-Diamond/,Not found
Patrick R. Trucchio,9986,https://stockanalysis.com/analysts/Patrick-R.-Trucchio/,Not found
Patrick Tyler,9986,https://stockanalysis.com/analysts/Patrick-Tyler/,Not found
Patty Kanada,9986,https://stockanalysis.com/analysts/Patty-Kanada/,Not found
Patrick Donnelly,9986,https://stockanalysis.com/analysts/Patrick-Donnelly/,Not found
Dan Silverstein,9986,https://stockanalysis.com/analysts/Dan-Silverstein/,Not found
Dane Leone,9986,https://stockanalysis.com/analysts/Dane-Leone/,Not found
Paul Adams,9986,https://stockanalysis.com/analysts/Paul-Adams/,Not found
Paul Cheng,9986,https://stockanalysis.com/analysts/Paul-Cheng/,Not found
Paul Chung,9986,https://stockanalysis.com/analysts/Paul-Chung/,Not found
Paul Coster,9986,https://stockanalysis.com/analysts/Paul-Coster/,Not found
Daniel Markowitz,9986,https://stockanalysis.com/analysts/Daniel-Markowitz/,Not found
Daniel Chan,9986,https://stockanalysis.com/analysts/Daniel-Chan/,Not found
Daniel Chen,9986,https://stockanalysis.com/analysts/Daniel-Chen/,Not found
Daniel Ford,9986,https://stockanalysis.com/analysts/Daniel-Ford/,Not found
Daniel Hibshman,9986,https://stockanalysis.com/analysts/Daniel-Hibshman/,Not found
Nicole Miller,9986,https://stockanalysis.com/analysts/Nicole-Miller/,Not found
Nigel Dally,9986,https://stockanalysis.com/analysts/Nigel-Dally/,Not found
Daniel Roeska,9986,https://stockanalysis.com/analysts/Daniel-Roeska/,Not found
Daniel Kutz,9986,https://stockanalysis.com/analysts/Daniel-Kutz/,Not found
Nitin Kumar,9986,https://stockanalysis.com/analysts/Nitin-Kumar/,Not found
Noah Herman,9986,https://stockanalysis.com/analysts/Noah-Herman/,Not found
Nick Pope,9986,https://stockanalysis.com/analysts/Nick-Pope/,Not found
Nicole Germino,9986,https://stockanalysis.com/analysts/Nicole-Germino/,Not found
Ole Slorer,9986,https://stockanalysis.com/analysts/Ole-Slorer/,Not found
Omar Nokta,9986,https://stockanalysis.com/analysts/Omar-Nokta/,Not found
Paul Zimbardo,9986,https://stockanalysis.com/analysts/Paul-Zimbardo/,Not found
Perez Mora,9986,https://stockanalysis.com/analysts/Perez-Mora/,Not found
Pete Skibitski,9986,https://stockanalysis.com/analysts/Pete-Skibitski/,Not found
Peter Osterland,9986,https://stockanalysis.com/analysts/Peter-Osterland/,Not found
Peter Costa,9986,https://stockanalysis.com/analysts/Peter-Costa/,Not found
Paul Obrecht,9986,https://stockanalysis.com/analysts/Paul-Obrecht/,Not found
Paul Steep,9986,https://stockanalysis.com/analysts/Paul-Steep/,Not found
Cristina Fernández,9986,empty,Not found
Cristopher Kennedy,9986,https://stockanalysis.com/analysts/Cristopher-Kennedy/,Not found
Peter Lawson,9986,https://stockanalysis.com/analysts/Peter-Lawson/,Not found
Curt Woodworth,9986,https://stockanalysis.com/analysts/Curt-Woodworth/,Not found
Curtis Shauger,9986,https://stockanalysis.com/analysts/Curtis-Shauger/,Not found
Da Wei,9986,https://stockanalysis.com/analysts/Da-Wei/,Not found
Dae Gon,9986,https://stockanalysis.com/analysts/Dae-Gon/,Not found
Dailey Fairbanks,9986,https://stockanalysis.com/analysts/Dailey-Fairbanks/,Not found
Nicholas Thomas,9986,https://stockanalysis.com/analysts/Nicholas-Thomas/,Not found
Neel Kumar,9986,https://stockanalysis.com/analysts/Neel-Kumar/,Not found
Neil Kalton,9986,https://stockanalysis.com/analysts/Neil-Kalton/,Not found
Nichola Holowko,9986,https://stockanalysis.com/analysts/Nichola-Holowko/,Not found
Nathan Rice,9986,https://stockanalysis.com/analysts/Nathan-Rice/,Not found
Nick Del,9986,https://stockanalysis.com/analysts/Nick-Del/,Not found
Nick Housden,9986,https://stockanalysis.com/analysts/Nick-Housden/,Not found
Nick Joseph,9986,https://stockanalysis.com/analysts/Nick-Joseph/,Not found
Nicholas Jones,9986,https://stockanalysis.com/analysts/Nicholas-Jones/,Not found
Darren Leung,9986,https://stockanalysis.com/analysts/Darren-Leung/,Not found
Nicholas Watts,9986,https://stockanalysis.com/analysts/Nicholas-Watts/,Not found
Nick Abbott,9986,https://stockanalysis.com/analysts/Nick-Abbott/,Not found
David Hicks,9986,https://stockanalysis.com/analysts/David-Hicks/,Not found
David Belinger,9986,https://stockanalysis.com/analysts/David-Belinger/,Not found
David Bouchey,9986,https://stockanalysis.com/analysts/David-Bouchey/,Not found
Pérez Mora,9986,empty,Not found
Christyne McGarvey,9986,https://stockanalysis.com/analysts/Christyne-McGarvey/,Not found
Chuck Grom,9986,https://stockanalysis.com/analysts/Chuck-Grom/,Not found
Prashant Rao,9986,https://stockanalysis.com/analysts/Prashant-Rao/,Not found
Connor Lynagh,9986,https://stockanalysis.com/analysts/Connor-Lynagh/,Not found
Connor Siversky,9986,https://stockanalysis.com/analysts/Connor-Siversky/,Not found
Conor Fitzgerald,9986,https://stockanalysis.com/analysts/Conor-Fitzgerald/,Not found
Cleveland Rueckert,9986,https://stockanalysis.com/analysts/Cleveland-Rueckert/,Not found
Cody Ross,9986,https://stockanalysis.com/analysts/Cody-Ross/,Not found
Colin Bristow,9986,https://stockanalysis.com/analysts/Colin-Bristow/,Not found
Colin Isaac,9986,https://stockanalysis.com/analysts/Colin-Isaac/,Not found
Paul McTaggart,9986,https://stockanalysis.com/analysts/Paul-McTaggart/,Not found
Conor McNamara,9986,https://stockanalysis.com/analysts/Conor-McNamara/,Not found
Corinne Jenkins,9986,https://stockanalysis.com/analysts/Corinne-Jenkins/,Not found
Colleen Kusy,9986,https://stockanalysis.com/analysts/Colleen-Kusy/,Not found
Connor Chamberlain,9986,https://stockanalysis.com/analysts/Connor-Chamberlain/,Not found
Ming Hsun,9986,https://stockanalysis.com/analysts/Ming-Hsun/,Not found
Mitch Germain,9986,https://stockanalysis.com/analysts/Mitch-Germain/,Not found
Mike Matson,9986,https://stockanalysis.com/analysts/Mike-Matson/,Not found
Mike Morris,9986,https://stockanalysis.com/analysts/Mike-Morris/,Not found
Mike Polark,9986,https://stockanalysis.com/analysts/Mike-Polark/,Not found
Mike Scialla,9986,https://stockanalysis.com/analysts/Mike-Scialla/,Not found
Nathan Janes,9986,https://stockanalysis.com/analysts/Nathan-Janes/,Not found
David Lebowitz,9986,https://stockanalysis.com/analysts/David-Lebowitz/,Not found
David Leiker,9986,https://stockanalysis.com/analysts/David-Leiker/,Not found
David Lewis,9986,https://stockanalysis.com/analysts/David-Lewis/,Not found
David MacDonald,9986,https://stockanalysis.com/analysts/David-MacDonald/,Not found
David Kang,9986,https://stockanalysis.com/analysts/David-Kang/,Not found
David Rodgers,9986,https://stockanalysis.com/analysts/David-Rodgers/,Not found
David Seigerman,9986,https://stockanalysis.com/analysts/David-Seigerman/,Not found
David Smith,9986,https://stockanalysis.com/analysts/David-Smith/,Not found
David Strauss,9986,https://stockanalysis.com/analysts/David-Strauss/,Not found
David Motemeden,9986,https://stockanalysis.com/analysts/David-Motemeden/,Not found
David Lebovitz,9986,https://stockanalysis.com/analysts/David-Lebovitz/,Not found
Rachel Vatnsdal,9986,https://stockanalysis.com/analysts/Rachel-Vatnsdal/,Not found
Raghuram Selvaraju,9986,https://stockanalysis.com/analysts/Raghuram-Selvaraju/,Not found
Christopher Merwin,9986,https://stockanalysis.com/analysts/Christopher-Merwin/,Not found
Christopher Moore,9986,https://stockanalysis.com/analysts/Christopher-Moore/,Not found
Christopher Parkinson,9986,https://stockanalysis.com/analysts/Christopher-Parkinson/,Not found
Christopher Schoell,9986,https://stockanalysis.com/analysts/Christopher-Schoell/,Not found
Christopher LaFemina,9986,https://stockanalysis.com/analysts/Christopher-LaFemina/,Not found
Raj Kumar,9986,https://stockanalysis.com/analysts/Raj-Kumar/,Not found
Raj Sharma,9986,https://stockanalysis.com/analysts/Raj-Sharma/,Not found
Rajat Gupta,9986,https://stockanalysis.com/analysts/Rajat-Gupta/,Not found
Ralph Profiti,9986,https://stockanalysis.com/analysts/Ralph-Profiti/,Not found
Q3 EPS,9986,https://stockanalysis.com/analysts/Q3-EPS/,Not found
Q3 Marketplace,9986,https://stockanalysis.com/analysts/Q3-Marketplace/,Not found
Ricardo Rezende,9986,https://stockanalysis.com/analysts/Ricardo-Rezende/,Not found
Philipp Häßler,9986,empty,Not found
Pinjalim Bora,9986,https://stockanalysis.com/analysts/Pinjalim-Bora/,Not found
Philip Cusick,9986,https://stockanalysis.com/analysts/Philip-Cusick/,Not found
Philip Gibbs,9986,https://stockanalysis.com/analysts/Philip-Gibbs/,Not found
Reif Ehrlich,9986,https://stockanalysis.com/analysts/Reif-Ehrlich/,Not found
Richard Law,9986,https://stockanalysis.com/analysts/Richard-Law/,Not found
Rich Hightower,9986,https://stockanalysis.com/analysts/Rich-Hightower/,Not found
Rich Hilliker,9986,https://stockanalysis.com/analysts/Rich-Hilliker/,Not found
Chris Mcgratty,9986,https://stockanalysis.com/analysts/Chris-Mcgratty/,Not found
Chris Merwin,9986,https://stockanalysis.com/analysts/Chris-Merwin/,Not found
Richard Repetto,9986,https://stockanalysis.com/analysts/Richard-Repetto/,Not found
Richard Eastman,9986,https://stockanalysis.com/analysts/Richard-Eastman/,Not found
Richard Hill,9986,https://stockanalysis.com/analysts/Richard-Hill/,Not found
Chris Zhang,9986,https://stockanalysis.com/analysts/Chris-Zhang/,Not found
Rick Paterson,9986,https://stockanalysis.com/analysts/Rick-Paterson/,Not found
Ricky Goldwasser,9986,https://stockanalysis.com/analysts/Ricky-Goldwasser/,Not found
Richard Radbourne,9986,https://stockanalysis.com/analysts/Richard-Radbourne/,Not found
Christopher LeFemina,9986,https://stockanalysis.com/analysts/Christopher-LeFemina/,Not found
Christopher Mandeville,9986,https://stockanalysis.com/analysts/Christopher-Mandeville/,Not found
Christopher Danely,9986,https://stockanalysis.com/analysts/Christopher-Danely/,Not found
Christopher Dendrinos,9986,https://stockanalysis.com/analysts/Christopher-Dendrinos/,Not found
Christopher Graja,9986,https://stockanalysis.com/analysts/Christopher-Graja/,Not found
Chris Senyek,9986,https://stockanalysis.com/analysts/Chris-Senyek/,Not found
Chris Snyder,9986,https://stockanalysis.com/analysts/Chris-Snyder/,Not found
Michael Weinstein,9986,https://stockanalysis.com/analysts/Michael-Weinstein/,Not found
Micheal Bellisario,9986,https://stockanalysis.com/analysts/Micheal-Bellisario/,Not found
Michelle Fang,9986,https://stockanalysis.com/analysts/Michelle-Fang/,Not found
Michael Tyndall,9986,https://stockanalysis.com/analysts/Michael-Tyndall/,Not found
Mike Harris,9986,https://stockanalysis.com/analysts/Mike-Harris/,Not found
Mike Lavery,9986,https://stockanalysis.com/analysts/Mike-Lavery/,Not found
Mike Albanese,9986,https://stockanalysis.com/analysts/Mike-Albanese/,Not found
Mike Burton,9986,https://stockanalysis.com/analysts/Mike-Burton/,Not found
Michael Walkley,9986,https://stockanalysis.com/analysts/Michael-Walkley/,Not found
De Bruin,9986,https://stockanalysis.com/analysts/De-Bruin/,Not found
Deborah Ciervo,9986,https://stockanalysis.com/analysts/Deborah-Ciervo/,Not found
David Togut,9986,https://stockanalysis.com/analysts/David-Togut/,Not found
Mike Cyprys,9986,https://stockanalysis.com/analysts/Mike-Cyprys/,Not found
Mike Dahl,9986,https://stockanalysis.com/analysts/Mike-Dahl/,Not found
Mike Genovese,9986,https://stockanalysis.com/analysts/Mike-Genovese/,Not found
Mike Grondahl,9986,https://stockanalysis.com/analysts/Mike-Grondahl/,Not found
Derik De,9986,https://stockanalysis.com/analysts/Derik-De/,Not found
Destiny Hance,9986,https://stockanalysis.com/analysts/Destiny-Hance/,Not found
Diego Aragao,9986,https://stockanalysis.com/analysts/Diego-Aragao/,Not found
Rob Oliver,9986,https://stockanalysis.com/analysts/Rob-Oliver/,Not found
Rob Wertheimer,9986,https://stockanalysis.com/analysts/Rob-Wertheimer/,Not found
Robert Bek,9986,https://stockanalysis.com/analysts/Robert-Bek/,Not found
Charles Duncan,9986,https://stockanalysis.com/analysts/Charles-Duncan/,Not found
Catherine Ramsey,9986,https://stockanalysis.com/analysts/Catherine-Ramsey/,Not found
Robert Mason,9986,https://stockanalysis.com/analysts/Robert-Mason/,Not found
Robert Mosca,9986,https://stockanalysis.com/analysts/Robert-Mosca/,Not found
Robert Cox,9986,https://stockanalysis.com/analysts/Robert-Cox/,Not found
Rob Brown,9986,https://stockanalysis.com/analysts/Rob-Brown/,Not found
Rob Dickerson,9986,https://stockanalysis.com/analysts/Rob-Dickerson/,Not found
Charles Zhou,9986,https://stockanalysis.com/analysts/Charles-Zhou/,Not found
Robert Napoli,9986,https://stockanalysis.com/analysts/Robert-Napoli/,Not found
Chris Raymond,9986,https://stockanalysis.com/analysts/Chris-Raymond/,Not found
Chris Robertson,9986,https://stockanalysis.com/analysts/Chris-Robertson/,Not found
Chris Kuntarich,9986,https://stockanalysis.com/analysts/Chris-Kuntarich/,Not found
Chi Fong,9986,https://stockanalysis.com/analysts/Chi-Fong/,Not found
Chris Carey,9986,https://stockanalysis.com/analysts/Chris-Carey/,Not found
Michael Phillips,9986,https://stockanalysis.com/analysts/Michael-Phillips/,Not found
Michael McGovern,9986,https://stockanalysis.com/analysts/Michael-McGovern/,Not found
Michael Minchak,9986,https://stockanalysis.com/analysts/Michael-Minchak/,Not found
Michael Jalonen,9986,https://stockanalysis.com/analysts/Michael-Jalonen/,Not found
Michael Kaye,9986,https://stockanalysis.com/analysts/Michael-Kaye/,Not found
Michael Schmitz,9986,https://stockanalysis.com/analysts/Michael-Schmitz/,Not found
Michael Perito,9986,https://stockanalysis.com/analysts/Michael-Perito/,Not found
Dimple Gosa,9986,https://stockanalysis.com/analysts/Dimple-Gosa/,Not found
Dimple Gosai,9986,https://stockanalysis.com/analysts/Dimple-Gosai/,Not found
Divya Goyal,9986,https://stockanalysis.com/analysts/Divya-Goyal/,Not found
Domingos Falavina,9986,https://stockanalysis.com/analysts/Domingos-Falavina/,Not found
Don Carducci,9986,https://stockanalysis.com/analysts/Don-Carducci/,Not found
Douglas Irwin,9986,https://stockanalysis.com/analysts/Douglas-Irwin/,Not found
Drew Chamberlain,9986,https://stockanalysis.com/analysts/Drew-Chamberlain/,Not found
Drew Ranieri,9986,https://stockanalysis.com/analysts/Drew-Ranieri/,Not found
Dori Kesten,9986,https://stockanalysis.com/analysts/Dori-Kesten/,Not found
Doug Harter,9986,https://stockanalysis.com/analysts/Doug-Harter/,Not found
Dillon Cumming,9986,https://stockanalysis.com/analysts/Dillon-Cumming/,Not found
Rohin Patel,9986,https://stockanalysis.com/analysts/Rohin-Patel/,Not found
Ronald J,9986,https://stockanalysis.com/analysts/Ronald-J/,Not found
Robin Farley,9986,https://stockanalysis.com/analysts/Robin-Farley/,Not found
Robyn Karnauskas,9986,https://stockanalysis.com/analysts/Robyn-Karnauskas/,Not found
Ross Smotrich,9986,https://stockanalysis.com/analysts/Ross-Smotrich/,Not found
Roy Buchanan,9986,https://stockanalysis.com/analysts/Roy-Buchanan/,Not found
Ronald Jewsikow,9986,https://stockanalysis.com/analysts/Ronald-Jewsikow/,Not found
Ross Gilardi,9986,https://stockanalysis.com/analysts/Ross-Gilardi/,Not found
Ross Muken,9986,https://stockanalysis.com/analysts/Ross-Muken/,Not found
Ross Osborn,9986,https://stockanalysis.com/analysts/Ross-Osborn/,Not found
Roger Read,9986,https://stockanalysis.com/analysts/Roger-Read/,Not found
Cameron Mansson,9986,https://stockanalysis.com/analysts/Cameron-Mansson/,Not found
Camille Bonnel,9986,https://stockanalysis.com/analysts/Camille-Bonnel/,Not found
Carlos De,9986,https://stockanalysis.com/analysts/Carlos-De/,Not found
Catherine Schulte,9986,https://stockanalysis.com/analysts/Catherine-Schulte/,Not found
Cecilia Furlong,9986,https://stockanalysis.com/analysts/Cecilia-Furlong/,Not found
Cerena Chen,9986,https://stockanalysis.com/analysts/Cerena-Chen/,Not found
Chad Bennett,9986,https://stockanalysis.com/analysts/Chad-Bennett/,Not found
Carly Kenselaar,9986,https://stockanalysis.com/analysts/Carly-Kenselaar/,Not found
Michael Carrier,9986,https://stockanalysis.com/analysts/Michael-Carrier/,Not found
Meyer Sheilds,9986,https://stockanalysis.com/analysts/Meyer-Sheilds/,Not found
Michael Albanses,9986,https://stockanalysis.com/analysts/Michael-Albanses/,Not found
Duane Pfenningwerth,9986,https://stockanalysis.com/analysts/Duane-Pfenningwerth/,Not found
Eddie Leung,9986,https://stockanalysis.com/analysts/Eddie-Leung/,Not found
Michael Harrison,9986,https://stockanalysis.com/analysts/Michael-Harrison/,Not found
Ed Yang,9986,https://stockanalysis.com/analysts/Ed-Yang/,Not found
Elizabeth Anderson,9986,https://stockanalysis.com/analysts/Elizabeth-Anderson/,Not found
Elizabeth Garcia,9986,https://stockanalysis.com/analysts/Elizabeth-Garcia/,Not found
Elizabeth Suzuki,9986,https://stockanalysis.com/analysts/Elizabeth-Suzuki/,Not found
Matthew McClintock,9986,https://stockanalysis.com/analysts/Matthew-McClintock/,Not found
Matthew McKellar,9986,https://stockanalysis.com/analysts/Matthew-McKellar/,Not found
Matthew Murphy,9986,https://stockanalysis.com/analysts/Matthew-Murphy/,Not found
Matthew Stanton,9986,https://stockanalysis.com/analysts/Matthew-Stanton/,Not found
Matthew Summerville,9986,https://stockanalysis.com/analysts/Matthew-Summerville/,Not found
Matthew Krueger,9986,https://stockanalysis.com/analysts/Matthew-Krueger/,Not found
Medhi Hosseini,9986,https://stockanalysis.com/analysts/Medhi-Hosseini/,Not found
Melanie Nunez,9986,https://stockanalysis.com/analysts/Melanie-Nunez/,Not found
Max Hopkins,9986,https://stockanalysis.com/analysts/Max-Hopkins/,Not found
Matthew Sheerin,9986,https://stockanalysis.com/analysts/Matthew-Sheerin/,Not found
Matt Venezia,9986,https://stockanalysis.com/analysts/Matt-Venezia/,Not found
Matt McGinley,9986,https://stockanalysis.com/analysts/Matt-McGinley/,Not found
Matt Niknam,9986,https://stockanalysis.com/analysts/Matt-Niknam/,Not found
Matt OBrien,9986,https://stockanalysis.com/analysts/Matt-OBrien/,Not found
Ryan McKeveny,9986,https://stockanalysis.com/analysts/Ryan-McKeveny/,Not found
Ryan Griffin,9986,https://stockanalysis.com/analysts/Ryan-Griffin/,Not found
Ryan Krieger,9986,https://stockanalysis.com/analysts/Ryan-Krieger/,Not found
Brock Vandervliet,9986,https://stockanalysis.com/analysts/Brock-Vandervliet/,Not found
Ryan Lynch,9986,https://stockanalysis.com/analysts/Ryan-Lynch/,Not found
Bryan Spillane,9986,https://stockanalysis.com/analysts/Bryan-Spillane/,Not found
Bryce Rowe,9986,https://stockanalysis.com/analysts/Bryce-Rowe/,Not found
Bruce Chan,9986,https://stockanalysis.com/analysts/Bruce-Chan/,Not found
Bryan Adams,9986,https://stockanalysis.com/analysts/Bryan-Adams/,Not found
Burrows Szczupak,9986,https://stockanalysis.com/analysts/Burrows-Szczupak/,Not found
C J,9986,https://stockanalysis.com/analysts/C-J/,Not found
Bryan Maher,9986,https://stockanalysis.com/analysts/Bryan-Maher/,Not found
Matthew Hewitt,9986,https://stockanalysis.com/analysts/Matthew-Hewitt/,Not found
Matthew Gillmor,9986,https://stockanalysis.com/analysts/Matthew-Gillmor/,Not found
Eric Beaumont,9986,https://stockanalysis.com/analysts/Eric-Beaumont/,Not found
Eric Des,9986,https://stockanalysis.com/analysts/Eric-Des/,Not found
Matthew Harrison,9986,https://stockanalysis.com/analysts/Matthew-Harrison/,Not found
Matthew Herrmann,9986,https://stockanalysis.com/analysts/Matthew-Herrmann/,Not found
Esme Pau,9986,https://stockanalysis.com/analysts/Esme-Pau/,Not found
Esther Rajavelu,9986,https://stockanalysis.com/analysts/Esther-Rajavelu/,Not found
Eun Yang,9986,https://stockanalysis.com/analysts/Eun-Yang/,Not found
Erin Wilson,9986,https://stockanalysis.com/analysts/Erin-Wilson/,Not found
Eric Schmidt,9986,https://stockanalysis.com/analysts/Eric-Schmidt/,Not found
Market Perform,9986,https://stockanalysis.com/analysts/Market-Perform/,Not found
Mark Purcell,9986,https://stockanalysis.com/analysts/Mark-Purcell/,Not found
Erwan Rambourg,9986,https://stockanalysis.com/analysts/Erwan-Rambourg/,Not found
Sabrina Abrams,9986,https://stockanalysis.com/analysts/Sabrina-Abrams/,Not found
Brent Navon,9986,https://stockanalysis.com/analysts/Brent-Navon/,Not found
Brett Feldman,9986,https://stockanalysis.com/analysts/Brett-Feldman/,Not found
Samuel Eisner,9986,https://stockanalysis.com/analysts/Samuel-Eisner/,Not found
Brian Butler,9986,https://stockanalysis.com/analysts/Brian-Butler/,Not found
Brian Fitzgerald,9986,https://stockanalysis.com/analysts/Brian-Fitzgerald/,Not found
Brian Flores,9986,https://stockanalysis.com/analysts/Brian-Flores/,Not found
Brett Simpson,9986,https://stockanalysis.com/analysts/Brett-Simpson/,Not found
Brian Brungardt,9986,https://stockanalysis.com/analysts/Brian-Brungardt/,Not found
Sanjeev Rana,9986,https://stockanalysis.com/analysts/Sanjeev-Rana/,Not found
Russell Quelch,9986,https://stockanalysis.com/analysts/Russell-Quelch/,Not found
Ryan Cooke,9986,https://stockanalysis.com/analysts/Ryan-Cooke/,Not found
Brian Lee,9986,https://stockanalysis.com/analysts/Brian-Lee/,Not found
Matt Farrell,9986,https://stockanalysis.com/analysts/Matt-Farrell/,Not found
Matt Howlett,9986,https://stockanalysis.com/analysts/Matt-Howlett/,Not found
Federico Merendi,9986,https://stockanalysis.com/analysts/Federico-Merendi/,Not found
Eva Fortea,9986,https://stockanalysis.com/analysts/Eva-Fortea/,Not found
Evan David,9986,https://stockanalysis.com/analysts/Evan-David/,Not found
Matt Breese,9986,https://stockanalysis.com/analysts/Matt-Breese/,Not found
Floris Van,9986,https://stockanalysis.com/analysts/Floris-Van/,Not found
Francisco Suarez,9986,https://stockanalysis.com/analysts/Francisco-Suarez/,Not found
Farooq Hamed,9986,https://stockanalysis.com/analysts/Farooq-Hamed/,Not found
Fu Lee,9986,https://stockanalysis.com/analysts/Fu-Lee/,Not found
Gabe Hajde,9986,https://stockanalysis.com/analysts/Gabe-Hajde/,Not found
Gabriel Moreen,9986,https://stockanalysis.com/analysts/Gabriel-Moreen/,Not found
Felicia Hendrix,9986,https://stockanalysis.com/analysts/Felicia-Hendrix/,Not found
Fernando Abdalla,9986,https://stockanalysis.com/analysts/Fernando-Abdalla/,Not found
Scott Ciccarelli,9986,https://stockanalysis.com/analysts/Scott-Ciccarelli/,Not found
Boonie Herzog,9986,https://stockanalysis.com/analysts/Boonie-Herzog/,Not found
Boris Van,9986,https://stockanalysis.com/analysts/Boris-Van/,Not found
Brad Canino,9986,https://stockanalysis.com/analysts/Brad-Canino/,Not found
Scott Fidel,9986,https://stockanalysis.com/analysts/Scott-Fidel/,Not found
Scott Marks,9986,https://stockanalysis.com/analysts/Scott-Marks/,Not found
Brad Sills,9986,https://stockanalysis.com/analysts/Brad-Sills/,Not found
Bradley Berning,9986,https://stockanalysis.com/analysts/Bradley-Berning/,Not found
Sean King,9986,https://stockanalysis.com/analysts/Sean-King/,Not found
Sean Lee,9986,https://stockanalysis.com/analysts/Sean-Lee/,Not found
Sean Meakim,9986,https://stockanalysis.com/analysts/Sean-Meakim/,Not found
Brent Bracelin,9986,https://stockanalysis.com/analysts/Brent-Bracelin/,Not found
Brent Dilts,9986,https://stockanalysis.com/analysts/Brent-Dilts/,Not found
Brady Gailey,9986,https://stockanalysis.com/analysts/Brady-Gailey/,Not found
Brandon King,9986,https://stockanalysis.com/analysts/Brandon-King/,Not found
Mariana Taddeo,9986,https://stockanalysis.com/analysts/Mariana-Taddeo/,Not found
Mario Lu,9986,https://stockanalysis.com/analysts/Mario-Lu/,Not found
MarK Shutley,9986,https://stockanalysis.com/analysts/MarK-Shutley/,Not found
Frank Lee,9986,https://stockanalysis.com/analysts/Frank-Lee/,Not found
George Bose,9986,https://stockanalysis.com/analysts/George-Bose/,Not found
Marcus Cole,9986,https://stockanalysis.com/analysts/Marcus-Cole/,Not found
Maria Thibault,9986,https://stockanalysis.com/analysts/Maria-Thibault/,Not found
Mariana Perez,9986,https://stockanalysis.com/analysts/Mariana-Perez/,Not found
George Farmer,9986,https://stockanalysis.com/analysts/George-Farmer/,Not found
George Galliers,9986,https://stockanalysis.com/analysts/George-Galliers/,Not found
Geoff Lowery,9986,https://stockanalysis.com/analysts/Geoff-Lowery/,Not found
Louise Singlehurst,9986,https://stockanalysis.com/analysts/Louise-Singlehurst/,Not found
Louthan IV,9986,https://stockanalysis.com/analysts/Louthan-IV/,Not found
George Wang,9986,https://stockanalysis.com/analysts/George-Wang/,Not found
Lucas Pipes,9986,https://stockanalysis.com/analysts/Lucas-Pipes/,Not found
Luiz Carvalho,9986,https://stockanalysis.com/analysts/Luiz-Carvalho/,Not found
Luke Lemoine,9986,https://stockanalysis.com/analysts/Luke-Lemoine/,Not found
Greg Lewis,9986,https://stockanalysis.com/analysts/Greg-Lewis/,Not found
Glenn Mattson,9986,https://stockanalysis.com/analysts/Glenn-Mattson/,Not found
Madhu Kumar,9986,https://stockanalysis.com/analysts/Madhu-Kumar/,Not found
Greg Miller,9986,https://stockanalysis.com/analysts/Greg-Miller/,Not found
Greg Pardy,9986,https://stockanalysis.com/analysts/Greg-Pardy/,Not found
Greg Harrison,9986,https://stockanalysis.com/analysts/Greg-Harrison/,Not found
Seth Gilbert,9986,https://stockanalysis.com/analysts/Seth-Gilbert/,Not found
Shagun Singh,9986,https://stockanalysis.com/analysts/Shagun-Singh/,Not found
Shane Brett,9986,https://stockanalysis.com/analysts/Shane-Brett/,Not found
Sean Wieland,9986,https://stockanalysis.com/analysts/Sean-Wieland/,Not found
Shneur Gershuni,9986,https://stockanalysis.com/analysts/Shneur-Gershuni/,Not found
Sidney Ho,9986,https://stockanalysis.com/analysts/Sidney-Ho/,Not found
Sheila McGrath,9986,https://stockanalysis.com/analysts/Sheila-McGrath/,Not found
Shiwen Li,9986,https://stockanalysis.com/analysts/Shiwen-Li/,Not found
Bhumi Kanabar,9986,https://stockanalysis.com/analysts/Bhumi-Kanabar/,Not found
Biju Perincheril,9986,https://stockanalysis.com/analysts/Biju-Perincheril/,Not found
Bill Chappell,9986,https://stockanalysis.com/analysts/Bill-Chappell/,Not found
Bill Katz,9986,https://stockanalysis.com/analysts/Bill-Katz/,Not found
Bill Maughan,9986,https://stockanalysis.com/analysts/Bill-Maughan/,Not found
Brad Capuzzi,9986,https://stockanalysis.com/analysts/Brad-Capuzzi/,Not found
Bob Drbul,9986,https://stockanalysis.com/analysts/Bob-Drbul/,Not found
Bob Jian,9986,https://stockanalysis.com/analysts/Bob-Jian/,Not found
Bobby Zolper,9986,https://stockanalysis.com/analysts/Bobby-Zolper/,Not found
Bin Kim,9986,https://stockanalysis.com/analysts/Bin-Kim/,Not found
Lawrence Biegelsen,9986,https://stockanalysis.com/analysts/Lawrence-Biegelsen/,Not found
Leandro Bastos,9986,https://stockanalysis.com/analysts/Leandro-Bastos/,Not found
Gregory Fraser,9986,https://stockanalysis.com/analysts/Gregory-Fraser/,Not found
Griffin Boss,9986,https://stockanalysis.com/analysts/Griffin-Boss/,Not found
Lili Nsongo,9986,https://stockanalysis.com/analysts/Lili-Nsongo/,Not found
Lee Krowl,9986,https://stockanalysis.com/analysts/Lee-Krowl/,Not found
Hamza Fodderwala,9986,https://stockanalysis.com/analysts/Hamza-Fodderwala/,Not found
Lisa Clive,9986,https://stockanalysis.com/analysts/Lisa-Clive/,Not found
Liisa Bayko,9986,https://stockanalysis.com/analysts/Liisa-Bayko/,Not found
Hans Mosesmann,9986,https://stockanalysis.com/analysts/Hans-Mosesmann/,Not found
Harmen Puri,9986,https://stockanalysis.com/analysts/Harmen-Puri/,Not found
Harold Goetsch,9986,https://stockanalysis.com/analysts/Harold-Goetsch/,Not found
Harry Read,9986,https://stockanalysis.com/analysts/Harry-Read/,Not found
Stan Zlotsky,9986,https://stockanalysis.com/analysts/Stan-Zlotsky/,Not found
Stanley Elliott,9986,https://stockanalysis.com/analysts/Stanley-Elliott/,Not found
Smedes Rose,9986,https://stockanalysis.com/analysts/Smedes-Rose/,Not found
Soe Naing,9986,https://stockanalysis.com/analysts/Soe-Naing/,Not found
Sorabh Daga,9986,https://stockanalysis.com/analysts/Sorabh-Daga/,Not found
Soumit Roy,9986,https://stockanalysis.com/analysts/Soumit-Roy/,Not found
Ben Chaiken,9986,https://stockanalysis.com/analysts/Ben-Chaiken/,Not found
Stephanie Davis,9986,https://stockanalysis.com/analysts/Stephanie-Davis/,Not found
Stephanie Grambling,9986,https://stockanalysis.com/analysts/Stephanie-Grambling/,Not found
Srini Pajjuir,9986,https://stockanalysis.com/analysts/Srini-Pajjuir/,Not found
Benjamin Haynor,9986,https://stockanalysis.com/analysts/Benjamin-Haynor/,Not found
Benjamin Miller,9986,https://stockanalysis.com/analysts/Benjamin-Miller/,Not found
Ben Miller,9986,https://stockanalysis.com/analysts/Ben-Miller/,Not found
Benjamin Black,9986,https://stockanalysis.com/analysts/Benjamin-Black/,Not found
Bert Subin,9986,https://stockanalysis.com/analysts/Bert-Subin/,Not found
Betsy Graseck,9986,https://stockanalysis.com/analysts/Betsy-Graseck/,Not found
Betty Jing,9986,https://stockanalysis.com/analysts/Betty-Jing/,Not found
Benjamin Gerlinger,9986,https://stockanalysis.com/analysts/Benjamin-Gerlinger/,Not found
Himanshu Gupta,9986,https://stockanalysis.com/analysts/Himanshu-Gupta/,Not found
Holly Stewart,9986,https://stockanalysis.com/analysts/Holly-Stewart/,Not found
Ian Macpherson,9986,https://stockanalysis.com/analysts/Ian-Macpherson/,Not found
Hartaj Singh,9986,https://stockanalysis.com/analysts/Hartaj-Singh/,Not found
Heather Balsky,9986,https://stockanalysis.com/analysts/Heather-Balsky/,Not found
Korinne Wolfmeyer,9986,https://stockanalysis.com/analysts/Korinne-Wolfmeyer/,Not found
Kosta Tasoulis,9986,https://stockanalysis.com/analysts/Kosta-Tasoulis/,Not found
Helfey Hannah,9986,https://stockanalysis.com/analysts/Helfey-Hannah/,Not found
Henry Meyer,9986,https://stockanalysis.com/analysts/Henry-Meyer/,Not found
Lauren Schenk,9986,https://stockanalysis.com/analysts/Lauren-Schenk/,Not found
Kyle Mikson,9986,https://stockanalysis.com/analysts/Kyle-Mikson/,Not found
Kyle Voigt,9986,https://stockanalysis.com/analysts/Kyle-Voigt/,Not found
Landon Park,9986,https://stockanalysis.com/analysts/Landon-Park/,Not found
Larry Solow,9986,https://stockanalysis.com/analysts/Larry-Solow/,Not found
Kevin Liu,9986,https://stockanalysis.com/analysts/Kevin-Liu/,Not found
Kevin Fitzsimmons,9986,https://stockanalysis.com/analysts/Kevin-Fitzsimmons/,Not found
Kenneth Shiu,9986,https://stockanalysis.com/analysts/Kenneth-Shiu/,Not found
Kenneth Worthington,9986,https://stockanalysis.com/analysts/Kenneth-Worthington/,Not found
Kevin Barker,9986,https://stockanalysis.com/analysts/Kevin-Barker/,Not found
Arthur Lai,9986,https://stockanalysis.com/analysts/Arthur-Lai/,Not found
Steve Seedhouse,9986,https://stockanalysis.com/analysts/Steve-Seedhouse/,Not found
Steve Silver,9986,https://stockanalysis.com/analysts/Steve-Silver/,Not found
Steve Valiquette,9986,https://stockanalysis.com/analysts/Steve-Valiquette/,Not found
Steve Wieczynski,9986,https://stockanalysis.com/analysts/Steve-Wieczynski/,Not found
Steven Alexoloulos,9986,https://stockanalysis.com/analysts/Steven-Alexoloulos/,Not found
Ashley Helgans,9986,https://stockanalysis.com/analysts/Ashley-Helgans/,Not found
Ashwin Shirvaikar,9986,https://stockanalysis.com/analysts/Ashwin-Shirvaikar/,Not found
Arnon Shirazi,9986,https://stockanalysis.com/analysts/Arnon-Shirazi/,Not found
Arthur He,9986,https://stockanalysis.com/analysts/Arthur-He/,Not found
Ati Modak,9986,https://stockanalysis.com/analysts/Ati-Modak/,Not found
Austin Dietz,9986,https://stockanalysis.com/analysts/Austin-Dietz/,Not found
Spiro Dounis,9986,https://stockanalysis.com/analysts/Spiro-Dounis/,Not found
Simon Flannery,9986,https://stockanalysis.com/analysts/Simon-Flannery/,Not found
Ki Bin,9986,https://stockanalysis.com/analysts/Ki-Bin/,Not found
Kieran De,9986,https://stockanalysis.com/analysts/Kieran-De/,Not found
Kimberly Greenberger,9986,https://stockanalysis.com/analysts/Kimberly-Greenberger/,Not found
JESALYN Wong,9986,https://stockanalysis.com/analysts/JESALYN-Wong/,Not found
Jack Cummins,9986,https://stockanalysis.com/analysts/Jack-Cummins/,Not found
Ian Moore,9986,https://stockanalysis.com/analysts/Ian-Moore/,Not found
James Callahan,9986,https://stockanalysis.com/analysts/James-Callahan/,Not found
Jack Vander,9986,https://stockanalysis.com/analysts/Jack-Vander/,Not found
Jacob Smith,9986,https://stockanalysis.com/analysts/Jacob-Smith/,Not found
Keegan Carl,9986,https://stockanalysis.com/analysts/Keegan-Carl/,Not found
Katherine Griffin,9986,https://stockanalysis.com/analysts/Katherine-Griffin/,Not found
Sung Ji,9986,https://stockanalysis.com/analysts/Sung-Ji/,Not found
Susy Tibaldi,9986,https://stockanalysis.com/analysts/Susy-Tibaldi/,Not found
Strong Buy,9986,https://stockanalysis.com/analysts/Strong-Buy/,Not found
Suji Desilva,9986,https://stockanalysis.com/analysts/Suji-Desilva/,Not found
Steven Madden,9986,https://stockanalysis.com/analysts/Steven-Madden/,Not found
Anne Meisner,9986,https://stockanalysis.com/analysts/Anne-Meisner/,Not found
Anthony Linton,9986,https://stockanalysis.com/analysts/Anthony-Linton/,Not found
Anthony Powell,9986,https://stockanalysis.com/analysts/Anthony-Powell/,Not found
Steve Brozak,9986,https://stockanalysis.com/analysts/Steve-Brozak/,Not found
Steve Koenig,9986,https://stockanalysis.com/analysts/Steve-Koenig/,Not found
Steve Powers,9986,https://stockanalysis.com/analysts/Steve-Powers/,Not found
Stephen Trent,9986,https://stockanalysis.com/analysts/Stephen-Trent/,Not found
Ken Newman,9986,https://stockanalysis.com/analysts/Ken-Newman/,Not found
Ken Wong,9986,https://stockanalysis.com/analysts/Ken-Wong/,Not found
Kelly Shi,9986,https://stockanalysis.com/analysts/Kelly-Shi/,Not found
James Fotheringham,9986,https://stockanalysis.com/analysts/James-Fotheringham/,Not found
James Goss,9986,https://stockanalysis.com/analysts/James-Goss/,Not found
James Heaney,9986,https://stockanalysis.com/analysts/James-Heaney/,Not found
Ken Goldman,9986,https://stockanalysis.com/analysts/Ken-Goldman/,Not found
Ken Herbert,9986,https://stockanalysis.com/analysts/Ken-Herbert/,Not found
Janco Venter,9986,https://stockanalysis.com/analysts/Janco-Venter/,Not found
Janice Quek,9986,https://stockanalysis.com/analysts/Janice-Quek/,Not found
Jared Dinges,9986,https://stockanalysis.com/analysts/Jared-Dinges/,Not found
James Sheehan,9986,https://stockanalysis.com/analysts/James-Sheehan/,Not found
Juan Sanabria,9986,https://stockanalysis.com/analysts/Juan-Sanabria/,Not found
Jason Bouvier,9986,https://stockanalysis.com/analysts/Jason-Bouvier/,Not found
Karol Chmiel,9986,https://stockanalysis.com/analysts/Karol-Chmiel/,Not found
Kartik Mehta,9986,https://stockanalysis.com/analysts/Kartik-Mehta/,Not found
Kaio Prato,9986,https://stockanalysis.com/analysts/Kaio-Prato/,Not found
Jason English,9986,https://stockanalysis.com/analysts/Jason-English/,Not found
Jason Gursky,9986,https://stockanalysis.com/analysts/Jason-Gursky/,Not found
Jason Haas,9986,https://stockanalysis.com/analysts/Jason-Haas/,Not found
Jason Wittes,9986,https://stockanalysis.com/analysts/Jason-Wittes/,Not found
Javier Martinez,9986,https://stockanalysis.com/analysts/Javier-Martinez/,Not found
Jason Mills,9986,https://stockanalysis.com/analysts/Jason-Mills/,Not found
Thomas Burlton,9986,https://stockanalysis.com/analysts/Thomas-Burlton/,Not found
Thomas Catherwood,9986,https://stockanalysis.com/analysts/Thomas-Catherwood/,Not found
Terence Malone,9986,https://stockanalysis.com/analysts/Terence-Malone/,Not found
Andrew Rosivach,9986,https://stockanalysis.com/analysts/Andrew-Rosivach/,Not found
Andrew Schmidt,9986,https://stockanalysis.com/analysts/Andrew-Schmidt/,Not found
Andrew Madrid,9986,https://stockanalysis.com/analysts/Andrew-Madrid/,Not found
Andrew Mok,9986,https://stockanalysis.com/analysts/Andrew-Mok/,Not found
André Uggedal,9986,empty,Not found
Andy Marok,9986,https://stockanalysis.com/analysts/Andy-Marok/,Not found
Andy Terrell,9986,https://stockanalysis.com/analysts/Andy-Terrell/,Not found
Andy Yu,9986,https://stockanalysis.com/analysts/Andy-Yu/,Not found
Andrew Uerkwitz,9986,https://stockanalysis.com/analysts/Andrew-Uerkwitz/,Not found
Steven Sheeckutz,9986,https://stockanalysis.com/analysts/Steven-Sheeckutz/,Not found
Steven Cahill,9986,https://stockanalysis.com/analysts/Steven-Cahill/,Not found
Steven Enders,9986,https://stockanalysis.com/analysts/Steven-Enders/,Not found
Steven Frankel,9986,https://stockanalysis.com/analysts/Steven-Frankel/,Not found
Andrew Wong,9986,https://stockanalysis.com/analysts/Andrew-Wong/,Not found
Josh Schimmer,9986,https://stockanalysis.com/analysts/Josh-Schimmer/,Not found
Joseph Feldman,9986,https://stockanalysis.com/analysts/Joseph-Feldman/,Not found
Joseph Grabowski,9986,https://stockanalysis.com/analysts/Joseph-Grabowski/,Not found
Jeff Cohen,9986,https://stockanalysis.com/analysts/Jeff-Cohen/,Not found
Jeff Garro,9986,https://stockanalysis.com/analysts/Jeff-Garro/,Not found
Jeff Hickey,9986,https://stockanalysis.com/analysts/Jeff-Hickey/,Not found
Jean Ann,9986,https://stockanalysis.com/analysts/Jean-Ann/,Not found
Jeff Adelson,9986,https://stockanalysis.com/analysts/Jeff-Adelson/,Not found
Joshua Jennings,9986,https://stockanalysis.com/analysts/Joshua-Jennings/,Not found
Jeffrey Lick,9986,https://stockanalysis.com/analysts/Jeffrey-Lick/,Not found
Jeff Kessler,9986,https://stockanalysis.com/analysts/Jeff-Kessler/,Not found
Jeff Van,9986,https://stockanalysis.com/analysts/Jeff-Van/,Not found
Jefferey Hammond,9986,https://stockanalysis.com/analysts/Jefferey-Hammond/,Not found
Jefferson Harralson,9986,https://stockanalysis.com/analysts/Jefferson-Harralson/,Not found
Jonathan Lee,9986,https://stockanalysis.com/analysts/Jonathan-Lee/,Not found
Jonathan Reeder,9986,https://stockanalysis.com/analysts/Jonathan-Reeder/,Not found
Jonathan Bock,9986,https://stockanalysis.com/analysts/Jonathan-Bock/,Not found
Jeffery Harte,9986,https://stockanalysis.com/analysts/Jeffery-Harte/,Not found
Jeffrey Bernstein,9986,https://stockanalysis.com/analysts/Jeffrey-Bernstein/,Not found
Jeffrey Hung,9986,https://stockanalysis.com/analysts/Jeffrey-Hung/,Not found
Timothy Switzer,9986,https://stockanalysis.com/analysts/Timothy-Switzer/,Not found
Tim Thein,9986,https://stockanalysis.com/analysts/Tim-Thein/,Not found
Andreas Sheppard,9986,https://stockanalysis.com/analysts/Andreas-Sheppard/,Not found
Andres Maldonado,9986,https://stockanalysis.com/analysts/Andres-Maldonado/,Not found
Andre Uggedal,9986,https://stockanalysis.com/analysts/Andre-Uggedal/,Not found
Andrew Jones,9986,https://stockanalysis.com/analysts/Andrew-Jones/,Not found
Andrew Baum,9986,https://stockanalysis.com/analysts/Andrew-Baum/,Not found
Andrew Bowler,9986,https://stockanalysis.com/analysts/Andrew-Bowler/,Not found
Andrew Carter,9986,https://stockanalysis.com/analysts/Andrew-Carter/,Not found
Andrea Teixeira,9986,https://stockanalysis.com/analysts/Andrea-Teixeira/,Not found
Taylor Morrison,9986,https://stockanalysis.com/analysts/Taylor-Morrison/,Not found
Taz Koujalgi,9986,https://stockanalysis.com/analysts/Taz-Koujalgi/,Not found
Tejas Savant,9986,https://stockanalysis.com/analysts/Tejas-Savant/,Not found
Tao Qiu,9986,https://stockanalysis.com/analysts/Tao-Qiu/,Not found
Jonathan Siegmann,9986,https://stockanalysis.com/analysts/Jonathan-Siegmann/,Not found
Jordan Boretz,9986,https://stockanalysis.com/analysts/Jordan-Boretz/,Not found
Jonathan Hughes,9986,https://stockanalysis.com/analysts/Jonathan-Hughes/,Not found
Jeffrey Osborne,9986,https://stockanalysis.com/analysts/Jeffrey-Osborne/,Not found
Jeffrey Reive,9986,https://stockanalysis.com/analysts/Jeffrey-Reive/,Not found
Jeffrey Rulis,9986,https://stockanalysis.com/analysts/Jeffrey-Rulis/,Not found
Jeffrey Zekaukas,9986,https://stockanalysis.com/analysts/Jeffrey-Zekaukas/,Not found
Jorg Friedemann,9986,https://stockanalysis.com/analysts/Jorg-Friedemann/,Not found
Jim Duffy,9986,https://stockanalysis.com/analysts/Jim-Duffy/,Not found
Jennifer Demba,9986,https://stockanalysis.com/analysts/Jennifer-Demba/,Not found
Jennifer Swanson,9986,https://stockanalysis.com/analysts/Jennifer-Swanson/,Not found
Jesse Sobelson,9986,https://stockanalysis.com/analysts/Jesse-Sobelson/,Not found
Jimmy Yoon,9986,https://stockanalysis.com/analysts/Jimmy-Yoon/,Not found
Jin Yoon,9986,https://stockanalysis.com/analysts/Jin-Yoon/,Not found
Joao Pedro,9986,https://stockanalysis.com/analysts/Joao-Pedro/,Not found
Jessica Ehrlich,9986,https://stockanalysis.com/analysts/Jessica-Ehrlich/,Not found
Jessica Reif,9986,https://stockanalysis.com/analysts/Jessica-Reif/,Not found
Tommy McJoynt,9986,https://stockanalysis.com/analysts/Tommy-McJoynt/,Not found
Todd Weller,9986,https://stockanalysis.com/analysts/Todd-Weller/,Not found
Tom Fitzgerald,9986,https://stockanalysis.com/analysts/Tom-Fitzgerald/,Not found
Tom Hayes,9986,https://stockanalysis.com/analysts/Tom-Hayes/,Not found
Toshiya Hari,9986,https://stockanalysis.com/analysts/Toshiya-Hari/,Not found
Tom McGovern,9986,https://stockanalysis.com/analysts/Tom-McGovern/,Not found
Tom O Malley,9986,https://stockanalysis.com/analysts/Tom-O-Malley/,Not found
Tom Stephan,9986,https://stockanalysis.com/analysts/Tom-Stephan/,Not found
Trevor Walsh,9986,https://stockanalysis.com/analysts/Trevor-Walsh/,Not found
Toni Sacconaghi,9986,https://stockanalysis.com/analysts/Toni-Sacconaghi/,Not found
Tony DiMatteo,9986,https://stockanalysis.com/analysts/Tony-DiMatteo/,Not found
Tim Chiodo,9986,https://stockanalysis.com/analysts/Tim-Chiodo/,Not found
Tim Perz,9986,https://stockanalysis.com/analysts/Tim-Perz/,Not found
Vikram Malhorta,9986,https://stockanalysis.com/analysts/Vikram-Malhorta/,Not found
Van Sinderen,9986,https://stockanalysis.com/analysts/Van-Sinderen/,Not found
Tsin Huang,9986,https://stockanalysis.com/analysts/Tsin-Huang/,Not found
Vikram Purohit,9986,https://stockanalysis.com/analysts/Vikram-Purohit/,Not found
Vilas Abraham,9986,https://stockanalysis.com/analysts/Vilas-Abraham/,Not found
Vincent Ciantic,9986,https://stockanalysis.com/analysts/Vincent-Ciantic/,Not found
Ali Faghri,9986,https://stockanalysis.com/analysts/Ali-Faghri/,Not found
Alice Xiao,9986,https://stockanalysis.com/analysts/Alice-Xiao/,Not found
Alexander Waters,9986,https://stockanalysis.com/analysts/Alexander-Waters/,Not found
Alexandra Steiger,9986,https://stockanalysis.com/analysts/Alexandra-Steiger/,Not found
Ally Yseen,9986,https://stockanalysis.com/analysts/Ally-Yseen/,Not found
Amanda Sweitzer,9986,https://stockanalysis.com/analysts/Amanda-Sweitzer/,Not found
Alexia Howard,9986,https://stockanalysis.com/analysts/Alexia-Howard/,Not found
John Nadel,9986,https://stockanalysis.com/analysts/John-Nadel/,Not found
John Roberts,9986,https://stockanalysis.com/analysts/John-Roberts/,Not found
John Rogers,9986,https://stockanalysis.com/analysts/John-Rogers/,Not found
John McDonald,9986,https://stockanalysis.com/analysts/John-McDonald/,Not found
John Young,9986,https://stockanalysis.com/analysts/John-Young/,Not found
Jon Young,9986,https://stockanalysis.com/analysts/Jon-Young/,Not found
John Rowan,9986,https://stockanalysis.com/analysts/John-Rowan/,Not found
John Sourbeer,9986,https://stockanalysis.com/analysts/John-Sourbeer/,Not found
John Te,9986,https://stockanalysis.com/analysts/John-Te/,Not found
John Murphy,9986,https://stockanalysis.com/analysts/John-Murphy/,Not found
Joel Lederman,9986,https://stockanalysis.com/analysts/Joel-Lederman/,Not found
Joe Giordano,9986,https://stockanalysis.com/analysts/Joe-Giordano/,Not found
Joe Goodwin,9986,https://stockanalysis.com/analysts/Joe-Goodwin/,Not found
Joe Meares,9986,https://stockanalysis.com/analysts/Joe-Meares/,Not found
Joe Quatrochi,9986,https://stockanalysis.com/analysts/Joe-Quatrochi/,Not found
Joe Reagor,9986,https://stockanalysis.com/analysts/Joe-Reagor/,Not found
John Wilkin,9986,https://stockanalysis.com/analysts/John-Wilkin/,Not found
John Egbert,9986,https://stockanalysis.com/analysts/John-Egbert/,Not found
John Gibson,9986,https://stockanalysis.com/analysts/John-Gibson/,Not found
John Glass,9986,https://stockanalysis.com/analysts/John-Glass/,Not found
Joe Vruwink,9986,https://stockanalysis.com/analysts/Joe-Vruwink/,Not found
Joel Beatty,9986,https://stockanalysis.com/analysts/Joel-Beatty/,Not found
Joel Fishbein,9986,https://stockanalysis.com/analysts/Joel-Fishbein/,Not found
Alex Nowark,9986,https://stockanalysis.com/analysts/Alex-Nowark/,Not found
Alex Perry,9986,https://stockanalysis.com/analysts/Alex-Perry/,Not found
Alex Potter,9986,https://stockanalysis.com/analysts/Alex-Potter/,Not found
de Angele,9986,https://stockanalysis.com/analysts/de-Angele/,Not found
Zixiao Yang,9986,https://stockanalysis.com/analysts/Zixiao-Yang/,Not found
Zijie Yang,9986,https://stockanalysis.com/analysts/Zijie-Yang/,Not found
Alex Goldfarb,9986,https://stockanalysis.com/analysts/Alex-Goldfarb/,Not found
Alex Haissl,9986,https://stockanalysis.com/analysts/Alex-Haissl/,Not found
lvan Tuerkcan,9986,https://stockanalysis.com/analysts/lvan-Tuerkcan/,Not found
Zhijing Liu,9986,https://stockanalysis.com/analysts/Zhijing-Liu/,Not found
Zachary Warring,9986,https://stockanalysis.com/analysts/Zachary-Warring/,Not found
