Analyst name,Ranking,URL,Last update
Asiya Merchant,1,https://stockanalysis.com/analysts/Asiya-Merchant/,31 Jul 2026
Timothy Arcuri,4,https://stockanalysis.com/analysts/Timothy-Arcuri/,30 Jul 2026
Atif Malik,5,https://stockanalysis.com/analysts/Atif-Malik/,31 Jul 2026
Justin Jenkins,6,https://stockanalysis.com/analysts/Justin-Jenkins/,13 Jul 2026
William Stein,7,https://stockanalysis.com/analysts/William-Stein/,31 Jul 2026
Samik Chatterjee,8,https://stockanalysis.com/analysts/Samik-Chatterjee/,31 Jul 2026
Harsh Kumar,9,https://stockanalysis.com/analysts/Harsh-Kumar/,26 Feb 2026
Aaron Rakers,10,https://stockanalysis.com/analysts/Aaron-Rakers/,31 Jul 2026
Vijay Rakesh,11,https://stockanalysis.com/analysts/Vijay-Rakesh/,30 Jul 2026
Richard Shannon,12,https://stockanalysis.com/analysts/Richard-Shannon/,22 Jul 2026
Matt Bryson,14,https://stockanalysis.com/analysts/Matt-Bryson/,31 Jul 2026
Chris Hallam,15,https://stockanalysis.com/analysts/Chris-Hallam/,28 Jul 2026
Theresa Chen,17,https://stockanalysis.com/analysts/Theresa-Chen/,31 Jul 2026
Ebrahim Poonawala,18,https://stockanalysis.com/analysts/Ebrahim-Poonawala/,31 Jul 2026
Harlan Sur,19,https://stockanalysis.com/analysts/Harlan-Sur/,30 Jul 2026
Ruben Roy,20,https://stockanalysis.com/analysts/Ruben-Roy/,30 Jul 2026
Krish Sankar,21,https://stockanalysis.com/analysts/Krish-Sankar/,31 Jul 2026
Dan Payne,22,https://stockanalysis.com/analysts/Dan-Payne/,07 Jul 2026
Rick Schafer,23,https://stockanalysis.com/analysts/Rick-Schafer/,31 Jul 2026
Michael Siperco,24,https://stockanalysis.com/analysts/Michael-Siperco/,10 Dec 2025
Josh Sullivan,25,https://stockanalysis.com/analysts/Josh-Sullivan/,15 Jul 2026
Mark Lipacis,26,https://stockanalysis.com/analysts/Mark-Lipacis/,30 Jul 2026
Jim Kelleher,27,https://stockanalysis.com/analysts/Jim-Kelleher/,30 Jul 2026
Amit Daryanani,28,https://stockanalysis.com/analysts/Amit-Daryanani/,31 Jul 2026
Brent Thielman,30,https://stockanalysis.com/analysts/Brent-Thielman/,31 Jul 2026
Quinn Bolton,31,https://stockanalysis.com/analysts/Quinn-Bolton/,31 Jul 2026
John Freeman,32,https://stockanalysis.com/analysts/John-Freeman/,31 Jul 2026
Blayne Curtis,33,https://stockanalysis.com/analysts/Blayne-Curtis/,30 Jul 2026
Wamsi Mohan,34,https://stockanalysis.com/analysts/Wamsi-Mohan/,31 Jul 2026
Christopher Rolland,37,https://stockanalysis.com/analysts/Christopher-Rolland/,31 Jul 2026
Mark Miller,38,https://stockanalysis.com/analysts/Mark-Miller/,15 Jan 2026
Thomas Smith,39,https://stockanalysis.com/analysts/Thomas-Smith/,28 Jul 2026
Sam Slutsky,40,https://stockanalysis.com/analysts/Sam-Slutsky/,31 Jul 2026
Gary Tenner,44,https://stockanalysis.com/analysts/Gary-Tenner/,31 Jul 2026
Mark Hughes,48,https://stockanalysis.com/analysts/Mark-Hughes/,31 Jul 2026
Faisal Khurshid,49,https://stockanalysis.com/analysts/Faisal-Khurshid/,31 Jul 2026
Leo Mariani,50,https://stockanalysis.com/analysts/Leo-Mariani/,30 Jul 2026
Cody Acree,51,https://stockanalysis.com/analysts/Cody-Acree/,30 Jul 2026
Jason Seidl,53,https://stockanalysis.com/analysts/Jason-Seidl/,31 Jul 2026
Andrew Kaplowitz,54,https://stockanalysis.com/analysts/Andrew-Kaplowitz/,31 Jul 2026
Devin Ryan,55,https://stockanalysis.com/analysts/Devin-Ryan/,23 Jul 2026
David Risinger,58,https://stockanalysis.com/analysts/David-Risinger/,17 Jul 2026
John Todaro,59,https://stockanalysis.com/analysts/John-Todaro/,31 Jul 2026
Christian Schwab,61,https://stockanalysis.com/analysts/Christian-Schwab/,31 Jul 2026
Kevin Cassidy,62,https://stockanalysis.com/analysts/Kevin-Cassidy/,31 Jul 2026
Tim Savageaux,63,https://stockanalysis.com/analysts/Tim-Savageaux/,30 Jul 2026
Julian Harrison,64,https://stockanalysis.com/analysts/Julian-Harrison/,29 Jul 2026
Ritu Baral,65,https://stockanalysis.com/analysts/Ritu-Baral/,31 Jul 2026
Bill Papanastasiou,67,https://stockanalysis.com/analysts/Bill-Papanastasiou/,27 Jul 2026
Brian Brophy,68,https://stockanalysis.com/analysts/Brian-Brophy/,31 Jul 2026
Phil Hardie,69,https://stockanalysis.com/analysts/Phil-Hardie/,30 Jul 2026
Kian Abouhossein,70,https://stockanalysis.com/analysts/Kian-Abouhossein/,29 Jul 2026
Meyer Shields,71,https://stockanalysis.com/analysts/Meyer-Shields/,31 Jul 2026
Bose George,72,https://stockanalysis.com/analysts/Bose-George/,31 Jul 2026
Selman Akyol,73,https://stockanalysis.com/analysts/Selman-Akyol/,29 Jul 2026
Mike Mayo,74,https://stockanalysis.com/analysts/Mike-Mayo/,23 Jul 2026
Ross Seymore,75,https://stockanalysis.com/analysts/Ross-Seymore/,29 Jun 2026
Brian Chin,76,https://stockanalysis.com/analysts/Brian-Chin/,31 Jul 2026
Gautam Khanna,77,https://stockanalysis.com/analysts/Gautam-Khanna/,30 Jul 2026
Moshe Orenbuch,78,https://stockanalysis.com/analysts/Moshe-Orenbuch/,30 Jul 2026
Michael Ciarmoli,79,https://stockanalysis.com/analysts/Michael-Ciarmoli/,29 Jul 2026
Brian MacArthur,81,https://stockanalysis.com/analysts/Brian-MacArthur/,23 Jul 2026
Chris Caso,82,https://stockanalysis.com/analysts/Chris-Caso/,11 Jun 2026
Mike Colonnese,83,https://stockanalysis.com/analysts/Mike-Colonnese/,31 Jul 2026
Tore Svanberg,85,https://stockanalysis.com/analysts/Tore-Svanberg/,31 Jul 2026
Chase Knickerbocker,86,https://stockanalysis.com/analysts/Chase-Knickerbocker/,31 Jul 2026
Ami Fadia,87,https://stockanalysis.com/analysts/Ami-Fadia/,31 Jul 2026
Joon Lee,88,https://stockanalysis.com/analysts/Joon-Lee/,17 Mar 2026
Andres Coello,91,https://stockanalysis.com/analysts/Andres-Coello/,29 Jul 2026
Srini Pajjuri,92,https://stockanalysis.com/analysts/Srini-Pajjuri/,30 Jul 2026
Gerard Cassidy,95,https://stockanalysis.com/analysts/Gerard-Cassidy/,23 Jul 2026
Sanjay Sakhrani,96,https://stockanalysis.com/analysts/Sanjay-Sakhrani/,31 Jul 2026
Daniel Fannon,98,https://stockanalysis.com/analysts/Daniel-Fannon/,31 Jul 2026
Walter Spracklin,99,https://stockanalysis.com/analysts/Walter-Spracklin/,29 Jul 2026
Patrick Brown,100,https://stockanalysis.com/analysts/Patrick-Brown/,31 Jul 2026
Charles Minervino,102,https://stockanalysis.com/analysts/Charles-Minervino/,31 Jul 2026
Stacy Rasgon,103,https://stockanalysis.com/analysts/Stacy-Rasgon/,30 Jul 2026
Dave Kang,105,https://stockanalysis.com/analysts/Dave-Kang/,31 Jul 2026
Keith Mackey,106,https://stockanalysis.com/analysts/Keith-Mackey/,30 Jul 2026
Carey Macrury,107,https://stockanalysis.com/analysts/Carey-Macrury/,06 Jul 2026
Mehdi Hosseini,108,https://stockanalysis.com/analysts/Mehdi-Hosseini/,31 Jul 2026
John Vinh,109,https://stockanalysis.com/analysts/John-Vinh/,31 Jul 2026
David Williams,110,https://stockanalysis.com/analysts/David-Williams/,30 Jul 2026
Tristan Gerra,111,https://stockanalysis.com/analysts/Tristan-Gerra/,30 Jul 2026
Robert Brown,112,https://stockanalysis.com/analysts/Robert-Brown/,28 Jul 2026
Craig Ellis,113,https://stockanalysis.com/analysts/Craig-Ellis/,31 Jul 2026
Heiko Ihle,114,https://stockanalysis.com/analysts/Heiko-Ihle/,31 Jul 2026
David Konrad,118,https://stockanalysis.com/analysts/David-Konrad/,31 Jul 2026
Damon Delmonte,119,https://stockanalysis.com/analysts/Damon-Delmonte/,31 Jul 2026
Paul Newsome,121,https://stockanalysis.com/analysts/Paul-Newsome/,31 Jul 2026
Debanjana Chatterjee,122,https://stockanalysis.com/analysts/Debanjana-Chatterjee/,31 Jul 2026
Jason Goldberg,123,https://stockanalysis.com/analysts/Jason-Goldberg/,31 Jul 2026
Eric Winmill,124,https://stockanalysis.com/analysts/Eric-Winmill/,31 Jul 2026
Nathan Jones,125,https://stockanalysis.com/analysts/Nathan-Jones/,31 Jul 2026
Joshua Buchalter,126,https://stockanalysis.com/analysts/Joshua-Buchalter/,30 Jul 2026
Steve Barger,127,https://stockanalysis.com/analysts/Steve-Barger/,31 Jul 2026
Seamus Fernandez,128,https://stockanalysis.com/analysts/Seamus-Fernandez/,31 Jul 2026
Ronald Epstein,129,https://stockanalysis.com/analysts/Ronald-Epstein/,30 Jul 2026
Jonathan Ruykhaver,130,https://stockanalysis.com/analysts/Jonathan-Ruykhaver/,30 Jul 2026
Myles Minter,131,https://stockanalysis.com/analysts/Myles-Minter/,31 Jul 2026
Yaron Werber,132,https://stockanalysis.com/analysts/Yaron-Werber/,29 Jul 2026
Simon Leopold,133,https://stockanalysis.com/analysts/Simon-Leopold/,01 Jul 2026
James Ricchiuti,134,https://stockanalysis.com/analysts/James-Ricchiuti/,31 Jul 2026
Yatin Suneja,135,https://stockanalysis.com/analysts/Yatin-Suneja/,31 Jul 2026
Michael Schmidt,137,https://stockanalysis.com/analysts/Michael-Schmidt/,28 Jul 2026
Joseph Schwartz,139,https://stockanalysis.com/analysts/Joseph-Schwartz/,27 Jul 2026
Mark Newman,141,https://stockanalysis.com/analysts/Mark-Newman/,20 Jul 2026
Ariel Rosa,142,https://stockanalysis.com/analysts/Ariel-Rosa/,31 Jul 2026
Jeremy Hoy,144,https://stockanalysis.com/analysts/Jeremy-Hoy/,20 Jul 2026
Patrick Moley,146,https://stockanalysis.com/analysts/Patrick-Moley/,31 Jul 2026
Alexander Blostein,147,https://stockanalysis.com/analysts/Alexander-Blostein/,28 Jul 2026
Manav Gupta,148,https://stockanalysis.com/analysts/Manav-Gupta/,31 Jul 2026
Elvira Scotto,149,https://stockanalysis.com/analysts/Elvira-Scotto/,21 Jul 2026
Jonathan Chappell,151,https://stockanalysis.com/analysts/Jonathan-Chappell/,30 Jul 2026
Andrew Obin,152,https://stockanalysis.com/analysts/Andrew-Obin/,31 Jul 2026
Stephen Volkmann,153,https://stockanalysis.com/analysts/Stephen-Volkmann/,29 Jul 2026
Peter Arment,154,https://stockanalysis.com/analysts/Peter-Arment/,30 Jul 2026
Alexander Paris,155,https://stockanalysis.com/analysts/Alexander-Paris/,31 Jul 2026
Mark Delaney,157,https://stockanalysis.com/analysts/Mark-Delaney/,31 Jul 2026
Justin Post,158,https://stockanalysis.com/analysts/Justin-Post/,31 Jul 2026
Joseph Moore,159,https://stockanalysis.com/analysts/Joseph-Moore/,31 Jul 2026
Etzer Darout,160,https://stockanalysis.com/analysts/Etzer-Darout/,31 Jul 2026
Patrick Trucchio,161,https://stockanalysis.com/analysts/Patrick-Trucchio/,30 Jul 2026
George Sutton,162,https://stockanalysis.com/analysts/George-Sutton/,31 Jul 2026
Colin Rusch,163,https://stockanalysis.com/analysts/Colin-Rusch/,31 Jul 2026
Wood Lay,164,https://stockanalysis.com/analysts/Wood-Lay/,31 Jul 2026
Keith Horowitz,165,https://stockanalysis.com/analysts/Keith-Horowitz/,08 May 2026
Andrew Coombs,167,https://stockanalysis.com/analysts/Andrew-Coombs/,30 Jul 2026
Christopher McGratty,169,https://stockanalysis.com/analysts/Christopher-McGratty/,30 Jul 2026
Chris Kotowski,173,https://stockanalysis.com/analysts/Chris-Kotowski/,31 Jul 2026
Jamie Cook,177,https://stockanalysis.com/analysts/Jamie-Cook/,31 Jul 2026
Doug Schenkel,178,https://stockanalysis.com/analysts/Doug-Schenkel/,10 Dec 2025
Scott Hanold,180,https://stockanalysis.com/analysts/Scott-Hanold/,24 Jul 2026
Lloyd Walmsley,182,https://stockanalysis.com/analysts/Lloyd-Walmsley/,28 Jul 2026
Sam Crittenden,183,https://stockanalysis.com/analysts/Sam-Crittenden/,30 Jul 2026
Vivek Arya,185,https://stockanalysis.com/analysts/Vivek-Arya/,30 Jul 2026
Richard Hatch,186,https://stockanalysis.com/analysts/Richard-Hatch/,30 Jul 2026
Nehal Chokshi,187,https://stockanalysis.com/analysts/Nehal-Chokshi/,31 Jul 2026
Gregory Lewis,188,https://stockanalysis.com/analysts/Gregory-Lewis/,29 Jul 2026
Yasmeen Rahimi,191,https://stockanalysis.com/analysts/Yasmeen-Rahimi/,30 Jul 2026
Erik Rasmussen,197,https://stockanalysis.com/analysts/Erik-Rasmussen/,30 Jul 2026
Shrenik Kothari,200,https://stockanalysis.com/analysts/Shrenik-Kothari/,30 Jul 2026
Andrew Percoco,201,https://stockanalysis.com/analysts/Andrew-Percoco/,31 Jul 2026
Bobby Brooks,202,https://stockanalysis.com/analysts/Bobby-Brooks/,31 Jul 2026
Fadi Chamoun,203,https://stockanalysis.com/analysts/Fadi-Chamoun/,31 Jul 2026
Allison Bratzel,204,https://stockanalysis.com/analysts/Allison-Bratzel/,31 Jul 2026
Bryan Blair,206,https://stockanalysis.com/analysts/Bryan-Blair/,31 Jul 2026
Christopher Glynn,207,https://stockanalysis.com/analysts/Christopher-Glynn/,31 Jul 2026
Erik Woodring,208,https://stockanalysis.com/analysts/Erik-Woodring/,31 Jul 2026
Rob Owens,209,https://stockanalysis.com/analysts/Rob-Owens/,30 Jul 2026
Craig Stanley,210,https://stockanalysis.com/analysts/Craig-Stanley/,14 May 2026
Jason Gerberry,211,https://stockanalysis.com/analysts/Jason-Gerberry/,31 Jul 2026
Gus Richard,212,https://stockanalysis.com/analysts/Gus-Richard/,31 Jul 2026
Charles Shi,213,https://stockanalysis.com/analysts/Charles-Shi/,31 Jul 2026
Douglas Tsao,214,https://stockanalysis.com/analysts/Douglas-Tsao/,29 Jul 2026
Edward Nash,215,https://stockanalysis.com/analysts/Edward-Nash/,30 Jul 2026
Alex Platt,217,https://stockanalysis.com/analysts/Alex-Platt/,18 May 2026
Brett Huff,219,https://stockanalysis.com/analysts/Brett-Huff/,23 Jul 2026
Kelsey Goodwin,222,https://stockanalysis.com/analysts/Kelsey-Goodwin/,24 Jul 2026
Brian Meredith,223,https://stockanalysis.com/analysts/Brian-Meredith/,28 Jul 2026
Frederic Bastien,228,https://stockanalysis.com/analysts/Frederic-Bastien/,02 Jul 2026
Stephen Tusa,229,https://stockanalysis.com/analysts/Stephen-Tusa/,11 Jun 2026
Scot Ciccarelli,230,https://stockanalysis.com/analysts/Scot-Ciccarelli/,31 Jul 2026
Michael Lasser,233,https://stockanalysis.com/analysts/Michael-Lasser/,31 Jul 2026
Julian Mitchell,234,https://stockanalysis.com/analysts/Julian-Mitchell/,12 Jun 2026
Noah Kaye,235,https://stockanalysis.com/analysts/Noah-Kaye/,31 Jul 2026
Tim Long,238,https://stockanalysis.com/analysts/Tim-Long/,31 Jul 2026
Anupam Rama,239,https://stockanalysis.com/analysts/Anupam-Rama/,30 Jul 2026
Martin Fan,243,https://stockanalysis.com/analysts/Martin-Fan/,28 Jul 2026
Michael Blum,249,https://stockanalysis.com/analysts/Michael-Blum/,25 Jun 2026
Rudy Li,250,https://stockanalysis.com/analysts/Rudy-Li/,29 Jul 2026
Peter Benedict,253,https://stockanalysis.com/analysts/Peter-Benedict/,20 Jul 2026
John Eade,255,https://stockanalysis.com/analysts/John-Eade/,30 Jul 2026
Mark Devries,256,https://stockanalysis.com/analysts/Mark-Devries/,30 Jul 2026
Mark DeVries,256,https://stockanalysis.com/analysts/Mark-DeVries/,30 Jul 2026
Thomas Diffely,257,https://stockanalysis.com/analysts/Thomas-Diffely/,11 Dec 2025
Shaul Eyal,259,https://stockanalysis.com/analysts/Shaul-Eyal/,30 Jul 2026
Brian Bedell,260,https://stockanalysis.com/analysts/Brian-Bedell/,31 Jul 2026
Brian Quast,261,https://stockanalysis.com/analysts/Brian-Quast/,31 Jul 2026
Chip Moore,262,https://stockanalysis.com/analysts/Chip-Moore/,31 Jul 2026
Derek Archila,263,https://stockanalysis.com/analysts/Derek-Archila/,29 Jul 2026
Chris Dendrinos,265,https://stockanalysis.com/analysts/Chris-Dendrinos/,31 Jul 2026
Ryan Koontz,266,https://stockanalysis.com/analysts/Ryan-Koontz/,30 Jul 2026
Trevor Allred,267,https://stockanalysis.com/analysts/Trevor-Allred/,21 Jul 2026
Melissa Weathers,270,https://stockanalysis.com/analysts/Melissa-Weathers/,31 Jul 2026
Edward Yang,271,https://stockanalysis.com/analysts/Edward-Yang/,30 Jul 2026
David Feaster,274,https://stockanalysis.com/analysts/David-Feaster/,17 Jul 2026
Nathan Race,276,https://stockanalysis.com/analysts/Nathan-Race/,31 Jul 2026
David Manthey,278,https://stockanalysis.com/analysts/David-Manthey/,31 Jul 2026
Erin Wright,279,https://stockanalysis.com/analysts/Erin-Wright/,31 Jul 2026
Mark Kelley,281,https://stockanalysis.com/analysts/Mark-Kelley/,16 Jun 2026
Brandon Couillard,282,https://stockanalysis.com/analysts/Brandon-Couillard/,30 Jul 2026
John DiFucci,283,https://stockanalysis.com/analysts/John-DiFucci/,30 Jul 2026
Srikripa Devarakonda,285,https://stockanalysis.com/analysts/Srikripa-Devarakonda/,31 Jul 2026
Rami Katkhuda,287,https://stockanalysis.com/analysts/Rami-Katkhuda/,30 Jul 2026
Orest Wowkodaw,288,https://stockanalysis.com/analysts/Orest-Wowkodaw/,31 Jul 2026
Ananda Baruah,289,https://stockanalysis.com/analysts/Ananda-Baruah/,02 Jun 2026
Jonathan Wolleben,291,https://stockanalysis.com/analysts/Jonathan-Wolleben/,21 Jul 2026
Jay Olson,292,https://stockanalysis.com/analysts/Jay-Olson/,31 Jul 2026
Jaeson Schmidt,293,https://stockanalysis.com/analysts/Jaeson-Schmidt/,31 Jul 2026
Melissa Fairbanks,298,https://stockanalysis.com/analysts/Melissa-Fairbanks/,30 Jul 2026
Kyle Menges,299,https://stockanalysis.com/analysts/Kyle-Menges/,30 Jul 2026
Scott Deuschle,300,https://stockanalysis.com/analysts/Scott-Deuschle/,31 Jul 2026
Christopher Allen,301,https://stockanalysis.com/analysts/Christopher-Allen/,31 Jul 2026
Brett Linzey,302,https://stockanalysis.com/analysts/Brett-Linzey/,29 Jul 2026
Robert Dodd,303,https://stockanalysis.com/analysts/Robert-Dodd/,09 Jul 2026
George Notter,307,https://stockanalysis.com/analysts/George-Notter/,28 Jul 2026
Corey Tarlowe,308,https://stockanalysis.com/analysts/Corey-Tarlowe/,31 Jul 2026
Ross Sandler,309,https://stockanalysis.com/analysts/Ross-Sandler/,31 Jul 2026
Alex Zukin,311,https://stockanalysis.com/analysts/Alex-Zukin/,29 Jul 2026
Naved Khan,312,https://stockanalysis.com/analysts/Naved-Khan/,31 Jul 2026
Craig Hutchison,313,https://stockanalysis.com/analysts/Craig-Hutchison/,23 Jul 2026
Cory Kasimov,314,https://stockanalysis.com/analysts/Cory-Kasimov/,20 Jul 2026
William Power,316,https://stockanalysis.com/analysts/William-Power/,24 Jul 2026
Mike Crawford,317,https://stockanalysis.com/analysts/Mike-Crawford/,17 Jul 2026
Catherine Mealor,322,https://stockanalysis.com/analysts/Catherine-Mealor/,31 Jul 2026
Andre Madrid,323,https://stockanalysis.com/analysts/Andre-Madrid/,31 Jul 2026
Sam Margolin,324,https://stockanalysis.com/analysts/Sam-Margolin/,31 Jul 2026
Seth Seifman,326,https://stockanalysis.com/analysts/Seth-Seifman/,31 Jul 2026
Joseph Quatrochi,327,https://stockanalysis.com/analysts/Joseph-Quatrochi/,31 Jul 2026
Jeffrey Hammond,330,https://stockanalysis.com/analysts/Jeffrey-Hammond/,31 Jul 2026
Jon Arfstrom,332,https://stockanalysis.com/analysts/Jon-Arfstrom/,30 Jul 2026
Scott Gruber,334,https://stockanalysis.com/analysts/Scott-Gruber/,29 Jul 2026
Brian Nagel,335,https://stockanalysis.com/analysts/Brian-Nagel/,26 Jun 2026
Lloyd Byrne,336,https://stockanalysis.com/analysts/Lloyd-Byrne/,31 Jul 2026
David Nierengarten,340,https://stockanalysis.com/analysts/David-Nierengarten/,31 Jul 2026
Andrew Fein,341,https://stockanalysis.com/analysts/Andrew-Fein/,31 Jul 2026
Andrew Berens,342,https://stockanalysis.com/analysts/Andrew-Berens/,07 Jul 2026
Sebastien Naji,344,https://stockanalysis.com/analysts/Sebastien-Naji/,30 Jul 2026
Jeff Rulis,345,https://stockanalysis.com/analysts/Jeff-Rulis/,31 Jul 2026
Michael Lewis,347,https://stockanalysis.com/analysts/Michael-Lewis/,31 Jul 2026
James Thalacker,349,https://stockanalysis.com/analysts/James-Thalacker/,31 Jul 2026
Daniela Costa,350,https://stockanalysis.com/analysts/Daniela-Costa/,30 Jul 2026
Andrew Wittmann,351,https://stockanalysis.com/analysts/Andrew-Wittmann/,31 Jul 2026
Fatima Boolani,352,https://stockanalysis.com/analysts/Fatima-Boolani/,30 Jul 2026
James Schneider,354,https://stockanalysis.com/analysts/James-Schneider/,30 Jul 2026
Brian Gesuale,355,https://stockanalysis.com/analysts/Brian-Gesuale/,29 Jul 2026
Ryan Todd,356,https://stockanalysis.com/analysts/Ryan-Todd/,23 Jul 2026
David Amsellem,358,https://stockanalysis.com/analysts/David-Amsellem/,31 Jul 2026
Kevin Steinke,359,https://stockanalysis.com/analysts/Kevin-Steinke/,30 Jul 2026
Keith Hughes,360,https://stockanalysis.com/analysts/Keith-Hughes/,31 Jul 2026
Leonid Timashev,361,https://stockanalysis.com/analysts/Leonid-Timashev/,31 Jul 2026
Josh Wolfson,362,https://stockanalysis.com/analysts/Josh-Wolfson/,28 Jul 2026
Hamed Khorsand,363,https://stockanalysis.com/analysts/Hamed-Khorsand/,30 Jul 2026
Joseph Thome,364,https://stockanalysis.com/analysts/Joseph-Thome/,30 Jul 2026
Marc Goodman,365,https://stockanalysis.com/analysts/Marc-Goodman/,13 Jul 2026
Ed Arce,367,https://stockanalysis.com/analysts/Ed-Arce/,30 Apr 2026
Junaid Siddiqui,369,https://stockanalysis.com/analysts/Junaid-Siddiqui/,31 Jul 2026
Stephen Scouten,371,https://stockanalysis.com/analysts/Stephen-Scouten/,30 Jul 2026
Stephen Biggar,373,https://stockanalysis.com/analysts/Stephen-Biggar/,29 Jul 2026
Raj Ray,375,https://stockanalysis.com/analysts/Raj-Ray/,29 Jul 2026
Andrew Tsai,377,https://stockanalysis.com/analysts/Andrew-Tsai/,30 Jul 2026
Randy Binner,378,https://stockanalysis.com/analysts/Randy-Binner/,13 Jul 2026
Christian Wetherbee,379,https://stockanalysis.com/analysts/Christian-Wetherbee/,31 Jul 2026
James Lee,380,https://stockanalysis.com/analysts/James-Lee/,27 Feb 2026
Erik Suppiger,381,https://stockanalysis.com/analysts/Erik-Suppiger/,24 Jul 2026
Deepak Mathivanan,382,https://stockanalysis.com/analysts/Deepak-Mathivanan/,31 Jul 2026
Mircea Dobre,383,https://stockanalysis.com/analysts/Mircea-Dobre/,29 Jul 2026
Alex Rygiel,384,https://stockanalysis.com/analysts/Alex-Rygiel/,21 Jul 2026
Andrew Mikitchook,385,https://stockanalysis.com/analysts/Andrew-Mikitchook/,20 Jul 2026
Katie Lachapelle,386,https://stockanalysis.com/analysts/Katie-Lachapelle/,19 May 2026
Cosmos Chiu,387,https://stockanalysis.com/analysts/Cosmos-Chiu/,31 Jul 2026
Greg Palm,389,https://stockanalysis.com/analysts/Greg-Palm/,20 Jul 2026
Joseph Pantginis,390,https://stockanalysis.com/analysts/Joseph-Pantginis/,30 Jul 2026
Michael Grondahl,391,https://stockanalysis.com/analysts/Michael-Grondahl/,31 Jul 2026
Robert Burns,392,https://stockanalysis.com/analysts/Robert-Burns/,31 Jul 2026
Joseph Stringer,393,https://stockanalysis.com/analysts/Joseph-Stringer/,31 Jul 2026
Katja Jancic,395,https://stockanalysis.com/analysts/Katja-Jancic/,29 Jul 2026
Andrew Brackmann,396,https://stockanalysis.com/analysts/Andrew-Brackmann/,02 Jul 2026
Yaron Kinar,397,https://stockanalysis.com/analysts/Yaron-Kinar/,31 Jul 2026
Brian Drab,398,https://stockanalysis.com/analysts/Brian-Drab/,31 Jul 2026
Robert Hope,401,https://stockanalysis.com/analysts/Robert-Hope/,30 Jul 2026
Subbu Nambi,402,https://stockanalysis.com/analysts/Subbu-Nambi/,30 Jul 2026
Matthew Carletti,405,https://stockanalysis.com/analysts/Matthew-Carletti/,30 Jul 2026
Anthony Pettinari,407,https://stockanalysis.com/analysts/Anthony-Pettinari/,31 Jul 2026
Sheila Kahyaoglu,408,https://stockanalysis.com/analysts/Sheila-Kahyaoglu/,02 Aug 2026
John Hecht,411,https://stockanalysis.com/analysts/John-Hecht/,22 Jul 2026
Gary Mobley,412,https://stockanalysis.com/analysts/Gary-Mobley/,29 Jul 2026
David Scharf,413,https://stockanalysis.com/analysts/David-Scharf/,31 Jul 2026
Gregory Renza,414,https://stockanalysis.com/analysts/Gregory-Renza/,31 Jul 2026
Joseph Vafi,418,https://stockanalysis.com/analysts/Joseph-Vafi/,29 Jul 2026
David Karnovsky,426,https://stockanalysis.com/analysts/David-Karnovsky/,31 Jul 2026
Gregory Peters,427,https://stockanalysis.com/analysts/Gregory-Peters/,06 Jul 2026
Edward Kelly,428,https://stockanalysis.com/analysts/Edward-Kelly/,30 Jul 2026
Richard Shane,430,https://stockanalysis.com/analysts/Richard-Shane/,31 Jul 2026
Stephanie Moore,431,https://stockanalysis.com/analysts/Stephanie-Moore/,31 Jul 2026
Bobby Griffin,433,https://stockanalysis.com/analysts/Bobby-Griffin/,31 Jul 2026
Mike Cikos,434,https://stockanalysis.com/analysts/Mike-Cikos/,31 Jul 2026
Hal Goetsch,435,https://stockanalysis.com/analysts/Hal-Goetsch/,31 Jul 2026
Jacob Stephan,437,https://stockanalysis.com/analysts/Jacob-Stephan/,28 Jul 2026
Patrick Jones,438,https://stockanalysis.com/analysts/Patrick-Jones/,23 Jul 2026
Jason Bazinet,439,https://stockanalysis.com/analysts/Jason-Bazinet/,31 Jul 2026
Andrew Nowinski,440,https://stockanalysis.com/analysts/Andrew-Nowinski/,26 Jul 2026
Tara Bancroft,441,https://stockanalysis.com/analysts/Tara-Bancroft/,30 Jul 2026
Jason Butler,442,https://stockanalysis.com/analysts/Jason-Butler/,30 Jul 2026
Annabel Samimy,444,https://stockanalysis.com/analysts/Annabel-Samimy/,31 Jul 2026
Graig Suvannavejh,445,https://stockanalysis.com/analysts/Graig-Suvannavejh/,31 Jul 2026
Trung Huynh,449,https://stockanalysis.com/analysts/Trung-Huynh/,30 Jul 2026
Harry Fong,452,https://stockanalysis.com/analysts/Harry-Fong/,31 Jul 2026
Myles Allsop,453,https://stockanalysis.com/analysts/Myles-Allsop/,30 Jul 2026
Devin Dodge,454,https://stockanalysis.com/analysts/Devin-Dodge/,30 Jul 2026
Jade Rahmani,455,https://stockanalysis.com/analysts/Jade-Rahmani/,31 Jul 2026
Jay McCanless,457,https://stockanalysis.com/analysts/Jay-McCanless/,09 Apr 2026
Eric Handler,459,https://stockanalysis.com/analysts/Eric-Handler/,31 Jul 2026
Brian Pitz,460,https://stockanalysis.com/analysts/Brian-Pitz/,31 Jul 2026
Karl Keirstead,461,https://stockanalysis.com/analysts/Karl-Keirstead/,31 Jul 2026
Geoff Meacham,465,https://stockanalysis.com/analysts/Geoff-Meacham/,29 Jul 2026
Daniel Ives,466,https://stockanalysis.com/analysts/Daniel-Ives/,30 Jun 2026
Chris LaFemina,467,https://stockanalysis.com/analysts/Chris-LaFemina/,29 Jul 2026
Nick Giles,469,https://stockanalysis.com/analysts/Nick-Giles/,30 Jul 2026
Paul Matteis,470,https://stockanalysis.com/analysts/Paul-Matteis/,02 Aug 2026
Justin Crowley,472,https://stockanalysis.com/analysts/Justin-Crowley/,30 Jul 2026
Laura Prendergast,474,https://stockanalysis.com/analysts/Laura-Prendergast/,23 Jul 2026
Scott Siefers,476,https://stockanalysis.com/analysts/Scott-Siefers/,14 May 2026
Arren Cyganovich,478,https://stockanalysis.com/analysts/Arren-Cyganovich/,30 Jul 2026
Douglas Harter,480,https://stockanalysis.com/analysts/Douglas-Harter/,31 Jul 2026
Bradley Thomas,481,https://stockanalysis.com/analysts/Bradley-Thomas/,31 Jul 2026
Rupesh Parikh,482,https://stockanalysis.com/analysts/Rupesh-Parikh/,13 Jul 2026
Deane Dray,483,https://stockanalysis.com/analysts/Deane-Dray/,31 Jul 2026
Nicole Deblase,484,https://stockanalysis.com/analysts/Nicole-Deblase/,31 Jul 2026
Charles Zhu,485,https://stockanalysis.com/analysts/Charles-Zhu/,30 Jul 2026
Hamir Patel,486,https://stockanalysis.com/analysts/Hamir-Patel/,31 Jul 2026
Vamil Divan,487,https://stockanalysis.com/analysts/Vamil-Divan/,23 Jul 2026
Rob Sanderson,488,https://stockanalysis.com/analysts/Rob-Sanderson/,15 Jun 2026
David Koning,489,https://stockanalysis.com/analysts/David-Koning/,31 Jul 2026
Josh Beck,491,https://stockanalysis.com/analysts/Josh-Beck/,31 Jul 2026
Robert Young,492,https://stockanalysis.com/analysts/Robert-Young/,15 May 2026
Liam Burke,493,https://stockanalysis.com/analysts/Liam-Burke/,31 Jul 2026
Chris Brendler,495,https://stockanalysis.com/analysts/Chris-Brendler/,31 Jul 2026
Maria Ripps,497,https://stockanalysis.com/analysts/Maria-Ripps/,30 Jul 2026
John Massocca,499,https://stockanalysis.com/analysts/John-Massocca/,22 Jul 2026
Richard Ramsden,501,https://stockanalysis.com/analysts/Richard-Ramsden/,16 Jul 2026
Patrick Kenny,502,https://stockanalysis.com/analysts/Patrick-Kenny/,15 Jun 2026
David Hoang,504,https://stockanalysis.com/analysts/David-Hoang/,31 Jul 2026
Nathan Martin,505,https://stockanalysis.com/analysts/Nathan-Martin/,30 Jul 2026
Joseph Dickerson,506,https://stockanalysis.com/analysts/Joseph-Dickerson/,29 Jul 2026
Anthony Chukumba,507,https://stockanalysis.com/analysts/Anthony-Chukumba/,13 Jul 2026
Jason Gabelman,508,https://stockanalysis.com/analysts/Jason-Gabelman/,31 Jul 2026
Michael Doumet,511,https://stockanalysis.com/analysts/Michael-Doumet/,23 Feb 2026
Myles Walton,513,https://stockanalysis.com/analysts/Myles-Walton/,31 Jul 2026
Neil Mehta,514,https://stockanalysis.com/analysts/Neil-Mehta/,30 Jul 2026
Konark Gupta,517,https://stockanalysis.com/analysts/Konark-Gupta/,31 Jul 2026
Omar Dessouky,518,https://stockanalysis.com/analysts/Omar-Dessouky/,30 Jul 2026
Ovais Habib,520,https://stockanalysis.com/analysts/Ovais-Habib/,21 Jul 2026
Debjit Chattopadhyay,521,https://stockanalysis.com/analysts/Debjit-Chattopadhyay/,21 Jul 2026
Jed Dorsheimer,522,https://stockanalysis.com/analysts/Jed-Dorsheimer/,31 Jul 2026
Kristen Kluska,523,https://stockanalysis.com/analysts/Kristen-Kluska/,30 Jul 2026
Manuel Navas,528,https://stockanalysis.com/analysts/Manuel-Navas/,31 Jul 2026
Lee Horowitz,530,https://stockanalysis.com/analysts/Lee-Horowitz/,30 Apr 2026
Adam Borg,531,https://stockanalysis.com/analysts/Adam-Borg/,31 Jul 2026
Matthew Clark,532,https://stockanalysis.com/analysts/Matthew-Clark/,31 Jul 2026
Paul Golding,534,https://stockanalysis.com/analysts/Paul-Golding/,07 Jul 2026
Steven Chubak,536,https://stockanalysis.com/analysts/Steven-Chubak/,15 Jun 2026
Kristine Liwag,537,https://stockanalysis.com/analysts/Kristine-Liwag/,31 Jul 2026
Daniel Major,538,https://stockanalysis.com/analysts/Daniel-Major/,24 Jul 2026
David Arcaro,540,https://stockanalysis.com/analysts/David-Arcaro/,31 Jul 2026
Craig Siegenthaler,541,https://stockanalysis.com/analysts/Craig-Siegenthaler/,27 Jul 2026
Gary Prestopino,542,https://stockanalysis.com/analysts/Gary-Prestopino/,31 Jul 2026
Stephen Gengaro,544,https://stockanalysis.com/analysts/Stephen-Gengaro/,31 Jul 2026
Stephen Bersey,547,https://stockanalysis.com/analysts/Stephen-Bersey/,02 Jul 2026
Dean Wilkinson,549,https://stockanalysis.com/analysts/Dean-Wilkinson/,30 Jul 2026
John Mackay,550,https://stockanalysis.com/analysts/John-Mackay/,27 Jul 2026
Sean Laaman,554,https://stockanalysis.com/analysts/Sean-Laaman/,31 Jul 2026
Tim Huff,555,https://stockanalysis.com/analysts/Tim-Huff/,13 May 2026
Joseph Bonner,556,https://stockanalysis.com/analysts/Joseph-Bonner/,30 Jul 2026
Josh Silverstein,558,https://stockanalysis.com/analysts/Josh-Silverstein/,31 Jul 2026
Stephen Kim,559,https://stockanalysis.com/analysts/Stephen-Kim/,30 Jul 2026
Mitch Kummetz,564,https://stockanalysis.com/analysts/Mitch-Kummetz/,20 Jul 2026
Anita Soni,566,https://stockanalysis.com/analysts/Anita-Soni/,31 Jul 2026
Steven Lichtman,567,https://stockanalysis.com/analysts/Steven-Lichtman/,31 Jul 2026
Jonathan Komp,568,https://stockanalysis.com/analysts/Jonathan-Komp/,31 Jul 2026
Swayampakula Ramakanth,569,https://stockanalysis.com/analysts/Swayampakula-Ramakanth/,31 Jul 2026
Maxwell Skor,572,https://stockanalysis.com/analysts/Maxwell-Skor/,28 Jul 2026
Ryan Krueger,573,https://stockanalysis.com/analysts/Ryan-Krueger/,31 Jul 2026
Sam Burwell,574,https://stockanalysis.com/analysts/Sam-Burwell/,30 Jul 2026
Mark Moerdler,575,https://stockanalysis.com/analysts/Mark-Moerdler/,30 Jul 2026
Daniel Tamayo,576,https://stockanalysis.com/analysts/Daniel-Tamayo/,31 Jul 2026
Pierre Ferragu,577,https://stockanalysis.com/analysts/Pierre-Ferragu/,30 Jul 2026
Nicholas Campanella,582,https://stockanalysis.com/analysts/Nicholas-Campanella/,31 Jul 2026
Joe Ritchie,583,https://stockanalysis.com/analysts/Joe-Ritchie/,31 Jul 2026
Benjamin Budish,584,https://stockanalysis.com/analysts/Benjamin-Budish/,31 Jul 2026
Paul Lejuez,586,https://stockanalysis.com/analysts/Paul-Lejuez/,31 Jul 2026
Philip Ng,587,https://stockanalysis.com/analysts/Philip-Ng/,31 Jul 2026
Lawson Winder,591,https://stockanalysis.com/analysts/Lawson-Winder/,27 Jul 2026
Colin Canfield,592,https://stockanalysis.com/analysts/Colin-Canfield/,29 Jul 2026
Ted Jackson,593,https://stockanalysis.com/analysts/Ted-Jackson/,31 Jul 2026
Susan Anderson,594,https://stockanalysis.com/analysts/Susan-Anderson/,30 Jul 2026
Ryan Deschner,599,https://stockanalysis.com/analysts/Ryan-Deschner/,10 Jul 2026
Joseph Gallo,600,https://stockanalysis.com/analysts/Joseph-Gallo/,30 Jul 2026
Allen Lutz,601,https://stockanalysis.com/analysts/Allen-Lutz/,31 Jul 2026
Simon Yarmak,603,https://stockanalysis.com/analysts/Simon-Yarmak/,31 Jul 2026
John Ivankoe,604,https://stockanalysis.com/analysts/John-Ivankoe/,30 Jul 2026
Adam Seiden,607,https://stockanalysis.com/analysts/Adam-Seiden/,31 Jul 2026
Gray Powell,608,https://stockanalysis.com/analysts/Gray-Powell/,30 Jul 2026
Michael Wiederhorn,609,https://stockanalysis.com/analysts/Michael-Wiederhorn/,31 Jul 2026
Steve Moss,610,https://stockanalysis.com/analysts/Steve-Moss/,31 Jul 2026
Rohit Kulkarni,611,https://stockanalysis.com/analysts/Rohit-Kulkarni/,23 Jul 2026
Sami Corwin,612,https://stockanalysis.com/analysts/Sami-Corwin/,29 Jul 2026
Brian Abrahams,613,https://stockanalysis.com/analysts/Brian-Abrahams/,30 Jul 2026
Whitney Ijem,614,https://stockanalysis.com/analysts/Whitney-Ijem/,20 Jul 2026
Brett Knoblauch,615,https://stockanalysis.com/analysts/Brett-Knoblauch/,29 Jul 2026
Ryan Pfingst,616,https://stockanalysis.com/analysts/Ryan-Pfingst/,02 Jul 2026
Ben Gerlinger,618,https://stockanalysis.com/analysts/Ben-Gerlinger/,31 Jul 2026
Mark Jarvi,622,https://stockanalysis.com/analysts/Mark-Jarvi/,30 Jul 2026
Eric Heath,623,https://stockanalysis.com/analysts/Eric-Heath/,29 Jul 2026
Mihir Bhatia,624,https://stockanalysis.com/analysts/Mihir-Bhatia/,31 Jul 2026
David George,625,https://stockanalysis.com/analysts/David-George/,24 Jul 2026
Angie Storozynski,626,https://stockanalysis.com/analysts/Angie-Storozynski/,15 Jun 2026
Brad Zelnick,627,https://stockanalysis.com/analysts/Brad-Zelnick/,30 Jul 2026
Donald Fandetti,628,https://stockanalysis.com/analysts/Donald-Fandetti/,31 Jul 2026
Michael Tupholme,629,https://stockanalysis.com/analysts/Michael-Tupholme/,30 Jul 2026
Bascome Majors,630,https://stockanalysis.com/analysts/Bascome-Majors/,31 Jul 2026
Daley Li,636,https://stockanalysis.com/analysts/Daley-Li/,01 Jun 2026
Sandeep Deshpande,637,https://stockanalysis.com/analysts/Sandeep-Deshpande/,31 Jul 2026
Jason Zemansky,638,https://stockanalysis.com/analysts/Jason-Zemansky/,30 Jul 2026
Laura Chico,639,https://stockanalysis.com/analysts/Laura-Chico/,31 Jul 2026
Serge Belanger,640,https://stockanalysis.com/analysts/Serge-Belanger/,30 Jul 2026
Lucas Servera,645,https://stockanalysis.com/analysts/Lucas-Servera/,31 Jul 2026
Suneet Kamath,647,https://stockanalysis.com/analysts/Suneet-Kamath/,13 Jul 2026
Robert Catellier,648,https://stockanalysis.com/analysts/Robert-Catellier/,31 Jul 2026
Garik Shmois,649,https://stockanalysis.com/analysts/Garik-Shmois/,28 Jan 2026
David Joyce,651,https://stockanalysis.com/analysts/David-Joyce/,26 Jul 2026
Stephen Richardson,654,https://stockanalysis.com/analysts/Stephen-Richardson/,27 Jul 2026
Brennan Hawken,655,https://stockanalysis.com/analysts/Brennan-Hawken/,30 Jul 2026
Peter Saleh,656,https://stockanalysis.com/analysts/Peter-Saleh/,31 Jul 2026
Michael Leshock,657,https://stockanalysis.com/analysts/Michael-Leshock/,22 Jul 2026
Michael Rollins,658,https://stockanalysis.com/analysts/Michael-Rollins/,28 Jul 2026
Matt Summerville,659,https://stockanalysis.com/analysts/Matt-Summerville/,31 Jul 2026
Mark Mahaney,660,https://stockanalysis.com/analysts/Mark-Mahaney/,31 Jul 2026
Max Michaelis,661,https://stockanalysis.com/analysts/Max-Michaelis/,30 Jul 2026
Fawne Jiang,662,https://stockanalysis.com/analysts/Fawne-Jiang/,25 Jun 2026
Jake Sekelsky,664,https://stockanalysis.com/analysts/Jake-Sekelsky/,31 Jul 2026
Justin Walsh,665,https://stockanalysis.com/analysts/Justin-Walsh/,29 Jul 2026
Conor Fitzpatrick,666,https://stockanalysis.com/analysts/Conor-Fitzpatrick/,31 Jul 2026
Richard Anderson,670,https://stockanalysis.com/analysts/Richard-Anderson/,31 Jul 2026
Mark Shmulik,671,https://stockanalysis.com/analysts/Mark-Shmulik/,31 Jul 2026
Christopher Kuhn,673,https://stockanalysis.com/analysts/Christopher-Kuhn/,16 Jul 2026
Christopher Carril,674,https://stockanalysis.com/analysts/Christopher-Carril/,15 Jul 2026
John Barnidge,675,https://stockanalysis.com/analysts/John-Barnidge/,06 Mar 2026
Alexander Hacking,676,https://stockanalysis.com/analysts/Alexander-Hacking/,29 Jul 2026
Scott Graham,677,https://stockanalysis.com/analysts/Scott-Graham/,02 Aug 2026
John Ransom,680,https://stockanalysis.com/analysts/John-Ransom/,31 Jul 2026
Cameron Doerksen,681,https://stockanalysis.com/analysts/Cameron-Doerksen/,07 Jul 2026
Bryan Kraft,682,https://stockanalysis.com/analysts/Bryan-Kraft/,31 Jul 2026
Richard Baldry,683,https://stockanalysis.com/analysts/Richard-Baldry/,31 Jul 2026
Andrew Boone,684,https://stockanalysis.com/analysts/Andrew-Boone/,30 Jul 2026
Clark Lampen,688,https://stockanalysis.com/analysts/Clark-Lampen/,31 Jul 2026
Daniel Imbro,695,https://stockanalysis.com/analysts/Daniel-Imbro/,16 Jan 2026
Cherilyn Radbourne,698,https://stockanalysis.com/analysts/Cherilyn-Radbourne/,31 Jul 2026
Darko Mihelic,700,https://stockanalysis.com/analysts/Darko-Mihelic/,29 Jul 2026
Keith Weiss,703,https://stockanalysis.com/analysts/Keith-Weiss/,21 Jul 2026
Ryan Macwilliams,704,https://stockanalysis.com/analysts/Ryan-Macwilliams/,29 Jul 2026
Ryan MacWilliams,704,https://stockanalysis.com/analysts/Ryan-MacWilliams/,29 Jul 2026
Akash Tewari,705,https://stockanalysis.com/analysts/Akash-Tewari/,26 Jul 2026
Brian Morrison,706,https://stockanalysis.com/analysts/Brian-Morrison/,31 Jul 2026
Aaron Bilkoski,707,https://stockanalysis.com/analysts/Aaron-Bilkoski/,31 Jul 2026
Danielle Brill,708,https://stockanalysis.com/analysts/Danielle-Brill/,31 Jul 2026
David Westenberg,709,https://stockanalysis.com/analysts/David-Westenberg/,31 Jul 2026
Brad Heffern,711,https://stockanalysis.com/analysts/Brad-Heffern/,31 Jul 2026
Steven Wieczynski,713,https://stockanalysis.com/analysts/Steven-Wieczynski/,31 Jul 2026
Brandon Bingham,715,https://stockanalysis.com/analysts/Brandon-Bingham/,31 Jul 2026
Chris Baker,716,https://stockanalysis.com/analysts/Chris-Baker/,27 Jul 2026
Lisa Lewandowski,719,https://stockanalysis.com/analysts/Lisa-Lewandowski/,31 Jul 2026
Peter Peng,721,https://stockanalysis.com/analysts/Peter-Peng/,08 May 2026
Andrew Kligerman,722,https://stockanalysis.com/analysts/Andrew-Kligerman/,28 Jul 2026
John Heinbockel,725,https://stockanalysis.com/analysts/John-Heinbockel/,31 Jul 2026
Doug Creutz,726,https://stockanalysis.com/analysts/Doug-Creutz/,31 Jul 2026
Kenneth Lee,727,https://stockanalysis.com/analysts/Kenneth-Lee/,31 Jul 2026
Jonathan Atkin,728,https://stockanalysis.com/analysts/Jonathan-Atkin/,30 Jul 2026
Dan Leonard,729,https://stockanalysis.com/analysts/Dan-Leonard/,31 Jul 2026
Brian McKenna,730,https://stockanalysis.com/analysts/Brian-McKenna/,22 Apr 2026
Andrew Jeffrey,731,https://stockanalysis.com/analysts/Andrew-Jeffrey/,31 Jul 2026
Devin McDermott,732,https://stockanalysis.com/analysts/Devin-McDermott/,30 Jul 2026
Drew Crum,733,https://stockanalysis.com/analysts/Drew-Crum/,31 Jul 2026
Michael Halloran,734,https://stockanalysis.com/analysts/Michael-Halloran/,31 Jul 2026
Koji Ikeda,736,https://stockanalysis.com/analysts/Koji-Ikeda/,30 Jul 2026
Lance Vitanza,740,https://stockanalysis.com/analysts/Lance-Vitanza/,31 Jul 2026
Jay Huang,742,https://stockanalysis.com/analysts/Jay-Huang/,20 Jul 2026
Chris Dankert,743,https://stockanalysis.com/analysts/Chris-Dankert/,31 Jul 2026
Dave Rochester,748,https://stockanalysis.com/analysts/Dave-Rochester/,22 Jul 2026
Jack Meehan,749,https://stockanalysis.com/analysts/Jack-Meehan/,26 Mar 2026
Kelly Bania,750,https://stockanalysis.com/analysts/Kelly-Bania/,30 Jul 2026
Mark Fitzgibbon,751,https://stockanalysis.com/analysts/Mark-Fitzgibbon/,27 Feb 2026
Jeet Mukherjee,752,https://stockanalysis.com/analysts/Jeet-Mukherjee/,27 Jul 2026
Tanya Jakusconek,754,https://stockanalysis.com/analysts/Tanya-Jakusconek/,31 Jul 2026
Doug Anmuth,755,https://stockanalysis.com/analysts/Doug-Anmuth/,31 Jul 2026
Jake Bartlett,757,https://stockanalysis.com/analysts/Jake-Bartlett/,18 Mar 2026
Alexander Potter,760,https://stockanalysis.com/analysts/Alexander-Potter/,31 Jul 2026
Scott Searle,761,https://stockanalysis.com/analysts/Scott-Searle/,30 Jul 2026
Silvan Tuerkcan,762,https://stockanalysis.com/analysts/Silvan-Tuerkcan/,23 Jun 2026
Nick Doyle,766,https://stockanalysis.com/analysts/Nick-Doyle/,10 Nov 2025
Michael Carroll,768,https://stockanalysis.com/analysts/Michael-Carroll/,02 Jul 2026
Darrin Peller,769,https://stockanalysis.com/analysts/Darrin-Peller/,29 Jul 2026
Gokul Hariharan,770,https://stockanalysis.com/analysts/Gokul-Hariharan/,30 Jul 2026
David Windley,772,https://stockanalysis.com/analysts/David-Windley/,22 Jul 2026
Ittai Kidron,773,https://stockanalysis.com/analysts/Ittai-Kidron/,30 Jul 2026
Shyam Patil,774,https://stockanalysis.com/analysts/Shyam-Patil/,31 Jul 2026
John Kernan,775,https://stockanalysis.com/analysts/John-Kernan/,04 Dec 2025
Eric Martinuzzi,776,https://stockanalysis.com/analysts/Eric-Martinuzzi/,23 Jul 2026
Chris Graja,779,https://stockanalysis.com/analysts/Chris-Graja/,27 Jul 2026
David Vernon,780,https://stockanalysis.com/analysts/David-Vernon/,28 Jul 2026
Sean McLoughlin,781,https://stockanalysis.com/analysts/Sean-McLoughlin/,08 May 2026
Ryan Nash,782,https://stockanalysis.com/analysts/Ryan-Nash/,31 Jul 2026
Sohrab Movahedi,783,https://stockanalysis.com/analysts/Sohrab-Movahedi/,01 Jun 2026
Derek Podhaizer,787,https://stockanalysis.com/analysts/Derek-Podhaizer/,30 Jul 2026
Alex Kramm,789,https://stockanalysis.com/analysts/Alex-Kramm/,31 Jul 2026
David Tarantino,790,https://stockanalysis.com/analysts/David-Tarantino/,23 Jul 2026
Doug Leggate,791,https://stockanalysis.com/analysts/Doug-Leggate/,29 Jul 2026
Joseph Osha,793,https://stockanalysis.com/analysts/Joseph-Osha/,31 Jul 2026
Mark Argento,794,https://stockanalysis.com/analysts/Mark-Argento/,07 May 2026
Anthony Stoss,795,https://stockanalysis.com/analysts/Anthony-Stoss/,31 Jul 2026
Nicolai Kempf,799,https://stockanalysis.com/analysts/Nicolai-Kempf/,28 Jul 2026
Mohammed Khallouf,805,https://stockanalysis.com/analysts/Mohammed-Khallouf/,08 Jul 2026
Jonathan Petersen,806,https://stockanalysis.com/analysts/Jonathan-Petersen/,30 Jul 2026
Jayson Bedford,809,https://stockanalysis.com/analysts/Jayson-Bedford/,31 Jul 2026
Matthew Bouley,810,https://stockanalysis.com/analysts/Matthew-Bouley/,31 Jul 2026
Colin Sebastian,811,https://stockanalysis.com/analysts/Colin-Sebastian/,31 Jul 2026
Scott Devitt,812,https://stockanalysis.com/analysts/Scott-Devitt/,26 Mar 2026
Gregory Miller,814,https://stockanalysis.com/analysts/Gregory-Miller/,31 Jul 2026
Mario Saric,818,https://stockanalysis.com/analysts/Mario-Saric/,31 Jul 2026
John Staszak,822,https://stockanalysis.com/analysts/John-Staszak/,30 Jul 2026
Blair Abernethy,823,https://stockanalysis.com/analysts/Blair-Abernethy/,30 Jul 2026
Mohit Bansal,824,https://stockanalysis.com/analysts/Mohit-Bansal/,31 Jul 2026
Patrick Scholes,825,https://stockanalysis.com/analysts/Patrick-Scholes/,31 Jul 2026
Scott Schneeberger,827,https://stockanalysis.com/analysts/Scott-Schneeberger/,31 Jul 2026
Edison Lee,828,https://stockanalysis.com/analysts/Edison-Lee/,31 Jul 2026
Benjamin Swinburne,829,https://stockanalysis.com/analysts/Benjamin-Swinburne/,16 Mar 2026
Vincent Colicchio,830,https://stockanalysis.com/analysts/Vincent-Colicchio/,31 Jul 2026
Michael Morris,831,https://stockanalysis.com/analysts/Michael-Morris/,31 Jul 2026
Kenneth Zener,834,https://stockanalysis.com/analysts/Kenneth-Zener/,06 Apr 2026
Timothy Horan,837,https://stockanalysis.com/analysts/Timothy-Horan/,30 Jul 2026
Tal Liani,838,https://stockanalysis.com/analysts/Tal-Liani/,31 Jul 2026
Alexander Duval,839,https://stockanalysis.com/analysts/Alexander-Duval/,28 Jul 2026
John Blackledge,840,https://stockanalysis.com/analysts/John-Blackledge/,31 Jul 2026
Philippe Houchois,842,https://stockanalysis.com/analysts/Philippe-Houchois/,30 Jul 2026
Laura Martin,843,https://stockanalysis.com/analysts/Laura-Martin/,31 Jul 2026
Shweta Khajuria,845,https://stockanalysis.com/analysts/Shweta-Khajuria/,29 Jul 2026
Martin Yang,846,https://stockanalysis.com/analysts/Martin-Yang/,31 Jul 2026
Ross Sparenblek,849,https://stockanalysis.com/analysts/Ross-Sparenblek/,31 Jul 2026
Kevin Heal,850,https://stockanalysis.com/analysts/Kevin-Heal/,30 Jul 2026
Liam Fitzpatrick,854,https://stockanalysis.com/analysts/Liam-Fitzpatrick/,31 Jul 2026
Yun Kim,855,https://stockanalysis.com/analysts/Yun-Kim/,03 Jun 2026
Terence Flynn,857,https://stockanalysis.com/analysts/Terence-Flynn/,31 Jul 2026
Yigal Nochomovitz,859,https://stockanalysis.com/analysts/Yigal-Nochomovitz/,31 Jul 2026
Jeff Jones,860,https://stockanalysis.com/analysts/Jeff-Jones/,31 Jul 2026
Michael Kupinski,861,https://stockanalysis.com/analysts/Michael-Kupinski/,31 Jul 2026
Louis Miscioscia,865,https://stockanalysis.com/analysts/Louis-Miscioscia/,12 May 2026
RJ Milligan,867,https://stockanalysis.com/analysts/RJ-Milligan/,28 Jul 2026
Stephen Ju,870,https://stockanalysis.com/analysts/Stephen-Ju/,31 Jul 2026
Josh Nichols,871,https://stockanalysis.com/analysts/Josh-Nichols/,30 Jul 2026
Catherine Novack,873,https://stockanalysis.com/analysts/Catherine-Novack/,30 Jul 2026
Katherine Lei,874,https://stockanalysis.com/analysts/Katherine-Lei/,02 Jun 2026
Anthony Crowdell,875,https://stockanalysis.com/analysts/Anthony-Crowdell/,31 Jul 2026
Matthew Prisco,876,https://stockanalysis.com/analysts/Matthew-Prisco/,31 Jul 2026
Alicia Reese,878,https://stockanalysis.com/analysts/Alicia-Reese/,31 Jul 2026
Christopher Horvers,880,https://stockanalysis.com/analysts/Christopher-Horvers/,31 Jul 2026
Jeremy Tonet,881,https://stockanalysis.com/analysts/Jeremy-Tonet/,31 Jul 2026
Jeff Martin,884,https://stockanalysis.com/analysts/Jeff-Martin/,30 Jul 2026
Sumant Kulkarni,886,https://stockanalysis.com/analysts/Sumant-Kulkarni/,30 Jul 2026
Andy Chen,889,https://stockanalysis.com/analysts/Andy-Chen/,28 Jul 2026
Casey Alexander,890,https://stockanalysis.com/analysts/Casey-Alexander/,10 Mar 2026
Dara Mohsenian,891,https://stockanalysis.com/analysts/Dara-Mohsenian/,30 Jul 2026
Rudy Kessinger,893,https://stockanalysis.com/analysts/Rudy-Kessinger/,30 Jul 2026
Tessa Romero,894,https://stockanalysis.com/analysts/Tessa-Romero/,30 Jul 2026
Saket Kalia,895,https://stockanalysis.com/analysts/Saket-Kalia/,31 Jul 2026
Peter Weed,900,https://stockanalysis.com/analysts/Peter-Weed/,31 Jul 2026
Lauren Silberman,901,https://stockanalysis.com/analysts/Lauren-Silberman/,31 Jul 2026
Victoria McCulloch,902,https://stockanalysis.com/analysts/Victoria-McCulloch/,30 Jul 2026
Brian Bittner,903,https://stockanalysis.com/analysts/Brian-Bittner/,31 Jul 2026
Andrew Liesch,908,https://stockanalysis.com/analysts/Andrew-Liesch/,08 Jul 2026
Kunal Madhukar,909,https://stockanalysis.com/analysts/Kunal-Madhukar/,04 Jun 2026
David Paige,913,https://stockanalysis.com/analysts/David-Paige/,30 Jul 2026
Joshua Shanker,916,https://stockanalysis.com/analysts/Joshua-Shanker/,31 Jul 2026
Joel Jackson,917,https://stockanalysis.com/analysts/Joel-Jackson/,31 Jul 2026
Vivek Juneja,919,https://stockanalysis.com/analysts/Vivek-Juneja/,29 Jul 2026
Elyse Greenspan,920,https://stockanalysis.com/analysts/Elyse-Greenspan/,31 Jul 2026
Arun Jayaram,921,https://stockanalysis.com/analysts/Arun-Jayaram/,31 Jul 2026
Ann Hynes,922,https://stockanalysis.com/analysts/Ann-Hynes/,31 Jul 2026
Patrick Sholl,923,https://stockanalysis.com/analysts/Patrick-Sholl/,31 Jul 2026
Ivan Feinseth,924,https://stockanalysis.com/analysts/Ivan-Feinseth/,31 Jul 2026
Adam Maeder,925,https://stockanalysis.com/analysts/Adam-Maeder/,31 Jul 2026
Paul Treiber,927,https://stockanalysis.com/analysts/Paul-Treiber/,31 Jul 2026
Justin Clare,928,https://stockanalysis.com/analysts/Justin-Clare/,30 Jul 2026
Joseph Catanzaro,930,https://stockanalysis.com/analysts/Joseph-Catanzaro/,17 Jul 2026
Gil Blum,931,https://stockanalysis.com/analysts/Gil-Blum/,22 Jul 2026
Darren Aftahi,932,https://stockanalysis.com/analysts/Darren-Aftahi/,28 Jul 2026
Omotayo Okusanya,935,https://stockanalysis.com/analysts/Omotayo-Okusanya/,22 Jul 2026
Tami Zakaria,937,https://stockanalysis.com/analysts/Tami-Zakaria/,31 Jul 2026
Eric Coldwell,938,https://stockanalysis.com/analysts/Eric-Coldwell/,31 Jul 2026
Joseph Stauff,939,https://stockanalysis.com/analysts/Joseph-Stauff/,31 Jul 2026
Steven Cahall,940,https://stockanalysis.com/analysts/Steven-Cahall/,31 Jul 2026
Brendan Smith,941,https://stockanalysis.com/analysts/Brendan-Smith/,28 Jul 2026
Youssef Squali,942,https://stockanalysis.com/analysts/Youssef-Squali/,31 Jul 2026
Jeremy Hamblin,943,https://stockanalysis.com/analysts/Jeremy-Hamblin/,30 Jul 2026
Thomas Chong,944,https://stockanalysis.com/analysts/Thomas-Chong/,28 Jul 2026
Zach Cummins,945,https://stockanalysis.com/analysts/Zach-Cummins/,08 May 2026
Bennett Moore,948,https://stockanalysis.com/analysts/Bennett-Moore/,31 Jul 2026
Asad Haider,949,https://stockanalysis.com/analysts/Asad-Haider/,27 Jul 2026
Ronald Kamdem,952,https://stockanalysis.com/analysts/Ronald-Kamdem/,31 Jul 2026
Glenn Schorr,955,https://stockanalysis.com/analysts/Glenn-Schorr/,23 Jul 2026
Gabriela Borges,958,https://stockanalysis.com/analysts/Gabriela-Borges/,31 Jul 2026
Salveen Richter,960,https://stockanalysis.com/analysts/Salveen-Richter/,31 Jul 2026
Craig Irwin,962,https://stockanalysis.com/analysts/Craig-Irwin/,29 Jul 2026
Oliver Wintermantel,968,https://stockanalysis.com/analysts/Oliver-Wintermantel/,07 Jul 2026
Owen Lau,971,https://stockanalysis.com/analysts/Owen-Lau/,31 Jul 2026
Gregg Moskowitz,974,https://stockanalysis.com/analysts/Gregg-Moskowitz/,30 Jul 2026
Jeff Johnson,976,https://stockanalysis.com/analysts/Jeff-Johnson/,31 Jul 2026
Michael Brown,982,https://stockanalysis.com/analysts/Michael-Brown/,30 Jul 2026
Brian Mullan,983,https://stockanalysis.com/analysts/Brian-Mullan/,30 Jul 2026
David Toung,984,https://stockanalysis.com/analysts/David-Toung/,30 Jul 2026
Ben Reitzes,985,https://stockanalysis.com/analysts/Ben-Reitzes/,29 Jun 2026
Duane Pfennigwerth,986,https://stockanalysis.com/analysts/Duane-Pfennigwerth/,30 Jul 2026
Christopher Snyder,988,https://stockanalysis.com/analysts/Christopher-Snyder/,29 Jul 2026
Jon Tower,989,https://stockanalysis.com/analysts/Jon-Tower/,31 Jul 2026
Brandon Oglenski,991,https://stockanalysis.com/analysts/Brandon-Oglenski/,31 Jul 2026
Andy Barish,992,https://stockanalysis.com/analysts/Andy-Barish/,28 Jul 2026
Richard Close,993,https://stockanalysis.com/analysts/Richard-Close/,30 Jul 2026
Robert Stallard,997,https://stockanalysis.com/analysts/Robert-Stallard/,01 Jul 2026
Tim Anderson,998,https://stockanalysis.com/analysts/Tim-Anderson/,18 Dec 2025
Alexander Pearce,1001,https://stockanalysis.com/analysts/Alexander-Pearce/,22 Jul 2026
Duffy Fischer,1003,https://stockanalysis.com/analysts/Duffy-Fischer/,31 Jul 2026
Lisa Gill,1004,https://stockanalysis.com/analysts/Lisa-Gill/,30 Jul 2026
Brian Essex,1005,https://stockanalysis.com/analysts/Brian-Essex/,30 Jul 2026
Jeff Cantwell,1006,https://stockanalysis.com/analysts/Jeff-Cantwell/,24 May 2026
Ben Hendrix,1007,https://stockanalysis.com/analysts/Ben-Hendrix/,30 Jul 2026
Curry Baker,1008,https://stockanalysis.com/analysts/Curry-Baker/,31 Jul 2026
Peter Levine,1011,https://stockanalysis.com/analysts/Peter-Levine/,30 Jul 2026
Levi Spry,1013,https://stockanalysis.com/analysts/Levi-Spry/,29 Jul 2026
Kevin Chiang,1014,https://stockanalysis.com/analysts/Kevin-Chiang/,31 Jul 2026
Tycho Peterson,1015,https://stockanalysis.com/analysts/Tycho-Peterson/,31 Jul 2026
James Fish,1016,https://stockanalysis.com/analysts/James-Fish/,28 Jul 2026
Ian Zaffino,1017,https://stockanalysis.com/analysts/Ian-Zaffino/,23 Jul 2026
Martin Auster,1018,https://stockanalysis.com/analysts/Martin-Auster/,31 Jul 2026
Mark Carden,1021,https://stockanalysis.com/analysts/Mark-Carden/,30 Jul 2026
Peter Winter,1027,https://stockanalysis.com/analysts/Peter-Winter/,31 Jul 2026
Michael Feniger,1028,https://stockanalysis.com/analysts/Michael-Feniger/,29 Jul 2026
Erika Najarian,1029,https://stockanalysis.com/analysts/Erika-Najarian/,07 Jul 2026
Mark Lear,1032,https://stockanalysis.com/analysts/Mark-Lear/,21 Jul 2026
Rafe Jadrosich,1034,https://stockanalysis.com/analysts/Rafe-Jadrosich/,31 Jul 2026
Matthew Boss,1035,https://stockanalysis.com/analysts/Matthew-Boss/,30 Jul 2026
Peter Heckmann,1036,https://stockanalysis.com/analysts/Peter-Heckmann/,31 Jul 2026
Michael Rose,1037,https://stockanalysis.com/analysts/Michael-Rose/,23 Jul 2026
Brian Kinstlinger,1038,https://stockanalysis.com/analysts/Brian-Kinstlinger/,27 Jul 2026
Christopher Marinac,1045,https://stockanalysis.com/analysts/Christopher-Marinac/,12 Jun 2026
Mark Murphy,1049,https://stockanalysis.com/analysts/Mark-Murphy/,14 Jul 2026
George Hill,1051,https://stockanalysis.com/analysts/George-Hill/,31 Jul 2026
Yuan Zhi,1052,https://stockanalysis.com/analysts/Yuan-Zhi/,30 Jul 2026
Yanan Zhu,1053,https://stockanalysis.com/analysts/Yanan-Zhu/,15 Jul 2026
Brian Foran,1057,https://stockanalysis.com/analysts/Brian-Foran/,30 Jul 2026
Joshua Chan,1062,https://stockanalysis.com/analysts/Joshua-Chan/,31 Jul 2026
Evan Seigerman,1064,https://stockanalysis.com/analysts/Evan-Seigerman/,31 Jul 2026
Jessica Fye,1066,https://stockanalysis.com/analysts/Jessica-Fye/,31 Jul 2026
Matthew Hedberg,1067,https://stockanalysis.com/analysts/Matthew-Hedberg/,30 Jul 2026
Subash Chandra,1068,https://stockanalysis.com/analysts/Subash-Chandra/,30 Jul 2026
David Vogt,1073,https://stockanalysis.com/analysts/David-Vogt/,31 Jul 2026
Michael Zaremski,1074,https://stockanalysis.com/analysts/Michael-Zaremski/,30 Jul 2026
Terry McEvoy,1076,https://stockanalysis.com/analysts/Terry-McEvoy/,16 Jul 2026
Todd Thomas,1077,https://stockanalysis.com/analysts/Todd-Thomas/,31 Jul 2026
Alex Scott,1081,https://stockanalysis.com/analysts/Alex-Scott/,31 Jul 2026
Nelson Ng,1082,https://stockanalysis.com/analysts/Nelson-Ng/,29 Jul 2026
Michael Baker,1083,https://stockanalysis.com/analysts/Michael-Baker/,30 Jul 2026
Timothy Coffey,1085,https://stockanalysis.com/analysts/Timothy-Coffey/,30 Jul 2026
Douglas Harned,1093,https://stockanalysis.com/analysts/Douglas-Harned/,30 Jul 2026
Timothy Wojs,1095,https://stockanalysis.com/analysts/Timothy-Wojs/,31 Jul 2026
Phillip Jungwirth,1096,https://stockanalysis.com/analysts/Phillip-Jungwirth/,28 Jul 2026
David Anderson,1097,https://stockanalysis.com/analysts/David-Anderson/,31 Jul 2026
Joseph Altobello,1098,https://stockanalysis.com/analysts/Joseph-Altobello/,31 Jul 2026
Ananda Ghosh,1099,https://stockanalysis.com/analysts/Ananda-Ghosh/,31 Jul 2026
Daniel Cardenas,1101,https://stockanalysis.com/analysts/Daniel-Cardenas/,12 Mar 2026
Jimmy Shan,1102,https://stockanalysis.com/analysts/Jimmy-Shan/,30 Jul 2026
Eugene Hsiao,1103,https://stockanalysis.com/analysts/Eugene-Hsiao/,29 May 2026
Kingsley Crane,1104,https://stockanalysis.com/analysts/Kingsley-Crane/,30 Jul 2026
Thomas Wadewitz,1105,https://stockanalysis.com/analysts/Thomas-Wadewitz/,31 Jul 2026
Mark Zgutowicz,1106,https://stockanalysis.com/analysts/Mark-Zgutowicz/,31 Jul 2026
Gautam Chhugani,1107,https://stockanalysis.com/analysts/Gautam-Chhugani/,31 Jul 2026
Eddie Hickman,1113,https://stockanalysis.com/analysts/Eddie-Hickman/,28 Jul 2026
Miller Jump,1114,https://stockanalysis.com/analysts/Miller-Jump/,23 Jul 2026
Ashwani Verma,1115,https://stockanalysis.com/analysts/Ashwani-Verma/,31 Jul 2026
Trey Grooms,1117,https://stockanalysis.com/analysts/Trey-Grooms/,31 Jul 2026
Brad Reback,1119,https://stockanalysis.com/analysts/Brad-Reback/,30 Jul 2026
Troy Jensen,1120,https://stockanalysis.com/analysts/Troy-Jensen/,29 Jul 2026
Tiago Fauth,1123,https://stockanalysis.com/analysts/Tiago-Fauth/,09 Jul 2026
Mitchell Kapoor,1124,https://stockanalysis.com/analysts/Mitchell-Kapoor/,31 Jul 2026
Matthew Galinko,1125,https://stockanalysis.com/analysts/Matthew-Galinko/,31 Jul 2026
Pito Chickering,1132,https://stockanalysis.com/analysts/Pito-Chickering/,31 Jul 2026
Barton Crockett,1135,https://stockanalysis.com/analysts/Barton-Crockett/,31 Jul 2026
Gil Luria,1140,https://stockanalysis.com/analysts/Gil-Luria/,31 Jul 2026
Mark Strouse,1141,https://stockanalysis.com/analysts/Mark-Strouse/,31 Jul 2026
Matthew Weston,1146,https://stockanalysis.com/analysts/Matthew-Weston/,31 Jul 2026
Bret Jordan,1151,https://stockanalysis.com/analysts/Bret-Jordan/,30 Jun 2026
Amit Mehrotra,1152,https://stockanalysis.com/analysts/Amit-Mehrotra/,30 Jul 2026
Matthew Taylor,1153,https://stockanalysis.com/analysts/Matthew-Taylor/,30 Jul 2026
Maury Raycroft,1154,https://stockanalysis.com/analysts/Maury-Raycroft/,31 Jul 2026
Crispin Love,1159,https://stockanalysis.com/analysts/Crispin-Love/,31 Jul 2026
Zach Parham,1160,https://stockanalysis.com/analysts/Zach-Parham/,06 May 2026
Eric Joseph,1163,https://stockanalysis.com/analysts/Eric-Joseph/,22 Jul 2026
Todd Coupland,1164,https://stockanalysis.com/analysts/Todd-Coupland/,31 Jul 2026
Alex Markgraff,1165,https://stockanalysis.com/analysts/Alex-Markgraff/,22 Jul 2026
Rick Patel,1166,https://stockanalysis.com/analysts/Rick-Patel/,23 Jul 2026
Steven Seedhouse,1167,https://stockanalysis.com/analysts/Steven-Seedhouse/,29 Jul 2026
Alexandra Yates,1168,https://stockanalysis.com/analysts/Alexandra-Yates/,28 Jul 2026
Kelly Motta,1169,https://stockanalysis.com/analysts/Kelly-Motta/,31 Jul 2026
Ingo Wermann,1171,https://stockanalysis.com/analysts/Ingo-Wermann/,31 Jul 2026
Timur Braziler,1174,https://stockanalysis.com/analysts/Timur-Braziler/,28 Jul 2026
Bill Selesky,1177,https://stockanalysis.com/analysts/Bill-Selesky/,24 Jul 2026
Marcio Farid,1179,https://stockanalysis.com/analysts/Marcio-Farid/,31 Jul 2026
Adam Berlin,1181,https://stockanalysis.com/analysts/Adam-Berlin/,29 Jul 2026
Kannan Venkateshwar,1182,https://stockanalysis.com/analysts/Kannan-Venkateshwar/,27 Jul 2026
Eric Luebchow,1183,https://stockanalysis.com/analysts/Eric-Luebchow/,30 Jul 2026
Michael Linenberg,1184,https://stockanalysis.com/analysts/Michael-Linenberg/,31 Jul 2026
Kalpit Patel,1186,https://stockanalysis.com/analysts/Kalpit-Patel/,29 Jul 2026
Kelsey Chia,1188,https://stockanalysis.com/analysts/Kelsey-Chia/,31 Jul 2026
David Bishop,1189,https://stockanalysis.com/analysts/David-Bishop/,27 Jul 2026
Alexander Slagle,1191,https://stockanalysis.com/analysts/Alexander-Slagle/,14 May 2026
Manan Gosalia,1195,https://stockanalysis.com/analysts/Manan-Gosalia/,31 Jul 2026
Kurt Yinger,1196,https://stockanalysis.com/analysts/Kurt-Yinger/,31 Jul 2026
Aleksey Yefremov,1197,https://stockanalysis.com/analysts/Aleksey-Yefremov/,04 Mar 2026
Paul Choi,1198,https://stockanalysis.com/analysts/Paul-Choi/,30 Jul 2026
Alan Gould,1199,https://stockanalysis.com/analysts/Alan-Gould/,04 Jun 2026
Stephen Byrd,1200,https://stockanalysis.com/analysts/Stephen-Byrd/,24 Jul 2026
Jeff Schmitt,1205,https://stockanalysis.com/analysts/Jeff-Schmitt/,31 Jul 2026
Andrew Steinerman,1206,https://stockanalysis.com/analysts/Andrew-Steinerman/,30 Jul 2026
John Babcock,1207,https://stockanalysis.com/analysts/John-Babcock/,31 Jul 2026
Christopher Stathoulopoulos,1209,https://stockanalysis.com/analysts/Christopher-Stathoulopoulos/,30 Jul 2026
Steven Forbes,1210,https://stockanalysis.com/analysts/Steven-Forbes/,24 Jul 2026
Michael Elias,1213,https://stockanalysis.com/analysts/Michael-Elias/,30 Jul 2026
Eric Sheridan,1214,https://stockanalysis.com/analysts/Eric-Sheridan/,31 Jul 2026
Michael Swartz,1215,https://stockanalysis.com/analysts/Michael-Swartz/,06 Jul 2026
Jeffrey Spector,1220,https://stockanalysis.com/analysts/Jeffrey-Spector/,27 Jul 2026
Christopher Nolan,1221,https://stockanalysis.com/analysts/Christopher-Nolan/,31 Jul 2026
Kristina Ruggeri,1223,https://stockanalysis.com/analysts/Kristina-Ruggeri/,29 Jul 2026
Stephen Laszczyk,1225,https://stockanalysis.com/analysts/Stephen-Laszczyk/,31 Jul 2026
David Long,1228,https://stockanalysis.com/analysts/David-Long/,01 Jul 2026
Craig Hettenbach,1236,https://stockanalysis.com/analysts/Craig-Hettenbach/,30 Jul 2026
Tobey Sommer,1237,https://stockanalysis.com/analysts/Tobey-Sommer/,31 Jul 2026
Kirk Materne,1238,https://stockanalysis.com/analysts/Kirk-Materne/,30 Jul 2026
Dan Dolev,1240,https://stockanalysis.com/analysts/Dan-Dolev/,31 Jul 2026
Brian Cheng,1241,https://stockanalysis.com/analysts/Brian-Cheng/,24 Jul 2026
Anthony Petrone,1242,https://stockanalysis.com/analysts/Anthony-Petrone/,31 Jul 2026
Greg Gibas,1243,https://stockanalysis.com/analysts/Greg-Gibas/,14 Jul 2026
Rajesh Kumar,1251,https://stockanalysis.com/analysts/Rajesh-Kumar/,13 Jul 2026
Bryan Keane,1252,https://stockanalysis.com/analysts/Bryan-Keane/,31 Jul 2026
Ralph Schackart,1253,https://stockanalysis.com/analysts/Ralph-Schackart/,30 Jul 2026
Derick Ma,1254,https://stockanalysis.com/analysts/Derick-Ma/,24 Jul 2026
Andrew Charles,1255,https://stockanalysis.com/analysts/Andrew-Charles/,30 Jul 2026
Anne Ling,1256,https://stockanalysis.com/analysts/Anne-Ling/,22 Jul 2026
David Raso,1259,https://stockanalysis.com/analysts/David-Raso/,11 May 2026
Andrew Sherman,1262,https://stockanalysis.com/analysts/Andrew-Sherman/,30 Jul 2026
Savanthi Syth,1265,https://stockanalysis.com/analysts/Savanthi-Syth/,14 Jul 2026
Brandt Montour,1266,https://stockanalysis.com/analysts/Brandt-Montour/,31 Jul 2026
Peter Keith,1269,https://stockanalysis.com/analysts/Peter-Keith/,31 Jul 2026
Thomas Flaten,1270,https://stockanalysis.com/analysts/Thomas-Flaten/,31 Jul 2026
Sean McCutcheon,1271,https://stockanalysis.com/analysts/Sean-McCutcheon/,31 Jul 2026
Ketan Mamtora,1279,https://stockanalysis.com/analysts/Ketan-Mamtora/,31 Jul 2026
Ross Fowler,1280,https://stockanalysis.com/analysts/Ross-Fowler/,30 Jul 2026
Chris Parkinson,1281,https://stockanalysis.com/analysts/Chris-Parkinson/,29 Jul 2026
Scott Group,1282,https://stockanalysis.com/analysts/Scott-Group/,29 Jul 2026
Greg Melich,1283,https://stockanalysis.com/analysts/Greg-Melich/,30 Jul 2026
Tavy Rosner,1284,https://stockanalysis.com/analysts/Tavy-Rosner/,18 Mar 2026
Brian Tanquilut,1286,https://stockanalysis.com/analysts/Brian-Tanquilut/,31 Jul 2026
Sabahat Khan,1288,https://stockanalysis.com/analysts/Sabahat-Khan/,30 Jul 2026
Jimmy Bhullar,1290,https://stockanalysis.com/analysts/Jimmy-Bhullar/,07 May 2026
Daryl Young,1294,https://stockanalysis.com/analysts/Daryl-Young/,31 Jul 2026
Reuben Garner,1296,https://stockanalysis.com/analysts/Reuben-Garner/,23 Jul 2026
Justin Kim,1297,https://stockanalysis.com/analysts/Justin-Kim/,08 Jun 2026
Suraj Kalia,1298,https://stockanalysis.com/analysts/Suraj-Kalia/,30 Jul 2026
Stephen Willey,1299,https://stockanalysis.com/analysts/Stephen-Willey/,31 Jul 2026
Janet Lee,1303,https://stockanalysis.com/analysts/Janet-Lee/,31 Jul 2026
Justin Lake,1304,https://stockanalysis.com/analysts/Justin-Lake/,05 May 2026
David Motemaden,1306,https://stockanalysis.com/analysts/David-Motemaden/,30 Jul 2026
Chad Dillard,1307,https://stockanalysis.com/analysts/Chad-Dillard/,24 Jul 2026
Bruno Amorim,1308,https://stockanalysis.com/analysts/Bruno-Amorim/,16 Jul 2026
Pablo Monsivais,1309,https://stockanalysis.com/analysts/Pablo-Monsivais/,15 May 2026
Andrei Stadnik,1311,https://stockanalysis.com/analysts/Andrei-Stadnik/,08 May 2026
Mauricio Serna,1313,https://stockanalysis.com/analysts/Mauricio-Serna/,31 Jul 2026
Bradley Canino,1315,https://stockanalysis.com/analysts/Bradley-Canino/,28 Jul 2026
Mark Smith,1316,https://stockanalysis.com/analysts/Mark-Smith/,30 Jul 2026
Adam Vogel,1318,https://stockanalysis.com/analysts/Adam-Vogel/,28 Jul 2026
Chiara Battistini,1321,https://stockanalysis.com/analysts/Chiara-Battistini/,29 Jul 2026
John Royall,1322,https://stockanalysis.com/analysts/John-Royall/,31 Jul 2026
Sanjit Singh,1323,https://stockanalysis.com/analysts/Sanjit-Singh/,29 Jul 2026
Brian Nowak,1325,https://stockanalysis.com/analysts/Brian-Nowak/,31 Jul 2026
David Deckelbaum,1329,https://stockanalysis.com/analysts/David-Deckelbaum/,26 Mar 2026
Mike Kratky,1330,https://stockanalysis.com/analysts/Mike-Kratky/,30 Jul 2026
Robert Driscoll,1332,https://stockanalysis.com/analysts/Robert-Driscoll/,31 Jul 2026
Daniel Osley,1333,https://stockanalysis.com/analysts/Daniel-Osley/,15 Jul 2026
Vikram Gandhi,1337,https://stockanalysis.com/analysts/Vikram-Gandhi/,20 Jul 2026
Kyle Joseph,1339,https://stockanalysis.com/analysts/Kyle-Joseph/,30 Jul 2026
John Hodulik,1342,https://stockanalysis.com/analysts/John-Hodulik/,30 Jul 2026
Jon Windham,1344,https://stockanalysis.com/analysts/Jon-Windham/,31 Jul 2026
Connor Murphy,1346,https://stockanalysis.com/analysts/Connor-Murphy/,16 Jul 2026
Ghansham Panjabi,1351,https://stockanalysis.com/analysts/Ghansham-Panjabi/,30 Jul 2026
Tazeen Ahmad,1352,https://stockanalysis.com/analysts/Tazeen-Ahmad/,30 Jul 2026
Buck Horne,1353,https://stockanalysis.com/analysts/Buck-Horne/,10 Jul 2026
Michael Rehaut,1354,https://stockanalysis.com/analysts/Michael-Rehaut/,16 Jun 2026
Jay Sole,1355,https://stockanalysis.com/analysts/Jay-Sole/,31 Jul 2026
William Janela,1356,https://stockanalysis.com/analysts/William-Janela/,22 Jul 2026
Richard Newitter,1357,https://stockanalysis.com/analysts/Richard-Newitter/,31 Jul 2026
Jasper Bibb,1360,https://stockanalysis.com/analysts/Jasper-Bibb/,31 Jul 2026
Lance Wilkes,1361,https://stockanalysis.com/analysts/Lance-Wilkes/,30 Jul 2026
Marcelo Santos,1363,https://stockanalysis.com/analysts/Marcelo-Santos/,22 Jun 2026
Chris Schott,1364,https://stockanalysis.com/analysts/Chris-Schott/,31 Jul 2026
Stephanie Price,1366,https://stockanalysis.com/analysts/Stephanie-Price/,31 Jul 2026
Corinne Johnson,1367,https://stockanalysis.com/analysts/Corinne-Johnson/,16 Jul 2026
Noah Poponak,1369,https://stockanalysis.com/analysts/Noah-Poponak/,29 Jul 2026
Keith Bachman,1370,https://stockanalysis.com/analysts/Keith-Bachman/,31 Jul 2026
Andreas Argyrides,1372,https://stockanalysis.com/analysts/Andreas-Argyrides/,06 Jul 2026
Philip Shen,1373,https://stockanalysis.com/analysts/Philip-Shen/,31 Jul 2026
Adithya Metuku,1380,https://stockanalysis.com/analysts/Adithya-Metuku/,27 Jul 2026
Michael Diana,1382,https://stockanalysis.com/analysts/Michael-Diana/,31 Jul 2026
Bonnie Herzog,1383,https://stockanalysis.com/analysts/Bonnie-Herzog/,30 Jul 2026
Nigel Coe,1384,https://stockanalysis.com/analysts/Nigel-Coe/,21 Jul 2026
Jordan Alliger,1385,https://stockanalysis.com/analysts/Jordan-Alliger/,30 Jul 2026
Mark Altschwager,1387,https://stockanalysis.com/analysts/Mark-Altschwager/,27 Jul 2026
David Katz,1388,https://stockanalysis.com/analysts/David-Katz/,31 Jul 2026
Daniel Stauder,1393,https://stockanalysis.com/analysts/Daniel-Stauder/,08 May 2026
Ari Klein,1395,https://stockanalysis.com/analysts/Ari-Klein/,29 Jul 2026
John Lovallo,1396,https://stockanalysis.com/analysts/John-Lovallo/,31 Jul 2026
Brian Ossenbeck,1399,https://stockanalysis.com/analysts/Brian-Ossenbeck/,31 Jul 2026
Daniel Kurnos,1400,https://stockanalysis.com/analysts/Daniel-Kurnos/,31 Jul 2026
Richard Choe,1404,https://stockanalysis.com/analysts/Richard-Choe/,31 Jul 2026
Caitlin Roberts,1405,https://stockanalysis.com/analysts/Caitlin-Roberts/,30 Jul 2026
Stephen Grambling,1407,https://stockanalysis.com/analysts/Stephen-Grambling/,30 Jul 2026
Barry Sine,1409,https://stockanalysis.com/analysts/Barry-Sine/,22 Jun 2026
Meta Marshall,1410,https://stockanalysis.com/analysts/Meta-Marshall/,30 Jul 2026
Reginald Smith,1411,https://stockanalysis.com/analysts/Reginald-Smith/,08 Jul 2026
Michael Binetti,1412,https://stockanalysis.com/analysts/Michael-Binetti/,31 Jul 2026
Steven Delaney,1413,https://stockanalysis.com/analysts/Steven-Delaney/,07 May 2026
Sangita Jain,1414,https://stockanalysis.com/analysts/Sangita-Jain/,31 Jul 2026
Luke Hannan,1416,https://stockanalysis.com/analysts/Luke-Hannan/,15 May 2026
Anthony Bonadio,1420,https://stockanalysis.com/analysts/Anthony-Bonadio/,31 Jul 2026
Peter Supino,1426,https://stockanalysis.com/analysts/Peter-Supino/,23 Jul 2026
Mathieu Robilliard,1428,https://stockanalysis.com/analysts/Mathieu-Robilliard/,29 Jul 2026
Harshita Rawat,1429,https://stockanalysis.com/analysts/Harshita-Rawat/,21 Jul 2026
Damian Karas,1430,https://stockanalysis.com/analysts/Damian-Karas/,13 Feb 2026
Paul Fremont,1431,https://stockanalysis.com/analysts/Paul-Fremont/,18 Jun 2026
Gavin Parsons,1433,https://stockanalysis.com/analysts/Gavin-Parsons/,31 Jul 2026
Kevin Grundy,1434,https://stockanalysis.com/analysts/Kevin-Grundy/,08 Jul 2026
Matt Larew,1435,https://stockanalysis.com/analysts/Matt-Larew/,31 Jul 2026
Benjamin Theurer,1438,https://stockanalysis.com/analysts/Benjamin-Theurer/,31 Jul 2026
Robert Ohmes,1440,https://stockanalysis.com/analysts/Robert-Ohmes/,30 Jul 2026
Alec Stranahan,1442,https://stockanalysis.com/analysts/Alec-Stranahan/,30 Jul 2026
Bernie McTernan,1443,https://stockanalysis.com/analysts/Bernie-McTernan/,31 Jul 2026
Biren Amin,1444,https://stockanalysis.com/analysts/Biren-Amin/,30 Jul 2026
Matthew Caufield,1445,https://stockanalysis.com/analysts/Matthew-Caufield/,31 Jul 2026
Mark Cash,1446,https://stockanalysis.com/analysts/Mark-Cash/,22 Jul 2026
Robert Kad,1452,https://stockanalysis.com/analysts/Robert-Kad/,31 Jul 2026
Sarah James,1454,https://stockanalysis.com/analysts/Sarah-James/,29 Jul 2026
Steve Fleishman,1455,https://stockanalysis.com/analysts/Steve-Fleishman/,29 Jul 2026
Jonathan Ho,1456,https://stockanalysis.com/analysts/Jonathan-Ho/,30 Jul 2026
Steven Fisher,1457,https://stockanalysis.com/analysts/Steven-Fisher/,31 Jul 2026
Emma Xu,1458,https://stockanalysis.com/analysts/Emma-Xu/,04 Jun 2026
David Stanton,1459,https://stockanalysis.com/analysts/David-Stanton/,28 Jul 2026
Alex Irving,1465,https://stockanalysis.com/analysts/Alex-Irving/,31 Jul 2026
Robbie Marcus,1468,https://stockanalysis.com/analysts/Robbie-Marcus/,31 Jul 2026
Gerry Sweeney,1469,https://stockanalysis.com/analysts/Gerry-Sweeney/,31 Jul 2026
Dennis Ip,1470,https://stockanalysis.com/analysts/Dennis-Ip/,22 May 2026
Andrew Terrell,1474,https://stockanalysis.com/analysts/Andrew-Terrell/,29 Jul 2026
Cameron Bean,1476,https://stockanalysis.com/analysts/Cameron-Bean/,01 Apr 2026
Jonathan Goldman,1477,https://stockanalysis.com/analysts/Jonathan-Goldman/,29 Jul 2026
Daniel Politzer,1479,https://stockanalysis.com/analysts/Daniel-Politzer/,31 Jul 2026
Karen Holthouse,1483,https://stockanalysis.com/analysts/Karen-Holthouse/,23 Jul 2026
Guy Hardwick,1485,https://stockanalysis.com/analysts/Guy-Hardwick/,31 Jul 2026
Ruplu Bhattacharya,1490,https://stockanalysis.com/analysts/Ruplu-Bhattacharya/,28 Jul 2026
Jonathan Matuszewski,1492,https://stockanalysis.com/analysts/Jonathan-Matuszewski/,09 Jul 2026
Robert Drbul,1493,https://stockanalysis.com/analysts/Robert-Drbul/,30 Jul 2026
Brian Vaccaro,1494,https://stockanalysis.com/analysts/Brian-Vaccaro/,17 Jul 2026
Justin Patterson,1496,https://stockanalysis.com/analysts/Justin-Patterson/,31 Jul 2026
Robert Jamieson,1497,https://stockanalysis.com/analysts/Robert-Jamieson/,27 May 2026
Rustam Kanga,1498,https://stockanalysis.com/analysts/Rustam-Kanga/,23 Jul 2026
Hanwen Chang,1500,https://stockanalysis.com/analysts/Hanwen-Chang/,24 Jul 2026
Michael Cherny,1503,https://stockanalysis.com/analysts/Michael-Cherny/,23 Jul 2026
Amos Fletcher,1504,https://stockanalysis.com/analysts/Amos-Fletcher/,30 Jul 2026
Patrick Colville,1507,https://stockanalysis.com/analysts/Patrick-Colville/,30 Jul 2026
Jeffrey Silber,1510,https://stockanalysis.com/analysts/Jeffrey-Silber/,31 Jul 2026
Prakhar Agrawal,1511,https://stockanalysis.com/analysts/Prakhar-Agrawal/,17 Jul 2026
Anthony Hau,1515,https://stockanalysis.com/analysts/Anthony-Hau/,28 Jul 2026
Dan Bergstrom,1516,https://stockanalysis.com/analysts/Dan-Bergstrom/,30 Jul 2026
Jared Shaw,1520,https://stockanalysis.com/analysts/Jared-Shaw/,29 Jul 2026
Lauren Lieberman,1521,https://stockanalysis.com/analysts/Lauren-Lieberman/,31 Jul 2026
Sean Steuart,1522,https://stockanalysis.com/analysts/Sean-Steuart/,31 Jul 2026
Joe Feldman,1524,https://stockanalysis.com/analysts/Joe-Feldman/,31 Jul 2026
Thomas Champion,1525,https://stockanalysis.com/analysts/Thomas-Champion/,31 Jul 2026
Steven Alexopoulos,1531,https://stockanalysis.com/analysts/Steven-Alexopoulos/,31 Jul 2026
Christopher Nardone,1535,https://stockanalysis.com/analysts/Christopher-Nardone/,31 Jul 2026
Michael Shlisky,1539,https://stockanalysis.com/analysts/Michael-Shlisky/,31 Jul 2026
Michael Goldsmith,1543,https://stockanalysis.com/analysts/Michael-Goldsmith/,28 Jul 2026
Sudan Loganathan,1551,https://stockanalysis.com/analysts/Sudan-Loganathan/,04 Jun 2026
Michael Ward,1552,https://stockanalysis.com/analysts/Michael-Ward/,31 Jul 2026
David Palmer,1555,https://stockanalysis.com/analysts/David-Palmer/,30 Jul 2026
Gaurav Jain,1556,https://stockanalysis.com/analysts/Gaurav-Jain/,06 Jan 2026
Josh Baer,1557,https://stockanalysis.com/analysts/Josh-Baer/,28 Jul 2026
Charles Rhyee,1558,https://stockanalysis.com/analysts/Charles-Rhyee/,29 Jul 2026
James Hardiman,1559,https://stockanalysis.com/analysts/James-Hardiman/,31 Jul 2026
Laurie Havener,1569,https://stockanalysis.com/analysts/Laurie-Havener/,29 Jul 2026
Jasper Hellweg,1570,https://stockanalysis.com/analysts/Jasper-Hellweg/,24 Jul 2026
Adam Jonas,1573,https://stockanalysis.com/analysts/Adam-Jonas/,28 Jul 2026
Andrew Weisel,1579,https://stockanalysis.com/analysts/Andrew-Weisel/,30 Jul 2026
Caitlin Cronin,1582,https://stockanalysis.com/analysts/Caitlin-Cronin/,17 Dec 2025
Adrian Huerta,1583,https://stockanalysis.com/analysts/Adrian-Huerta/,31 Jul 2026
Brian Peterson,1584,https://stockanalysis.com/analysts/Brian-Peterson/,29 Jul 2026
Andrea Alfonso,1587,https://stockanalysis.com/analysts/Andrea-Alfonso/,27 Jul 2026
Merrill Ross,1593,https://stockanalysis.com/analysts/Merrill-Ross/,13 May 2026
Anthony Codling,1594,https://stockanalysis.com/analysts/Anthony-Codling/,30 Jul 2026
Barry Oxford,1595,https://stockanalysis.com/analysts/Barry-Oxford/,30 Jul 2026
John Baumgartner,1598,https://stockanalysis.com/analysts/John-Baumgartner/,20 May 2026
Carter Gould,1600,https://stockanalysis.com/analysts/Carter-Gould/,30 Jul 2026
Robert Wasserman,1602,https://stockanalysis.com/analysts/Robert-Wasserman/,20 Jul 2026
Russell Gunther,1605,https://stockanalysis.com/analysts/Russell-Gunther/,30 Jul 2026
Mark Schappel,1607,https://stockanalysis.com/analysts/Mark-Schappel/,29 Jul 2026
Jake Fuller,1608,https://stockanalysis.com/analysts/Jake-Fuller/,29 Jul 2026
Marc Bianchi,1609,https://stockanalysis.com/analysts/Marc-Bianchi/,30 Jul 2026
Luke Sergott,1610,https://stockanalysis.com/analysts/Luke-Sergott/,31 Jul 2026
Ben Mohr,1612,https://stockanalysis.com/analysts/Ben-Mohr/,31 Jul 2026
Biraj Borkhataria,1614,https://stockanalysis.com/analysts/Biraj-Borkhataria/,31 Jul 2026
Howard Ma,1616,https://stockanalysis.com/analysts/Howard-Ma/,21 Jul 2026
Michael Bellisario,1618,https://stockanalysis.com/analysts/Michael-Bellisario/,29 Jul 2026
Kash Rangan,1619,https://stockanalysis.com/analysts/Kash-Rangan/,02 Feb 2026
Jon Hickman,1621,https://stockanalysis.com/analysts/Jon-Hickman/,30 Jul 2026
Venugopal Garre,1625,https://stockanalysis.com/analysts/Venugopal-Garre/,20 Jul 2026
Luke Horton,1626,https://stockanalysis.com/analysts/Luke-Horton/,27 Jul 2026
Mathew Blackman,1630,https://stockanalysis.com/analysts/Mathew-Blackman/,31 Jul 2026
Daniel Arias,1632,https://stockanalysis.com/analysts/Daniel-Arias/,31 Jul 2026
Robert Stevenson,1635,https://stockanalysis.com/analysts/Robert-Stevenson/,13 Jan 2026
Richard Clarke,1636,https://stockanalysis.com/analysts/Richard-Clarke/,31 Jul 2026
Sebastiano Petti,1638,https://stockanalysis.com/analysts/Sebastiano-Petti/,31 Jul 2026
Tyler Batory,1639,https://stockanalysis.com/analysts/Tyler-Batory/,31 Jul 2026
Allen Gong,1644,https://stockanalysis.com/analysts/Allen-Gong/,05 Jun 2026
Tommy Moll,1652,https://stockanalysis.com/analysts/Tommy-Moll/,16 Jul 2026
Scott Davis,1653,https://stockanalysis.com/analysts/Scott-Davis/,27 Jan 2026
Matt Olney,1654,https://stockanalysis.com/analysts/Matt-Olney/,31 Jul 2026
Bill Peterson,1655,https://stockanalysis.com/analysts/Bill-Peterson/,30 Jul 2026
Pete Stavropoulos,1657,https://stockanalysis.com/analysts/Pete-Stavropoulos/,16 Jul 2026
Steven Etoch,1658,https://stockanalysis.com/analysts/Steven-Etoch/,27 Jul 2026
Christine Dooley,1661,https://stockanalysis.com/analysts/Christine-Dooley/,29 Jul 2026
Polo Tang,1666,https://stockanalysis.com/analysts/Polo-Tang/,28 Jul 2026
Dennis Ding,1667,https://stockanalysis.com/analysts/Dennis-Ding/,13 Jul 2026
Simeon Gutman,1668,https://stockanalysis.com/analysts/Simeon-Gutman/,31 Jul 2026
Kevin Fisk,1675,https://stockanalysis.com/analysts/Kevin-Fisk/,31 Jul 2026
Adam Tindle,1680,https://stockanalysis.com/analysts/Adam-Tindle/,15 Jul 2026
Sam Darkatsh,1681,https://stockanalysis.com/analysts/Sam-Darkatsh/,31 Jul 2026
Raimo Lenschow,1682,https://stockanalysis.com/analysts/Raimo-Lenschow/,30 Jul 2026
Michael Morton,1685,https://stockanalysis.com/analysts/Michael-Morton/,10 Jun 2026
Jack Slevin,1689,https://stockanalysis.com/analysts/Jack-Slevin/,21 Jul 2026
Michael Ryskin,1690,https://stockanalysis.com/analysts/Michael-Ryskin/,31 Jul 2026
Chris Woronka,1692,https://stockanalysis.com/analysts/Chris-Woronka/,31 Jul 2026
Michael Gorman,1697,https://stockanalysis.com/analysts/Michael-Gorman/,29 Jul 2026
Fahad Tariq,1698,https://stockanalysis.com/analysts/Fahad-Tariq/,28 Jul 2026
John McNulty,1699,https://stockanalysis.com/analysts/John-McNulty/,31 Jul 2026
Tom Nikic,1700,https://stockanalysis.com/analysts/Tom-Nikic/,31 Jul 2026
Jed Kelly,1701,https://stockanalysis.com/analysts/Jed-Kelly/,31 Jul 2026
Jonathan Block,1702,https://stockanalysis.com/analysts/Jonathan-Block/,31 Jul 2026
Thiago Batista,1706,https://stockanalysis.com/analysts/Thiago-Batista/,03 Jun 2026
Mickey Schleien,1707,https://stockanalysis.com/analysts/Mickey-Schleien/,03 Mar 2026
Piyush Choudhary,1708,https://stockanalysis.com/analysts/Piyush-Choudhary/,16 Jan 2026
Kate McShane,1711,https://stockanalysis.com/analysts/Kate-McShane/,31 Jul 2026
Tom Narayan,1714,https://stockanalysis.com/analysts/Tom-Narayan/,30 Jul 2026
Daniil Gataulin,1715,https://stockanalysis.com/analysts/Daniil-Gataulin/,25 Jun 2026
Geulah Livshits,1716,https://stockanalysis.com/analysts/Geulah-Livshits/,07 Jul 2026
Vijit Jain,1723,https://stockanalysis.com/analysts/Vijit-Jain/,19 May 2026
Kevin Caliendo,1724,https://stockanalysis.com/analysts/Kevin-Caliendo/,31 Jul 2026
Leland Gershell,1728,https://stockanalysis.com/analysts/Leland-Gershell/,30 Jul 2026
Thomas Gallagher,1734,https://stockanalysis.com/analysts/Thomas-Gallagher/,13 Jul 2026
Charles Meade,1740,https://stockanalysis.com/analysts/Charles-Meade/,20 May 2026
John Colantuoni,1741,https://stockanalysis.com/analysts/John-Colantuoni/,30 Jul 2026
Alexei Gogolev,1742,https://stockanalysis.com/analysts/Alexei-Gogolev/,31 Jul 2026
Jason Bandel,1743,https://stockanalysis.com/analysts/Jason-Bandel/,30 Jul 2026
Alex Terentiew,1744,https://stockanalysis.com/analysts/Alex-Terentiew/,08 Jun 2026
Michael Lavery,1745,https://stockanalysis.com/analysts/Michael-Lavery/,30 Jul 2026
Saree Boroditsky,1753,https://stockanalysis.com/analysts/Saree-Boroditsky/,09 Feb 2026
Tim Mulrooney,1755,https://stockanalysis.com/analysts/Tim-Mulrooney/,30 Jul 2026
Jeff Grampp,1757,https://stockanalysis.com/analysts/Jeff-Grampp/,31 Jul 2026
Mark Weintraub,1759,https://stockanalysis.com/analysts/Mark-Weintraub/,03 May 2026
Austin Wurschmidt,1760,https://stockanalysis.com/analysts/Austin-Wurschmidt/,11 Jun 2026
Simon Coles,1761,https://stockanalysis.com/analysts/Simon-Coles/,30 Jul 2026
Ben Kallo,1764,https://stockanalysis.com/analysts/Ben-Kallo/,31 Jul 2026
Richa Harnain,1767,https://stockanalysis.com/analysts/Richa-Harnain/,24 Jul 2026
Kerry Holford,1771,https://stockanalysis.com/analysts/Kerry-Holford/,27 Jul 2026
Nicholas Yulico,1772,https://stockanalysis.com/analysts/Nicholas-Yulico/,31 Jul 2026
Kalei Akamine,1773,https://stockanalysis.com/analysts/Kalei-Akamine/,27 Apr 2026
Michael Roxland,1774,https://stockanalysis.com/analysts/Michael-Roxland/,31 Jul 2026
Vijay Kumar,1777,https://stockanalysis.com/analysts/Vijay-Kumar/,30 Jul 2026
Gregory Francfort,1779,https://stockanalysis.com/analysts/Gregory-Francfort/,30 Jul 2026
Stephen Powers,1780,https://stockanalysis.com/analysts/Stephen-Powers/,31 Jul 2026
Simon Hales,1781,https://stockanalysis.com/analysts/Simon-Hales/,30 Jul 2026
James Rollyson,1783,https://stockanalysis.com/analysts/James-Rollyson/,10 Jul 2026
Steve Hansen,1785,https://stockanalysis.com/analysts/Steve-Hansen/,30 Jun 2026
Thomas Shrader,1789,https://stockanalysis.com/analysts/Thomas-Shrader/,29 Jul 2026
Michael Latimore,1790,https://stockanalysis.com/analysts/Michael-Latimore/,31 Jul 2026
James Faucette,1793,https://stockanalysis.com/analysts/James-Faucette/,31 Jul 2026
Shlomo Rosenbaum,1796,https://stockanalysis.com/analysts/Shlomo-Rosenbaum/,30 Jul 2026
Sophie Karp,1797,https://stockanalysis.com/analysts/Sophie-Karp/,31 Jul 2026
Vincent Caintic,1798,https://stockanalysis.com/analysts/Vincent-Caintic/,31 Jul 2026
Douglas Miehm,1800,https://stockanalysis.com/analysts/Douglas-Miehm/,30 Jul 2026
John Newman,1801,https://stockanalysis.com/analysts/John-Newman/,30 Jul 2026
Jonathan Chang,1802,https://stockanalysis.com/analysts/Jonathan-Chang/,13 Jul 2026
John Dunn,1805,https://stockanalysis.com/analysts/John-Dunn/,10 Jul 2026
Axel Herlinghaus,1806,https://stockanalysis.com/analysts/Axel-Herlinghaus/,31 Jul 2026
Eric Gonzalez,1808,https://stockanalysis.com/analysts/Eric-Gonzalez/,20 Apr 2026
Brad Erickson,1810,https://stockanalysis.com/analysts/Brad-Erickson/,31 Jul 2026
Robert Stein,1811,https://stockanalysis.com/analysts/Robert-Stein/,16 Jul 2026
Brian Schwartz,1812,https://stockanalysis.com/analysts/Brian-Schwartz/,28 Jul 2026
Nicholas Holowko,1814,https://stockanalysis.com/analysts/Nicholas-Holowko/,07 Jul 2026
Kevin Kopelman,1816,https://stockanalysis.com/analysts/Kevin-Kopelman/,30 Jul 2026
Matthew Harrigan,1819,https://stockanalysis.com/analysts/Matthew-Harrigan/,31 Jul 2026
Chad Beynon,1820,https://stockanalysis.com/analysts/Chad-Beynon/,01 Jun 2026
Robert Ottenstein,1828,https://stockanalysis.com/analysts/Robert-Ottenstein/,30 Jul 2026
Kristen Owen,1829,https://stockanalysis.com/analysts/Kristen-Owen/,31 Jul 2026
Kevin Garrigan,1830,https://stockanalysis.com/analysts/Kevin-Garrigan/,31 Jul 2026
Jiong Shao,1831,https://stockanalysis.com/analysts/Jiong-Shao/,16 Jul 2026
Brendan Nosal,1841,https://stockanalysis.com/analysts/Brendan-Nosal/,30 Jul 2026
Joe Dickstein,1848,https://stockanalysis.com/analysts/Joe-Dickstein/,01 Jun 2026
Simon Toyne,1849,https://stockanalysis.com/analysts/Simon-Toyne/,31 Mar 2026
Richard Garchitorena,1852,https://stockanalysis.com/analysts/Richard-Garchitorena/,31 Jul 2026
George Tong,1854,https://stockanalysis.com/analysts/George-Tong/,30 Jul 2026
Ben Isaacson,1856,https://stockanalysis.com/analysts/Ben-Isaacson/,30 Jul 2026
George Kelly,1857,https://stockanalysis.com/analysts/George-Kelly/,15 Jul 2026
Mitchel Penn,1860,https://stockanalysis.com/analysts/Mitchel-Penn/,23 Jul 2026
Bruno Montanari,1861,https://stockanalysis.com/analysts/Bruno-Montanari/,16 Jul 2026
Roger Boyd,1864,https://stockanalysis.com/analysts/Roger-Boyd/,31 Jul 2026
Emmanuel Papadakis,1866,https://stockanalysis.com/analysts/Emmanuel-Papadakis/,30 Jul 2026
Patrick Walravens,1868,https://stockanalysis.com/analysts/Patrick-Walravens/,22 Jul 2026
Lee Simpson,1874,https://stockanalysis.com/analysts/Lee-Simpson/,30 Jul 2026
Uy Ear,1879,https://stockanalysis.com/analysts/Uy-Ear/,29 Jul 2026
Mayank Mamtani,1880,https://stockanalysis.com/analysts/Mayank-Mamtani/,31 Jul 2026
Bhavesh Lodaya,1886,https://stockanalysis.com/analysts/Bhavesh-Lodaya/,31 Jul 2026
Leah Jordan,1887,https://stockanalysis.com/analysts/Leah-Jordan/,31 Jul 2026
Zachary Fadem,1888,https://stockanalysis.com/analysts/Zachary-Fadem/,31 Jul 2026
Drew McReynolds,1889,https://stockanalysis.com/analysts/Drew-McReynolds/,28 Jul 2026
Andrew Strelzik,1895,https://stockanalysis.com/analysts/Andrew-Strelzik/,31 Jul 2026
Louie DiPalma,1897,https://stockanalysis.com/analysts/Louie-DiPalma/,31 Jul 2026
Paul Gong,1898,https://stockanalysis.com/analysts/Paul-Gong/,17 Jun 2026
Wilma Burdis,1900,https://stockanalysis.com/analysts/Wilma-Burdis/,02 Jul 2026
Daniel Magder,1903,https://stockanalysis.com/analysts/Daniel-Magder/,16 Jul 2026
Taylor Conrad,1905,https://stockanalysis.com/analysts/Taylor-Conrad/,29 Jul 2026
Namita Samtani,1906,https://stockanalysis.com/analysts/Namita-Samtani/,24 Jul 2026
Andrea Newkirk,1907,https://stockanalysis.com/analysts/Andrea-Newkirk/,11 Feb 2026
Pooran Sharma,1910,https://stockanalysis.com/analysts/Pooran-Sharma/,28 Jul 2026
Omar Mejias,1912,https://stockanalysis.com/analysts/Omar-Mejias/,31 Jul 2026
Jeffrey Kiang,1915,https://stockanalysis.com/analysts/Jeffrey-Kiang/,23 Jul 2026
David Dai,1916,https://stockanalysis.com/analysts/David-Dai/,22 Jul 2026
Thomas Blakey,1918,https://stockanalysis.com/analysts/Thomas-Blakey/,30 Jul 2026
Stacy Ku,1920,https://stockanalysis.com/analysts/Stacy-Ku/,27 Jul 2026
Matthew DeYoe,1925,https://stockanalysis.com/analysts/Matthew-DeYoe/,31 Jul 2026
Saul Martinez,1932,https://stockanalysis.com/analysts/Saul-Martinez/,20 Jul 2026
Richard Safran,1933,https://stockanalysis.com/analysts/Richard-Safran/,26 May 2026
James Feldman,1934,https://stockanalysis.com/analysts/James-Feldman/,31 Jul 2026
Conor Cunningham,1935,https://stockanalysis.com/analysts/Conor-Cunningham/,07 Jul 2026
Ric Prentiss,1936,https://stockanalysis.com/analysts/Ric-Prentiss/,17 Jul 2026
Stephen Baxter,1938,https://stockanalysis.com/analysts/Stephen-Baxter/,31 Jul 2026
Puneet Souda,1940,https://stockanalysis.com/analysts/Puneet-Souda/,17 Jul 2026
Cristina Fernandez,1941,https://stockanalysis.com/analysts/Cristina-Fernandez/,31 Jul 2026
Andres Cardona,1945,https://stockanalysis.com/analysts/Andres-Cardona/,02 Jul 2026
Maher Yaghi,1948,https://stockanalysis.com/analysts/Maher-Yaghi/,30 Jul 2026
Brandon Nispel,1950,https://stockanalysis.com/analysts/Brandon-Nispel/,31 Jul 2026
Steve Frankel,1951,https://stockanalysis.com/analysts/Steve-Frankel/,31 Jul 2026
Thomas Stephan,1952,https://stockanalysis.com/analysts/Thomas-Stephan/,30 Jul 2026
Janine Stichter,1953,https://stockanalysis.com/analysts/Janine-Stichter/,30 Jul 2026
Sergey Glinyanov,1958,https://stockanalysis.com/analysts/Sergey-Glinyanov/,31 Jul 2026
Robert Mollins,1965,https://stockanalysis.com/analysts/Robert-Mollins/,10 Jun 2026
Marie Ferguson,1969,https://stockanalysis.com/analysts/Marie-Ferguson/,30 Jul 2026
Jeffrey Zekauskas,1972,https://stockanalysis.com/analysts/Jeffrey-Zekauskas/,31 Jul 2026
Glen Santangelo,1973,https://stockanalysis.com/analysts/Glen-Santangelo/,30 Jul 2026
Rodolfo Angele,1974,https://stockanalysis.com/analysts/Rodolfo-Angele/,29 Jul 2026
Joyce Ju,1982,https://stockanalysis.com/analysts/Joyce-Ju/,29 Jul 2026
Oliver Chen,1988,https://stockanalysis.com/analysts/Oliver-Chen/,31 Jul 2026
John Kilichowski,1995,https://stockanalysis.com/analysts/John-Kilichowski/,28 Jul 2026
Edlain Rodriguez,1996,https://stockanalysis.com/analysts/Edlain-Rodriguez/,31 Jul 2026
Adam Baumgarten,1997,https://stockanalysis.com/analysts/Adam-Baumgarten/,27 Feb 2026
Jonathan Yong,1999,https://stockanalysis.com/analysts/Jonathan-Yong/,08 Jul 2026
Whit Mayo,2002,https://stockanalysis.com/analysts/Whit-Mayo/,30 Jul 2026
Ygal Arounian,2003,https://stockanalysis.com/analysts/Ygal-Arounian/,31 Jul 2026
Kyle Boucher,2004,https://stockanalysis.com/analysts/Kyle-Boucher/,15 Jul 2026
Jairam Nathan,2007,https://stockanalysis.com/analysts/Jairam-Nathan/,29 Jun 2026
Sachin Salgaonkar,2014,https://stockanalysis.com/analysts/Sachin-Salgaonkar/,28 Jul 2026
Olivia Tong,2015,https://stockanalysis.com/analysts/Olivia-Tong/,14 Jul 2026
Christopher Liu,2016,https://stockanalysis.com/analysts/Christopher-Liu/,22 Jun 2026
James Kammert,2018,https://stockanalysis.com/analysts/James-Kammert/,30 Jul 2026
Joe Laetsch,2023,https://stockanalysis.com/analysts/Joe-Laetsch/,27 Jul 2026
Adrienne Yih,2027,https://stockanalysis.com/analysts/Adrienne-Yih/,31 Jul 2026
Timna Tanners,2034,https://stockanalysis.com/analysts/Timna-Tanners/,31 Jul 2026
Tom Forte,2037,https://stockanalysis.com/analysts/Tom-Forte/,31 Jul 2026
Jonna Kim,2044,https://stockanalysis.com/analysts/Jonna-Kim/,22 Jul 2026
Aaron Hecht,2045,https://stockanalysis.com/analysts/Aaron-Hecht/,31 Jul 2026
Matthew Smith,2047,https://stockanalysis.com/analysts/Matthew-Smith/,13 May 2026
Benjamin Rossi,2049,https://stockanalysis.com/analysts/Benjamin-Rossi/,22 Jun 2026
Jenny Ping,2051,https://stockanalysis.com/analysts/Jenny-Ping/,24 Jul 2026
William Appicelli,2054,https://stockanalysis.com/analysts/William-Appicelli/,28 Jul 2026
Joseph Cardoso,2056,https://stockanalysis.com/analysts/Joseph-Cardoso/,31 Jul 2026
George Staphos,2059,https://stockanalysis.com/analysts/George-Staphos/,31 Jul 2026
Ellie Jiang,2060,https://stockanalysis.com/analysts/Ellie-Jiang/,25 Jun 2026
George Choi,2061,https://stockanalysis.com/analysts/George-Choi/,10 Jul 2026
Rowland Mayor,2065,https://stockanalysis.com/analysts/Rowland-Mayor/,31 Jul 2026
Michael Nathanson,2068,https://stockanalysis.com/analysts/Michael-Nathanson/,29 Jul 2026
Stephen Glagola,2069,https://stockanalysis.com/analysts/Stephen-Glagola/,30 Jul 2026
Owen Rickert,2070,https://stockanalysis.com/analysts/Owen-Rickert/,31 Jul 2026
Derek Hewett,2073,https://stockanalysis.com/analysts/Derek-Hewett/,29 Jul 2026
James Yaro,2077,https://stockanalysis.com/analysts/James-Yaro/,31 Jul 2026
Anja Soderstrom,2082,https://stockanalysis.com/analysts/Anja-Soderstrom/,31 Jul 2026
Faiza Alwy,2085,https://stockanalysis.com/analysts/Faiza-Alwy/,30 Jul 2026
Phillip Blee,2088,https://stockanalysis.com/analysts/Phillip-Blee/,31 Jul 2026
Nikhil Devnani,2089,https://stockanalysis.com/analysts/Nikhil-Devnani/,14 May 2026
Matthew Martino,2091,https://stockanalysis.com/analysts/Matthew-Martino/,31 Jul 2026
Adam Bubes,2096,https://stockanalysis.com/analysts/Adam-Bubes/,31 Jul 2026
Peter Steyn,2097,https://stockanalysis.com/analysts/Peter-Steyn/,20 May 2026
Joshua Reilly,2100,https://stockanalysis.com/analysts/Joshua-Reilly/,31 Jul 2026
Emily Bodnar,2101,https://stockanalysis.com/analysts/Emily-Bodnar/,30 Jul 2026
Scott Stember,2110,https://stockanalysis.com/analysts/Scott-Stember/,31 Jul 2026
Ryan Levine,2112,https://stockanalysis.com/analysts/Ryan-Levine/,28 Jul 2026
Melissa Wedel,2114,https://stockanalysis.com/analysts/Melissa-Wedel/,24 Jul 2026
David Rescott,2118,https://stockanalysis.com/analysts/David-Rescott/,31 Jul 2026
Nicholas Lorusso,2121,https://stockanalysis.com/analysts/Nicholas-Lorusso/,28 Jul 2026
Patrick Creuset,2122,https://stockanalysis.com/analysts/Patrick-Creuset/,30 Jul 2026
Simeon Siegel,2125,https://stockanalysis.com/analysts/Simeon-Siegel/,30 Jun 2026
Alexander Goldfarb,2126,https://stockanalysis.com/analysts/Alexander-Goldfarb/,31 Jul 2026
Ryan Zimmerman,2127,https://stockanalysis.com/analysts/Ryan-Zimmerman/,31 Jul 2026
Dae Lee,2129,https://stockanalysis.com/analysts/Dae-Lee/,08 May 2026
Anthony Paolone,2134,https://stockanalysis.com/analysts/Anthony-Paolone/,28 Jul 2026
Jamie Baker,2135,https://stockanalysis.com/analysts/Jamie-Baker/,30 Jul 2026
Brent Thill,2136,https://stockanalysis.com/analysts/Brent-Thill/,31 Jul 2026
Pradeep Ramani,2140,https://stockanalysis.com/analysts/Pradeep-Ramani/,02 Feb 2026
Judah Frommer,2146,https://stockanalysis.com/analysts/Judah-Frommer/,31 Jul 2026
Thibault Boutherin,2148,https://stockanalysis.com/analysts/Thibault-Boutherin/,25 Jun 2026
Luisa Hector,2149,https://stockanalysis.com/analysts/Luisa-Hector/,27 Jul 2026
Matthew Condon,2151,https://stockanalysis.com/analysts/Matthew-Condon/,22 Jul 2026
Steven Pizzella,2156,https://stockanalysis.com/analysts/Steven-Pizzella/,31 Jul 2026
Justin Kleber,2157,https://stockanalysis.com/analysts/Justin-Kleber/,31 Jul 2026
Cooper Clark,2158,https://stockanalysis.com/analysts/Cooper-Clark/,24 Jun 2026
Ernesto Gabilondo,2164,https://stockanalysis.com/analysts/Ernesto-Gabilondo/,27 Jul 2026
Casey Woodring,2165,https://stockanalysis.com/analysts/Casey-Woodring/,31 Jul 2026
Ronald Josey,2169,https://stockanalysis.com/analysts/Ronald-Josey/,31 Jul 2026
Jim Sanderson,2174,https://stockanalysis.com/analysts/Jim-Sanderson/,15 Jun 2026
John Pancari,2177,https://stockanalysis.com/analysts/John-Pancari/,30 Jul 2026
Matt Phipps,2179,https://stockanalysis.com/analysts/Matt-Phipps/,31 Jul 2026
Hassan Ahmed,2180,https://stockanalysis.com/analysts/Hassan-Ahmed/,30 Jul 2026
Jordan Lyonnais,2181,https://stockanalysis.com/analysts/Jordan-Lyonnais/,07 May 2026
Andres Sheppard,2182,https://stockanalysis.com/analysts/Andres-Sheppard/,31 Jul 2026
Hector Maya,2184,https://stockanalysis.com/analysts/Hector-Maya/,09 Jul 2026
Nicholas Thillman,2185,https://stockanalysis.com/analysts/Nicholas-Thillman/,31 Jul 2026
Arthur Truslove,2187,https://stockanalysis.com/analysts/Arthur-Truslove/,30 Jul 2026
Timothy Chiodo,2191,https://stockanalysis.com/analysts/Timothy-Chiodo/,31 Jul 2026
Caleb Stein,2192,https://stockanalysis.com/analysts/Caleb-Stein/,30 Jul 2026
Daniel Clark,2196,https://stockanalysis.com/analysts/Daniel-Clark/,24 Feb 2026
Yuri Fernandes,2197,https://stockanalysis.com/analysts/Yuri-Fernandes/,30 Jul 2026
Nat Schindler,2200,https://stockanalysis.com/analysts/Nat-Schindler/,31 Jul 2026
Matthew Erdner,2213,https://stockanalysis.com/analysts/Matthew-Erdner/,29 Jul 2026
Chris McNally,2214,https://stockanalysis.com/analysts/Chris-McNally/,30 Jul 2026
Brian McNamara,2215,https://stockanalysis.com/analysts/Brian-McNamara/,30 Jul 2026
Lorraine Hutchinson,2221,https://stockanalysis.com/analysts/Lorraine-Hutchinson/,29 Jul 2026
Danielle Antalffy,2222,https://stockanalysis.com/analysts/Danielle-Antalffy/,28 Jul 2026
Linda Huang,2223,https://stockanalysis.com/analysts/Linda-Huang/,30 Jul 2026
Kevin McVeigh,2227,https://stockanalysis.com/analysts/Kevin-McVeigh/,30 Jul 2026
Kevin Mcveigh,2227,https://stockanalysis.com/analysts/Kevin-Mcveigh/,30 Jul 2026
Ken Gawrelski,2229,https://stockanalysis.com/analysts/Ken-Gawrelski/,31 Jul 2026
Dominick Gabriele,2230,https://stockanalysis.com/analysts/Dominick-Gabriele/,15 Jul 2026
Joshua Tilton,2237,https://stockanalysis.com/analysts/Joshua-Tilton/,09 Jun 2026
Larry Biegelsen,2239,https://stockanalysis.com/analysts/Larry-Biegelsen/,31 Jul 2026
Betty Jiang,2240,https://stockanalysis.com/analysts/Betty-Jiang/,29 Jul 2026
Jeff Lick,2241,https://stockanalysis.com/analysts/Jeff-Lick/,21 Jul 2026
Kim Fustier,2245,https://stockanalysis.com/analysts/Kim-Fustier/,18 May 2026
Craig Mailman,2249,https://stockanalysis.com/analysts/Craig-Mailman/,11 Jun 2026
Alejandro Demichelis,2251,https://stockanalysis.com/analysts/Alejandro-Demichelis/,18 Jun 2026
Aneesha Sherman,2252,https://stockanalysis.com/analysts/Aneesha-Sherman/,30 Jul 2026
Tyler Radke,2253,https://stockanalysis.com/analysts/Tyler-Radke/,31 Jul 2026
Sameer Joshi,2254,https://stockanalysis.com/analysts/Sameer-Joshi/,24 Jul 2026
Brian Wilczynski,2255,https://stockanalysis.com/analysts/Brian-Wilczynski/,30 Jul 2026
Blaine Heck,2260,https://stockanalysis.com/analysts/Blaine-Heck/,21 Jul 2026
Andrew DeGasperi,2263,https://stockanalysis.com/analysts/Andrew-DeGasperi/,13 Jul 2026
Bill Sutherland,2270,https://stockanalysis.com/analysts/Bill-Sutherland/,30 Jul 2026
Wesley Brooks,2274,https://stockanalysis.com/analysts/Wesley-Brooks/,07 May 2026
Francois Brisebois,2282,https://stockanalysis.com/analysts/Francois-Brisebois/,31 Jul 2026
Matthew Biegler,2289,https://stockanalysis.com/analysts/Matthew-Biegler/,31 Jul 2026
Edison Yu,2290,https://stockanalysis.com/analysts/Edison-Yu/,31 Jul 2026
James Condulis,2292,https://stockanalysis.com/analysts/James-Condulis/,14 Jul 2026
Steve Sakwa,2293,https://stockanalysis.com/analysts/Steve-Sakwa/,30 Jul 2026
Mike Hickey,2294,https://stockanalysis.com/analysts/Mike-Hickey/,31 Jul 2026
Peter Galbo,2295,https://stockanalysis.com/analysts/Peter-Galbo/,31 Jul 2026
Bryan Burgmeier,2302,https://stockanalysis.com/analysts/Bryan-Burgmeier/,30 Jul 2026
Matthew Heimermann,2303,https://stockanalysis.com/analysts/Matthew-Heimermann/,31 Jul 2026
Max Rakhlenko,2306,https://stockanalysis.com/analysts/Max-Rakhlenko/,31 Jul 2026
Sharon Zackfia,2308,https://stockanalysis.com/analysts/Sharon-Zackfia/,31 Jul 2026
Joseph Yanchunis,2309,https://stockanalysis.com/analysts/Joseph-Yanchunis/,31 Jul 2026
Omar Sheikh,2320,https://stockanalysis.com/analysts/Omar-Sheikh/,10 Mar 2026
Robert Fishman,2321,https://stockanalysis.com/analysts/Robert-Fishman/,30 Jul 2026
Guilherme Mendes,2328,https://stockanalysis.com/analysts/Guilherme-Mendes/,15 Jun 2026
Joshua Spector,2332,https://stockanalysis.com/analysts/Joshua-Spector/,31 Jul 2026
Ken Hoexter,2333,https://stockanalysis.com/analysts/Ken-Hoexter/,31 Jul 2026
Nicholas Joseph,2334,https://stockanalysis.com/analysts/Nicholas-Joseph/,31 Jul 2026
Tyler DiMatteo,2335,https://stockanalysis.com/analysts/Tyler-DiMatteo/,31 Jul 2026
Shaun Kelley,2339,https://stockanalysis.com/analysts/Shaun-Kelley/,29 Jul 2026
Brett Rabatin,2341,https://stockanalysis.com/analysts/Brett-Rabatin/,31 Jul 2026
Barry Jonas,2342,https://stockanalysis.com/analysts/Barry-Jonas/,31 Jul 2026
Radi Sultan,2343,https://stockanalysis.com/analysts/Radi-Sultan/,10 Jul 2026
Priya Sachdeva,2344,https://stockanalysis.com/analysts/Priya-Sachdeva/,28 Jul 2026
Vincent Andrews,2357,https://stockanalysis.com/analysts/Vincent-Andrews/,31 Jul 2026
Laurent Vasilescu,2358,https://stockanalysis.com/analysts/Laurent-Vasilescu/,22 Jul 2026
Adam Klauber,2360,https://stockanalysis.com/analysts/Adam-Klauber/,31 Jul 2026
Dan Levy,2362,https://stockanalysis.com/analysts/Dan-Levy/,31 Jul 2026
Michael Petusky,2367,https://stockanalysis.com/analysts/Michael-Petusky/,31 Jul 2026
Ty Collin,2369,https://stockanalysis.com/analysts/Ty-Collin/,31 Jul 2026
Upal Rana,2370,https://stockanalysis.com/analysts/Upal-Rana/,09 Jul 2026
Andrew Didora,2375,https://stockanalysis.com/analysts/Andrew-Didora/,31 Jul 2026
Matt Miksic,2377,https://stockanalysis.com/analysts/Matt-Miksic/,28 May 2026
Kallum Titchmarsh,2379,https://stockanalysis.com/analysts/Kallum-Titchmarsh/,30 Jul 2026
Jason Weaver,2384,https://stockanalysis.com/analysts/Jason-Weaver/,31 Jul 2026
Jeffrey Stevenson,2385,https://stockanalysis.com/analysts/Jeffrey-Stevenson/,28 Apr 2026
Tate Sullivan,2386,https://stockanalysis.com/analysts/Tate-Sullivan/,31 Jul 2026
Greg McGinniss,2387,https://stockanalysis.com/analysts/Greg-McGinniss/,31 Jul 2026
Jakob Bluestone,2390,https://stockanalysis.com/analysts/Jakob-Bluestone/,02 Feb 2026
Samir Khanal,2399,https://stockanalysis.com/analysts/Samir-Khanal/,30 Jun 2026
Benjamin Soff,2401,https://stockanalysis.com/analysts/Benjamin-Soff/,31 Jul 2026
Alicia Yap,2403,https://stockanalysis.com/analysts/Alicia-Yap/,29 Jul 2026
Dana Telsey,2412,https://stockanalysis.com/analysts/Dana-Telsey/,31 Jul 2026
Keith Stanley,2416,https://stockanalysis.com/analysts/Keith-Stanley/,28 Jul 2026
Ike Boruchow,2419,https://stockanalysis.com/analysts/Ike-Boruchow/,30 Jul 2026
Keay Nakae,2420,https://stockanalysis.com/analysts/Keay-Nakae/,29 Jul 2026
Mark Massaro,2421,https://stockanalysis.com/analysts/Mark-Massaro/,31 Jul 2026
Vitaly Umansky,2423,https://stockanalysis.com/analysts/Vitaly-Umansky/,07 Jun 2026
Jason Celino,2433,https://stockanalysis.com/analysts/Jason-Celino/,31 Jul 2026
Pablo Singzon,2437,https://stockanalysis.com/analysts/Pablo-Singzon/,30 Jul 2026
Will Kirkness,2439,https://stockanalysis.com/analysts/Will-Kirkness/,29 Jun 2026
Ryan Merkel,2441,https://stockanalysis.com/analysts/Ryan-Merkel/,30 Jul 2026
Paul Knight,2442,https://stockanalysis.com/analysts/Paul-Knight/,02 Jul 2026
Christopher Raymond,2443,https://stockanalysis.com/analysts/Christopher-Raymond/,17 Jul 2026
David Lantz,2451,https://stockanalysis.com/analysts/David-Lantz/,30 Jul 2026
David Grossman,2455,https://stockanalysis.com/analysts/David-Grossman/,31 Jul 2026
Detlef Winckelmann,2460,https://stockanalysis.com/analysts/Detlef-Winckelmann/,31 Jul 2026
Sam Reid,2462,https://stockanalysis.com/analysts/Sam-Reid/,31 Jul 2026
Amit Dayal,2466,https://stockanalysis.com/analysts/Amit-Dayal/,30 Jul 2026
Robert Labick,2467,https://stockanalysis.com/analysts/Robert-Labick/,10 Dec 2025
Sam Eiber,2471,https://stockanalysis.com/analysts/Sam-Eiber/,31 Jul 2026
Ranjan Sharma,2472,https://stockanalysis.com/analysts/Ranjan-Sharma/,02 Jul 2026
Michael Cyprys,2473,https://stockanalysis.com/analysts/Michael-Cyprys/,29 Jul 2026
Rayna Kumar,2474,https://stockanalysis.com/analysts/Rayna-Kumar/,29 Jul 2026
Nicholas Amicucci,2476,https://stockanalysis.com/analysts/Nicholas-Amicucci/,30 Jul 2026
Lilyanna Yang,2481,https://stockanalysis.com/analysts/Lilyanna-Yang/,26 May 2026
Glenn Chin,2484,https://stockanalysis.com/analysts/Glenn-Chin/,02 Aug 2026
Richard Sunderland,2486,https://stockanalysis.com/analysts/Richard-Sunderland/,31 Jul 2026
Rodrigo Alcantara,2490,https://stockanalysis.com/analysts/Rodrigo-Alcantara/,14 Jul 2026
Luke Junk,2493,https://stockanalysis.com/analysts/Luke-Junk/,30 Jul 2026
Jason Cassorla,2498,https://stockanalysis.com/analysts/Jason-Cassorla/,30 Jul 2026
Daniel Mckenzie,2499,https://stockanalysis.com/analysts/Daniel-Mckenzie/,21 Jun 2026
Robin Zhu,2509,https://stockanalysis.com/analysts/Robin-Zhu/,13 Jul 2026
Gena Wang,2510,https://stockanalysis.com/analysts/Gena-Wang/,28 May 2026
Austin Moeller,2511,https://stockanalysis.com/analysts/Austin-Moeller/,28 Jul 2026
George Gianarikas,2512,https://stockanalysis.com/analysts/George-Gianarikas/,30 Jul 2026
Michael Cho,2516,https://stockanalysis.com/analysts/Michael-Cho/,31 Jul 2026
Chris Muller,2518,https://stockanalysis.com/analysts/Chris-Muller/,14 May 2026
Richard Vosser,2519,https://stockanalysis.com/analysts/Richard-Vosser/,31 Jul 2026
Sebastian Sandler,2520,https://stockanalysis.com/analysts/Sebastian-Sandler/,30 Jul 2026
Joanne Wuensch,2523,https://stockanalysis.com/analysts/Joanne-Wuensch/,31 Jul 2026
Mark Palmer,2528,https://stockanalysis.com/analysts/Mark-Palmer/,31 Jul 2026
Emma Schwartz,2529,https://stockanalysis.com/analysts/Emma-Schwartz/,10 Jul 2026
Zhihan Ma,2533,https://stockanalysis.com/analysts/Zhihan-Ma/,31 Jul 2026
Peyton Dorne,2535,https://stockanalysis.com/analysts/Peyton-Dorne/,27 Jul 2026
Matthew Hershenhorn,2543,https://stockanalysis.com/analysts/Matthew-Hershenhorn/,22 May 2026
Vikram Malhotra,2544,https://stockanalysis.com/analysts/Vikram-Malhotra/,28 Jul 2026
Martijn Rats,2550,https://stockanalysis.com/analysts/Martijn-Rats/,10 Jul 2026
Wyatt Swanson,2553,https://stockanalysis.com/analysts/Wyatt-Swanson/,31 Jul 2026
Karl Shepard,2554,https://stockanalysis.com/analysts/Karl-Shepard/,30 Jul 2026
Asthika Goonewardene,2560,https://stockanalysis.com/analysts/Asthika-Goonewardene/,22 Jun 2026
Nitin Bansal,2562,https://stockanalysis.com/analysts/Nitin-Bansal/,16 Jul 2026
James Gordon,2566,https://stockanalysis.com/analysts/James-Gordon/,11 Mar 2026
Michael Sarcone,2568,https://stockanalysis.com/analysts/Michael-Sarcone/,31 Jul 2026
Alex Yao,2569,https://stockanalysis.com/analysts/Alex-Yao/,28 Jul 2026
Manav Patnaik,2573,https://stockanalysis.com/analysts/Manav-Patnaik/,31 Jul 2026
Andrew Lazar,2574,https://stockanalysis.com/analysts/Andrew-Lazar/,30 Jul 2026
David Begleiter,2575,https://stockanalysis.com/analysts/David-Begleiter/,31 Jul 2026
Daniel Grosslight,2576,https://stockanalysis.com/analysts/Daniel-Grosslight/,29 Jul 2026
Natalya Davies,2577,https://stockanalysis.com/analysts/Natalya-Davies/,17 Apr 2026
Ed Vyvyan,2582,https://stockanalysis.com/analysts/Ed-Vyvyan/,27 Feb 2026
Piyush Avasthy,2588,https://stockanalysis.com/analysts/Piyush-Avasthy/,31 Jul 2026
Paul Johnson,2598,https://stockanalysis.com/analysts/Paul-Johnson/,31 Jul 2026
James Shin,2604,https://stockanalysis.com/analysts/James-Shin/,07 May 2026
Emily Field,2608,https://stockanalysis.com/analysts/Emily-Field/,31 Jul 2026
Michael Legg,2609,https://stockanalysis.com/analysts/Michael-Legg/,03 Mar 2026
Timothy Zhao,2610,https://stockanalysis.com/analysts/Timothy-Zhao/,31 Jul 2026
Eli Jossen,2611,https://stockanalysis.com/analysts/Eli-Jossen/,22 Jul 2026
Gregg Orrill,2621,https://stockanalysis.com/analysts/Gregg-Orrill/,06 Jul 2026
Justin Zelin,2628,https://stockanalysis.com/analysts/Justin-Zelin/,02 Feb 2026
Ken Worthington,2640,https://stockanalysis.com/analysts/Ken-Worthington/,31 Jul 2026
Aaron Kimson,2648,https://stockanalysis.com/analysts/Aaron-Kimson/,31 Jul 2026
Eunice Lee,2651,https://stockanalysis.com/analysts/Eunice-Lee/,13 Jul 2026
Elizabeth Sun,2652,https://stockanalysis.com/analysts/Elizabeth-Sun/,24 Jul 2026
Patrick Baumann,2663,https://stockanalysis.com/analysts/Patrick-Baumann/,18 May 2026
Michael Goldie,2665,https://stockanalysis.com/analysts/Michael-Goldie/,29 Jul 2026
Michael Montani,2667,https://stockanalysis.com/analysts/Michael-Montani/,30 Jul 2026
Julien Blouin,2682,https://stockanalysis.com/analysts/Julien-Blouin/,30 Jul 2026
Ryland Conrad,2687,https://stockanalysis.com/analysts/Ryland-Conrad/,30 Jul 2026
Tina Hou,2693,https://stockanalysis.com/analysts/Tina-Hou/,13 Jul 2026
Adam Frisch,2698,https://stockanalysis.com/analysts/Adam-Frisch/,27 Jul 2026
Randal Konik,2703,https://stockanalysis.com/analysts/Randal-Konik/,09 Jul 2026
Avinatan Jaroslawicz,2705,https://stockanalysis.com/analysts/Avinatan-Jaroslawicz/,31 Jul 2026
Patrick Cunningham,2708,https://stockanalysis.com/analysts/Patrick-Cunningham/,31 Jul 2026
Aravinda Galappatthige,2711,https://stockanalysis.com/analysts/Aravinda-Galappatthige/,16 Jul 2026
Wei Fang,2716,https://stockanalysis.com/analysts/Wei-Fang/,29 Jul 2026
Timothy Hoff,2721,https://stockanalysis.com/analysts/Timothy-Hoff/,02 Aug 2026
Michael Gaugler,2725,https://stockanalysis.com/analysts/Michael-Gaugler/,24 Nov 2025
Terry Ma,2726,https://stockanalysis.com/analysts/Terry-Ma/,31 Jul 2026
Jackson Ader,2727,https://stockanalysis.com/analysts/Jackson-Ader/,30 Jul 2026
Gaurav Mehta,2730,https://stockanalysis.com/analysts/Gaurav-Mehta/,29 Jul 2026
Nafeesa Gupta,2737,https://stockanalysis.com/analysts/Nafeesa-Gupta/,30 Jul 2026
Tasso Vasconcellos,2739,https://stockanalysis.com/analysts/Tasso-Vasconcellos/,27 May 2026
Andrew Spinola,2740,https://stockanalysis.com/analysts/Andrew-Spinola/,20 May 2026
Narumi Nakagiri,2744,https://stockanalysis.com/analysts/Narumi-Nakagiri/,14 May 2026
Joanna Gajuk,2745,https://stockanalysis.com/analysts/Joanna-Gajuk/,29 Jul 2026
Jeffrey Meuler,2746,https://stockanalysis.com/analysts/Jeffrey-Meuler/,30 Jul 2026
Praneeth Satish,2749,https://stockanalysis.com/analysts/Praneeth-Satish/,31 Jul 2026
William Plovanic,2751,https://stockanalysis.com/analysts/William-Plovanic/,30 Jul 2026
James Sidoti,2752,https://stockanalysis.com/analysts/James-Sidoti/,06 May 2026
Emily Ericksen,2753,https://stockanalysis.com/analysts/Emily-Ericksen/,20 Feb 2026
Nathan Feather,2756,https://stockanalysis.com/analysts/Nathan-Feather/,17 Jul 2026
Lizzie Dove,2763,https://stockanalysis.com/analysts/Lizzie-Dove/,31 Jul 2026
Eliana Merle,2765,https://stockanalysis.com/analysts/Eliana-Merle/,31 Jul 2026
Keegan Cox,2770,https://stockanalysis.com/analysts/Keegan-Cox/,21 Jul 2026
Kendall Toscano,2772,https://stockanalysis.com/analysts/Kendall-Toscano/,31 Jul 2026
Jonathan Keypour,2773,https://stockanalysis.com/analysts/Jonathan-Keypour/,29 Jul 2026
Brooke Roach,2783,https://stockanalysis.com/analysts/Brooke-Roach/,31 Jul 2026
Paul Rossington,2789,https://stockanalysis.com/analysts/Paul-Rossington/,02 Jun 2026
Dennis Geiger,2792,https://stockanalysis.com/analysts/Dennis-Geiger/,30 Jul 2026
Ross MacDonald,2796,https://stockanalysis.com/analysts/Ross-MacDonald/,09 Jul 2026
Mikhail Goberman,2800,https://stockanalysis.com/analysts/Mikhail-Goberman/,29 Jul 2026
Christine Cho,2801,https://stockanalysis.com/analysts/Christine-Cho/,14 May 2026
Helena Wang,2802,https://stockanalysis.com/analysts/Helena-Wang/,20 Jul 2026
Surinder Thind,2804,https://stockanalysis.com/analysts/Surinder-Thind/,30 Jul 2026
John Kim,2812,https://stockanalysis.com/analysts/John-Kim/,30 Jul 2026
Ravi Shanker,2813,https://stockanalysis.com/analysts/Ravi-Shanker/,31 Jul 2026
Filippo Falorni,2817,https://stockanalysis.com/analysts/Filippo-Falorni/,30 Jul 2026
Trevor Romeo,2822,https://stockanalysis.com/analysts/Trevor-Romeo/,30 Jul 2026
Daniel Jester,2826,https://stockanalysis.com/analysts/Daniel-Jester/,30 Jul 2026
Alfonso Salazar,2830,https://stockanalysis.com/analysts/Alfonso-Salazar/,31 Jul 2026
Carly Davenport,2833,https://stockanalysis.com/analysts/Carly-Davenport/,30 Jul 2026
Andre Salles,2851,https://stockanalysis.com/analysts/Andre-Salles/,01 May 2026
Lucas Ferreira,2867,https://stockanalysis.com/analysts/Lucas-Ferreira/,28 Jul 2026
Eddie Kim,2868,https://stockanalysis.com/analysts/Eddie-Kim/,31 Jul 2026
Mikhail Paramonov,2871,https://stockanalysis.com/analysts/Mikhail-Paramonov/,17 Jul 2026
William Pickering,2875,https://stockanalysis.com/analysts/William-Pickering/,13 May 2026
John Davis,2880,https://stockanalysis.com/analysts/John-Davis/,31 Jul 2026
Vikram Kesavabhotla,2883,https://stockanalysis.com/analysts/Vikram-Kesavabhotla/,22 Jul 2026
Anderson Schock,2891,https://stockanalysis.com/analysts/Anderson-Schock/,30 Jul 2026
Kelly Crago,2897,https://stockanalysis.com/analysts/Kelly-Crago/,12 May 2026
James Friedman,2898,https://stockanalysis.com/analysts/James-Friedman/,31 Jul 2026
Anthony Elian,2906,https://stockanalysis.com/analysts/Anthony-Elian/,31 Jul 2026
David Roman,2907,https://stockanalysis.com/analysts/David-Roman/,15 Jul 2026
Ilya Zubkov,2908,https://stockanalysis.com/analysts/Ilya-Zubkov/,16 Jul 2026
Roger Song,2909,https://stockanalysis.com/analysts/Roger-Song/,31 Jul 2026
Ricardo Alves,2913,https://stockanalysis.com/analysts/Ricardo-Alves/,25 May 2026
Susan Maklari,2923,https://stockanalysis.com/analysts/Susan-Maklari/,31 Jul 2026
Judith Elliott,2925,https://stockanalysis.com/analysts/Judith-Elliott/,01 Apr 2026
Sathish Kasinathan,2926,https://stockanalysis.com/analysts/Sathish-Kasinathan/,30 Jul 2026
Firoz Valliji,2941,https://stockanalysis.com/analysts/Firoz-Valliji/,08 May 2026
Andrew Andersen,2942,https://stockanalysis.com/analysts/Andrew-Andersen/,31 Jul 2026
Michael Ulz,2943,https://stockanalysis.com/analysts/Michael-Ulz/,31 Jul 2026
Amy Li,2957,https://stockanalysis.com/analysts/Amy-Li/,11 May 2026
Ashish Sabadra,2963,https://stockanalysis.com/analysts/Ashish-Sabadra/,30 Jul 2026
Phani Kanumuri,2964,https://stockanalysis.com/analysts/Phani-Kanumuri/,27 Apr 2026
Maheep Mandloi,2968,https://stockanalysis.com/analysts/Maheep-Mandloi/,30 Jul 2026
Arun Viswanathan,2972,https://stockanalysis.com/analysts/Arun-Viswanathan/,31 Jul 2026
Samantha Hoh,2973,https://stockanalysis.com/analysts/Samantha-Hoh/,22 Apr 2026
Chris Luyckx,2980,https://stockanalysis.com/analysts/Chris-Luyckx/,23 Apr 2026
Max Gumport,2982,https://stockanalysis.com/analysts/Max-Gumport/,09 Apr 2026
Clark Wright,2984,https://stockanalysis.com/analysts/Clark-Wright/,31 Jul 2026
Andrew Marok,2985,https://stockanalysis.com/analysts/Andrew-Marok/,17 Jul 2026
Laurence Alexander,2991,https://stockanalysis.com/analysts/Laurence-Alexander/,31 Jul 2026
Ryan Gravett,2993,https://stockanalysis.com/analysts/Ryan-Gravett/,22 Jul 2026
Arpine Kocharyan,2998,https://stockanalysis.com/analysts/Arpine-Kocharyan/,27 Jul 2026
Farzin Haque,3002,https://stockanalysis.com/analysts/Farzin-Haque/,29 Mar 2026
Vik Chopra,3003,https://stockanalysis.com/analysts/Vik-Chopra/,31 Jul 2026
Angel Castillo,3009,https://stockanalysis.com/analysts/Angel-Castillo/,30 Jul 2026
David Bellinger,3010,https://stockanalysis.com/analysts/David-Bellinger/,28 Jul 2026
Judy Zhang,3014,https://stockanalysis.com/analysts/Judy-Zhang/,03 Jun 2026
Jamie Clark,3019,https://stockanalysis.com/analysts/Jamie-Clark/,17 Feb 2026
Nik Modi,3023,https://stockanalysis.com/analysts/Nik-Modi/,31 Jul 2026
Sara Senatore,3024,https://stockanalysis.com/analysts/Sara-Senatore/,30 Jul 2026
Alec Brondolo,3026,https://stockanalysis.com/analysts/Alec-Brondolo/,31 Jul 2026
John Choi,3027,https://stockanalysis.com/analysts/John-Choi/,24 Jun 2026
John Zamparo,3037,https://stockanalysis.com/analysts/John-Zamparo/,31 Jul 2026
Ashley Wallace,3050,https://stockanalysis.com/analysts/Ashley-Wallace/,22 May 2026
Winnie Dong,3051,https://stockanalysis.com/analysts/Winnie-Dong/,27 Apr 2026
Eric Boyes,3053,https://stockanalysis.com/analysts/Eric-Boyes/,30 Jul 2026
Luke Morison,3056,https://stockanalysis.com/analysts/Luke-Morison/,29 Jun 2026
Peter McGoldrick,3061,https://stockanalysis.com/analysts/Peter-McGoldrick/,31 Jul 2026
Leonardo Olmos,3062,https://stockanalysis.com/analysts/Leonardo-Olmos/,14 Jul 2026
Bradley Sills,3064,https://stockanalysis.com/analysts/Bradley-Sills/,12 Mar 2026
James Kirby,3065,https://stockanalysis.com/analysts/James-Kirby/,31 Jul 2026
Pujarini Ghosh,3069,https://stockanalysis.com/analysts/Pujarini-Ghosh/,17 Jul 2026
Laura Sutcliffe,3085,https://stockanalysis.com/analysts/Laura-Sutcliffe/,29 Jul 2026
Faham Baig,3091,https://stockanalysis.com/analysts/Faham-Baig/,23 Jul 2026
Daria Nasledysheva,3107,https://stockanalysis.com/analysts/Daria-Nasledysheva/,24 Jul 2026
Leo Carrington,3113,https://stockanalysis.com/analysts/Leo-Carrington/,27 Jul 2026
Samantha Semenkow,3114,https://stockanalysis.com/analysts/Samantha-Semenkow/,31 Jul 2026
Bob Huang,3117,https://stockanalysis.com/analysts/Bob-Huang/,30 Jul 2026
Benjamin Burnett,3119,https://stockanalysis.com/analysts/Benjamin-Burnett/,31 Jul 2026
David Saxon,3121,https://stockanalysis.com/analysts/David-Saxon/,30 Jul 2026
Abhishek Shukla,3129,https://stockanalysis.com/analysts/Abhishek-Shukla/,14 Jul 2026
Vijay Jayant,3130,https://stockanalysis.com/analysts/Vijay-Jayant/,08 May 2026
Catharine Trebnick,3134,https://stockanalysis.com/analysts/Catharine-Trebnick/,30 Jul 2026
Scott Fletcher,3135,https://stockanalysis.com/analysts/Scott-Fletcher/,31 Jul 2026
Duksan Jang,3142,https://stockanalysis.com/analysts/Duksan-Jang/,26 Jun 2026
Dina Ramadane,3144,https://stockanalysis.com/analysts/Dina-Ramadane/,07 Jul 2026
Scott Wurtzel,3146,https://stockanalysis.com/analysts/Scott-Wurtzel/,29 Jul 2026
Bhavin Shah,3152,https://stockanalysis.com/analysts/Bhavin-Shah/,08 May 2026
Edward Tenthoff,3153,https://stockanalysis.com/analysts/Edward-Tenthoff/,31 Jul 2026
Steve Byrne,3162,https://stockanalysis.com/analysts/Steve-Byrne/,08 Jan 2026
Alexander Perry,3163,https://stockanalysis.com/analysts/Alexander-Perry/,30 Jul 2026
Alex Kania,3168,https://stockanalysis.com/analysts/Alex-Kania/,31 Jul 2026
Neal Burk,3179,https://stockanalysis.com/analysts/Neal-Burk/,28 May 2026
Austin Wang,3181,https://stockanalysis.com/analysts/Austin-Wang/,15 Jul 2026
Hong Zhang,3189,https://stockanalysis.com/analysts/Hong-Zhang/,29 Jun 2026
Marvin Fong,3195,https://stockanalysis.com/analysts/Marvin-Fong/,30 Jul 2026
Steven Shemesh,3197,https://stockanalysis.com/analysts/Steven-Shemesh/,30 Jul 2026
Niall Alexander,3199,https://stockanalysis.com/analysts/Niall-Alexander/,22 Jun 2026
Lu Li,3207,https://stockanalysis.com/analysts/Lu-Li/,07 May 2026
Carlos Peyrelongue,3212,https://stockanalysis.com/analysts/Carlos-Peyrelongue/,24 Jul 2026
Lisa Walter,3222,https://stockanalysis.com/analysts/Lisa-Walter/,30 Jul 2026
Martin Jungfleisch,3236,https://stockanalysis.com/analysts/Martin-Jungfleisch/,09 Jul 2026
Samad Samana,3245,https://stockanalysis.com/analysts/Samad-Samana/,02 Aug 2026
Anna Lizzul,3250,https://stockanalysis.com/analysts/Anna-Lizzul/,17 Jul 2026
Eric Hagen,3252,https://stockanalysis.com/analysts/Eric-Hagen/,30 Apr 2026
Harry Bartlett,3254,https://stockanalysis.com/analysts/Harry-Bartlett/,28 Jan 2026
Toni Kaplan,3258,https://stockanalysis.com/analysts/Toni-Kaplan/,31 Jul 2026
Louis Raffetto,3278,https://stockanalysis.com/analysts/Louis-Raffetto/,29 Jan 2026
Gustavo Schroden,3287,https://stockanalysis.com/analysts/Gustavo-Schroden/,12 Jun 2026
Noah Hungness,3301,https://stockanalysis.com/analysts/Noah-Hungness/,27 Apr 2026
Seyon Park,3311,https://stockanalysis.com/analysts/Seyon-Park/,17 Jul 2026
Bart Dziarski,3318,https://stockanalysis.com/analysts/Bart-Dziarski/,31 Jul 2026
Julien Roch,3323,https://stockanalysis.com/analysts/Julien-Roch/,30 Jul 2026
Trevor Allinson,3336,https://stockanalysis.com/analysts/Trevor-Allinson/,29 Jul 2026
Steven Zaccone,3338,https://stockanalysis.com/analysts/Steven-Zaccone/,22 Jul 2026
Gary Nachman,3339,https://stockanalysis.com/analysts/Gary-Nachman/,30 Jul 2026
Rock Hoffman,3340,https://stockanalysis.com/analysts/Rock-Hoffman/,02 Apr 2026
Ryan Brinkman,3343,https://stockanalysis.com/analysts/Ryan-Brinkman/,14 Jul 2026
Matt Koranda,3353,https://stockanalysis.com/analysts/Matt-Koranda/,31 Jul 2026
Griffin Bryan,3357,https://stockanalysis.com/analysts/Griffin-Bryan/,06 Jul 2026
Jordan Bender,3363,https://stockanalysis.com/analysts/Jordan-Bender/,31 Jul 2026
Hoang Nguyen,3368,https://stockanalysis.com/analysts/Hoang-Nguyen/,31 Jul 2026
Trevor Williams,3370,https://stockanalysis.com/analysts/Trevor-Williams/,09 Feb 2026
Aidan Kelly,3372,https://stockanalysis.com/analysts/Aidan-Kelly/,16 Jul 2026
Warren Ackerman,3373,https://stockanalysis.com/analysts/Warren-Ackerman/,29 Jul 2026
Joseph Giordano,3376,https://stockanalysis.com/analysts/Joseph-Giordano/,21 Jul 2026
Seth Bergey,3381,https://stockanalysis.com/analysts/Seth-Bergey/,23 Jun 2026
Kemp Dolliver,3392,https://stockanalysis.com/analysts/Kemp-Dolliver/,28 Jul 2026
Alberto Valerio,3401,https://stockanalysis.com/analysts/Alberto-Valerio/,25 May 2026
Vince Valentini,3413,https://stockanalysis.com/analysts/Vince-Valentini/,23 Jul 2026
Michael Ng,3420,https://stockanalysis.com/analysts/Michael-Ng/,31 Jul 2026
Alexander Hess,3427,https://stockanalysis.com/analysts/Alexander-Hess/,22 Jul 2026
Edward Lewis,3449,https://stockanalysis.com/analysts/Edward-Lewis/,16 Jun 2026
Anne Samuel,3450,https://stockanalysis.com/analysts/Anne-Samuel/,06 Feb 2026
Nathan Stein,3473,https://stockanalysis.com/analysts/Nathan-Stein/,19 Dec 2025
Filipe Nielsen,3474,https://stockanalysis.com/analysts/Filipe-Nielsen/,17 Mar 2026
Alexandria Hammond,3478,https://stockanalysis.com/analysts/Alexandria-Hammond/,21 May 2026
Thiago Bortoluci,3479,https://stockanalysis.com/analysts/Thiago-Bortoluci/,29 May 2026
Kevin Fischbeck,3507,https://stockanalysis.com/analysts/Kevin-Fischbeck/,30 Jul 2026
Dushyant Ailani,3527,https://stockanalysis.com/analysts/Dushyant-Ailani/,10 Jun 2026
Justin Bowers,3528,https://stockanalysis.com/analysts/Justin-Bowers/,30 Jul 2026
Simon Clinch,3530,https://stockanalysis.com/analysts/Simon-Clinch/,11 Jun 2026
Thomas Yeh,3549,https://stockanalysis.com/analysts/Thomas-Yeh/,07 May 2026
Spencer Hanus,3551,https://stockanalysis.com/analysts/Spencer-Hanus/,29 Jul 2026
Javier Escalante,3560,https://stockanalysis.com/analysts/Javier-Escalante/,23 Jul 2026
Cory Carpenter,3562,https://stockanalysis.com/analysts/Cory-Carpenter/,22 Jun 2026
Ami Probandt,3568,https://stockanalysis.com/analysts/Ami-Probandt/,14 May 2026
Derrick Wood,3577,https://stockanalysis.com/analysts/Derrick-Wood/,31 Jul 2026
Matt Roberts,3591,https://stockanalysis.com/analysts/Matt-Roberts/,22 Jul 2026
Richard Hightower,3602,https://stockanalysis.com/analysts/Richard-Hightower/,27 Jul 2026
Charlie Lederer,3613,https://stockanalysis.com/analysts/Charlie-Lederer/,29 Jul 2026
Robert Moskow,3617,https://stockanalysis.com/analysts/Robert-Moskow/,31 Jul 2026
Martin Malloy,3618,https://stockanalysis.com/analysts/Martin-Malloy/,05 Jan 2026
Parker Snure,3619,https://stockanalysis.com/analysts/Parker-Snure/,30 Jul 2026
Renata Cabral,3626,https://stockanalysis.com/analysts/Renata-Cabral/,31 Jul 2026
Romain Gourvil,3630,https://stockanalysis.com/analysts/Romain-Gourvil/,29 Jul 2026
Scott Buck,3633,https://stockanalysis.com/analysts/Scott-Buck/,31 Mar 2026
Anojja Shah,3639,https://stockanalysis.com/analysts/Anojja-Shah/,31 Jul 2026
Steven Valiquette,3641,https://stockanalysis.com/analysts/Steven-Valiquette/,28 Jul 2026
Matthew Coad,3649,https://stockanalysis.com/analysts/Matthew-Coad/,31 Jul 2026
Edward DeArias,3652,https://stockanalysis.com/analysts/Edward-DeArias/,29 Jul 2026
Adam Kramer,3670,https://stockanalysis.com/analysts/Adam-Kramer/,27 Jul 2026
Yiwen Zhang,3697,https://stockanalysis.com/analysts/Yiwen-Zhang/,06 May 2026
Frank Louthan,3701,https://stockanalysis.com/analysts/Frank-Louthan/,28 May 2026
Lucy Yu,3705,https://stockanalysis.com/analysts/Lucy-Yu/,23 Apr 2026
Ryan Langston,3712,https://stockanalysis.com/analysts/Ryan-Langston/,31 Jul 2026
Atul Maheswari,3718,https://stockanalysis.com/analysts/Atul-Maheswari/,29 Jul 2026
Martin Englert,3723,https://stockanalysis.com/analysts/Martin-Englert/,28 Apr 2026
Jamie Rollo,3724,https://stockanalysis.com/analysts/Jamie-Rollo/,30 Jul 2026
Michael Mueller,3725,https://stockanalysis.com/analysts/Michael-Mueller/,28 Jul 2026
Laurent Yoon,3726,https://stockanalysis.com/analysts/Laurent-Yoon/,29 Jul 2026
Lincoln Kong,3732,https://stockanalysis.com/analysts/Lincoln-Kong/,29 Jun 2026
Jorge Kuri,3739,https://stockanalysis.com/analysts/Jorge-Kuri/,26 Jun 2026
Andrew Schmitt,3743,https://stockanalysis.com/analysts/Andrew-Schmitt/,31 Jul 2026
Caitlin Burrows,3748,https://stockanalysis.com/analysts/Caitlin-Burrows/,31 Jul 2026
Ella Smith,3749,https://stockanalysis.com/analysts/Ella-Smith/,30 Jul 2026
Jason Helfstein,3750,https://stockanalysis.com/analysts/Jason-Helfstein/,31 Jul 2026
Neha Agarwala,3752,https://stockanalysis.com/analysts/Neha-Agarwala/,04 Mar 2026
Adam Hotchkiss,3761,https://stockanalysis.com/analysts/Adam-Hotchkiss/,31 Jul 2026
Roanna Ruiz,3765,https://stockanalysis.com/analysts/Roanna-Ruiz/,13 Jul 2026
Michael Fairbanks,3767,https://stockanalysis.com/analysts/Michael-Fairbanks/,30 Jul 2026
Ben Klieve,3775,https://stockanalysis.com/analysts/Ben-Klieve/,22 Jul 2026
Rashad Kawan,3781,https://stockanalysis.com/analysts/Rashad-Kawan/,24 Apr 2026
Mario Pierry,3783,https://stockanalysis.com/analysts/Mario-Pierry/,30 Jul 2026
Tomohiko Sano,3792,https://stockanalysis.com/analysts/Tomohiko-Sano/,31 Jul 2026
Chasen Bender,3805,https://stockanalysis.com/analysts/Chasen-Bender/,24 Feb 2026
Kenneth Fong,3807,https://stockanalysis.com/analysts/Kenneth-Fong/,18 Mar 2026
Sergio Segura,3808,https://stockanalysis.com/analysts/Sergio-Segura/,30 Jul 2026
Michael Nedelcovych,3809,https://stockanalysis.com/analysts/Michael-Nedelcovych/,13 Jul 2026
Fulvio Cazzol,3819,https://stockanalysis.com/analysts/Fulvio-Cazzol/,27 May 2026
Matthew Lofting,3831,https://stockanalysis.com/analysts/Matthew-Lofting/,31 Jul 2026
Olivia Brayer,3834,https://stockanalysis.com/analysts/Olivia-Brayer/,29 Jul 2026
David Mak,3835,https://stockanalysis.com/analysts/David-Mak/,29 Jun 2026
Kaumil Gajrawala,3837,https://stockanalysis.com/analysts/Kaumil-Gajrawala/,29 Jul 2026
John Stansel,3839,https://stockanalysis.com/analysts/John-Stansel/,28 Jul 2026
Julian Radlinger,3843,https://stockanalysis.com/analysts/Julian-Radlinger/,23 Jul 2026
Andrea Pistacchi,3845,https://stockanalysis.com/analysts/Andrea-Pistacchi/,28 Jul 2026
Nadine Sarwat,3851,https://stockanalysis.com/analysts/Nadine-Sarwat/,20 Jul 2026
Michael Toomey,3852,https://stockanalysis.com/analysts/Michael-Toomey/,16 Jul 2026
Sean McGowan,3858,https://stockanalysis.com/analysts/Sean-McGowan/,27 Jul 2026
Paul Jeng,3874,https://stockanalysis.com/analysts/Paul-Jeng/,14 Jul 2026
Gregory Williams,3882,https://stockanalysis.com/analysts/Gregory-Williams/,31 Jul 2026
Daniel Moore,3889,https://stockanalysis.com/analysts/Daniel-Moore/,27 May 2026
Ryan Tunis,3895,https://stockanalysis.com/analysts/Ryan-Tunis/,30 Jul 2026
Brian Harbour,3898,https://stockanalysis.com/analysts/Brian-Harbour/,31 Jul 2026
Megan Alexander,3901,https://stockanalysis.com/analysts/Megan-Alexander/,24 Jun 2026
Taylor Manley,3904,https://stockanalysis.com/analysts/Taylor-Manley/,29 Jul 2026
Carlos Laboy,3907,https://stockanalysis.com/analysts/Carlos-Laboy/,28 Jul 2026
Chris Quintero,3909,https://stockanalysis.com/analysts/Chris-Quintero/,31 Jul 2026
Brett Fishbin,3914,https://stockanalysis.com/analysts/Brett-Fishbin/,02 Jul 2026
Matheus Enfeldt,3919,https://stockanalysis.com/analysts/Matheus-Enfeldt/,20 Jul 2026
Anthony Trainor,3921,https://stockanalysis.com/analysts/Anthony-Trainor/,27 Jul 2026
Brendan Lynch,3922,https://stockanalysis.com/analysts/Brendan-Lynch/,31 Jul 2026
Peter Grom,3933,https://stockanalysis.com/analysts/Peter-Grom/,31 Jul 2026
Jared Levine,3936,https://stockanalysis.com/analysts/Jared-Levine/,30 Jul 2026
Chad Larkin,3941,https://stockanalysis.com/analysts/Chad-Larkin/,08 May 2026
Fan Tso,3955,https://stockanalysis.com/analysts/Fan-Tso/,26 May 2026
Tito Labarta,3958,https://stockanalysis.com/analysts/Tito-Labarta/,30 Jul 2026
Ryan Kenny,3959,https://stockanalysis.com/analysts/Ryan-Kenny/,30 Jul 2026
Craig Kennison,3967,https://stockanalysis.com/analysts/Craig-Kennison/,31 Jul 2026
Ned Baramov,3973,https://stockanalysis.com/analysts/Ned-Baramov/,13 May 2026
Rick Wise,3978,https://stockanalysis.com/analysts/Rick-Wise/,31 Jul 2026
Brian Holland,3980,https://stockanalysis.com/analysts/Brian-Holland/,31 Jul 2026
Brandon Folkes,3982,https://stockanalysis.com/analysts/Brandon-Folkes/,31 Jul 2026
Matthew Johnson,3987,https://stockanalysis.com/analysts/Matthew-Johnson/,30 Jul 2026
Andrew Polkowitz,3990,https://stockanalysis.com/analysts/Andrew-Polkowitz/,31 Jul 2026
Yi Chen,3991,https://stockanalysis.com/analysts/Yi-Chen/,31 Jul 2026
Derek Soderberg,3992,https://stockanalysis.com/analysts/Derek-Soderberg/,30 Jul 2026
Alexander Sklar,3998,https://stockanalysis.com/analysts/Alexander-Sklar/,22 Jul 2026
Chad Messer,4000,https://stockanalysis.com/analysts/Chad-Messer/,21 Jul 2026
David Chiaverini,4006,https://stockanalysis.com/analysts/David-Chiaverini/,23 Jul 2026
Lee Hambright,4007,https://stockanalysis.com/analysts/Lee-Hambright/,17 Jul 2026
Thomas Wendler,4009,https://stockanalysis.com/analysts/Thomas-Wendler/,30 Jul 2026
Matthew Cost,4018,https://stockanalysis.com/analysts/Matthew-Cost/,31 Jul 2026
Estelle Weingrod,4020,https://stockanalysis.com/analysts/Estelle-Weingrod/,29 Jul 2026
Ekaterina Knyazkova,4024,https://stockanalysis.com/analysts/Ekaterina-Knyazkova/,12 Jun 2026
Daniela Haigian,4025,https://stockanalysis.com/analysts/Daniela-Haigian/,30 Jul 2026
Graham Doyle,4031,https://stockanalysis.com/analysts/Graham-Doyle/,31 Jul 2026
Cameron McVeigh,4038,https://stockanalysis.com/analysts/Cameron-McVeigh/,31 Jul 2026
Thomas Palmer,4040,https://stockanalysis.com/analysts/Thomas-Palmer/,31 Jul 2026
Stephanie Piazzola,4045,https://stockanalysis.com/analysts/Stephanie-Piazzola/,13 May 2026
Michael Ha,4049,https://stockanalysis.com/analysts/Michael-Ha/,31 Jul 2026
Andrew Harte,4056,https://stockanalysis.com/analysts/Andrew-Harte/,31 Jul 2026
Kevin Dede,4066,https://stockanalysis.com/analysts/Kevin-Dede/,09 Apr 2026
Eric Serotta,4075,https://stockanalysis.com/analysts/Eric-Serotta/,31 Jul 2026
Michael DiFiore,4076,https://stockanalysis.com/analysts/Michael-DiFiore/,07 May 2026
Mayank Tandon,4077,https://stockanalysis.com/analysts/Mayank-Tandon/,31 Jul 2026
Nathan Treybeck,4080,https://stockanalysis.com/analysts/Nathan-Treybeck/,08 Jul 2026
Mason Carrico,4083,https://stockanalysis.com/analysts/Mason-Carrico/,23 Jul 2026
Akshay Gupta,4085,https://stockanalysis.com/analysts/Akshay-Gupta/,13 Apr 2026
Peter Christiansen,4088,https://stockanalysis.com/analysts/Peter-Christiansen/,31 Jul 2026
Arjun Bhatia,4090,https://stockanalysis.com/analysts/Arjun-Bhatia/,31 Jul 2026
Christian Carlino,4094,https://stockanalysis.com/analysts/Christian-Carlino/,12 Nov 2025
Clarke Jeffries,4106,https://stockanalysis.com/analysts/Clarke-Jeffries/,31 Jul 2026
Greg Parrish,4109,https://stockanalysis.com/analysts/Greg-Parrish/,31 Jul 2026
Paul Kearney,4113,https://stockanalysis.com/analysts/Paul-Kearney/,04 Nov 2025
Alton Stump,4115,https://stockanalysis.com/analysts/Alton-Stump/,04 Jun 2026
Andrew Cooper,4118,https://stockanalysis.com/analysts/Andrew-Cooper/,15 Jul 2026
Kostas Biliouris,4126,https://stockanalysis.com/analysts/Kostas-Biliouris/,31 Jul 2026
Danilo Gargiulo,4132,https://stockanalysis.com/analysts/Danilo-Gargiulo/,31 Jul 2026
Batya Levi,4134,https://stockanalysis.com/analysts/Batya-Levi/,28 Jul 2026
Wahid Amin,4139,https://stockanalysis.com/analysts/Wahid-Amin/,17 Feb 2026
Craig Moffett,4145,https://stockanalysis.com/analysts/Craig-Moffett/,08 Apr 2026
Jason Stewart,4147,https://stockanalysis.com/analysts/Jason-Stewart/,17 Jul 2026
Nick Lai,4153,https://stockanalysis.com/analysts/Nick-Lai/,14 Jul 2026
Alex Bond,4154,https://stockanalysis.com/analysts/Alex-Bond/,30 Jul 2026
Siti Panigrahi,4161,https://stockanalysis.com/analysts/Siti-Panigrahi/,28 Jul 2026
Nate Svensson,4162,https://stockanalysis.com/analysts/Nate-Svensson/,10 Jul 2026
Brendan Sproules,4170,https://stockanalysis.com/analysts/Brendan-Sproules/,03 Jul 2026
Matt Ma,4179,https://stockanalysis.com/analysts/Matt-Ma/,13 May 2026
Todd Brooks,4188,https://stockanalysis.com/analysts/Todd-Brooks/,31 Jul 2026
Jack Lin,4191,https://stockanalysis.com/analysts/Jack-Lin/,28 May 2026
Zachary Silverberg,4199,https://stockanalysis.com/analysts/Zachary-Silverberg/,30 Jul 2026
Patrick Wood,4201,https://stockanalysis.com/analysts/Patrick-Wood/,30 Jul 2026
Luca Issi,4203,https://stockanalysis.com/analysts/Luca-Issi/,30 Jul 2026
Robert Oliver,4209,https://stockanalysis.com/analysts/Robert-Oliver/,31 Jul 2026
Kyle Peterson,4211,https://stockanalysis.com/analysts/Kyle-Peterson/,31 Jul 2026
Noah Zatzkin,4217,https://stockanalysis.com/analysts/Noah-Zatzkin/,31 Jul 2026
Samuel Nielsen,4223,https://stockanalysis.com/analysts/Samuel-Nielsen/,15 Jul 2026
Salvator Tiano,4225,https://stockanalysis.com/analysts/Salvator-Tiano/,30 Jun 2026
Mani Foroohar,4230,https://stockanalysis.com/analysts/Mani-Foroohar/,04 Jun 2026
Tom White,4231,https://stockanalysis.com/analysts/Tom-White/,02 Jul 2026
Matthew Swanson,4238,https://stockanalysis.com/analysts/Matthew-Swanson/,29 Jul 2026
James West,4241,https://stockanalysis.com/analysts/James-West/,16 Jun 2026
Vasundhara Govil,4258,https://stockanalysis.com/analysts/Vasundhara-Govil/,31 Jul 2026
Jessica Tassan,4259,https://stockanalysis.com/analysts/Jessica-Tassan/,30 Jul 2026
Ameet Thakkar,4264,https://stockanalysis.com/analysts/Ameet-Thakkar/,31 Jul 2026
Marco Limite,4267,https://stockanalysis.com/analysts/Marco-Limite/,24 Jul 2026
Gerald Pascarelli,4273,https://stockanalysis.com/analysts/Gerald-Pascarelli/,31 Jul 2026
Kevin Krishnaratne,4285,https://stockanalysis.com/analysts/Kevin-Krishnaratne/,31 Jul 2026
Charles Nabhan,4286,https://stockanalysis.com/analysts/Charles-Nabhan/,08 May 2026
Stan Berenshteyn,4293,https://stockanalysis.com/analysts/Stan-Berenshteyn/,30 Jul 2026
Ed Engel,4296,https://stockanalysis.com/analysts/Ed-Engel/,02 Aug 2026
Nik Cremo,4297,https://stockanalysis.com/analysts/Nik-Cremo/,31 Jul 2026
Robert Farnam,4300,https://stockanalysis.com/analysts/Robert-Farnam/,25 Mar 2026
Jack Matten,4302,https://stockanalysis.com/analysts/Jack-Matten/,28 Jul 2026
Trevor Young,4308,https://stockanalysis.com/analysts/Trevor-Young/,11 Jun 2026
Jeff Chung,4312,https://stockanalysis.com/analysts/Jeff-Chung/,31 Jul 2026
Michael Okunewitch,4313,https://stockanalysis.com/analysts/Michael-Okunewitch/,17 Jul 2026
George Kurosawa,4314,https://stockanalysis.com/analysts/George-Kurosawa/,29 Jul 2026
Ashley Owens,4317,https://stockanalysis.com/analysts/Ashley-Owens/,31 Jul 2026
Jason Tilchen,4319,https://stockanalysis.com/analysts/Jason-Tilchen/,07 Jul 2026
Logan Reich,4323,https://stockanalysis.com/analysts/Logan-Reich/,30 Jul 2026
Lucky Schreiner,4328,https://stockanalysis.com/analysts/Lucky-Schreiner/,31 Jul 2026
Casey Ryan,4329,https://stockanalysis.com/analysts/Casey-Ryan/,08 Jan 2026
Michael Sison,4333,https://stockanalysis.com/analysts/Michael-Sison/,31 Jul 2026
Ben Haynor,4335,https://stockanalysis.com/analysts/Ben-Haynor/,09 Jul 2026
Matthew Hurwit,4344,https://stockanalysis.com/analysts/Matthew-Hurwit/,25 Mar 2026
Andrea Tan,4353,https://stockanalysis.com/analysts/Andrea-Tan/,05 Feb 2026
Michael Turrin,4354,https://stockanalysis.com/analysts/Michael-Turrin/,29 Jul 2026
Bryan Bergin,4355,https://stockanalysis.com/analysts/Bryan-Bergin/,31 Jul 2026
Jason Bednar,4356,https://stockanalysis.com/analysts/Jason-Bednar/,31 Jul 2026
Austin Bohlig,4361,https://stockanalysis.com/analysts/Austin-Bohlig/,09 Jul 2026
Tracy Benguigui,4362,https://stockanalysis.com/analysts/Tracy-Benguigui/,06 Jul 2026
Anthony Valentini,4369,https://stockanalysis.com/analysts/Anthony-Valentini/,14 Jul 2026
Gordon Johnson,4370,https://stockanalysis.com/analysts/Gordon-Johnson/,28 Jul 2026
Tim Rezvan,4371,https://stockanalysis.com/analysts/Tim-Rezvan/,31 Jul 2026
Anna Glaessgen,4379,https://stockanalysis.com/analysts/Anna-Glaessgen/,21 Jul 2026
Rahul Krotthapalli,4380,https://stockanalysis.com/analysts/Rahul-Krotthapalli/,09 Jul 2026
Bill Kerr,4383,https://stockanalysis.com/analysts/Bill-Kerr/,11 Dec 2025
Greg Konrad,4387,https://stockanalysis.com/analysts/Greg-Konrad/,17 May 2026
Brandon Vazquez,4388,https://stockanalysis.com/analysts/Brandon-Vazquez/,30 Jul 2026
David Turkaly,4389,https://stockanalysis.com/analysts/David-Turkaly/,30 Jul 2026
Carl Byrnes,4391,https://stockanalysis.com/analysts/Carl-Byrnes/,24 Apr 2026
Leo Chiang,4392,https://stockanalysis.com/analysts/Leo-Chiang/,28 Jul 2026
Ben Shelley,4393,https://stockanalysis.com/analysts/Ben-Shelley/,23 Jul 2026
Cheng Li,4394,https://stockanalysis.com/analysts/Cheng-Li/,27 Feb 2026
Jeffrey Adelson,4396,https://stockanalysis.com/analysts/Jeffrey-Adelson/,30 Jul 2026
Kumaraguru Raja,4398,https://stockanalysis.com/analysts/Kumaraguru-Raja/,27 Jul 2026
Neal Dingmann,4403,https://stockanalysis.com/analysts/Neal-Dingmann/,30 Jul 2026
Frank Takkinen,4404,https://stockanalysis.com/analysts/Frank-Takkinen/,30 Jul 2026
Madeline Brooks,4406,https://stockanalysis.com/analysts/Madeline-Brooks/,27 Feb 2026
Benjamin Mayhew,4412,https://stockanalysis.com/analysts/Benjamin-Mayhew/,23 Jul 2026
Tim Hsiao,4413,https://stockanalysis.com/analysts/Tim-Hsiao/,22 Jul 2026
Joseph Civello,4414,https://stockanalysis.com/analysts/Joseph-Civello/,30 Jul 2026
Richard Kramer,4416,https://stockanalysis.com/analysts/Richard-Kramer/,30 Jun 2026
Rishi Jaluria,4421,https://stockanalysis.com/analysts/Rishi-Jaluria/,30 Jul 2026
Kai Klose,4424,https://stockanalysis.com/analysts/Kai-Klose/,15 Jul 2026
James Quigley,4425,https://stockanalysis.com/analysts/James-Quigley/,24 Jul 2026
Michael Pachter,4432,https://stockanalysis.com/analysts/Michael-Pachter/,29 Jul 2026
Li Watsek,4434,https://stockanalysis.com/analysts/Li-Watsek/,31 Jul 2026
Jim Salera,4435,https://stockanalysis.com/analysts/Jim-Salera/,30 Jul 2026
Mickey Legg,4436,https://stockanalysis.com/analysts/Mickey-Legg/,31 Jul 2026
Nora Min,4441,https://stockanalysis.com/analysts/Nora-Min/,31 Jul 2026
Will Nance,4442,https://stockanalysis.com/analysts/Will-Nance/,31 Jul 2026
Boobalan Pachaiyappan,4445,https://stockanalysis.com/analysts/Boobalan-Pachaiyappan/,31 Jul 2026
Jeffrey Stantial,4446,https://stockanalysis.com/analysts/Jeffrey-Stantial/,31 Jul 2026
Chris Pierce,4456,https://stockanalysis.com/analysts/Chris-Pierce/,31 Jul 2026
Michael Funk,4457,https://stockanalysis.com/analysts/Michael-Funk/,29 Jul 2026
Stephen Sheldon,4458,https://stockanalysis.com/analysts/Stephen-Sheldon/,30 Jul 2026
Isabella Simonato,4459,https://stockanalysis.com/analysts/Isabella-Simonato/,16 Jun 2026
William Grippin,4468,https://stockanalysis.com/analysts/William-Grippin/,31 Jul 2026
Colin Langan,4477,https://stockanalysis.com/analysts/Colin-Langan/,31 Jul 2026
Alexia Dogani,4478,https://stockanalysis.com/analysts/Alexia-Dogani/,28 Jul 2026
Scott Berg,4479,https://stockanalysis.com/analysts/Scott-Berg/,28 Jul 2026
Elizabeth Porter,4483,https://stockanalysis.com/analysts/Elizabeth-Porter/,31 Jul 2026
Taylor McGinnis,4484,https://stockanalysis.com/analysts/Taylor-McGinnis/,31 Jul 2026
Ryan Meyers,4485,https://stockanalysis.com/analysts/Ryan-Meyers/,15 Jul 2026
Curtis Nagle,4488,https://stockanalysis.com/analysts/Curtis-Nagle/,30 Jul 2026
David Adlington,4489,https://stockanalysis.com/analysts/David-Adlington/,31 Jul 2026
Matthew VanVliet,4490,https://stockanalysis.com/analysts/Matthew-VanVliet/,30 Jul 2026
Bryan Smilek,4492,https://stockanalysis.com/analysts/Bryan-Smilek/,23 Jul 2026
Shilan Modi,4495,https://stockanalysis.com/analysts/Shilan-Modi/,14 Apr 2026
Seth Sigman,4497,https://stockanalysis.com/analysts/Seth-Sigman/,31 Jul 2026
Anna Andreeva,4498,https://stockanalysis.com/analysts/Anna-Andreeva/,31 Jul 2026
Tom Curran,4499,https://stockanalysis.com/analysts/Tom-Curran/,08 Jan 2026
Jake Roberge,4503,https://stockanalysis.com/analysts/Jake-Roberge/,18 Mar 2026
Sean Milligan,4504,https://stockanalysis.com/analysts/Sean-Milligan/,31 Jul 2026
Priyanka Grover,4506,https://stockanalysis.com/analysts/Priyanka-Grover/,08 Jul 2026
David Larsen,4508,https://stockanalysis.com/analysts/David-Larsen/,31 Jul 2026
Scott Schoenhaus,4509,https://stockanalysis.com/analysts/Scott-Schoenhaus/,31 Jul 2026
Aaron Grey,4511,https://stockanalysis.com/analysts/Aaron-Grey/,29 Jul 2026
Marc Torrente,4514,https://stockanalysis.com/analysts/Marc-Torrente/,30 Jul 2026
Brian Skorney,4516,https://stockanalysis.com/analysts/Brian-Skorney/,31 Jul 2026
Corinne Blanchard,4520,https://stockanalysis.com/analysts/Corinne-Blanchard/,30 Jul 2026
Jailendra Singh,4525,https://stockanalysis.com/analysts/Jailendra-Singh/,31 Jul 2026
Caroline Palomeque,4529,https://stockanalysis.com/analysts/Caroline-Palomeque/,16 Jun 2026
Ryan Tomasello,4530,https://stockanalysis.com/analysts/Ryan-Tomasello/,30 Jul 2026
Sean Kennedy,4531,https://stockanalysis.com/analysts/Sean-Kennedy/,28 Jul 2026
Sara Nik,4532,https://stockanalysis.com/analysts/Sara-Nik/,31 Jul 2026
Constantine Davides,4533,https://stockanalysis.com/analysts/Constantine-Davides/,29 Jul 2026
Michael Albanese,4534,https://stockanalysis.com/analysts/Michael-Albanese/,30 Jul 2026
Jason Kupferberg,4539,https://stockanalysis.com/analysts/Jason-Kupferberg/,29 Jul 2026
Daniel Perlin,4540,https://stockanalysis.com/analysts/Daniel-Perlin/,30 Jul 2026
Terry Tillman,4541,https://stockanalysis.com/analysts/Terry-Tillman/,31 Jul 2026
Daina Graybosch,4542,https://stockanalysis.com/analysts/Daina-Graybosch/,20 Jul 2026
Puneet Jain,4549,https://stockanalysis.com/analysts/Puneet-Jain/,31 Jul 2026
Sarang Vora,4550,https://stockanalysis.com/analysts/Sarang-Vora/,31 Jul 2026
Young Li,4553,https://stockanalysis.com/analysts/Young-Li/,07 Jul 2026
Fedor Shabalin,4554,https://stockanalysis.com/analysts/Fedor-Shabalin/,16 Jul 2026
Yun Zhong,4555,https://stockanalysis.com/analysts/Yun-Zhong/,31 Jul 2026
Bill Kirk,4556,https://stockanalysis.com/analysts/Bill-Kirk/,31 Jul 2026
Naz Rahman,4557,https://stockanalysis.com/analysts/Naz-Rahman/,31 Jul 2026
Piral Dadhania,4558,https://stockanalysis.com/analysts/Piral-Dadhania/,31 Jul 2026
Bruce Jackson,4561,https://stockanalysis.com/analysts/Bruce-Jackson/,31 Jul 2026
Joseph Spak,4569,https://stockanalysis.com/analysts/Joseph-Spak/,31 Jul 2026
Jason Kolbert,4570,https://stockanalysis.com/analysts/Jason-Kolbert/,13 May 2026
David Hynes,4573,https://stockanalysis.com/analysts/David-Hynes/,27 Jul 2026
Marie Thibault,4574,https://stockanalysis.com/analysts/Marie-Thibault/,31 Jul 2026
Kyle Bauser,4575,https://stockanalysis.com/analysts/Kyle-Bauser/,17 Apr 2026
Reni Benjamin,4576,https://stockanalysis.com/analysts/Reni-Benjamin/,23 Apr 2026
Vikram Bagri,4577,https://stockanalysis.com/analysts/Vikram-Bagri/,31 Jul 2026
Christopher Souther,4578,https://stockanalysis.com/analysts/Christopher-Souther/,31 Jul 2026
Matthew Keller,4580,https://stockanalysis.com/analysts/Matthew-Keller/,08 Jul 2026
Ryan MacDonald,4581,https://stockanalysis.com/analysts/Ryan-MacDonald/,31 Jul 2026
Jack Allen,4582,https://stockanalysis.com/analysts/Jack-Allen/,30 Jun 2026
Itay Michaeli,4587,https://stockanalysis.com/analysts/Itay-Michaeli/,31 Jul 2026
Eric Wold,4588,https://stockanalysis.com/analysts/Eric-Wold/,15 Jul 2026
Allen Klee,4589,https://stockanalysis.com/analysts/Allen-Klee/,29 Jul 2026
Edward Woo,4590,https://stockanalysis.com/analysts/Edward-Woo/,10 Jun 2026
Jason McCarthy,4592,https://stockanalysis.com/analysts/Jason-McCarthy/,31 Jul 2026
James Molloy,4593,https://stockanalysis.com/analysts/James-Molloy/,27 Jul 2026
James McIlree,4594,https://stockanalysis.com/analysts/James-McIlree/,12 Jun 2026
Anthony Vendetti,4595,https://stockanalysis.com/analysts/Anthony-Vendetti/,21 Jul 2026
Lucas Ward,4596,https://stockanalysis.com/analysts/Lucas-Ward/,04 Jun 2026
Alexander Platt,9917,https://stockanalysis.com/analysts/Alexander-Platt/,Not found
Alex Stranahan,9917,https://stockanalysis.com/analysts/Alex-Stranahan/,Not found
Alex Straton,9917,https://stockanalysis.com/analysts/Alex-Straton/,Not found
Alex Thompson,9917,https://stockanalysis.com/analysts/Alex-Thompson/,Not found
Wesley Golladay,9917,https://stockanalysis.com/analysts/Wesley-Golladay/,Not found
Vincent Sinisi,9917,https://stockanalysis.com/analysts/Vincent-Sinisi/,Not found
Vitor Tomita,9917,https://stockanalysis.com/analysts/Vitor-Tomita/,Not found
Vivien Azer,9917,https://stockanalysis.com/analysts/Vivien-Azer/,Not found
Vladimir Bystricky,9917,https://stockanalysis.com/analysts/Vladimir-Bystricky/,Not found
William Crow,9917,https://stockanalysis.com/analysts/William-Crow/,Not found
Wei Xiong,9917,https://stockanalysis.com/analysts/Wei-Xiong/,Not found
Weng Chen,9917,https://stockanalysis.com/analysts/Weng-Chen/,Not found
William Jellison,9917,https://stockanalysis.com/analysts/William-Jellison/,Not found
William Kirk,9917,https://stockanalysis.com/analysts/William-Kirk/,Not found
Weston Bloomer,9917,https://stockanalysis.com/analysts/Weston-Bloomer/,Not found
del Valle,9917,https://stockanalysis.com/analysts/del-Valle/,Not found
Aaron Kessler,9917,https://stockanalysis.com/analysts/Aaron-Kessler/,Not found
Abhi Agarwal,9917,https://stockanalysis.com/analysts/Abhi-Agarwal/,Not found
Air Ma,9917,https://stockanalysis.com/analysts/Air-Ma/,Not found
Adam Samuelson,9917,https://stockanalysis.com/analysts/Adam-Samuelson/,Not found
Woody Lay,9917,https://stockanalysis.com/analysts/Woody-Lay/,Not found
Xavier Bouvignies,9917,https://stockanalysis.com/analysts/Xavier-Bouvignies/,Not found
Agnieszka Pustula,9917,https://stockanalysis.com/analysts/Agnieszka-Pustula/,Not found
Aidan Hall,9917,https://stockanalysis.com/analysts/Aidan-Hall/,Not found
Alex Nowark,9917,https://stockanalysis.com/analysts/Alex-Nowark/,Not found
Yessica Sanchez,9917,https://stockanalysis.com/analysts/Yessica-Sanchez/,Not found
Yi Fu,9917,https://stockanalysis.com/analysts/Yi-Fu/,Not found
Pablo Zuanic,9917,https://stockanalysis.com/analysts/Pablo-Zuanic/,Not found
Papa Sylla,9917,https://stockanalysis.com/analysts/Papa-Sylla/,Not found
Parker Lane,9917,https://stockanalysis.com/analysts/Parker-Lane/,Not found
Conor McNamara,9917,https://stockanalysis.com/analysts/Conor-McNamara/,Not found
Patrick R. Trucchio,9917,https://stockanalysis.com/analysts/Patrick-R.-Trucchio/,Not found
Patrick Tyler,9917,https://stockanalysis.com/analysts/Patrick-Tyler/,Not found
Patty Kanada,9917,https://stockanalysis.com/analysts/Patty-Kanada/,Not found
Patrick Donnelly,9917,https://stockanalysis.com/analysts/Patrick-Donnelly/,Not found
Cristopher Kennedy,9917,https://stockanalysis.com/analysts/Cristopher-Kennedy/,Not found
Paul Adams,9917,https://stockanalysis.com/analysts/Paul-Adams/,Not found
Paul Cheng,9917,https://stockanalysis.com/analysts/Paul-Cheng/,Not found
Paul Chung,9917,https://stockanalysis.com/analysts/Paul-Chung/,Not found
Paul Coster,9917,https://stockanalysis.com/analysts/Paul-Coster/,Not found
Paul Diamond,9917,https://stockanalysis.com/analysts/Paul-Diamond/,Not found
Da Wei,9917,https://stockanalysis.com/analysts/Da-Wei/,Not found
Dae Gon,9917,https://stockanalysis.com/analysts/Dae-Gon/,Not found
Dailey Fairbanks,9917,https://stockanalysis.com/analysts/Dailey-Fairbanks/,Not found
Cristina Fernández,9917,empty,Not found
Nicole Miller,9917,https://stockanalysis.com/analysts/Nicole-Miller/,Not found
Nigel Dally,9917,https://stockanalysis.com/analysts/Nigel-Dally/,Not found
Dan Brennan,9917,https://stockanalysis.com/analysts/Dan-Brennan/,Not found
Dan Ives,9917,https://stockanalysis.com/analysts/Dan-Ives/,Not found
Curt Woodworth,9917,https://stockanalysis.com/analysts/Curt-Woodworth/,Not found
Curtis Shauger,9917,https://stockanalysis.com/analysts/Curtis-Shauger/,Not found
Nitin Kumar,9917,https://stockanalysis.com/analysts/Nitin-Kumar/,Not found
Noah Herman,9917,https://stockanalysis.com/analysts/Noah-Herman/,Not found
Nick Pope,9917,https://stockanalysis.com/analysts/Nick-Pope/,Not found
Nicole Germino,9917,https://stockanalysis.com/analysts/Nicole-Germino/,Not found
Ole Slorer,9917,https://stockanalysis.com/analysts/Ole-Slorer/,Not found
Omar Nokta,9917,https://stockanalysis.com/analysts/Omar-Nokta/,Not found
Peter Costa,9917,https://stockanalysis.com/analysts/Peter-Costa/,Not found
Paul Obrecht,9917,https://stockanalysis.com/analysts/Paul-Obrecht/,Not found
Paul Steep,9917,https://stockanalysis.com/analysts/Paul-Steep/,Not found
Paul Zimbardo,9917,https://stockanalysis.com/analysts/Paul-Zimbardo/,Not found
Perez Mora,9917,https://stockanalysis.com/analysts/Perez-Mora/,Not found
Chuck Grom,9917,https://stockanalysis.com/analysts/Chuck-Grom/,Not found
Peter Lawson,9917,https://stockanalysis.com/analysts/Peter-Lawson/,Not found
Peter Osterland,9917,https://stockanalysis.com/analysts/Peter-Osterland/,Not found
Conor Fitzgerald,9917,https://stockanalysis.com/analysts/Conor-Fitzgerald/,Not found
Cleveland Rueckert,9917,https://stockanalysis.com/analysts/Cleveland-Rueckert/,Not found
Cody Ross,9917,https://stockanalysis.com/analysts/Cody-Ross/,Not found
Colin Bristow,9917,https://stockanalysis.com/analysts/Colin-Bristow/,Not found
Colin Isaac,9917,https://stockanalysis.com/analysts/Colin-Isaac/,Not found
Christyne McGarvey,9917,https://stockanalysis.com/analysts/Christyne-McGarvey/,Not found
Corinne Jenkins,9917,https://stockanalysis.com/analysts/Corinne-Jenkins/,Not found
Colleen Kusy,9917,https://stockanalysis.com/analysts/Colleen-Kusy/,Not found
Connor Chamberlain,9917,https://stockanalysis.com/analysts/Connor-Chamberlain/,Not found
Connor Lynagh,9917,https://stockanalysis.com/analysts/Connor-Lynagh/,Not found
Connor Siversky,9917,https://stockanalysis.com/analysts/Connor-Siversky/,Not found
Nicholas Thomas,9917,https://stockanalysis.com/analysts/Nicholas-Thomas/,Not found
Neel Kumar,9917,https://stockanalysis.com/analysts/Neel-Kumar/,Not found
Neil Kalton,9917,https://stockanalysis.com/analysts/Neil-Kalton/,Not found
Nichola Holowko,9917,https://stockanalysis.com/analysts/Nichola-Holowko/,Not found
Nathan Rice,9917,https://stockanalysis.com/analysts/Nathan-Rice/,Not found
Nick Abbott,9917,https://stockanalysis.com/analysts/Nick-Abbott/,Not found
Nick Del,9917,https://stockanalysis.com/analysts/Nick-Del/,Not found
Nick Housden,9917,https://stockanalysis.com/analysts/Nick-Housden/,Not found
Nick Joseph,9917,https://stockanalysis.com/analysts/Nick-Joseph/,Not found
Nicholas Jones,9917,https://stockanalysis.com/analysts/Nicholas-Jones/,Not found
Daniel Ford,9917,https://stockanalysis.com/analysts/Daniel-Ford/,Not found
Daniel Hibshman,9917,https://stockanalysis.com/analysts/Daniel-Hibshman/,Not found
Dan Silverstein,9917,https://stockanalysis.com/analysts/Dan-Silverstein/,Not found
Dane Leone,9917,https://stockanalysis.com/analysts/Dane-Leone/,Not found
Nicholas Watts,9917,https://stockanalysis.com/analysts/Nicholas-Watts/,Not found
Daniel Roeska,9917,https://stockanalysis.com/analysts/Daniel-Roeska/,Not found
Daniel Kutz,9917,https://stockanalysis.com/analysts/Daniel-Kutz/,Not found
Daniel Markowitz,9917,https://stockanalysis.com/analysts/Daniel-Markowitz/,Not found
Daniel Chan,9917,https://stockanalysis.com/analysts/Daniel-Chan/,Not found
Daniel Chen,9917,https://stockanalysis.com/analysts/Daniel-Chen/,Not found
Christopher Merwin,9917,https://stockanalysis.com/analysts/Christopher-Merwin/,Not found
Christopher Moore,9917,https://stockanalysis.com/analysts/Christopher-Moore/,Not found
Christopher Parkinson,9917,https://stockanalysis.com/analysts/Christopher-Parkinson/,Not found
Christopher Schoell,9917,https://stockanalysis.com/analysts/Christopher-Schoell/,Not found
Christopher LaFemina,9917,https://stockanalysis.com/analysts/Christopher-LaFemina/,Not found
Christopher LeFemina,9917,https://stockanalysis.com/analysts/Christopher-LeFemina/,Not found
Philipp Häßler,9917,empty,Not found
Pinjalim Bora,9917,https://stockanalysis.com/analysts/Pinjalim-Bora/,Not found
Philip Cusick,9917,https://stockanalysis.com/analysts/Philip-Cusick/,Not found
Philip Gibbs,9917,https://stockanalysis.com/analysts/Philip-Gibbs/,Not found
Pérez Mora,9917,empty,Not found
Pete Skibitski,9917,https://stockanalysis.com/analysts/Pete-Skibitski/,Not found
Paul McTaggart,9917,https://stockanalysis.com/analysts/Paul-McTaggart/,Not found
Prashant Rao,9917,https://stockanalysis.com/analysts/Prashant-Rao/,Not found
Mike Matson,9917,https://stockanalysis.com/analysts/Mike-Matson/,Not found
Mike Morris,9917,https://stockanalysis.com/analysts/Mike-Morris/,Not found
Mike Polark,9917,https://stockanalysis.com/analysts/Mike-Polark/,Not found
Mike Scialla,9917,https://stockanalysis.com/analysts/Mike-Scialla/,Not found
Nathan Janes,9917,https://stockanalysis.com/analysts/Nathan-Janes/,Not found
Ming Hsun,9917,https://stockanalysis.com/analysts/Ming-Hsun/,Not found
Mitch Germain,9917,https://stockanalysis.com/analysts/Mitch-Germain/,Not found
Darren Leung,9917,https://stockanalysis.com/analysts/Darren-Leung/,Not found
David Hicks,9917,https://stockanalysis.com/analysts/David-Hicks/,Not found
David Belinger,9917,https://stockanalysis.com/analysts/David-Belinger/,Not found
David Bouchey,9917,https://stockanalysis.com/analysts/David-Bouchey/,Not found
Ralph Profiti,9917,https://stockanalysis.com/analysts/Ralph-Profiti/,Not found
Q3 EPS,9917,https://stockanalysis.com/analysts/Q3-EPS/,Not found
Q3 Marketplace,9917,https://stockanalysis.com/analysts/Q3-Marketplace/,Not found
Rachel Vatnsdal,9917,https://stockanalysis.com/analysts/Rachel-Vatnsdal/,Not found
Raghuram Selvaraju,9917,https://stockanalysis.com/analysts/Raghuram-Selvaraju/,Not found
Chris Mcgratty,9917,https://stockanalysis.com/analysts/Chris-Mcgratty/,Not found
Chris Merwin,9917,https://stockanalysis.com/analysts/Chris-Merwin/,Not found
Raj Kumar,9917,https://stockanalysis.com/analysts/Raj-Kumar/,Not found
Raj Sharma,9917,https://stockanalysis.com/analysts/Raj-Sharma/,Not found
Rajat Gupta,9917,https://stockanalysis.com/analysts/Rajat-Gupta/,Not found
Reif Ehrlich,9917,https://stockanalysis.com/analysts/Reif-Ehrlich/,Not found
Ricardo Rezende,9917,https://stockanalysis.com/analysts/Ricardo-Rezende/,Not found
Christopher Mandeville,9917,https://stockanalysis.com/analysts/Christopher-Mandeville/,Not found
Christopher Danely,9917,https://stockanalysis.com/analysts/Christopher-Danely/,Not found
Christopher Dendrinos,9917,https://stockanalysis.com/analysts/Christopher-Dendrinos/,Not found
Christopher Graja,9917,https://stockanalysis.com/analysts/Christopher-Graja/,Not found
Chris Senyek,9917,https://stockanalysis.com/analysts/Chris-Senyek/,Not found
Chris Snyder,9917,https://stockanalysis.com/analysts/Chris-Snyder/,Not found
Chris Zhang,9917,https://stockanalysis.com/analysts/Chris-Zhang/,Not found
Michael Walkley,9917,https://stockanalysis.com/analysts/Michael-Walkley/,Not found
Michael Weinstein,9917,https://stockanalysis.com/analysts/Michael-Weinstein/,Not found
Micheal Bellisario,9917,https://stockanalysis.com/analysts/Micheal-Bellisario/,Not found
Michelle Fang,9917,https://stockanalysis.com/analysts/Michelle-Fang/,Not found
Michael Tyndall,9917,https://stockanalysis.com/analysts/Michael-Tyndall/,Not found
Mike Grondahl,9917,https://stockanalysis.com/analysts/Mike-Grondahl/,Not found
Mike Harris,9917,https://stockanalysis.com/analysts/Mike-Harris/,Not found
Mike Lavery,9917,https://stockanalysis.com/analysts/Mike-Lavery/,Not found
Mike Albanese,9917,https://stockanalysis.com/analysts/Mike-Albanese/,Not found
Mike Burton,9917,https://stockanalysis.com/analysts/Mike-Burton/,Not found
David MacDonald,9917,https://stockanalysis.com/analysts/David-MacDonald/,Not found
David Kang,9917,https://stockanalysis.com/analysts/David-Kang/,Not found
Mike Cyprys,9917,https://stockanalysis.com/analysts/Mike-Cyprys/,Not found
Mike Dahl,9917,https://stockanalysis.com/analysts/Mike-Dahl/,Not found
Mike Genovese,9917,https://stockanalysis.com/analysts/Mike-Genovese/,Not found
David Smith,9917,https://stockanalysis.com/analysts/David-Smith/,Not found
David Strauss,9917,https://stockanalysis.com/analysts/David-Strauss/,Not found
David Motemeden,9917,https://stockanalysis.com/analysts/David-Motemeden/,Not found
David Lebovitz,9917,https://stockanalysis.com/analysts/David-Lebovitz/,Not found
David Lebowitz,9917,https://stockanalysis.com/analysts/David-Lebowitz/,Not found
David Leiker,9917,https://stockanalysis.com/analysts/David-Leiker/,Not found
David Lewis,9917,https://stockanalysis.com/analysts/David-Lewis/,Not found
Richard Eastman,9917,https://stockanalysis.com/analysts/Richard-Eastman/,Not found
Richard Hill,9917,https://stockanalysis.com/analysts/Richard-Hill/,Not found
Richard Law,9917,https://stockanalysis.com/analysts/Richard-Law/,Not found
Rich Hightower,9917,https://stockanalysis.com/analysts/Rich-Hightower/,Not found
Rich Hilliker,9917,https://stockanalysis.com/analysts/Rich-Hilliker/,Not found
Ricky Goldwasser,9917,https://stockanalysis.com/analysts/Ricky-Goldwasser/,Not found
Richard Radbourne,9917,https://stockanalysis.com/analysts/Richard-Radbourne/,Not found
Richard Repetto,9917,https://stockanalysis.com/analysts/Richard-Repetto/,Not found
Chi Fong,9917,https://stockanalysis.com/analysts/Chi-Fong/,Not found
Chris Carey,9917,https://stockanalysis.com/analysts/Chris-Carey/,Not found
Charles Zhou,9917,https://stockanalysis.com/analysts/Charles-Zhou/,Not found
Rick Paterson,9917,https://stockanalysis.com/analysts/Rick-Paterson/,Not found
Chris Raymond,9917,https://stockanalysis.com/analysts/Chris-Raymond/,Not found
Chris Robertson,9917,https://stockanalysis.com/analysts/Chris-Robertson/,Not found
Chris Kuntarich,9917,https://stockanalysis.com/analysts/Chris-Kuntarich/,Not found
Michael Jalonen,9917,https://stockanalysis.com/analysts/Michael-Jalonen/,Not found
Michael Kaye,9917,https://stockanalysis.com/analysts/Michael-Kaye/,Not found
David Rodgers,9917,https://stockanalysis.com/analysts/David-Rodgers/,Not found
David Seigerman,9917,https://stockanalysis.com/analysts/David-Seigerman/,Not found
Michael Perito,9917,https://stockanalysis.com/analysts/Michael-Perito/,Not found
Michael Phillips,9917,https://stockanalysis.com/analysts/Michael-Phillips/,Not found
Michael McGovern,9917,https://stockanalysis.com/analysts/Michael-McGovern/,Not found
Michael Minchak,9917,https://stockanalysis.com/analysts/Michael-Minchak/,Not found
Deborah Ciervo,9917,https://stockanalysis.com/analysts/Deborah-Ciervo/,Not found
David Togut,9917,https://stockanalysis.com/analysts/David-Togut/,Not found
Michael Schmitz,9917,https://stockanalysis.com/analysts/Michael-Schmitz/,Not found
Destiny Hance,9917,https://stockanalysis.com/analysts/Destiny-Hance/,Not found
Diego Aragao,9917,https://stockanalysis.com/analysts/Diego-Aragao/,Not found
De Bruin,9917,https://stockanalysis.com/analysts/De-Bruin/,Not found
Robert Mason,9917,https://stockanalysis.com/analysts/Robert-Mason/,Not found
Robert Mosca,9917,https://stockanalysis.com/analysts/Robert-Mosca/,Not found
Robert Cox,9917,https://stockanalysis.com/analysts/Robert-Cox/,Not found
Rob Brown,9917,https://stockanalysis.com/analysts/Rob-Brown/,Not found
Camille Bonnel,9917,https://stockanalysis.com/analysts/Camille-Bonnel/,Not found
Carlos De,9917,https://stockanalysis.com/analysts/Carlos-De/,Not found
Robert Napoli,9917,https://stockanalysis.com/analysts/Robert-Napoli/,Not found
Carly Kenselaar,9917,https://stockanalysis.com/analysts/Carly-Kenselaar/,Not found
Cameron Mansson,9917,https://stockanalysis.com/analysts/Cameron-Mansson/,Not found
Charles Duncan,9917,https://stockanalysis.com/analysts/Charles-Duncan/,Not found
Catherine Ramsey,9917,https://stockanalysis.com/analysts/Catherine-Ramsey/,Not found
Catherine Schulte,9917,https://stockanalysis.com/analysts/Catherine-Schulte/,Not found
Cecilia Furlong,9917,https://stockanalysis.com/analysts/Cecilia-Furlong/,Not found
Cerena Chen,9917,https://stockanalysis.com/analysts/Cerena-Chen/,Not found
Chad Bennett,9917,https://stockanalysis.com/analysts/Chad-Bennett/,Not found
Michael Carrier,9917,https://stockanalysis.com/analysts/Michael-Carrier/,Not found
Meyer Sheilds,9917,https://stockanalysis.com/analysts/Meyer-Sheilds/,Not found
Michael Albanses,9917,https://stockanalysis.com/analysts/Michael-Albanses/,Not found
Derik De,9917,https://stockanalysis.com/analysts/Derik-De/,Not found
Don Carducci,9917,https://stockanalysis.com/analysts/Don-Carducci/,Not found
Michael Harrison,9917,https://stockanalysis.com/analysts/Michael-Harrison/,Not found
Dori Kesten,9917,https://stockanalysis.com/analysts/Dori-Kesten/,Not found
Doug Harter,9917,https://stockanalysis.com/analysts/Doug-Harter/,Not found
Dillon Cumming,9917,https://stockanalysis.com/analysts/Dillon-Cumming/,Not found
Dimple Gosa,9917,https://stockanalysis.com/analysts/Dimple-Gosa/,Not found
Dimple Gosai,9917,https://stockanalysis.com/analysts/Dimple-Gosai/,Not found
Divya Goyal,9917,https://stockanalysis.com/analysts/Divya-Goyal/,Not found
Domingos Falavina,9917,https://stockanalysis.com/analysts/Domingos-Falavina/,Not found
Matthew Murphy,9917,https://stockanalysis.com/analysts/Matthew-Murphy/,Not found
Duane Pfenningwerth,9917,https://stockanalysis.com/analysts/Duane-Pfenningwerth/,Not found
Durgesh Chopra,9917,https://stockanalysis.com/analysts/Durgesh-Chopra/,Not found
Douglas Irwin,9917,https://stockanalysis.com/analysts/Douglas-Irwin/,Not found
Drew Chamberlain,9917,https://stockanalysis.com/analysts/Drew-Chamberlain/,Not found
Drew Ranieri,9917,https://stockanalysis.com/analysts/Drew-Ranieri/,Not found
Burrows Szczupak,9917,https://stockanalysis.com/analysts/Burrows-Szczupak/,Not found
C J,9917,https://stockanalysis.com/analysts/C-J/,Not found
Bryan Maher,9917,https://stockanalysis.com/analysts/Bryan-Maher/,Not found
Bryan Spillane,9917,https://stockanalysis.com/analysts/Bryan-Spillane/,Not found
Ronald J,9917,https://stockanalysis.com/analysts/Ronald-J/,Not found
Robin Farley,9917,https://stockanalysis.com/analysts/Robin-Farley/,Not found
Robyn Karnauskas,9917,https://stockanalysis.com/analysts/Robyn-Karnauskas/,Not found
Ross Gilardi,9917,https://stockanalysis.com/analysts/Ross-Gilardi/,Not found
Ross Muken,9917,https://stockanalysis.com/analysts/Ross-Muken/,Not found
Ross Osborn,9917,https://stockanalysis.com/analysts/Ross-Osborn/,Not found
Roger Read,9917,https://stockanalysis.com/analysts/Roger-Read/,Not found
Rohin Patel,9917,https://stockanalysis.com/analysts/Rohin-Patel/,Not found
Rob Dickerson,9917,https://stockanalysis.com/analysts/Rob-Dickerson/,Not found
Rob Oliver,9917,https://stockanalysis.com/analysts/Rob-Oliver/,Not found
Rob Wertheimer,9917,https://stockanalysis.com/analysts/Rob-Wertheimer/,Not found
Robert Bek,9917,https://stockanalysis.com/analysts/Robert-Bek/,Not found
Ross Smotrich,9917,https://stockanalysis.com/analysts/Ross-Smotrich/,Not found
Roy Buchanan,9917,https://stockanalysis.com/analysts/Roy-Buchanan/,Not found
Ronald Jewsikow,9917,https://stockanalysis.com/analysts/Ronald-Jewsikow/,Not found
Matthew Krueger,9917,https://stockanalysis.com/analysts/Matthew-Krueger/,Not found
Matthew McClintock,9917,https://stockanalysis.com/analysts/Matthew-McClintock/,Not found
Matthew McKellar,9917,https://stockanalysis.com/analysts/Matthew-McKellar/,Not found
Max Hopkins,9917,https://stockanalysis.com/analysts/Max-Hopkins/,Not found
Matthew Sheerin,9917,https://stockanalysis.com/analysts/Matthew-Sheerin/,Not found
Matthew Stanton,9917,https://stockanalysis.com/analysts/Matthew-Stanton/,Not found
Matthew Summerville,9917,https://stockanalysis.com/analysts/Matthew-Summerville/,Not found
Ed Yang,9917,https://stockanalysis.com/analysts/Ed-Yang/,Not found
Eddie Leung,9917,https://stockanalysis.com/analysts/Eddie-Leung/,Not found
Medhi Hosseini,9917,https://stockanalysis.com/analysts/Medhi-Hosseini/,Not found
Melanie Nunez,9917,https://stockanalysis.com/analysts/Melanie-Nunez/,Not found
Elizabeth Suzuki,9917,https://stockanalysis.com/analysts/Elizabeth-Suzuki/,Not found
Elizabeth Anderson,9917,https://stockanalysis.com/analysts/Elizabeth-Anderson/,Not found
Elizabeth Garcia,9917,https://stockanalysis.com/analysts/Elizabeth-Garcia/,Not found
Matt OBrien,9917,https://stockanalysis.com/analysts/Matt-OBrien/,Not found
Matthew Gillmor,9917,https://stockanalysis.com/analysts/Matthew-Gillmor/,Not found
Matt Venezia,9917,https://stockanalysis.com/analysts/Matt-Venezia/,Not found
Matt McGinley,9917,https://stockanalysis.com/analysts/Matt-McGinley/,Not found
Matt Niknam,9917,https://stockanalysis.com/analysts/Matt-Niknam/,Not found
Matthew Hewitt,9917,https://stockanalysis.com/analysts/Matthew-Hewitt/,Not found
Ryan Lynch,9917,https://stockanalysis.com/analysts/Ryan-Lynch/,Not found
Ryan McKeveny,9917,https://stockanalysis.com/analysts/Ryan-McKeveny/,Not found
Ryan Griffin,9917,https://stockanalysis.com/analysts/Ryan-Griffin/,Not found
Brian Flores,9917,https://stockanalysis.com/analysts/Brian-Flores/,Not found
Brett Simpson,9917,https://stockanalysis.com/analysts/Brett-Simpson/,Not found
Brian Brungardt,9917,https://stockanalysis.com/analysts/Brian-Brungardt/,Not found
Brock Vandervliet,9917,https://stockanalysis.com/analysts/Brock-Vandervliet/,Not found
Brian Lee,9917,https://stockanalysis.com/analysts/Brian-Lee/,Not found
Brian Martin,9917,https://stockanalysis.com/analysts/Brian-Martin/,Not found
Brian Butler,9917,https://stockanalysis.com/analysts/Brian-Butler/,Not found
Brian Fitzgerald,9917,https://stockanalysis.com/analysts/Brian-Fitzgerald/,Not found
Bryce Rowe,9917,https://stockanalysis.com/analysts/Bryce-Rowe/,Not found
Bruce Chan,9917,https://stockanalysis.com/analysts/Bruce-Chan/,Not found
Bryan Adams,9917,https://stockanalysis.com/analysts/Bryan-Adams/,Not found
Market Perform,9917,https://stockanalysis.com/analysts/Market-Perform/,Not found
Mark Purcell,9917,https://stockanalysis.com/analysts/Mark-Purcell/,Not found
Matthew Harrison,9917,https://stockanalysis.com/analysts/Matthew-Harrison/,Not found
Matthew Herrmann,9917,https://stockanalysis.com/analysts/Matthew-Herrmann/,Not found
Matt Howlett,9917,https://stockanalysis.com/analysts/Matt-Howlett/,Not found
Eric Schmidt,9917,https://stockanalysis.com/analysts/Eric-Schmidt/,Not found
Eric Beaumont,9917,https://stockanalysis.com/analysts/Eric-Beaumont/,Not found
Eric Des,9917,https://stockanalysis.com/analysts/Eric-Des/,Not found
Matt Breese,9917,https://stockanalysis.com/analysts/Matt-Breese/,Not found
Matt Farrell,9917,https://stockanalysis.com/analysts/Matt-Farrell/,Not found
Erwan Rambourg,9917,https://stockanalysis.com/analysts/Erwan-Rambourg/,Not found
Esme Pau,9917,https://stockanalysis.com/analysts/Esme-Pau/,Not found
Esther Rajavelu,9917,https://stockanalysis.com/analysts/Esther-Rajavelu/,Not found
Eun Yang,9917,https://stockanalysis.com/analysts/Eun-Yang/,Not found
Erin Wilson,9917,https://stockanalysis.com/analysts/Erin-Wilson/,Not found
Samuel Eisner,9917,https://stockanalysis.com/analysts/Samuel-Eisner/,Not found
Brandon King,9917,https://stockanalysis.com/analysts/Brandon-King/,Not found
Brad Sills,9917,https://stockanalysis.com/analysts/Brad-Sills/,Not found
Bradley Berning,9917,https://stockanalysis.com/analysts/Bradley-Berning/,Not found
Sanjeev Rana,9917,https://stockanalysis.com/analysts/Sanjeev-Rana/,Not found
Brett Feldman,9917,https://stockanalysis.com/analysts/Brett-Feldman/,Not found
Brent Bracelin,9917,https://stockanalysis.com/analysts/Brent-Bracelin/,Not found
Brent Dilts,9917,https://stockanalysis.com/analysts/Brent-Dilts/,Not found
Brady Gailey,9917,https://stockanalysis.com/analysts/Brady-Gailey/,Not found
Ryan Krieger,9917,https://stockanalysis.com/analysts/Ryan-Krieger/,Not found
Russell Quelch,9917,https://stockanalysis.com/analysts/Russell-Quelch/,Not found
Ryan Cooke,9917,https://stockanalysis.com/analysts/Ryan-Cooke/,Not found
Brent Navon,9917,https://stockanalysis.com/analysts/Brent-Navon/,Not found
Mariana Perez,9917,https://stockanalysis.com/analysts/Mariana-Perez/,Not found
Mariana Taddeo,9917,https://stockanalysis.com/analysts/Mariana-Taddeo/,Not found
Mario Lu,9917,https://stockanalysis.com/analysts/Mario-Lu/,Not found
MarK Shutley,9917,https://stockanalysis.com/analysts/MarK-Shutley/,Not found
Eva Fortea,9917,https://stockanalysis.com/analysts/Eva-Fortea/,Not found
Evan David,9917,https://stockanalysis.com/analysts/Evan-David/,Not found
Marcus Cole,9917,https://stockanalysis.com/analysts/Marcus-Cole/,Not found
Maria Thibault,9917,https://stockanalysis.com/analysts/Maria-Thibault/,Not found
Floris Van,9917,https://stockanalysis.com/analysts/Floris-Van/,Not found
Francisco Suarez,9917,https://stockanalysis.com/analysts/Francisco-Suarez/,Not found
Farooq Hamed,9917,https://stockanalysis.com/analysts/Farooq-Hamed/,Not found
Federico Merendi,9917,https://stockanalysis.com/analysts/Federico-Merendi/,Not found
Gabe Hajde,9917,https://stockanalysis.com/analysts/Gabe-Hajde/,Not found
Gabriel Moreen,9917,https://stockanalysis.com/analysts/Gabriel-Moreen/,Not found
Felicia Hendrix,9917,https://stockanalysis.com/analysts/Felicia-Hendrix/,Not found
Fernando Abdalla,9917,https://stockanalysis.com/analysts/Fernando-Abdalla/,Not found
Boonie Herzog,9917,https://stockanalysis.com/analysts/Boonie-Herzog/,Not found
Boris Van,9917,https://stockanalysis.com/analysts/Boris-Van/,Not found
Brad Canino,9917,https://stockanalysis.com/analysts/Brad-Canino/,Not found
Brad Capuzzi,9917,https://stockanalysis.com/analysts/Brad-Capuzzi/,Not found
Bob Drbul,9917,https://stockanalysis.com/analysts/Bob-Drbul/,Not found
Bob Jian,9917,https://stockanalysis.com/analysts/Bob-Jian/,Not found
Bobby Zolper,9917,https://stockanalysis.com/analysts/Bobby-Zolper/,Not found
Scott Fidel,9917,https://stockanalysis.com/analysts/Scott-Fidel/,Not found
Scott Marks,9917,https://stockanalysis.com/analysts/Scott-Marks/,Not found
Scott Ciccarelli,9917,https://stockanalysis.com/analysts/Scott-Ciccarelli/,Not found
Sean Lee,9917,https://stockanalysis.com/analysts/Sean-Lee/,Not found
Sean Meakim,9917,https://stockanalysis.com/analysts/Sean-Meakim/,Not found
Sabrina Abrams,9917,https://stockanalysis.com/analysts/Sabrina-Abrams/,Not found
Sean King,9917,https://stockanalysis.com/analysts/Sean-King/,Not found
Louise Singlehurst,9917,https://stockanalysis.com/analysts/Louise-Singlehurst/,Not found
Louthan IV,9917,https://stockanalysis.com/analysts/Louthan-IV/,Not found
Frank Lee,9917,https://stockanalysis.com/analysts/Frank-Lee/,Not found
Fu Lee,9917,https://stockanalysis.com/analysts/Fu-Lee/,Not found
Lucas Pipes,9917,https://stockanalysis.com/analysts/Lucas-Pipes/,Not found
Luiz Carvalho,9917,https://stockanalysis.com/analysts/Luiz-Carvalho/,Not found
Luke Lemoine,9917,https://stockanalysis.com/analysts/Luke-Lemoine/,Not found
Lawrence Biegelsen,9917,https://stockanalysis.com/analysts/Lawrence-Biegelsen/,Not found
Leandro Bastos,9917,https://stockanalysis.com/analysts/Leandro-Bastos/,Not found
Madhu Kumar,9917,https://stockanalysis.com/analysts/Madhu-Kumar/,Not found
Liisa Bayko,9917,https://stockanalysis.com/analysts/Liisa-Bayko/,Not found
Lili Nsongo,9917,https://stockanalysis.com/analysts/Lili-Nsongo/,Not found
Lee Krowl,9917,https://stockanalysis.com/analysts/Lee-Krowl/,Not found
Lisa Clive,9917,https://stockanalysis.com/analysts/Lisa-Clive/,Not found
George Farmer,9917,https://stockanalysis.com/analysts/George-Farmer/,Not found
George Galliers,9917,https://stockanalysis.com/analysts/George-Galliers/,Not found
Geoff Lowery,9917,https://stockanalysis.com/analysts/Geoff-Lowery/,Not found
George Bose,9917,https://stockanalysis.com/analysts/George-Bose/,Not found
Korinne Wolfmeyer,9917,https://stockanalysis.com/analysts/Korinne-Wolfmeyer/,Not found
Kosta Tasoulis,9917,https://stockanalysis.com/analysts/Kosta-Tasoulis/,Not found
George Wang,9917,https://stockanalysis.com/analysts/George-Wang/,Not found
Shagun Singh,9917,https://stockanalysis.com/analysts/Shagun-Singh/,Not found
Shane Brett,9917,https://stockanalysis.com/analysts/Shane-Brett/,Not found
Sean Wieland,9917,https://stockanalysis.com/analysts/Sean-Wieland/,Not found
Bert Subin,9917,https://stockanalysis.com/analysts/Bert-Subin/,Not found
Betsy Graseck,9917,https://stockanalysis.com/analysts/Betsy-Graseck/,Not found
Sheila McGrath,9917,https://stockanalysis.com/analysts/Sheila-McGrath/,Not found
Shiwen Li,9917,https://stockanalysis.com/analysts/Shiwen-Li/,Not found
Seth Gilbert,9917,https://stockanalysis.com/analysts/Seth-Gilbert/,Not found
Bill Maughan,9917,https://stockanalysis.com/analysts/Bill-Maughan/,Not found
Shneur Gershuni,9917,https://stockanalysis.com/analysts/Shneur-Gershuni/,Not found
Sidney Ho,9917,https://stockanalysis.com/analysts/Sidney-Ho/,Not found
Bin Kim,9917,https://stockanalysis.com/analysts/Bin-Kim/,Not found
Bhumi Kanabar,9917,https://stockanalysis.com/analysts/Bhumi-Kanabar/,Not found
Biju Perincheril,9917,https://stockanalysis.com/analysts/Biju-Perincheril/,Not found
Bill Chappell,9917,https://stockanalysis.com/analysts/Bill-Chappell/,Not found
Bill Katz,9917,https://stockanalysis.com/analysts/Bill-Katz/,Not found
Lauren Schenk,9917,https://stockanalysis.com/analysts/Lauren-Schenk/,Not found
Kyle Mikson,9917,https://stockanalysis.com/analysts/Kyle-Mikson/,Not found
Kyle Voigt,9917,https://stockanalysis.com/analysts/Kyle-Voigt/,Not found
Landon Park,9917,https://stockanalysis.com/analysts/Landon-Park/,Not found
Larry Solow,9917,https://stockanalysis.com/analysts/Larry-Solow/,Not found
Greg Lewis,9917,https://stockanalysis.com/analysts/Greg-Lewis/,Not found
Glenn Mattson,9917,https://stockanalysis.com/analysts/Glenn-Mattson/,Not found
Griffin Boss,9917,https://stockanalysis.com/analysts/Griffin-Boss/,Not found
Greg Miller,9917,https://stockanalysis.com/analysts/Greg-Miller/,Not found
Greg Pardy,9917,https://stockanalysis.com/analysts/Greg-Pardy/,Not found
Greg Harrison,9917,https://stockanalysis.com/analysts/Greg-Harrison/,Not found
Kevin Fitzsimmons,9917,https://stockanalysis.com/analysts/Kevin-Fitzsimmons/,Not found
Kenneth Shiu,9917,https://stockanalysis.com/analysts/Kenneth-Shiu/,Not found
Kenneth Worthington,9917,https://stockanalysis.com/analysts/Kenneth-Worthington/,Not found
Kevin Barker,9917,https://stockanalysis.com/analysts/Kevin-Barker/,Not found
Gregory Fraser,9917,https://stockanalysis.com/analysts/Gregory-Fraser/,Not found
Soe Naing,9917,https://stockanalysis.com/analysts/Soe-Naing/,Not found
Sorabh Daga,9917,https://stockanalysis.com/analysts/Sorabh-Daga/,Not found
Soumit Roy,9917,https://stockanalysis.com/analysts/Soumit-Roy/,Not found
Spiro Dounis,9917,https://stockanalysis.com/analysts/Spiro-Dounis/,Not found
Simon Flannery,9917,https://stockanalysis.com/analysts/Simon-Flannery/,Not found
Stephanie Grambling,9917,https://stockanalysis.com/analysts/Stephanie-Grambling/,Not found
Srini Pajjuir,9917,https://stockanalysis.com/analysts/Srini-Pajjuir/,Not found
Stan Zlotsky,9917,https://stockanalysis.com/analysts/Stan-Zlotsky/,Not found
Stanley Elliott,9917,https://stockanalysis.com/analysts/Stanley-Elliott/,Not found
Smedes Rose,9917,https://stockanalysis.com/analysts/Smedes-Rose/,Not found
Ben Miller,9917,https://stockanalysis.com/analysts/Ben-Miller/,Not found
Benjamin Black,9917,https://stockanalysis.com/analysts/Benjamin-Black/,Not found
Ben Chaiken,9917,https://stockanalysis.com/analysts/Ben-Chaiken/,Not found
Stephanie Davis,9917,https://stockanalysis.com/analysts/Stephanie-Davis/,Not found
Betty Jing,9917,https://stockanalysis.com/analysts/Betty-Jing/,Not found
Benjamin Gerlinger,9917,https://stockanalysis.com/analysts/Benjamin-Gerlinger/,Not found
Benjamin Haynor,9917,https://stockanalysis.com/analysts/Benjamin-Haynor/,Not found
Benjamin Miller,9917,https://stockanalysis.com/analysts/Benjamin-Miller/,Not found
Kieran De,9917,https://stockanalysis.com/analysts/Kieran-De/,Not found
Kimberly Greenberger,9917,https://stockanalysis.com/analysts/Kimberly-Greenberger/,Not found
Kevin Liu,9917,https://stockanalysis.com/analysts/Kevin-Liu/,Not found
Harmen Puri,9917,https://stockanalysis.com/analysts/Harmen-Puri/,Not found
Harold Goetsch,9917,https://stockanalysis.com/analysts/Harold-Goetsch/,Not found
Harry Read,9917,https://stockanalysis.com/analysts/Harry-Read/,Not found
Hamza Fodderwala,9917,https://stockanalysis.com/analysts/Hamza-Fodderwala/,Not found
Ki Bin,9917,https://stockanalysis.com/analysts/Ki-Bin/,Not found
Ian Macpherson,9917,https://stockanalysis.com/analysts/Ian-Macpherson/,Not found
Hartaj Singh,9917,https://stockanalysis.com/analysts/Hartaj-Singh/,Not found
Heather Balsky,9917,https://stockanalysis.com/analysts/Heather-Balsky/,Not found
Hans Mosesmann,9917,https://stockanalysis.com/analysts/Hans-Mosesmann/,Not found
Katherine Griffin,9917,https://stockanalysis.com/analysts/Katherine-Griffin/,Not found
Katie Fleischer,9917,https://stockanalysis.com/analysts/Katie-Fleischer/,Not found
Helfey Hannah,9917,https://stockanalysis.com/analysts/Helfey-Hannah/,Not found
Henry Meyer,9917,https://stockanalysis.com/analysts/Henry-Meyer/,Not found
Himanshu Gupta,9917,https://stockanalysis.com/analysts/Himanshu-Gupta/,Not found
Holly Stewart,9917,https://stockanalysis.com/analysts/Holly-Stewart/,Not found
Steve Silver,9917,https://stockanalysis.com/analysts/Steve-Silver/,Not found
Steve Valiquette,9917,https://stockanalysis.com/analysts/Steve-Valiquette/,Not found
Steve Wieczynski,9917,https://stockanalysis.com/analysts/Steve-Wieczynski/,Not found
Steven Alexoloulos,9917,https://stockanalysis.com/analysts/Steven-Alexoloulos/,Not found
Steve Brozak,9917,https://stockanalysis.com/analysts/Steve-Brozak/,Not found
Steve Koenig,9917,https://stockanalysis.com/analysts/Steve-Koenig/,Not found
Arnon Shirazi,9917,https://stockanalysis.com/analysts/Arnon-Shirazi/,Not found
Arthur He,9917,https://stockanalysis.com/analysts/Arthur-He/,Not found
Arthur Lai,9917,https://stockanalysis.com/analysts/Arthur-Lai/,Not found
Steve Seedhouse,9917,https://stockanalysis.com/analysts/Steve-Seedhouse/,Not found
Austin Dietz,9917,https://stockanalysis.com/analysts/Austin-Dietz/,Not found
Ashley Helgans,9917,https://stockanalysis.com/analysts/Ashley-Helgans/,Not found
Ashwin Shirvaikar,9917,https://stockanalysis.com/analysts/Ashwin-Shirvaikar/,Not found
Ati Modak,9917,https://stockanalysis.com/analysts/Ati-Modak/,Not found
Kelly Shi,9917,https://stockanalysis.com/analysts/Kelly-Shi/,Not found
Keegan Carl,9917,https://stockanalysis.com/analysts/Keegan-Carl/,Not found
Ken Goldman,9917,https://stockanalysis.com/analysts/Ken-Goldman/,Not found
Ken Herbert,9917,https://stockanalysis.com/analysts/Ken-Herbert/,Not found
Ken Newman,9917,https://stockanalysis.com/analysts/Ken-Newman/,Not found
Ken Wong,9917,https://stockanalysis.com/analysts/Ken-Wong/,Not found
Jack Cummins,9917,https://stockanalysis.com/analysts/Jack-Cummins/,Not found
Ian Moore,9917,https://stockanalysis.com/analysts/Ian-Moore/,Not found
James Callahan,9917,https://stockanalysis.com/analysts/James-Callahan/,Not found
Jack Vander,9917,https://stockanalysis.com/analysts/Jack-Vander/,Not found
Jacob Smith,9917,https://stockanalysis.com/analysts/Jacob-Smith/,Not found
JESALYN Wong,9917,https://stockanalysis.com/analysts/JESALYN-Wong/,Not found
Juan Sanabria,9917,https://stockanalysis.com/analysts/Juan-Sanabria/,Not found
Karol Chmiel,9917,https://stockanalysis.com/analysts/Karol-Chmiel/,Not found
Kartik Mehta,9917,https://stockanalysis.com/analysts/Kartik-Mehta/,Not found
Kaio Prato,9917,https://stockanalysis.com/analysts/Kaio-Prato/,Not found
James Fotheringham,9917,https://stockanalysis.com/analysts/James-Fotheringham/,Not found
James Goss,9917,https://stockanalysis.com/analysts/James-Goss/,Not found
James Heaney,9917,https://stockanalysis.com/analysts/James-Heaney/,Not found
Strong Buy,9917,https://stockanalysis.com/analysts/Strong-Buy/,Not found
Suji Desilva,9917,https://stockanalysis.com/analysts/Suji-Desilva/,Not found
Steven Madden,9917,https://stockanalysis.com/analysts/Steven-Madden/,Not found
Steven Sheeckutz,9917,https://stockanalysis.com/analysts/Steven-Sheeckutz/,Not found
Sung Ji,9917,https://stockanalysis.com/analysts/Sung-Ji/,Not found
Susy Tibaldi,9917,https://stockanalysis.com/analysts/Susy-Tibaldi/,Not found
Anthony Linton,9917,https://stockanalysis.com/analysts/Anthony-Linton/,Not found
Anthony Powell,9917,https://stockanalysis.com/analysts/Anthony-Powell/,Not found
Anne Meisner,9917,https://stockanalysis.com/analysts/Anne-Meisner/,Not found
Steve Powers,9917,https://stockanalysis.com/analysts/Steve-Powers/,Not found
Stephen Trent,9917,https://stockanalysis.com/analysts/Stephen-Trent/,Not found
Janco Venter,9917,https://stockanalysis.com/analysts/Janco-Venter/,Not found
Janice Quek,9917,https://stockanalysis.com/analysts/Janice-Quek/,Not found
Jared Dinges,9917,https://stockanalysis.com/analysts/Jared-Dinges/,Not found
James Sheehan,9917,https://stockanalysis.com/analysts/James-Sheehan/,Not found
Josh Schimmer,9917,https://stockanalysis.com/analysts/Josh-Schimmer/,Not found
Joseph Feldman,9917,https://stockanalysis.com/analysts/Joseph-Feldman/,Not found
Joseph Grabowski,9917,https://stockanalysis.com/analysts/Joseph-Grabowski/,Not found
Jason Bouvier,9917,https://stockanalysis.com/analysts/Jason-Bouvier/,Not found
Joshua Dennerlein,9917,https://stockanalysis.com/analysts/Joshua-Dennerlein/,Not found
Joshua Jennings,9917,https://stockanalysis.com/analysts/Joshua-Jennings/,Not found
Jason English,9917,https://stockanalysis.com/analysts/Jason-English/,Not found
Jason Gursky,9917,https://stockanalysis.com/analysts/Jason-Gursky/,Not found
Jason Haas,9917,https://stockanalysis.com/analysts/Jason-Haas/,Not found
Taylor Morrison,9917,https://stockanalysis.com/analysts/Taylor-Morrison/,Not found
Taz Koujalgi,9917,https://stockanalysis.com/analysts/Taz-Koujalgi/,Not found
Tejas Savant,9917,https://stockanalysis.com/analysts/Tejas-Savant/,Not found
Tao Qiu,9917,https://stockanalysis.com/analysts/Tao-Qiu/,Not found
Andrew Madrid,9917,https://stockanalysis.com/analysts/Andrew-Madrid/,Not found
Andrew Mok,9917,https://stockanalysis.com/analysts/Andrew-Mok/,Not found
Thomas Burlton,9917,https://stockanalysis.com/analysts/Thomas-Burlton/,Not found
Thomas Catherwood,9917,https://stockanalysis.com/analysts/Thomas-Catherwood/,Not found
Terence Malone,9917,https://stockanalysis.com/analysts/Terence-Malone/,Not found
Andrew Uerkwitz,9917,https://stockanalysis.com/analysts/Andrew-Uerkwitz/,Not found
Andrew Rosivach,9917,https://stockanalysis.com/analysts/Andrew-Rosivach/,Not found
Andrew Schmidt,9917,https://stockanalysis.com/analysts/Andrew-Schmidt/,Not found
Steven Cahill,9917,https://stockanalysis.com/analysts/Steven-Cahill/,Not found
Steven Enders,9917,https://stockanalysis.com/analysts/Steven-Enders/,Not found
Steven Frankel,9917,https://stockanalysis.com/analysts/Steven-Frankel/,Not found
Andrew Wong,9917,https://stockanalysis.com/analysts/Andrew-Wong/,Not found
André Uggedal,9917,empty,Not found
Andy Marok,9917,https://stockanalysis.com/analysts/Andy-Marok/,Not found
Andy Terrell,9917,https://stockanalysis.com/analysts/Andy-Terrell/,Not found
Andy Yu,9917,https://stockanalysis.com/analysts/Andy-Yu/,Not found
Jason Wittes,9917,https://stockanalysis.com/analysts/Jason-Wittes/,Not found
Javier Martinez,9917,https://stockanalysis.com/analysts/Javier-Martinez/,Not found
Jason Mills,9917,https://stockanalysis.com/analysts/Jason-Mills/,Not found
Jordan Boretz,9917,https://stockanalysis.com/analysts/Jordan-Boretz/,Not found
Jonathan Hughes,9917,https://stockanalysis.com/analysts/Jonathan-Hughes/,Not found
Jonathan Lee,9917,https://stockanalysis.com/analysts/Jonathan-Lee/,Not found
Jonathan Reeder,9917,https://stockanalysis.com/analysts/Jonathan-Reeder/,Not found
Jonathan Bock,9917,https://stockanalysis.com/analysts/Jonathan-Bock/,Not found
Jonathan Brandt,9917,https://stockanalysis.com/analysts/Jonathan-Brandt/,Not found
Jorg Friedemann,9917,https://stockanalysis.com/analysts/Jorg-Friedemann/,Not found
Jonathan Siegmann,9917,https://stockanalysis.com/analysts/Jonathan-Siegmann/,Not found
Jefferey Hammond,9917,https://stockanalysis.com/analysts/Jefferey-Hammond/,Not found
Jefferson Harralson,9917,https://stockanalysis.com/analysts/Jefferson-Harralson/,Not found
Jeff Cohen,9917,https://stockanalysis.com/analysts/Jeff-Cohen/,Not found
Jeff Garro,9917,https://stockanalysis.com/analysts/Jeff-Garro/,Not found
Jeff Hickey,9917,https://stockanalysis.com/analysts/Jeff-Hickey/,Not found
Jean Ann,9917,https://stockanalysis.com/analysts/Jean-Ann/,Not found
Jeff Adelson,9917,https://stockanalysis.com/analysts/Jeff-Adelson/,Not found
Tim Thein,9917,https://stockanalysis.com/analysts/Tim-Thein/,Not found
Tim Chiodo,9917,https://stockanalysis.com/analysts/Tim-Chiodo/,Not found
Andre Uggedal,9917,https://stockanalysis.com/analysts/Andre-Uggedal/,Not found
Timothy Switzer,9917,https://stockanalysis.com/analysts/Timothy-Switzer/,Not found
Andrew Baum,9917,https://stockanalysis.com/analysts/Andrew-Baum/,Not found
Andrew Bowler,9917,https://stockanalysis.com/analysts/Andrew-Bowler/,Not found
Andrew Carter,9917,https://stockanalysis.com/analysts/Andrew-Carter/,Not found
Andrea Teixeira,9917,https://stockanalysis.com/analysts/Andrea-Teixeira/,Not found
Andreas Sheppard,9917,https://stockanalysis.com/analysts/Andreas-Sheppard/,Not found
Andres Maldonado,9917,https://stockanalysis.com/analysts/Andres-Maldonado/,Not found
Andrew Jones,9917,https://stockanalysis.com/analysts/Andrew-Jones/,Not found
Jeffrey Bernstein,9917,https://stockanalysis.com/analysts/Jeffrey-Bernstein/,Not found
Jeffrey Hung,9917,https://stockanalysis.com/analysts/Jeffrey-Hung/,Not found
Jeffrey Lick,9917,https://stockanalysis.com/analysts/Jeffrey-Lick/,Not found
Jeff Kessler,9917,https://stockanalysis.com/analysts/Jeff-Kessler/,Not found
Jeff Van,9917,https://stockanalysis.com/analysts/Jeff-Van/,Not found
John Nadel,9917,https://stockanalysis.com/analysts/John-Nadel/,Not found
John Roberts,9917,https://stockanalysis.com/analysts/John-Roberts/,Not found
John Rogers,9917,https://stockanalysis.com/analysts/John-Rogers/,Not found
John McDonald,9917,https://stockanalysis.com/analysts/John-McDonald/,Not found
Jeffery Harte,9917,https://stockanalysis.com/analysts/Jeffery-Harte/,Not found
John Young,9917,https://stockanalysis.com/analysts/John-Young/,Not found
Jon Young,9917,https://stockanalysis.com/analysts/Jon-Young/,Not found
John Rowan,9917,https://stockanalysis.com/analysts/John-Rowan/,Not found
John Sourbeer,9917,https://stockanalysis.com/analysts/John-Sourbeer/,Not found
John Te,9917,https://stockanalysis.com/analysts/John-Te/,Not found
John Murphy,9917,https://stockanalysis.com/analysts/John-Murphy/,Not found
Joel Lederman,9917,https://stockanalysis.com/analysts/Joel-Lederman/,Not found
Joe Giordano,9917,https://stockanalysis.com/analysts/Joe-Giordano/,Not found
Joe Goodwin,9917,https://stockanalysis.com/analysts/Joe-Goodwin/,Not found
Joe Meares,9917,https://stockanalysis.com/analysts/Joe-Meares/,Not found
Joe Quatrochi,9917,https://stockanalysis.com/analysts/Joe-Quatrochi/,Not found
Joe Reagor,9917,https://stockanalysis.com/analysts/Joe-Reagor/,Not found
John Wilkin,9917,https://stockanalysis.com/analysts/John-Wilkin/,Not found
Tom Fitzgerald,9917,https://stockanalysis.com/analysts/Tom-Fitzgerald/,Not found
Tom Hayes,9917,https://stockanalysis.com/analysts/Tom-Hayes/,Not found
Ally Yseen,9917,https://stockanalysis.com/analysts/Ally-Yseen/,Not found
Tom McGovern,9917,https://stockanalysis.com/analysts/Tom-McGovern/,Not found
Tom O Malley,9917,https://stockanalysis.com/analysts/Tom-O-Malley/,Not found
Tom Stephan,9917,https://stockanalysis.com/analysts/Tom-Stephan/,Not found
Tommy McJoynt,9917,https://stockanalysis.com/analysts/Tommy-McJoynt/,Not found
Todd Weller,9917,https://stockanalysis.com/analysts/Todd-Weller/,Not found
Toni Sacconaghi,9917,https://stockanalysis.com/analysts/Toni-Sacconaghi/,Not found
Tony DiMatteo,9917,https://stockanalysis.com/analysts/Tony-DiMatteo/,Not found
Toshiya Hari,9917,https://stockanalysis.com/analysts/Toshiya-Hari/,Not found
Tim Perz,9917,https://stockanalysis.com/analysts/Tim-Perz/,Not found
Trevor Walsh,9917,https://stockanalysis.com/analysts/Trevor-Walsh/,Not found
Van Sinderen,9917,https://stockanalysis.com/analysts/Van-Sinderen/,Not found
Tsin Huang,9917,https://stockanalysis.com/analysts/Tsin-Huang/,Not found
Tyler Brown,9917,https://stockanalysis.com/analysts/Tyler-Brown/,Not found
Vincent Ciantic,9917,https://stockanalysis.com/analysts/Vincent-Ciantic/,Not found
Vikram Malhorta,9917,https://stockanalysis.com/analysts/Vikram-Malhorta/,Not found
Alexander Waters,9917,https://stockanalysis.com/analysts/Alexander-Waters/,Not found
Alexandra Steiger,9917,https://stockanalysis.com/analysts/Alexandra-Steiger/,Not found
Vikram Purohit,9917,https://stockanalysis.com/analysts/Vikram-Purohit/,Not found
Vilas Abraham,9917,https://stockanalysis.com/analysts/Vilas-Abraham/,Not found
Amanda Sweitzer,9917,https://stockanalysis.com/analysts/Amanda-Sweitzer/,Not found
Alexia Howard,9917,https://stockanalysis.com/analysts/Alexia-Howard/,Not found
Ali Faghri,9917,https://stockanalysis.com/analysts/Ali-Faghri/,Not found
Alice Xiao,9917,https://stockanalysis.com/analysts/Alice-Xiao/,Not found
John Egbert,9917,https://stockanalysis.com/analysts/John-Egbert/,Not found
John Gibson,9917,https://stockanalysis.com/analysts/John-Gibson/,Not found
John Glass,9917,https://stockanalysis.com/analysts/John-Glass/,Not found
Joe Vruwink,9917,https://stockanalysis.com/analysts/Joe-Vruwink/,Not found
Joel Beatty,9917,https://stockanalysis.com/analysts/Joel-Beatty/,Not found
Joel Fishbein,9917,https://stockanalysis.com/analysts/Joel-Fishbein/,Not found
Jesse Sobelson,9917,https://stockanalysis.com/analysts/Jesse-Sobelson/,Not found
Jeffrey Osborne,9917,https://stockanalysis.com/analysts/Jeffrey-Osborne/,Not found
Jeffrey Reive,9917,https://stockanalysis.com/analysts/Jeffrey-Reive/,Not found
Jeffrey Rulis,9917,https://stockanalysis.com/analysts/Jeffrey-Rulis/,Not found
Jeffrey Zekaukas,9917,https://stockanalysis.com/analysts/Jeffrey-Zekaukas/,Not found
John Edelman,9917,https://stockanalysis.com/analysts/John-Edelman/,Not found
Jim Duffy,9917,https://stockanalysis.com/analysts/Jim-Duffy/,Not found
Jennifer Demba,9917,https://stockanalysis.com/analysts/Jennifer-Demba/,Not found
Jennifer Swanson,9917,https://stockanalysis.com/analysts/Jennifer-Swanson/,Not found
Jimmy Yoon,9917,https://stockanalysis.com/analysts/Jimmy-Yoon/,Not found
Jin Yoon,9917,https://stockanalysis.com/analysts/Jin-Yoon/,Not found
Joao Pedro,9917,https://stockanalysis.com/analysts/Joao-Pedro/,Not found
Jessica Ehrlich,9917,https://stockanalysis.com/analysts/Jessica-Ehrlich/,Not found
Jessica Reif,9917,https://stockanalysis.com/analysts/Jessica-Reif/,Not found
Alex Perry,9917,https://stockanalysis.com/analysts/Alex-Perry/,Not found
Alex Potter,9917,https://stockanalysis.com/analysts/Alex-Potter/,Not found
de Angele,9917,https://stockanalysis.com/analysts/de-Angele/,Not found
Zixiao Yang,9917,https://stockanalysis.com/analysts/Zixiao-Yang/,Not found
Zijie Yang,9917,https://stockanalysis.com/analysts/Zijie-Yang/,Not found
Alex Goldfarb,9917,https://stockanalysis.com/analysts/Alex-Goldfarb/,Not found
Alex Haissl,9917,https://stockanalysis.com/analysts/Alex-Haissl/,Not found
lvan Tuerkcan,9917,https://stockanalysis.com/analysts/lvan-Tuerkcan/,Not found
Zhijing Liu,9917,https://stockanalysis.com/analysts/Zhijing-Liu/,Not found
Zachary Warring,9917,https://stockanalysis.com/analysts/Zachary-Warring/,Not found
