Analyst name,Ranking,URL,Last update
Asiya Merchant,2,https://stockanalysis.com/analysts/Asiya-Merchant/,27 Aug 2026
Timothy Arcuri,5,https://stockanalysis.com/analysts/Timothy-Arcuri/,27 Aug 2026
Samik Chatterjee,6,https://stockanalysis.com/analysts/Samik-Chatterjee/,27 Aug 2026
Justin Jenkins,7,https://stockanalysis.com/analysts/Justin-Jenkins/,11 Aug 2026
Michael Siperco,8,https://stockanalysis.com/analysts/Michael-Siperco/,10 Dec 2025
Atif Malik,9,https://stockanalysis.com/analysts/Atif-Malik/,27 Aug 2026
Harsh Kumar,10,https://stockanalysis.com/analysts/Harsh-Kumar/,27 Aug 2026
Aaron Rakers,11,https://stockanalysis.com/analysts/Aaron-Rakers/,27 Aug 2026
Vijay Rakesh,12,https://stockanalysis.com/analysts/Vijay-Rakesh/,27 Aug 2026
Richard Shannon,13,https://stockanalysis.com/analysts/Richard-Shannon/,20 Aug 2026
Jeremy Hoy,14,https://stockanalysis.com/analysts/Jeremy-Hoy/,11 Aug 2026
Matt Bryson,15,https://stockanalysis.com/analysts/Matt-Bryson/,21 Aug 2026
Chris Hallam,18,https://stockanalysis.com/analysts/Chris-Hallam/,13 Aug 2026
William Stein,19,https://stockanalysis.com/analysts/William-Stein/,27 Aug 2026
Josh Wolfson,20,https://stockanalysis.com/analysts/Josh-Wolfson/,17 Aug 2026
Theresa Chen,22,https://stockanalysis.com/analysts/Theresa-Chen/,19 Aug 2026
Heiko Ihle,23,https://stockanalysis.com/analysts/Heiko-Ihle/,26 Aug 2026
Ebrahim Poonawala,24,https://stockanalysis.com/analysts/Ebrahim-Poonawala/,27 Aug 2026
Dan Payne,25,https://stockanalysis.com/analysts/Dan-Payne/,07 Aug 2026
Josh Sullivan,27,https://stockanalysis.com/analysts/Josh-Sullivan/,15 Jul 2026
Amit Daryanani,28,https://stockanalysis.com/analysts/Amit-Daryanani/,26 Aug 2026
Harlan Sur,29,https://stockanalysis.com/analysts/Harlan-Sur/,27 Aug 2026
Rick Schafer,30,https://stockanalysis.com/analysts/Rick-Schafer/,27 Aug 2026
Krish Sankar,31,https://stockanalysis.com/analysts/Krish-Sankar/,27 Aug 2026
Ruben Roy,32,https://stockanalysis.com/analysts/Ruben-Roy/,27 Aug 2026
Brian MacArthur,33,https://stockanalysis.com/analysts/Brian-MacArthur/,26 Aug 2026
Jim Kelleher,34,https://stockanalysis.com/analysts/Jim-Kelleher/,18 Aug 2026
Mark Lipacis,35,https://stockanalysis.com/analysts/Mark-Lipacis/,12 Aug 2026
John Freeman,36,https://stockanalysis.com/analysts/John-Freeman/,24 Aug 2026
Quinn Bolton,37,https://stockanalysis.com/analysts/Quinn-Bolton/,27 Aug 2026
Patrick Trucchio,38,https://stockanalysis.com/analysts/Patrick-Trucchio/,27 Aug 2026
Wamsi Mohan,39,https://stockanalysis.com/analysts/Wamsi-Mohan/,27 Aug 2026
Mark Miller,41,https://stockanalysis.com/analysts/Mark-Miller/,15 Jan 2026
Eric Winmill,44,https://stockanalysis.com/analysts/Eric-Winmill/,19 Aug 2026
Faisal Khurshid,47,https://stockanalysis.com/analysts/Faisal-Khurshid/,25 Aug 2026
Carey Macrury,52,https://stockanalysis.com/analysts/Carey-Macrury/,26 Aug 2026
Leo Mariani,53,https://stockanalysis.com/analysts/Leo-Mariani/,26 Aug 2026
Brent Thielman,54,https://stockanalysis.com/analysts/Brent-Thielman/,21 Aug 2026
Devin Ryan,56,https://stockanalysis.com/analysts/Devin-Ryan/,11 Aug 2026
Blayne Curtis,57,https://stockanalysis.com/analysts/Blayne-Curtis/,27 Aug 2026
David Risinger,58,https://stockanalysis.com/analysts/David-Risinger/,18 Aug 2026
Christopher Rolland,61,https://stockanalysis.com/analysts/Christopher-Rolland/,26 Aug 2026
Sam Slutsky,62,https://stockanalysis.com/analysts/Sam-Slutsky/,26 Aug 2026
Ritu Baral,63,https://stockanalysis.com/analysts/Ritu-Baral/,17 Aug 2026
Julian Harrison,64,https://stockanalysis.com/analysts/Julian-Harrison/,27 Aug 2026
Thomas Smith,65,https://stockanalysis.com/analysts/Thomas-Smith/,04 Aug 2026
Patrick Moley,72,https://stockanalysis.com/analysts/Patrick-Moley/,20 Aug 2026
Kian Abouhossein,73,https://stockanalysis.com/analysts/Kian-Abouhossein/,18 Aug 2026
Selman Akyol,74,https://stockanalysis.com/analysts/Selman-Akyol/,07 Aug 2026
Mark Hughes,75,https://stockanalysis.com/analysts/Mark-Hughes/,27 Aug 2026
Mike Mayo,76,https://stockanalysis.com/analysts/Mike-Mayo/,19 Aug 2026
Cody Acree,77,https://stockanalysis.com/analysts/Cody-Acree/,27 Aug 2026
Moshe Orenbuch,79,https://stockanalysis.com/analysts/Moshe-Orenbuch/,19 Aug 2026
Jason Seidl,80,https://stockanalysis.com/analysts/Jason-Seidl/,07 Aug 2026
Richard Hatch,81,https://stockanalysis.com/analysts/Richard-Hatch/,27 Aug 2026
Keith Mackey,82,https://stockanalysis.com/analysts/Keith-Mackey/,25 Aug 2026
Myles Minter,83,https://stockanalysis.com/analysts/Myles-Minter/,26 Aug 2026
Etzer Darout,84,https://stockanalysis.com/analysts/Etzer-Darout/,20 Aug 2026
John Todaro,85,https://stockanalysis.com/analysts/John-Todaro/,18 Aug 2026
Christian Schwab,86,https://stockanalysis.com/analysts/Christian-Schwab/,14 Aug 2026
Joon Lee,87,https://stockanalysis.com/analysts/Joon-Lee/,17 Mar 2026
Chase Knickerbocker,88,https://stockanalysis.com/analysts/Chase-Knickerbocker/,18 Aug 2026
Ami Fadia,89,https://stockanalysis.com/analysts/Ami-Fadia/,26 Aug 2026
Tim Savageaux,90,https://stockanalysis.com/analysts/Tim-Savageaux/,19 Aug 2026
Kevin Cassidy,91,https://stockanalysis.com/analysts/Kevin-Cassidy/,27 Aug 2026
Andres Coello,92,https://stockanalysis.com/analysts/Andres-Coello/,07 Aug 2026
Bill Papanastasiou,93,https://stockanalysis.com/analysts/Bill-Papanastasiou/,11 Aug 2026
Gary Tenner,94,https://stockanalysis.com/analysts/Gary-Tenner/,24 Aug 2026
Phil Hardie,95,https://stockanalysis.com/analysts/Phil-Hardie/,07 Aug 2026
Bose George,97,https://stockanalysis.com/analysts/Bose-George/,17 Aug 2026
Meyer Shields,98,https://stockanalysis.com/analysts/Meyer-Shields/,27 Aug 2026
Alexander Blostein,99,https://stockanalysis.com/analysts/Alexander-Blostein/,18 Aug 2026
Paul Newsome,100,https://stockanalysis.com/analysts/Paul-Newsome/,24 Aug 2026
Sanjay Sakhrani,101,https://stockanalysis.com/analysts/Sanjay-Sakhrani/,21 Aug 2026
Ross Seymore,102,https://stockanalysis.com/analysts/Ross-Seymore/,29 Jun 2026
Daniel Fannon,104,https://stockanalysis.com/analysts/Daniel-Fannon/,18 Aug 2026
Walter Spracklin,105,https://stockanalysis.com/analysts/Walter-Spracklin/,11 Aug 2026
Gautam Khanna,106,https://stockanalysis.com/analysts/Gautam-Khanna/,19 Aug 2026
Patrick Brown,107,https://stockanalysis.com/analysts/Patrick-Brown/,20 Aug 2026
Brian Chin,108,https://stockanalysis.com/analysts/Brian-Chin/,14 Aug 2026
Seamus Fernandez,109,https://stockanalysis.com/analysts/Seamus-Fernandez/,27 Aug 2026
Michael Ciarmoli,110,https://stockanalysis.com/analysts/Michael-Ciarmoli/,20 Aug 2026
Chris Caso,112,https://stockanalysis.com/analysts/Chris-Caso/,04 Aug 2026
Mike Colonnese,113,https://stockanalysis.com/analysts/Mike-Colonnese/,21 Aug 2026
Yaron Werber,114,https://stockanalysis.com/analysts/Yaron-Werber/,19 Aug 2026
Srini Pajjuri,116,https://stockanalysis.com/analysts/Srini-Pajjuri/,26 Aug 2026
Shrenik Kothari,119,https://stockanalysis.com/analysts/Shrenik-Kothari/,27 Aug 2026
Gerard Cassidy,120,https://stockanalysis.com/analysts/Gerard-Cassidy/,24 Aug 2026
Charles Minervino,122,https://stockanalysis.com/analysts/Charles-Minervino/,14 Aug 2026
Justin Post,124,https://stockanalysis.com/analysts/Justin-Post/,25 Aug 2026
Craig Stanley,125,https://stockanalysis.com/analysts/Craig-Stanley/,07 Aug 2026
Stacy Rasgon,126,https://stockanalysis.com/analysts/Stacy-Rasgon/,20 Aug 2026
Andrew Kaplowitz,127,https://stockanalysis.com/analysts/Andrew-Kaplowitz/,12 Aug 2026
Dave Kang,128,https://stockanalysis.com/analysts/Dave-Kang/,18 Aug 2026
Srikripa Devarakonda,129,https://stockanalysis.com/analysts/Srikripa-Devarakonda/,18 Aug 2026
Sam Crittenden,130,https://stockanalysis.com/analysts/Sam-Crittenden/,17 Aug 2026
Brian Quast,131,https://stockanalysis.com/analysts/Brian-Quast/,19 Aug 2026
Jonathan Ruykhaver,132,https://stockanalysis.com/analysts/Jonathan-Ruykhaver/,27 Aug 2026
Mehdi Hosseini,133,https://stockanalysis.com/analysts/Mehdi-Hosseini/,27 Aug 2026
Simon Leopold,135,https://stockanalysis.com/analysts/Simon-Leopold/,27 Aug 2026
John Vinh,136,https://stockanalysis.com/analysts/John-Vinh/,27 Aug 2026
Joseph Pantginis,137,https://stockanalysis.com/analysts/Joseph-Pantginis/,26 Aug 2026
Michael Schmidt,139,https://stockanalysis.com/analysts/Michael-Schmidt/,27 Aug 2026
Robert Brown,140,https://stockanalysis.com/analysts/Robert-Brown/,21 Aug 2026
Tristan Gerra,141,https://stockanalysis.com/analysts/Tristan-Gerra/,26 Aug 2026
Craig Ellis,142,https://stockanalysis.com/analysts/Craig-Ellis/,26 Aug 2026
Martin Fan,143,https://stockanalysis.com/analysts/Martin-Fan/,18 Aug 2026
Mark Newman,145,https://stockanalysis.com/analysts/Mark-Newman/,27 Aug 2026
David Konrad,147,https://stockanalysis.com/analysts/David-Konrad/,26 Aug 2026
Ariel Rosa,148,https://stockanalysis.com/analysts/Ariel-Rosa/,27 Aug 2026
Debanjana Chatterjee,151,https://stockanalysis.com/analysts/Debanjana-Chatterjee/,26 Aug 2026
Jason Goldberg,152,https://stockanalysis.com/analysts/Jason-Goldberg/,10 Aug 2026
Chris Kotowski,153,https://stockanalysis.com/analysts/Chris-Kotowski/,26 Aug 2026
Jonathan Chappell,154,https://stockanalysis.com/analysts/Jonathan-Chappell/,30 Jul 2026
Scott Hanold,155,https://stockanalysis.com/analysts/Scott-Hanold/,21 Aug 2026
Steve Barger,156,https://stockanalysis.com/analysts/Steve-Barger/,14 Aug 2026
Jason Gerberry,157,https://stockanalysis.com/analysts/Jason-Gerberry/,26 Aug 2026
Tore Svanberg,158,https://stockanalysis.com/analysts/Tore-Svanberg/,24 Aug 2026
Yatin Suneja,159,https://stockanalysis.com/analysts/Yatin-Suneja/,27 Aug 2026
Douglas Tsao,160,https://stockanalysis.com/analysts/Douglas-Tsao/,26 Aug 2026
David Williams,161,https://stockanalysis.com/analysts/David-Williams/,14 Aug 2026
Edward Nash,162,https://stockanalysis.com/analysts/Edward-Nash/,26 Aug 2026
Joseph Schwartz,163,https://stockanalysis.com/analysts/Joseph-Schwartz/,27 Jul 2026
Yasmeen Rahimi,165,https://stockanalysis.com/analysts/Yasmeen-Rahimi/,27 Aug 2026
Alex Platt,166,https://stockanalysis.com/analysts/Alex-Platt/,18 May 2026
Kelsey Goodwin,169,https://stockanalysis.com/analysts/Kelsey-Goodwin/,27 Aug 2026
Brian Brophy,172,https://stockanalysis.com/analysts/Brian-Brophy/,13 Aug 2026
Elvira Scotto,174,https://stockanalysis.com/analysts/Elvira-Scotto/,24 Aug 2026
Manav Gupta,175,https://stockanalysis.com/analysts/Manav-Gupta/,27 Aug 2026
Jamie Cook,177,https://stockanalysis.com/analysts/Jamie-Cook/,25 Aug 2026
Nathan Jones,178,https://stockanalysis.com/analysts/Nathan-Jones/,20 Aug 2026
Stephen Volkmann,179,https://stockanalysis.com/analysts/Stephen-Volkmann/,24 Aug 2026
Lloyd Walmsley,180,https://stockanalysis.com/analysts/Lloyd-Walmsley/,17 Aug 2026
Joshua Buchalter,181,https://stockanalysis.com/analysts/Joshua-Buchalter/,27 Aug 2026
Leonid Timashev,182,https://stockanalysis.com/analysts/Leonid-Timashev/,27 Aug 2026
Rob Owens,184,https://stockanalysis.com/analysts/Rob-Owens/,27 Aug 2026
Orest Wowkodaw,185,https://stockanalysis.com/analysts/Orest-Wowkodaw/,19 Aug 2026
Joseph Moore,186,https://stockanalysis.com/analysts/Joseph-Moore/,27 Aug 2026
Gregory Lewis,188,https://stockanalysis.com/analysts/Gregory-Lewis/,26 Aug 2026
James Ricchiuti,189,https://stockanalysis.com/analysts/James-Ricchiuti/,24 Aug 2026
Andrew Fein,190,https://stockanalysis.com/analysts/Andrew-Fein/,24 Aug 2026
Robert Burns,191,https://stockanalysis.com/analysts/Robert-Burns/,27 Aug 2026
Colin Rusch,192,https://stockanalysis.com/analysts/Colin-Rusch/,25 Aug 2026
Damon Delmonte,195,https://stockanalysis.com/analysts/Damon-Delmonte/,21 Aug 2026
Keith Horowitz,196,https://stockanalysis.com/analysts/Keith-Horowitz/,08 May 2026
Subbu Nambi,198,https://stockanalysis.com/analysts/Subbu-Nambi/,20 Aug 2026
Brian Meredith,199,https://stockanalysis.com/analysts/Brian-Meredith/,17 Aug 2026
Rudy Li,200,https://stockanalysis.com/analysts/Rudy-Li/,26 Aug 2026
Sam Margolin,201,https://stockanalysis.com/analysts/Sam-Margolin/,13 Aug 2026
Erik Rasmussen,203,https://stockanalysis.com/analysts/Erik-Rasmussen/,13 Aug 2026
Charles Zhu,204,https://stockanalysis.com/analysts/Charles-Zhu/,26 Aug 2026
Michael Lasser,207,https://stockanalysis.com/analysts/Michael-Lasser/,27 Aug 2026
Doug Schenkel,208,https://stockanalysis.com/analysts/Doug-Schenkel/,10 Dec 2025
Fadi Chamoun,210,https://stockanalysis.com/analysts/Fadi-Chamoun/,21 Aug 2026
Peter Arment,212,https://stockanalysis.com/analysts/Peter-Arment/,24 Aug 2026
Alexander Paris,213,https://stockanalysis.com/analysts/Alexander-Paris/,24 Aug 2026
Mark Delaney,215,https://stockanalysis.com/analysts/Mark-Delaney/,23 Aug 2026
Cory Kasimov,216,https://stockanalysis.com/analysts/Cory-Kasimov/,17 Aug 2026
Cosmos Chiu,217,https://stockanalysis.com/analysts/Cosmos-Chiu/,26 Aug 2026
Nehal Chokshi,219,https://stockanalysis.com/analysts/Nehal-Chokshi/,27 Aug 2026
George Sutton,220,https://stockanalysis.com/analysts/George-Sutton/,20 Aug 2026
Brett Huff,222,https://stockanalysis.com/analysts/Brett-Huff/,11 Aug 2026
Andrew Coombs,223,https://stockanalysis.com/analysts/Andrew-Coombs/,04 Aug 2026
Christopher McGratty,226,https://stockanalysis.com/analysts/Christopher-McGratty/,26 Aug 2026
Daniel Major,227,https://stockanalysis.com/analysts/Daniel-Major/,27 Aug 2026
Levi Spry,230,https://stockanalysis.com/analysts/Levi-Spry/,27 Aug 2026
Andrew Percoco,234,https://stockanalysis.com/analysts/Andrew-Percoco/,20 Aug 2026
Frederic Bastien,235,https://stockanalysis.com/analysts/Frederic-Bastien/,10 Aug 2026
Allison Bratzel,236,https://stockanalysis.com/analysts/Allison-Bratzel/,26 Aug 2026
Andrew Obin,237,https://stockanalysis.com/analysts/Andrew-Obin/,19 Aug 2026
Brian Bedell,238,https://stockanalysis.com/analysts/Brian-Bedell/,19 Aug 2026
Ronald Epstein,239,https://stockanalysis.com/analysts/Ronald-Epstein/,27 Aug 2026
Rami Katkhuda,240,https://stockanalysis.com/analysts/Rami-Katkhuda/,22 Aug 2026
Vivek Arya,241,https://stockanalysis.com/analysts/Vivek-Arya/,27 Aug 2026
Jay Olson,244,https://stockanalysis.com/analysts/Jay-Olson/,18 Aug 2026
Wood Lay,247,https://stockanalysis.com/analysts/Wood-Lay/,19 Aug 2026
Christopher Allen,249,https://stockanalysis.com/analysts/Christopher-Allen/,13 Aug 2026
Raj Ray,251,https://stockanalysis.com/analysts/Raj-Ray/,26 Aug 2026
Stephen Tusa,253,https://stockanalysis.com/analysts/Stephen-Tusa/,11 Jun 2026
Scot Ciccarelli,254,https://stockanalysis.com/analysts/Scot-Ciccarelli/,25 Aug 2026
John Eade,258,https://stockanalysis.com/analysts/John-Eade/,19 Aug 2026
Noah Kaye,260,https://stockanalysis.com/analysts/Noah-Kaye/,14 Aug 2026
Brandon Couillard,261,https://stockanalysis.com/analysts/Brandon-Couillard/,14 Aug 2026
Christopher Glynn,262,https://stockanalysis.com/analysts/Christopher-Glynn/,21 Aug 2026
Craig Hutchison,264,https://stockanalysis.com/analysts/Craig-Hutchison/,17 Aug 2026
Andrew Mikitchook,265,https://stockanalysis.com/analysts/Andrew-Mikitchook/,18 Aug 2026
Lloyd Byrne,266,https://stockanalysis.com/analysts/Lloyd-Byrne/,17 Aug 2026
Joseph Thome,267,https://stockanalysis.com/analysts/Joseph-Thome/,26 Aug 2026
Derek Archila,269,https://stockanalysis.com/analysts/Derek-Archila/,26 Aug 2026
Ovais Habib,270,https://stockanalysis.com/analysts/Ovais-Habib/,19 Aug 2026
Jonathan Wolleben,272,https://stockanalysis.com/analysts/Jonathan-Wolleben/,10 Aug 2026
Graig Suvannavejh,273,https://stockanalysis.com/analysts/Graig-Suvannavejh/,24 Aug 2026
Anita Soni,286,https://stockanalysis.com/analysts/Anita-Soni/,17 Aug 2026
Peter Benedict,287,https://stockanalysis.com/analysts/Peter-Benedict/,24 Aug 2026
Ross Sandler,288,https://stockanalysis.com/analysts/Ross-Sandler/,12 Aug 2026
Bryan Blair,289,https://stockanalysis.com/analysts/Bryan-Blair/,21 Aug 2026
Vamil Divan,290,https://stockanalysis.com/analysts/Vamil-Divan/,24 Aug 2026
John DiFucci,291,https://stockanalysis.com/analysts/John-DiFucci/,27 Aug 2026
Kevin Steinke,292,https://stockanalysis.com/analysts/Kevin-Steinke/,27 Aug 2026
Tim Long,294,https://stockanalysis.com/analysts/Tim-Long/,26 Aug 2026
Gregory Renza,295,https://stockanalysis.com/analysts/Gregory-Renza/,27 Aug 2026
Charles Shi,297,https://stockanalysis.com/analysts/Charles-Shi/,14 Aug 2026
David Nierengarten,298,https://stockanalysis.com/analysts/David-Nierengarten/,26 Aug 2026
Anupam Rama,299,https://stockanalysis.com/analysts/Anupam-Rama/,26 Aug 2026
Jaeson Schmidt,300,https://stockanalysis.com/analysts/Jaeson-Schmidt/,25 Aug 2026
Trevor Allred,301,https://stockanalysis.com/analysts/Trevor-Allred/,05 Aug 2026
David Karnovsky,303,https://stockanalysis.com/analysts/David-Karnovsky/,21 Aug 2026
David Feaster,305,https://stockanalysis.com/analysts/David-Feaster/,21 Aug 2026
Michael Blum,306,https://stockanalysis.com/analysts/Michael-Blum/,12 Aug 2026
Fatima Boolani,308,https://stockanalysis.com/analysts/Fatima-Boolani/,27 Aug 2026
David Manthey,309,https://stockanalysis.com/analysts/David-Manthey/,11 Aug 2026
Corey Tarlowe,310,https://stockanalysis.com/analysts/Corey-Tarlowe/,26 Aug 2026
Mark Devries,312,https://stockanalysis.com/analysts/Mark-Devries/,20 Aug 2026
Mark DeVries,312,https://stockanalysis.com/analysts/Mark-DeVries/,20 Aug 2026
Thomas Diffely,313,https://stockanalysis.com/analysts/Thomas-Diffely/,11 Dec 2025
Scott Gruber,314,https://stockanalysis.com/analysts/Scott-Gruber/,27 Aug 2026
Geoff Meacham,316,https://stockanalysis.com/analysts/Geoff-Meacham/,19 Aug 2026
Naved Khan,317,https://stockanalysis.com/analysts/Naved-Khan/,20 Aug 2026
Erik Woodring,318,https://stockanalysis.com/analysts/Erik-Woodring/,27 Aug 2026
Lawson Winder,319,https://stockanalysis.com/analysts/Lawson-Winder/,24 Aug 2026
Chip Moore,321,https://stockanalysis.com/analysts/Chip-Moore/,14 Aug 2026
Mike Crawford,322,https://stockanalysis.com/analysts/Mike-Crawford/,13 Aug 2026
Gus Richard,323,https://stockanalysis.com/analysts/Gus-Richard/,27 Aug 2026
Swayampakula Ramakanth,324,https://stockanalysis.com/analysts/Swayampakula-Ramakanth/,25 Aug 2026
Joseph Stringer,325,https://stockanalysis.com/analysts/Joseph-Stringer/,19 Aug 2026
Ryan Koontz,326,https://stockanalysis.com/analysts/Ryan-Koontz/,26 Aug 2026
Kyle Menges,330,https://stockanalysis.com/analysts/Kyle-Menges/,24 Aug 2026
Melissa Weathers,331,https://stockanalysis.com/analysts/Melissa-Weathers/,14 Aug 2026
Edward Yang,333,https://stockanalysis.com/analysts/Edward-Yang/,07 Aug 2026
Stephen Biggar,335,https://stockanalysis.com/analysts/Stephen-Biggar/,11 Aug 2026
Robert Dodd,337,https://stockanalysis.com/analysts/Robert-Dodd/,09 Jul 2026
Andrew Tsai,340,https://stockanalysis.com/analysts/Andrew-Tsai/,19 Aug 2026
Bobby Brooks,341,https://stockanalysis.com/analysts/Bobby-Brooks/,20 Aug 2026
Mark Kelley,342,https://stockanalysis.com/analysts/Mark-Kelley/,16 Jun 2026
Julian Mitchell,343,https://stockanalysis.com/analysts/Julian-Mitchell/,12 Jun 2026
David Amsellem,344,https://stockanalysis.com/analysts/David-Amsellem/,26 Aug 2026
Tara Bancroft,345,https://stockanalysis.com/analysts/Tara-Bancroft/,17 Aug 2026
William Power,346,https://stockanalysis.com/analysts/William-Power/,25 Aug 2026
Ananda Baruah,347,https://stockanalysis.com/analysts/Ananda-Baruah/,19 Aug 2026
Michael Grondahl,348,https://stockanalysis.com/analysts/Michael-Grondahl/,26 Aug 2026
Andrew Berens,349,https://stockanalysis.com/analysts/Andrew-Berens/,07 Aug 2026
Chris Dendrinos,350,https://stockanalysis.com/analysts/Chris-Dendrinos/,21 Aug 2026
Sebastien Naji,353,https://stockanalysis.com/analysts/Sebastien-Naji/,27 Aug 2026
Melissa Fairbanks,354,https://stockanalysis.com/analysts/Melissa-Fairbanks/,07 Aug 2026
Tanya Jakusconek,355,https://stockanalysis.com/analysts/Tanya-Jakusconek/,26 Aug 2026
Brett Linzey,356,https://stockanalysis.com/analysts/Brett-Linzey/,25 Aug 2026
Sean Laaman,358,https://stockanalysis.com/analysts/Sean-Laaman/,26 Aug 2026
Andrew Wittmann,360,https://stockanalysis.com/analysts/Andrew-Wittmann/,27 Aug 2026
George Notter,361,https://stockanalysis.com/analysts/George-Notter/,12 Aug 2026
Erin Wright,364,https://stockanalysis.com/analysts/Erin-Wright/,25 Aug 2026
Matthew Carletti,365,https://stockanalysis.com/analysts/Matthew-Carletti/,07 Aug 2026
Jon Arfstrom,369,https://stockanalysis.com/analysts/Jon-Arfstrom/,26 Aug 2026
Patrick Jones,370,https://stockanalysis.com/analysts/Patrick-Jones/,17 Aug 2026
Alex Zukin,371,https://stockanalysis.com/analysts/Alex-Zukin/,26 Aug 2026
Brendan Smith,372,https://stockanalysis.com/analysts/Brendan-Smith/,17 Aug 2026
Jacob Stephan,373,https://stockanalysis.com/analysts/Jacob-Stephan/,20 Aug 2026
Brian Nagel,374,https://stockanalysis.com/analysts/Brian-Nagel/,26 Aug 2026
Marc Goodman,376,https://stockanalysis.com/analysts/Marc-Goodman/,13 Jul 2026
Fahad Tariq,379,https://stockanalysis.com/analysts/Fahad-Tariq/,21 Aug 2026
Catherine Mealor,380,https://stockanalysis.com/analysts/Catherine-Mealor/,06 Aug 2026
Seth Seifman,383,https://stockanalysis.com/analysts/Seth-Seifman/,19 Aug 2026
Kenneth Lee,384,https://stockanalysis.com/analysts/Kenneth-Lee/,20 Aug 2026
Nathan Race,386,https://stockanalysis.com/analysts/Nathan-Race/,26 Aug 2026
Jason Zemansky,387,https://stockanalysis.com/analysts/Jason-Zemansky/,17 Aug 2026
Nick Giles,388,https://stockanalysis.com/analysts/Nick-Giles/,21 Aug 2026
Craig Siegenthaler,389,https://stockanalysis.com/analysts/Craig-Siegenthaler/,14 Aug 2026
Ryan Todd,390,https://stockanalysis.com/analysts/Ryan-Todd/,23 Jul 2026
Mike Cikos,392,https://stockanalysis.com/analysts/Mike-Cikos/,27 Aug 2026
Keith Hughes,394,https://stockanalysis.com/analysts/Keith-Hughes/,26 Aug 2026
Shaul Eyal,395,https://stockanalysis.com/analysts/Shaul-Eyal/,27 Aug 2026
Daniel Ives,396,https://stockanalysis.com/analysts/Daniel-Ives/,30 Jun 2026
Katie Lachapelle,397,https://stockanalysis.com/analysts/Katie-Lachapelle/,19 May 2026
Greg Palm,398,https://stockanalysis.com/analysts/Greg-Palm/,14 Aug 2026
Ed Arce,401,https://stockanalysis.com/analysts/Ed-Arce/,30 Apr 2026
Junaid Siddiqui,404,https://stockanalysis.com/analysts/Junaid-Siddiqui/,27 Aug 2026
Andrew Brackmann,405,https://stockanalysis.com/analysts/Andrew-Brackmann/,02 Jul 2026
Gregory Peters,408,https://stockanalysis.com/analysts/Gregory-Peters/,24 Aug 2026
Eric Handler,409,https://stockanalysis.com/analysts/Eric-Handler/,12 Aug 2026
Benjamin Budish,412,https://stockanalysis.com/analysts/Benjamin-Budish/,27 Aug 2026
Brian Gesuale,413,https://stockanalysis.com/analysts/Brian-Gesuale/,29 Jul 2026
Randy Binner,414,https://stockanalysis.com/analysts/Randy-Binner/,26 Aug 2026
James Schneider,415,https://stockanalysis.com/analysts/James-Schneider/,19 Aug 2026
James Lee,416,https://stockanalysis.com/analysts/James-Lee/,27 Feb 2026
Mark Mahaney,418,https://stockanalysis.com/analysts/Mark-Mahaney/,26 Aug 2026
Erik Suppiger,419,https://stockanalysis.com/analysts/Erik-Suppiger/,04 Aug 2026
Deepak Mathivanan,420,https://stockanalysis.com/analysts/Deepak-Mathivanan/,24 Aug 2026
Jason Bazinet,421,https://stockanalysis.com/analysts/Jason-Bazinet/,25 Aug 2026
Chris LaFemina,422,https://stockanalysis.com/analysts/Chris-LaFemina/,25 Aug 2026
Alex Rygiel,423,https://stockanalysis.com/analysts/Alex-Rygiel/,11 Aug 2026
David Scharf,424,https://stockanalysis.com/analysts/David-Scharf/,11 Aug 2026
Jason Butler,425,https://stockanalysis.com/analysts/Jason-Butler/,18 Aug 2026
Trung Huynh,427,https://stockanalysis.com/analysts/Trung-Huynh/,25 Aug 2026
Katja Jancic,429,https://stockanalysis.com/analysts/Katja-Jancic/,07 Aug 2026
Yaron Kinar,431,https://stockanalysis.com/analysts/Yaron-Kinar/,11 Aug 2026
Brian Drab,432,https://stockanalysis.com/analysts/Brian-Drab/,14 Aug 2026
Arren Cyganovich,433,https://stockanalysis.com/analysts/Arren-Cyganovich/,12 Aug 2026
Joseph Quatrochi,436,https://stockanalysis.com/analysts/Joseph-Quatrochi/,27 Aug 2026
Edward Kelly,437,https://stockanalysis.com/analysts/Edward-Kelly/,25 Aug 2026
Daniela Costa,438,https://stockanalysis.com/analysts/Daniela-Costa/,19 Aug 2026
Stephanie Moore,439,https://stockanalysis.com/analysts/Stephanie-Moore/,24 Aug 2026
Christian Wetherbee,440,https://stockanalysis.com/analysts/Christian-Wetherbee/,27 Aug 2026
Anthony Pettinari,441,https://stockanalysis.com/analysts/Anthony-Pettinari/,24 Aug 2026
John Hecht,442,https://stockanalysis.com/analysts/John-Hecht/,18 Aug 2026
Mircea Dobre,445,https://stockanalysis.com/analysts/Mircea-Dobre/,21 Aug 2026
Jeff Rulis,452,https://stockanalysis.com/analysts/Jeff-Rulis/,11 Aug 2026
Laura Prendergast,453,https://stockanalysis.com/analysts/Laura-Prendergast/,17 Aug 2026
Nathan Martin,454,https://stockanalysis.com/analysts/Nathan-Martin/,06 Aug 2026
Myles Allsop,455,https://stockanalysis.com/analysts/Myles-Allsop/,14 Aug 2026
Scott Deuschle,457,https://stockanalysis.com/analysts/Scott-Deuschle/,19 Aug 2026
Stephen Scouten,459,https://stockanalysis.com/analysts/Stephen-Scouten/,27 Aug 2026
Alexander Hacking,460,https://stockanalysis.com/analysts/Alexander-Hacking/,03 Aug 2026
Richard Shane,463,https://stockanalysis.com/analysts/Richard-Shane/,20 Aug 2026
Brian Pitz,464,https://stockanalysis.com/analysts/Brian-Pitz/,26 Aug 2026
Neil Mehta,465,https://stockanalysis.com/analysts/Neil-Mehta/,26 Aug 2026
Karl Keirstead,466,https://stockanalysis.com/analysts/Karl-Keirstead/,27 Aug 2026
Sami Corwin,468,https://stockanalysis.com/analysts/Sami-Corwin/,20 Aug 2026
Gary Mobley,470,https://stockanalysis.com/analysts/Gary-Mobley/,27 Aug 2026
Brian Abrahams,471,https://stockanalysis.com/analysts/Brian-Abrahams/,25 Aug 2026
Andrew Nowinski,472,https://stockanalysis.com/analysts/Andrew-Nowinski/,02 Apr 2026
Paul Matteis,473,https://stockanalysis.com/analysts/Paul-Matteis/,14 Aug 2026
Annabel Samimy,475,https://stockanalysis.com/analysts/Annabel-Samimy/,14 Aug 2026
Kristen Kluska,476,https://stockanalysis.com/analysts/Kristen-Kluska/,27 Aug 2026
Harry Fong,478,https://stockanalysis.com/analysts/Harry-Fong/,20 Aug 2026
Jade Rahmani,480,https://stockanalysis.com/analysts/Jade-Rahmani/,12 Aug 2026
Robert Hope,481,https://stockanalysis.com/analysts/Robert-Hope/,10 Aug 2026
Jason Gabelman,482,https://stockanalysis.com/analysts/Jason-Gabelman/,12 Aug 2026
Tim Huff,483,https://stockanalysis.com/analysts/Tim-Huff/,11 Aug 2026
Andre Madrid,485,https://stockanalysis.com/analysts/Andre-Madrid/,20 Aug 2026
Josh Silverstein,486,https://stockanalysis.com/analysts/Josh-Silverstein/,17 Aug 2026
Ryan MacWilliams,487,https://stockanalysis.com/analysts/Ryan-MacWilliams/,25 Aug 2026
Ryan Macwilliams,487,https://stockanalysis.com/analysts/Ryan-Macwilliams/,25 Aug 2026
James Thalacker,489,https://stockanalysis.com/analysts/James-Thalacker/,14 Aug 2026
Bobby Griffin,491,https://stockanalysis.com/analysts/Bobby-Griffin/,21 Aug 2026
Evan Seigerman,492,https://stockanalysis.com/analysts/Evan-Seigerman/,24 Aug 2026
Jeffrey Hammond,493,https://stockanalysis.com/analysts/Jeffrey-Hammond/,25 Aug 2026
Hamir Patel,494,https://stockanalysis.com/analysts/Hamir-Patel/,14 Aug 2026
Sheila Kahyaoglu,496,https://stockanalysis.com/analysts/Sheila-Kahyaoglu/,27 Aug 2026
David Koning,498,https://stockanalysis.com/analysts/David-Koning/,07 Aug 2026
Liam Burke,499,https://stockanalysis.com/analysts/Liam-Burke/,17 Aug 2026
Laura Chico,500,https://stockanalysis.com/analysts/Laura-Chico/,19 Aug 2026
Jake Sekelsky,501,https://stockanalysis.com/analysts/Jake-Sekelsky/,21 Aug 2026
Debjit Chattopadhyay,502,https://stockanalysis.com/analysts/Debjit-Chattopadhyay/,18 Aug 2026
Justin Walsh,503,https://stockanalysis.com/analysts/Justin-Walsh/,25 Aug 2026
Maxwell Skor,508,https://stockanalysis.com/analysts/Maxwell-Skor/,25 Aug 2026
Lee Horowitz,511,https://stockanalysis.com/analysts/Lee-Horowitz/,13 Mar 2026
David Hoang,512,https://stockanalysis.com/analysts/David-Hoang/,26 Aug 2026
Jeet Mukherjee,513,https://stockanalysis.com/analysts/Jeet-Mukherjee/,21 Aug 2026
Devin Dodge,515,https://stockanalysis.com/analysts/Devin-Dodge/,17 Aug 2026
Jay McCanless,517,https://stockanalysis.com/analysts/Jay-McCanless/,21 Aug 2026
Douglas Harter,518,https://stockanalysis.com/analysts/Douglas-Harter/,14 Aug 2026
Rupesh Parikh,519,https://stockanalysis.com/analysts/Rupesh-Parikh/,25 Aug 2026
Akash Tewari,520,https://stockanalysis.com/analysts/Akash-Tewari/,20 Aug 2026
Colin Canfield,525,https://stockanalysis.com/analysts/Colin-Canfield/,10 Aug 2026
David Westenberg,526,https://stockanalysis.com/analysts/David-Westenberg/,27 Aug 2026
Hal Goetsch,527,https://stockanalysis.com/analysts/Hal-Goetsch/,24 Aug 2026
Rob Sanderson,528,https://stockanalysis.com/analysts/Rob-Sanderson/,15 Jun 2026
Whitney Ijem,530,https://stockanalysis.com/analysts/Whitney-Ijem/,20 Aug 2026
Brett Knoblauch,531,https://stockanalysis.com/analysts/Brett-Knoblauch/,19 Aug 2026
Maria Ripps,532,https://stockanalysis.com/analysts/Maria-Ripps/,13 Aug 2026
Eric Heath,537,https://stockanalysis.com/analysts/Eric-Heath/,27 Aug 2026
Anthony Chukumba,539,https://stockanalysis.com/analysts/Anthony-Chukumba/,25 Aug 2026
Scott Siefers,540,https://stockanalysis.com/analysts/Scott-Siefers/,14 May 2026
Brad Zelnick,543,https://stockanalysis.com/analysts/Brad-Zelnick/,20 Aug 2026
Brennan Hawken,546,https://stockanalysis.com/analysts/Brennan-Hawken/,06 Aug 2026
Mohit Bansal,548,https://stockanalysis.com/analysts/Mohit-Bansal/,27 Aug 2026
Konark Gupta,549,https://stockanalysis.com/analysts/Konark-Gupta/,27 Aug 2026
Max Michaelis,551,https://stockanalysis.com/analysts/Max-Michaelis/,27 Aug 2026
Nicole Deblase,552,https://stockanalysis.com/analysts/Nicole-Deblase/,06 Aug 2026
Danielle Brill,554,https://stockanalysis.com/analysts/Danielle-Brill/,26 Aug 2026
Josh Beck,555,https://stockanalysis.com/analysts/Josh-Beck/,17 Aug 2026
Robert Young,556,https://stockanalysis.com/analysts/Robert-Young/,15 May 2026
Hamed Khorsand,557,https://stockanalysis.com/analysts/Hamed-Khorsand/,21 Aug 2026
John Massocca,562,https://stockanalysis.com/analysts/John-Massocca/,22 Jul 2026
Richard Ramsden,563,https://stockanalysis.com/analysts/Richard-Ramsden/,16 Jul 2026
Patrick Kenny,564,https://stockanalysis.com/analysts/Patrick-Kenny/,15 Jun 2026
Mark Moerdler,565,https://stockanalysis.com/analysts/Mark-Moerdler/,27 Aug 2026
John Mackay,566,https://stockanalysis.com/analysts/John-Mackay/,21 Aug 2026
Joseph Dickerson,567,https://stockanalysis.com/analysts/Joseph-Dickerson/,04 Aug 2026
Adam Borg,568,https://stockanalysis.com/analysts/Adam-Borg/,19 Aug 2026
Michael Doumet,570,https://stockanalysis.com/analysts/Michael-Doumet/,23 Feb 2026
Michael Lewis,571,https://stockanalysis.com/analysts/Michael-Lewis/,27 Aug 2026
Steven Chubak,572,https://stockanalysis.com/analysts/Steven-Chubak/,12 Aug 2026
Myles Walton,574,https://stockanalysis.com/analysts/Myles-Walton/,26 Aug 2026
Gary Prestopino,578,https://stockanalysis.com/analysts/Gary-Prestopino/,20 Aug 2026
Lance Vitanza,580,https://stockanalysis.com/analysts/Lance-Vitanza/,24 Aug 2026
Ted Jackson,581,https://stockanalysis.com/analysts/Ted-Jackson/,21 Aug 2026
Steven Lichtman,582,https://stockanalysis.com/analysts/Steven-Lichtman/,25 Aug 2026
Jed Dorsheimer,583,https://stockanalysis.com/analysts/Jed-Dorsheimer/,17 Aug 2026
Asad Haider,584,https://stockanalysis.com/analysts/Asad-Haider/,26 Aug 2026
Ryan Krueger,587,https://stockanalysis.com/analysts/Ryan-Krueger/,11 Aug 2026
Stephen Bersey,588,https://stockanalysis.com/analysts/Stephen-Bersey/,10 Aug 2026
Sam Burwell,589,https://stockanalysis.com/analysts/Sam-Burwell/,18 Aug 2026
Miller Jump,590,https://stockanalysis.com/analysts/Miller-Jump/,27 Aug 2026
Joseph Bonner,593,https://stockanalysis.com/analysts/Joseph-Bonner/,20 Aug 2026
Stephen Richardson,594,https://stockanalysis.com/analysts/Stephen-Richardson/,12 Aug 2026
Andrew Jeffrey,596,https://stockanalysis.com/analysts/Andrew-Jeffrey/,24 Aug 2026
Keith Weiss,597,https://stockanalysis.com/analysts/Keith-Weiss/,01 Jun 2026
Bradley Thomas,599,https://stockanalysis.com/analysts/Bradley-Thomas/,27 Aug 2026
Mitch Kummetz,601,https://stockanalysis.com/analysts/Mitch-Kummetz/,20 Jul 2026
Philip Ng,602,https://stockanalysis.com/analysts/Philip-Ng/,18 Aug 2026
Chris Brendler,604,https://stockanalysis.com/analysts/Chris-Brendler/,21 Aug 2026
Yigal Nochomovitz,605,https://stockanalysis.com/analysts/Yigal-Nochomovitz/,26 Aug 2026
Ryan Deschner,610,https://stockanalysis.com/analysts/Ryan-Deschner/,13 Aug 2026
Joseph Gallo,613,https://stockanalysis.com/analysts/Joseph-Gallo/,24 Aug 2026
Pierre Ferragu,614,https://stockanalysis.com/analysts/Pierre-Ferragu/,30 Jul 2026
Matt Larew,615,https://stockanalysis.com/analysts/Matt-Larew/,27 Aug 2026
Matthew Clark,616,https://stockanalysis.com/analysts/Matthew-Clark/,24 Aug 2026
Paul Golding,619,https://stockanalysis.com/analysts/Paul-Golding/,04 Aug 2026
Dan Leonard,621,https://stockanalysis.com/analysts/Dan-Leonard/,24 Aug 2026
Stephen Kim,622,https://stockanalysis.com/analysts/Stephen-Kim/,19 Aug 2026
Michael Rollins,623,https://stockanalysis.com/analysts/Michael-Rollins/,14 Aug 2026
Saket Kalia,624,https://stockanalysis.com/analysts/Saket-Kalia/,27 Aug 2026
Sandeep Deshpande,625,https://stockanalysis.com/analysts/Sandeep-Deshpande/,19 Aug 2026
Richard Baldry,626,https://stockanalysis.com/analysts/Richard-Baldry/,27 Aug 2026
Andrew Boone,627,https://stockanalysis.com/analysts/Andrew-Boone/,11 Aug 2026
Jonathan Komp,629,https://stockanalysis.com/analysts/Jonathan-Komp/,26 Aug 2026
Stephen Gengaro,630,https://stockanalysis.com/analysts/Stephen-Gengaro/,27 Aug 2026
Justin Crowley,631,https://stockanalysis.com/analysts/Justin-Crowley/,19 Aug 2026
Mihir Bhatia,636,https://stockanalysis.com/analysts/Mihir-Bhatia/,24 Aug 2026
Ananda Ghosh,638,https://stockanalysis.com/analysts/Ananda-Ghosh/,25 Aug 2026
David Joyce,640,https://stockanalysis.com/analysts/David-Joyce/,07 Aug 2026
John Ivankoe,641,https://stockanalysis.com/analysts/John-Ivankoe/,26 Aug 2026
Michael Leshock,642,https://stockanalysis.com/analysts/Michael-Leshock/,18 Aug 2026
Gregg Moskowitz,645,https://stockanalysis.com/analysts/Gregg-Moskowitz/,27 Aug 2026
Deane Dray,647,https://stockanalysis.com/analysts/Deane-Dray/,18 Aug 2026
Rohit Kulkarni,648,https://stockanalysis.com/analysts/Rohit-Kulkarni/,21 Aug 2026
Omar Dessouky,649,https://stockanalysis.com/analysts/Omar-Dessouky/,25 Aug 2026
Gil Blum,651,https://stockanalysis.com/analysts/Gil-Blum/,21 Aug 2026
Susan Anderson,652,https://stockanalysis.com/analysts/Susan-Anderson/,27 Aug 2026
Dean Wilkinson,659,https://stockanalysis.com/analysts/Dean-Wilkinson/,14 Aug 2026
Suneet Kamath,660,https://stockanalysis.com/analysts/Suneet-Kamath/,13 Jul 2026
Daniel Tamayo,661,https://stockanalysis.com/analysts/Daniel-Tamayo/,26 Aug 2026
John Heinbockel,663,https://stockanalysis.com/analysts/John-Heinbockel/,27 Aug 2026
Allen Lutz,664,https://stockanalysis.com/analysts/Allen-Lutz/,26 Aug 2026
John Barnidge,666,https://stockanalysis.com/analysts/John-Barnidge/,06 Mar 2026
Brian McKenna,667,https://stockanalysis.com/analysts/Brian-McKenna/,07 Aug 2026
Jonathan Atkin,668,https://stockanalysis.com/analysts/Jonathan-Atkin/,20 Aug 2026
Terence Flynn,672,https://stockanalysis.com/analysts/Terence-Flynn/,24 Aug 2026
John Ransom,673,https://stockanalysis.com/analysts/John-Ransom/,31 Jul 2026
Michael Wiederhorn,675,https://stockanalysis.com/analysts/Michael-Wiederhorn/,19 Aug 2026
Aaron Bilkoski,676,https://stockanalysis.com/analysts/Aaron-Bilkoski/,12 Aug 2026
Brad Heffern,677,https://stockanalysis.com/analysts/Brad-Heffern/,07 Aug 2026
Matt Summerville,678,https://stockanalysis.com/analysts/Matt-Summerville/,24 Aug 2026
Serge Belanger,679,https://stockanalysis.com/analysts/Serge-Belanger/,26 Aug 2026
Joseph Vafi,680,https://stockanalysis.com/analysts/Joseph-Vafi/,25 Aug 2026
Conor Fitzpatrick,681,https://stockanalysis.com/analysts/Conor-Fitzpatrick/,10 Aug 2026
Brandon Bingham,683,https://stockanalysis.com/analysts/Brandon-Bingham/,12 Aug 2026
Manuel Navas,684,https://stockanalysis.com/analysts/Manuel-Navas/,26 Aug 2026
Peter Weed,686,https://stockanalysis.com/analysts/Peter-Weed/,27 Aug 2026
David George,687,https://stockanalysis.com/analysts/David-George/,17 Aug 2026
Donald Fandetti,691,https://stockanalysis.com/analysts/Donald-Fandetti/,26 Aug 2026
Alex Kramm,692,https://stockanalysis.com/analysts/Alex-Kramm/,17 Aug 2026
Derek Podhaizer,693,https://stockanalysis.com/analysts/Derek-Podhaizer/,27 Aug 2026
Michael Tupholme,694,https://stockanalysis.com/analysts/Michael-Tupholme/,18 Aug 2026
Peter Saleh,695,https://stockanalysis.com/analysts/Peter-Saleh/,24 Aug 2026
Joe Ritchie,697,https://stockanalysis.com/analysts/Joe-Ritchie/,24 Aug 2026
Blair Abernethy,699,https://stockanalysis.com/analysts/Blair-Abernethy/,26 Aug 2026
Bryan Kraft,700,https://stockanalysis.com/analysts/Bryan-Kraft/,18 Aug 2026
Gray Powell,702,https://stockanalysis.com/analysts/Gray-Powell/,27 Aug 2026
Steve Moss,703,https://stockanalysis.com/analysts/Steve-Moss/,31 Jul 2026
Sumant Kulkarni,704,https://stockanalysis.com/analysts/Sumant-Kulkarni/,19 Aug 2026
Clark Lampen,705,https://stockanalysis.com/analysts/Clark-Lampen/,14 Aug 2026
Richard Anderson,713,https://stockanalysis.com/analysts/Richard-Anderson/,27 Aug 2026
Angie Storozynski,716,https://stockanalysis.com/analysts/Angie-Storozynski/,16 Aug 2026
Christopher Carril,717,https://stockanalysis.com/analysts/Christopher-Carril/,27 Aug 2026
Bascome Majors,719,https://stockanalysis.com/analysts/Bascome-Majors/,06 Aug 2026
Kristine Liwag,722,https://stockanalysis.com/analysts/Kristine-Liwag/,26 Aug 2026
Adam Seiden,723,https://stockanalysis.com/analysts/Adam-Seiden/,21 Aug 2026
Cameron Doerksen,724,https://stockanalysis.com/analysts/Cameron-Doerksen/,19 Aug 2026
Drew Crum,725,https://stockanalysis.com/analysts/Drew-Crum/,24 Aug 2026
Ittai Kidron,727,https://stockanalysis.com/analysts/Ittai-Kidron/,19 Aug 2026
Ryan Pfingst,728,https://stockanalysis.com/analysts/Ryan-Pfingst/,17 Aug 2026
Chris Baker,731,https://stockanalysis.com/analysts/Chris-Baker/,10 Aug 2026
Chris Graja,735,https://stockanalysis.com/analysts/Chris-Graja/,19 Aug 2026
Mark Shmulik,737,https://stockanalysis.com/analysts/Mark-Shmulik/,20 Aug 2026
Daniel Imbro,738,https://stockanalysis.com/analysts/Daniel-Imbro/,16 Jan 2026
Mark Jarvi,742,https://stockanalysis.com/analysts/Mark-Jarvi/,17 Aug 2026
Devin McDermott,746,https://stockanalysis.com/analysts/Devin-McDermott/,20 Aug 2026
Doug Anmuth,747,https://stockanalysis.com/analysts/Doug-Anmuth/,25 Aug 2026
David Arcaro,749,https://stockanalysis.com/analysts/David-Arcaro/,21 Aug 2026
Gautam Chhugani,752,https://stockanalysis.com/analysts/Gautam-Chhugani/,26 Aug 2026
Fawne Jiang,753,https://stockanalysis.com/analysts/Fawne-Jiang/,26 Aug 2026
Silvan Tuerkcan,754,https://stockanalysis.com/analysts/Silvan-Tuerkcan/,10 Aug 2026
Durgesh Chopra,760,https://stockanalysis.com/analysts/Durgesh-Chopra/,07 Aug 2026
Lucas Servera,761,https://stockanalysis.com/analysts/Lucas-Servera/,11 Aug 2026
Andrew Kligerman,762,https://stockanalysis.com/analysts/Andrew-Kligerman/,20 Aug 2026
Garik Shmois,764,https://stockanalysis.com/analysts/Garik-Shmois/,25 Aug 2026
Simon Yarmak,765,https://stockanalysis.com/analysts/Simon-Yarmak/,19 Aug 2026
Patrick Sholl,767,https://stockanalysis.com/analysts/Patrick-Sholl/,13 Aug 2026
Michael Morris,768,https://stockanalysis.com/analysts/Michael-Morris/,25 Aug 2026
Brian Morrison,769,https://stockanalysis.com/analysts/Brian-Morrison/,24 Aug 2026
Vincent Colicchio,770,https://stockanalysis.com/analysts/Vincent-Colicchio/,21 Aug 2026
Laura Martin,773,https://stockanalysis.com/analysts/Laura-Martin/,27 Aug 2026
Gregory Miller,774,https://stockanalysis.com/analysts/Gregory-Miller/,13 Aug 2026
Jack Meehan,776,https://stockanalysis.com/analysts/Jack-Meehan/,26 Mar 2026
Nick Doyle,777,https://stockanalysis.com/analysts/Nick-Doyle/,10 Nov 2025
Robert Catellier,778,https://stockanalysis.com/analysts/Robert-Catellier/,10 Aug 2026
Darko Mihelic,780,https://stockanalysis.com/analysts/Darko-Mihelic/,26 Aug 2026
Liam Fitzpatrick,781,https://stockanalysis.com/analysts/Liam-Fitzpatrick/,19 Aug 2026
Scott Graham,783,https://stockanalysis.com/analysts/Scott-Graham/,09 Aug 2026
David Windley,785,https://stockanalysis.com/analysts/David-Windley/,03 Aug 2026
Shyam Patil,788,https://stockanalysis.com/analysts/Shyam-Patil/,17 Aug 2026
Koji Ikeda,790,https://stockanalysis.com/analysts/Koji-Ikeda/,26 Aug 2026
Daley Li,792,https://stockanalysis.com/analysts/Daley-Li/,19 Aug 2026
Alexander Potter,793,https://stockanalysis.com/analysts/Alexander-Potter/,19 Aug 2026
Jeff Jones,794,https://stockanalysis.com/analysts/Jeff-Jones/,21 Aug 2026
Yanan Zhu,795,https://stockanalysis.com/analysts/Yanan-Zhu/,26 Aug 2026
Lisa Lewandowski,799,https://stockanalysis.com/analysts/Lisa-Lewandowski/,24 Aug 2026
Marcio Farid,801,https://stockanalysis.com/analysts/Marcio-Farid/,19 Aug 2026
Mark Fitzgibbon,803,https://stockanalysis.com/analysts/Mark-Fitzgibbon/,27 Feb 2026
Owen Lau,804,https://stockanalysis.com/analysts/Owen-Lau/,18 Aug 2026
Christopher Kuhn,805,https://stockanalysis.com/analysts/Christopher-Kuhn/,16 Jul 2026
Doug Creutz,806,https://stockanalysis.com/analysts/Doug-Creutz/,07 Aug 2026
Nicholas Campanella,807,https://stockanalysis.com/analysts/Nicholas-Campanella/,13 Aug 2026
Adam Maeder,808,https://stockanalysis.com/analysts/Adam-Maeder/,26 Aug 2026
Jake Bartlett,809,https://stockanalysis.com/analysts/Jake-Bartlett/,18 Mar 2026
Steven Wieczynski,811,https://stockanalysis.com/analysts/Steven-Wieczynski/,20 Aug 2026
Ben Gerlinger,817,https://stockanalysis.com/analysts/Ben-Gerlinger/,26 Aug 2026
Sohrab Movahedi,818,https://stockanalysis.com/analysts/Sohrab-Movahedi/,01 Jun 2026
Kelly Bania,819,https://stockanalysis.com/analysts/Kelly-Bania/,21 Aug 2026
Tessa Romero,824,https://stockanalysis.com/analysts/Tessa-Romero/,20 Aug 2026
Jayson Bedford,825,https://stockanalysis.com/analysts/Jayson-Bedford/,07 Aug 2026
David Tarantino,826,https://stockanalysis.com/analysts/David-Tarantino/,23 Jul 2026
Doug Leggate,828,https://stockanalysis.com/analysts/Doug-Leggate/,03 Aug 2026
Benjamin Swinburne,829,https://stockanalysis.com/analysts/Benjamin-Swinburne/,16 Mar 2026
Jeremy Hamblin,830,https://stockanalysis.com/analysts/Jeremy-Hamblin/,13 Aug 2026
Mitchell Kapoor,831,https://stockanalysis.com/analysts/Mitchell-Kapoor/,27 Aug 2026
Nicolai Kempf,834,https://stockanalysis.com/analysts/Nicolai-Kempf/,14 Aug 2026
Peter Peng,835,https://stockanalysis.com/analysts/Peter-Peng/,08 May 2026
Sean McLoughlin,836,https://stockanalysis.com/analysts/Sean-McLoughlin/,08 May 2026
Casey Alexander,837,https://stockanalysis.com/analysts/Casey-Alexander/,10 Mar 2026
Alicia Reese,839,https://stockanalysis.com/analysts/Alicia-Reese/,12 Aug 2026
Ann Hynes,843,https://stockanalysis.com/analysts/Ann-Hynes/,11 Aug 2026
Brian Cheng,844,https://stockanalysis.com/analysts/Brian-Cheng/,18 Aug 2026
Alexander Duval,845,https://stockanalysis.com/analysts/Alexander-Duval/,25 Aug 2026
Salveen Richter,848,https://stockanalysis.com/analysts/Salveen-Richter/,20 Aug 2026
Shweta Khajuria,849,https://stockanalysis.com/analysts/Shweta-Khajuria/,03 Aug 2026
Catherine Novack,850,https://stockanalysis.com/analysts/Catherine-Novack/,31 Jul 2026
Adam Vogel,853,https://stockanalysis.com/analysts/Adam-Vogel/,12 Aug 2026
Eddie Hickman,854,https://stockanalysis.com/analysts/Eddie-Hickman/,14 Aug 2026
Ryan Nash,858,https://stockanalysis.com/analysts/Ryan-Nash/,10 Aug 2026
Gokul Hariharan,861,https://stockanalysis.com/analysts/Gokul-Hariharan/,16 Aug 2026
Arun Jayaram,862,https://stockanalysis.com/analysts/Arun-Jayaram/,17 Aug 2026
John Staszak,863,https://stockanalysis.com/analysts/John-Staszak/,26 Aug 2026
James Fish,864,https://stockanalysis.com/analysts/James-Fish/,27 Aug 2026
Michael Halloran,865,https://stockanalysis.com/analysts/Michael-Halloran/,21 Aug 2026
Tal Liani,866,https://stockanalysis.com/analysts/Tal-Liani/,27 Aug 2026
John Kernan,867,https://stockanalysis.com/analysts/John-Kernan/,04 Dec 2025
Scott Devitt,868,https://stockanalysis.com/analysts/Scott-Devitt/,20 Aug 2026
Anthony Stoss,869,https://stockanalysis.com/analysts/Anthony-Stoss/,20 Aug 2026
Scott Searle,870,https://stockanalysis.com/analysts/Scott-Searle/,27 Aug 2026
Mohammed Khallouf,872,https://stockanalysis.com/analysts/Mohammed-Khallouf/,10 Aug 2026
Lauren Silberman,873,https://stockanalysis.com/analysts/Lauren-Silberman/,24 Aug 2026
Dave Rochester,875,https://stockanalysis.com/analysts/Dave-Rochester/,19 Aug 2026
Michael Brown,876,https://stockanalysis.com/analysts/Michael-Brown/,14 Aug 2026
Glenn Schorr,877,https://stockanalysis.com/analysts/Glenn-Schorr/,10 Aug 2026
Cherilyn Radbourne,878,https://stockanalysis.com/analysts/Cherilyn-Radbourne/,14 Aug 2026
Michael Carroll,880,https://stockanalysis.com/analysts/Michael-Carroll/,24 Aug 2026
Joel Jackson,881,https://stockanalysis.com/analysts/Joel-Jackson/,21 Aug 2026
Elyse Greenspan,882,https://stockanalysis.com/analysts/Elyse-Greenspan/,20 Aug 2026
Christopher Horvers,883,https://stockanalysis.com/analysts/Christopher-Horvers/,26 Aug 2026
Gabriela Borges,884,https://stockanalysis.com/analysts/Gabriela-Borges/,27 Aug 2026
Patrick Scholes,885,https://stockanalysis.com/analysts/Patrick-Scholes/,20 Aug 2026
Oliver Wintermantel,895,https://stockanalysis.com/analysts/Oliver-Wintermantel/,27 Aug 2026
Kevin Heal,896,https://stockanalysis.com/analysts/Kevin-Heal/,26 Aug 2026
Chris Dankert,897,https://stockanalysis.com/analysts/Chris-Dankert/,24 Aug 2026
Brian Bittner,899,https://stockanalysis.com/analysts/Brian-Bittner/,24 Aug 2026
Darrin Peller,900,https://stockanalysis.com/analysts/Darrin-Peller/,25 Aug 2026
Timothy Horan,901,https://stockanalysis.com/analysts/Timothy-Horan/,19 Aug 2026
Peter Heckmann,902,https://stockanalysis.com/analysts/Peter-Heckmann/,21 Aug 2026
Youssef Squali,903,https://stockanalysis.com/analysts/Youssef-Squali/,27 Aug 2026
Andy Chen,908,https://stockanalysis.com/analysts/Andy-Chen/,04 Aug 2026
David Vernon,909,https://stockanalysis.com/analysts/David-Vernon/,24 Aug 2026
Mario Saric,910,https://stockanalysis.com/analysts/Mario-Saric/,11 Aug 2026
Kenneth Zener,911,https://stockanalysis.com/analysts/Kenneth-Zener/,06 Apr 2026
Jonathan Petersen,912,https://stockanalysis.com/analysts/Jonathan-Petersen/,25 Aug 2026
Yun Kim,914,https://stockanalysis.com/analysts/Yun-Kim/,04 Aug 2026
Jeff Martin,917,https://stockanalysis.com/analysts/Jeff-Martin/,21 Aug 2026
Mark Argento,918,https://stockanalysis.com/analysts/Mark-Argento/,07 Aug 2026
Stephen Willey,919,https://stockanalysis.com/analysts/Stephen-Willey/,17 Aug 2026
Joseph Catanzaro,920,https://stockanalysis.com/analysts/Joseph-Catanzaro/,13 Aug 2026
David Paige,921,https://stockanalysis.com/analysts/David-Paige/,11 Aug 2026
Louis Miscioscia,923,https://stockanalysis.com/analysts/Louis-Miscioscia/,12 May 2026
David Toung,925,https://stockanalysis.com/analysts/David-Toung/,07 Aug 2026
Tazeen Ahmad,927,https://stockanalysis.com/analysts/Tazeen-Ahmad/,21 Aug 2026
Kingsley Crane,928,https://stockanalysis.com/analysts/Kingsley-Crane/,27 Aug 2026
Martin Yang,929,https://stockanalysis.com/analysts/Martin-Yang/,11 Aug 2026
Craig Irwin,930,https://stockanalysis.com/analysts/Craig-Irwin/,26 Aug 2026
Katherine Lei,933,https://stockanalysis.com/analysts/Katherine-Lei/,26 Aug 2026
Dara Mohsenian,939,https://stockanalysis.com/analysts/Dara-Mohsenian/,25 Aug 2026
Kunal Madhukar,941,https://stockanalysis.com/analysts/Kunal-Madhukar/,25 Aug 2026
Curry Baker,943,https://stockanalysis.com/analysts/Curry-Baker/,26 Aug 2026
Steven Cahall,944,https://stockanalysis.com/analysts/Steven-Cahall/,14 Aug 2026
Edison Lee,946,https://stockanalysis.com/analysts/Edison-Lee/,24 Aug 2026
Philippe Houchois,947,https://stockanalysis.com/analysts/Philippe-Houchois/,26 Aug 2026
Bernie McTernan,948,https://stockanalysis.com/analysts/Bernie-McTernan/,26 Aug 2026
Luke Sergott,949,https://stockanalysis.com/analysts/Luke-Sergott/,25 Aug 2026
Brian Essex,951,https://stockanalysis.com/analysts/Brian-Essex/,26 Aug 2026
Tycho Peterson,952,https://stockanalysis.com/analysts/Tycho-Peterson/,17 Aug 2026
Jeremy Tonet,953,https://stockanalysis.com/analysts/Jeremy-Tonet/,25 Aug 2026
Paul Treiber,954,https://stockanalysis.com/analysts/Paul-Treiber/,26 Aug 2026
John Blackledge,955,https://stockanalysis.com/analysts/John-Blackledge/,26 Aug 2026
Zach Cummins,957,https://stockanalysis.com/analysts/Zach-Cummins/,14 Aug 2026
Alexandra Yates,959,https://stockanalysis.com/analysts/Alexandra-Yates/,31 Jul 2026
Stephen Laszczyk,963,https://stockanalysis.com/analysts/Stephen-Laszczyk/,11 Aug 2026
RJ Milligan,964,https://stockanalysis.com/analysts/RJ-Milligan/,28 Jul 2026
Rudy Kessinger,966,https://stockanalysis.com/analysts/Rudy-Kessinger/,27 Aug 2026
Joseph Stauff,967,https://stockanalysis.com/analysts/Joseph-Stauff/,20 Aug 2026
Mark Murphy,968,https://stockanalysis.com/analysts/Mark-Murphy/,14 Jul 2026
Andrew Liesch,969,https://stockanalysis.com/analysts/Andrew-Liesch/,08 Jul 2026
Phillip Jungwirth,970,https://stockanalysis.com/analysts/Phillip-Jungwirth/,28 Jul 2026
Dan Dolev,971,https://stockanalysis.com/analysts/Dan-Dolev/,25 Aug 2026
Justin Clare,972,https://stockanalysis.com/analysts/Justin-Clare/,26 Aug 2026
Bennett Moore,976,https://stockanalysis.com/analysts/Bennett-Moore/,14 Aug 2026
Andrew Sherman,977,https://stockanalysis.com/analysts/Andrew-Sherman/,25 Aug 2026
Alex Scott,981,https://stockanalysis.com/analysts/Alex-Scott/,21 Aug 2026
Craig Hettenbach,982,https://stockanalysis.com/analysts/Craig-Hettenbach/,27 Aug 2026
Vivek Juneja,985,https://stockanalysis.com/analysts/Vivek-Juneja/,04 Aug 2026
Eric Coldwell,987,https://stockanalysis.com/analysts/Eric-Coldwell/,11 Aug 2026
Anthony Petrone,990,https://stockanalysis.com/analysts/Anthony-Petrone/,21 Aug 2026
Joseph Osha,991,https://stockanalysis.com/analysts/Joseph-Osha/,26 Aug 2026
Thomas Shrader,993,https://stockanalysis.com/analysts/Thomas-Shrader/,26 Aug 2026
Ben Reitzes,1000,https://stockanalysis.com/analysts/Ben-Reitzes/,29 Jun 2026
Mark Lear,1003,https://stockanalysis.com/analysts/Mark-Lear/,10 Apr 2026
Jeff Cantwell,1004,https://stockanalysis.com/analysts/Jeff-Cantwell/,17 Aug 2026
Matthew Bouley,1005,https://stockanalysis.com/analysts/Matthew-Bouley/,25 Aug 2026
Scott Schneeberger,1006,https://stockanalysis.com/analysts/Scott-Schneeberger/,26 Aug 2026
Stephen Ju,1007,https://stockanalysis.com/analysts/Stephen-Ju/,27 Aug 2026
Eric Martinuzzi,1009,https://stockanalysis.com/analysts/Eric-Martinuzzi/,14 Aug 2026
Robert Driscoll,1010,https://stockanalysis.com/analysts/Robert-Driscoll/,20 Aug 2026
Steven Seedhouse,1011,https://stockanalysis.com/analysts/Steven-Seedhouse/,21 Aug 2026
Brian Mullan,1013,https://stockanalysis.com/analysts/Brian-Mullan/,24 Aug 2026
Alexander Pearce,1015,https://stockanalysis.com/analysts/Alexander-Pearce/,22 Jul 2026
Omotayo Okusanya,1016,https://stockanalysis.com/analysts/Omotayo-Okusanya/,27 Aug 2026
Victoria McCulloch,1017,https://stockanalysis.com/analysts/Victoria-McCulloch/,24 Aug 2026
Jon Tower,1018,https://stockanalysis.com/analysts/Jon-Tower/,13 Aug 2026
Michael Baker,1020,https://stockanalysis.com/analysts/Michael-Baker/,26 Aug 2026
Ivan Feinseth,1021,https://stockanalysis.com/analysts/Ivan-Feinseth/,26 Aug 2026
Martin Auster,1022,https://stockanalysis.com/analysts/Martin-Auster/,25 Aug 2026
Richard Close,1023,https://stockanalysis.com/analysts/Richard-Close/,21 Aug 2026
Josh Nichols,1025,https://stockanalysis.com/analysts/Josh-Nichols/,24 Aug 2026
Jay Huang,1030,https://stockanalysis.com/analysts/Jay-Huang/,20 Jul 2026
Joshua Shanker,1033,https://stockanalysis.com/analysts/Joshua-Shanker/,20 Aug 2026
Ralph Schackart,1034,https://stockanalysis.com/analysts/Ralph-Schackart/,25 Aug 2026
Tami Zakaria,1035,https://stockanalysis.com/analysts/Tami-Zakaria/,21 Aug 2026
Ian Zaffino,1037,https://stockanalysis.com/analysts/Ian-Zaffino/,12 Aug 2026
Yuan Zhi,1038,https://stockanalysis.com/analysts/Yuan-Zhi/,18 Aug 2026
Kevin Chiang,1045,https://stockanalysis.com/analysts/Kevin-Chiang/,19 Aug 2026
Rafe Jadrosich,1047,https://stockanalysis.com/analysts/Rafe-Jadrosich/,27 Aug 2026
Andy Barish,1048,https://stockanalysis.com/analysts/Andy-Barish/,24 Aug 2026
Eric Sheridan,1049,https://stockanalysis.com/analysts/Eric-Sheridan/,27 Aug 2026
Michael Rose,1050,https://stockanalysis.com/analysts/Michael-Rose/,23 Jul 2026
Thomas Flaten,1051,https://stockanalysis.com/analysts/Thomas-Flaten/,27 Aug 2026
Subash Chandra,1052,https://stockanalysis.com/analysts/Subash-Chandra/,11 Aug 2026
Darren Aftahi,1053,https://stockanalysis.com/analysts/Darren-Aftahi/,11 Aug 2026
Michael Zaremski,1056,https://stockanalysis.com/analysts/Michael-Zaremski/,25 Aug 2026
Howard Ma,1058,https://stockanalysis.com/analysts/Howard-Ma/,19 Aug 2026
Ronald Kamdem,1061,https://stockanalysis.com/analysts/Ronald-Kamdem/,25 Aug 2026
Michael Diana,1063,https://stockanalysis.com/analysts/Michael-Diana/,17 Aug 2026
David Anderson,1064,https://stockanalysis.com/analysts/David-Anderson/,20 Aug 2026
Brad Reback,1066,https://stockanalysis.com/analysts/Brad-Reback/,27 Aug 2026
Jeff Johnson,1067,https://stockanalysis.com/analysts/Jeff-Johnson/,07 Aug 2026
Robert Stallard,1071,https://stockanalysis.com/analysts/Robert-Stallard/,01 Jul 2026
Derick Ma,1072,https://stockanalysis.com/analysts/Derick-Ma/,24 Jul 2026
Anthony Crowdell,1073,https://stockanalysis.com/analysts/Anthony-Crowdell/,27 Aug 2026
Crispin Love,1074,https://stockanalysis.com/analysts/Crispin-Love/,11 Aug 2026
Ashwani Verma,1075,https://stockanalysis.com/analysts/Ashwani-Verma/,24 Aug 2026
Peter Levine,1076,https://stockanalysis.com/analysts/Peter-Levine/,27 Aug 2026
Matthew Prisco,1077,https://stockanalysis.com/analysts/Matthew-Prisco/,17 Aug 2026
George Hill,1079,https://stockanalysis.com/analysts/George-Hill/,13 Aug 2026
Paul Lejuez,1080,https://stockanalysis.com/analysts/Paul-Lejuez/,27 Aug 2026
Colin Sebastian,1081,https://stockanalysis.com/analysts/Colin-Sebastian/,21 Aug 2026
Gil Luria,1082,https://stockanalysis.com/analysts/Gil-Luria/,27 Aug 2026
Mark Zgutowicz,1083,https://stockanalysis.com/analysts/Mark-Zgutowicz/,27 Aug 2026
Brian Kinstlinger,1084,https://stockanalysis.com/analysts/Brian-Kinstlinger/,26 Aug 2026
Christopher Marinac,1091,https://stockanalysis.com/analysts/Christopher-Marinac/,12 Jun 2026
Brandon Oglenski,1095,https://stockanalysis.com/analysts/Brandon-Oglenski/,07 Aug 2026
Sean McCutcheon,1096,https://stockanalysis.com/analysts/Sean-McCutcheon/,27 Aug 2026
Jeff Schmitt,1101,https://stockanalysis.com/analysts/Jeff-Schmitt/,20 Aug 2026
Duffy Fischer,1104,https://stockanalysis.com/analysts/Duffy-Fischer/,24 Aug 2026
Erika Najarian,1106,https://stockanalysis.com/analysts/Erika-Najarian/,05 Aug 2026
Tobey Sommer,1107,https://stockanalysis.com/analysts/Tobey-Sommer/,27 Aug 2026
Lisa Gill,1108,https://stockanalysis.com/analysts/Lisa-Gill/,26 Aug 2026
Thomas Wadewitz,1110,https://stockanalysis.com/analysts/Thomas-Wadewitz/,07 Aug 2026
Keith Bachman,1111,https://stockanalysis.com/analysts/Keith-Bachman/,27 Aug 2026
Tiago Fauth,1113,https://stockanalysis.com/analysts/Tiago-Fauth/,17 Aug 2026
Greg Gibas,1114,https://stockanalysis.com/analysts/Greg-Gibas/,11 Aug 2026
Matthew Galinko,1115,https://stockanalysis.com/analysts/Matthew-Galinko/,24 Aug 2026
Mark Carden,1116,https://stockanalysis.com/analysts/Mark-Carden/,27 Aug 2026
Kannan Venkateshwar,1124,https://stockanalysis.com/analysts/Kannan-Venkateshwar/,07 Aug 2026
Tim Anderson,1132,https://stockanalysis.com/analysts/Tim-Anderson/,18 Dec 2025
Peter Winter,1133,https://stockanalysis.com/analysts/Peter-Winter/,03 Aug 2026
Zach Parham,1134,https://stockanalysis.com/analysts/Zach-Parham/,06 May 2026
Christopher Snyder,1135,https://stockanalysis.com/analysts/Christopher-Snyder/,24 Aug 2026
Trey Grooms,1138,https://stockanalysis.com/analysts/Trey-Grooms/,07 Aug 2026
Corinne Johnson,1139,https://stockanalysis.com/analysts/Corinne-Johnson/,16 Jul 2026
Matthew Taylor,1140,https://stockanalysis.com/analysts/Matthew-Taylor/,21 Aug 2026
Steven Forbes,1141,https://stockanalysis.com/analysts/Steven-Forbes/,26 Aug 2026
Raimo Lenschow,1143,https://stockanalysis.com/analysts/Raimo-Lenschow/,27 Aug 2026
Joseph Altobello,1144,https://stockanalysis.com/analysts/Joseph-Altobello/,07 Aug 2026
Alex Markgraff,1146,https://stockanalysis.com/analysts/Alex-Markgraff/,26 Aug 2026
Rowland Mayor,1147,https://stockanalysis.com/analysts/Rowland-Mayor/,14 Aug 2026
Hanwen Chang,1150,https://stockanalysis.com/analysts/Hanwen-Chang/,13 Aug 2026
Jimmy Shan,1151,https://stockanalysis.com/analysts/Jimmy-Shan/,18 Aug 2026
Terry McEvoy,1154,https://stockanalysis.com/analysts/Terry-McEvoy/,16 Jul 2026
Joshua Chan,1157,https://stockanalysis.com/analysts/Joshua-Chan/,26 Aug 2026
Michael Feniger,1158,https://stockanalysis.com/analysts/Michael-Feniger/,21 Aug 2026
Matthew Hedberg,1160,https://stockanalysis.com/analysts/Matthew-Hedberg/,27 Aug 2026
Bradley Canino,1161,https://stockanalysis.com/analysts/Bradley-Canino/,16 Aug 2026
Thomas Chong,1162,https://stockanalysis.com/analysts/Thomas-Chong/,26 Aug 2026
Timothy Coffey,1164,https://stockanalysis.com/analysts/Timothy-Coffey/,30 Jul 2026
Andrew Steinerman,1167,https://stockanalysis.com/analysts/Andrew-Steinerman/,17 Aug 2026
Barton Crockett,1169,https://stockanalysis.com/analysts/Barton-Crockett/,13 Aug 2026
Reuben Garner,1170,https://stockanalysis.com/analysts/Reuben-Garner/,17 Aug 2026
Todd Coupland,1171,https://stockanalysis.com/analysts/Todd-Coupland/,17 Aug 2026
Daniel Arias,1172,https://stockanalysis.com/analysts/Daniel-Arias/,27 Aug 2026
Daniel Cardenas,1175,https://stockanalysis.com/analysts/Daniel-Cardenas/,17 Aug 2026
David Motemaden,1177,https://stockanalysis.com/analysts/David-Motemaden/,18 Aug 2026
Ben Hendrix,1183,https://stockanalysis.com/analysts/Ben-Hendrix/,27 Aug 2026
Eric Joseph,1184,https://stockanalysis.com/analysts/Eric-Joseph/,14 Aug 2026
Biren Amin,1185,https://stockanalysis.com/analysts/Biren-Amin/,26 Aug 2026
Maury Raycroft,1186,https://stockanalysis.com/analysts/Maury-Raycroft/,06 Aug 2026
Chris Schott,1194,https://stockanalysis.com/analysts/Chris-Schott/,26 Aug 2026
Adam Berlin,1195,https://stockanalysis.com/analysts/Adam-Berlin/,07 Aug 2026
Rajesh Kumar,1203,https://stockanalysis.com/analysts/Rajesh-Kumar/,13 Jul 2026
Bryan Keane,1205,https://stockanalysis.com/analysts/Bryan-Keane/,24 Aug 2026
Bonnie Herzog,1206,https://stockanalysis.com/analysts/Bonnie-Herzog/,25 Aug 2026
Kirk Materne,1207,https://stockanalysis.com/analysts/Kirk-Materne/,27 Aug 2026
Jessica Fye,1208,https://stockanalysis.com/analysts/Jessica-Fye/,21 Aug 2026
Eric Luebchow,1209,https://stockanalysis.com/analysts/Eric-Luebchow/,27 Aug 2026
Michael Elias,1210,https://stockanalysis.com/analysts/Michael-Elias/,14 Aug 2026
Timothy Wojs,1211,https://stockanalysis.com/analysts/Timothy-Wojs/,11 Aug 2026
Kalpit Patel,1213,https://stockanalysis.com/analysts/Kalpit-Patel/,24 Aug 2026
Todd Thomas,1227,https://stockanalysis.com/analysts/Todd-Thomas/,18 Aug 2026
Pito Chickering,1229,https://stockanalysis.com/analysts/Pito-Chickering/,06 Aug 2026
Eugene Hsiao,1230,https://stockanalysis.com/analysts/Eugene-Hsiao/,25 Aug 2026
Bill Selesky,1231,https://stockanalysis.com/analysts/Bill-Selesky/,19 Aug 2026
Kurt Yinger,1232,https://stockanalysis.com/analysts/Kurt-Yinger/,24 Aug 2026
David Dai,1236,https://stockanalysis.com/analysts/David-Dai/,21 Aug 2026
Alan Gould,1241,https://stockanalysis.com/analysts/Alan-Gould/,04 Jun 2026
Suraj Kalia,1242,https://stockanalysis.com/analysts/Suraj-Kalia/,24 Aug 2026
Richard Newitter,1243,https://stockanalysis.com/analysts/Richard-Newitter/,27 Aug 2026
Troy Jensen,1244,https://stockanalysis.com/analysts/Troy-Jensen/,11 Aug 2026
Brian Foran,1245,https://stockanalysis.com/analysts/Brian-Foran/,04 Aug 2026
Alexander Slagle,1247,https://stockanalysis.com/analysts/Alexander-Slagle/,14 May 2026
Richard Garchitorena,1248,https://stockanalysis.com/analysts/Richard-Garchitorena/,24 Aug 2026
Ingo Wermann,1250,https://stockanalysis.com/analysts/Ingo-Wermann/,13 Aug 2026
Bret Jordan,1253,https://stockanalysis.com/analysts/Bret-Jordan/,13 Aug 2026
Paul Choi,1254,https://stockanalysis.com/analysts/Paul-Choi/,25 Aug 2026
Amit Mehrotra,1255,https://stockanalysis.com/analysts/Amit-Mehrotra/,17 Aug 2026
Tate Sullivan,1256,https://stockanalysis.com/analysts/Tate-Sullivan/,21 Aug 2026
Michael Swartz,1257,https://stockanalysis.com/analysts/Michael-Swartz/,21 Apr 2026
Mark Cash,1258,https://stockanalysis.com/analysts/Mark-Cash/,07 Aug 2026
Christopher Nolan,1265,https://stockanalysis.com/analysts/Christopher-Nolan/,07 Aug 2026
John Hodulik,1266,https://stockanalysis.com/analysts/John-Hodulik/,17 Aug 2026
Vijay Kumar,1269,https://stockanalysis.com/analysts/Vijay-Kumar/,27 Aug 2026
Jeffrey Silber,1270,https://stockanalysis.com/analysts/Jeffrey-Silber/,24 Aug 2026
William Janela,1271,https://stockanalysis.com/analysts/William-Janela/,04 Aug 2026
Brandt Montour,1272,https://stockanalysis.com/analysts/Brandt-Montour/,21 Aug 2026
David Bishop,1277,https://stockanalysis.com/analysts/David-Bishop/,27 Jul 2026
Duane Pfennigwerth,1278,https://stockanalysis.com/analysts/Duane-Pfennigwerth/,19 Aug 2026
Greg Melich,1279,https://stockanalysis.com/analysts/Greg-Melich/,21 Aug 2026
Sabahat Khan,1283,https://stockanalysis.com/analysts/Sabahat-Khan/,24 Aug 2026
Mark Smith,1286,https://stockanalysis.com/analysts/Mark-Smith/,07 Aug 2026
Michael Kupinski,1287,https://stockanalysis.com/analysts/Michael-Kupinski/,27 Aug 2026
Guy Hardwick,1290,https://stockanalysis.com/analysts/Guy-Hardwick/,21 Aug 2026
Ketan Mamtora,1292,https://stockanalysis.com/analysts/Ketan-Mamtora/,17 Aug 2026
Timur Braziler,1293,https://stockanalysis.com/analysts/Timur-Braziler/,10 Aug 2026
Nelson Ng,1296,https://stockanalysis.com/analysts/Nelson-Ng/,14 Aug 2026
Aleksey Yefremov,1297,https://stockanalysis.com/analysts/Aleksey-Yefremov/,04 Mar 2026
Robbie Marcus,1299,https://stockanalysis.com/analysts/Robbie-Marcus/,20 Aug 2026
David Long,1300,https://stockanalysis.com/analysts/David-Long/,01 Jul 2026
Andreas Argyrides,1301,https://stockanalysis.com/analysts/Andreas-Argyrides/,19 Aug 2026
Matthew Caufield,1302,https://stockanalysis.com/analysts/Matthew-Caufield/,17 Aug 2026
Geulah Livshits,1304,https://stockanalysis.com/analysts/Geulah-Livshits/,07 Jul 2026
Harshita Rawat,1305,https://stockanalysis.com/analysts/Harshita-Rawat/,12 Aug 2026
Andrei Stadnik,1308,https://stockanalysis.com/analysts/Andrei-Stadnik/,27 Apr 2026
Manan Gosalia,1309,https://stockanalysis.com/analysts/Manan-Gosalia/,05 Aug 2026
Brian Nowak,1311,https://stockanalysis.com/analysts/Brian-Nowak/,25 Aug 2026
Jake Fuller,1312,https://stockanalysis.com/analysts/Jake-Fuller/,27 Aug 2026
Jonathan Ho,1313,https://stockanalysis.com/analysts/Jonathan-Ho/,27 Aug 2026
David Stanton,1314,https://stockanalysis.com/analysts/David-Stanton/,21 Aug 2026
Michael Linenberg,1315,https://stockanalysis.com/analysts/Michael-Linenberg/,31 Jul 2026
Brian Tanquilut,1316,https://stockanalysis.com/analysts/Brian-Tanquilut/,21 Aug 2026
David Deckelbaum,1317,https://stockanalysis.com/analysts/David-Deckelbaum/,26 Mar 2026
Mike Kratky,1318,https://stockanalysis.com/analysts/Mike-Kratky/,06 Aug 2026
Sudan Loganathan,1320,https://stockanalysis.com/analysts/Sudan-Loganathan/,04 Jun 2026
Chad Dillard,1321,https://stockanalysis.com/analysts/Chad-Dillard/,21 Aug 2026
Jimmy Bhullar,1323,https://stockanalysis.com/analysts/Jimmy-Bhullar/,20 Apr 2026
Adam Klauber,1326,https://stockanalysis.com/analysts/Adam-Klauber/,26 Aug 2026
Tavy Rosner,1328,https://stockanalysis.com/analysts/Tavy-Rosner/,18 Mar 2026
Douglas Harned,1331,https://stockanalysis.com/analysts/Douglas-Harned/,24 Aug 2026
Justin Kim,1333,https://stockanalysis.com/analysts/Justin-Kim/,08 Jun 2026
Andrew Charles,1334,https://stockanalysis.com/analysts/Andrew-Charles/,26 Aug 2026
Matt Phipps,1335,https://stockanalysis.com/analysts/Matt-Phipps/,19 Aug 2026
Matthew Weston,1336,https://stockanalysis.com/analysts/Matthew-Weston/,20 Aug 2026
David Raso,1338,https://stockanalysis.com/analysts/David-Raso/,02 Aug 2026
Kristina Ruggeri,1345,https://stockanalysis.com/analysts/Kristina-Ruggeri/,10 Aug 2026
John Royall,1347,https://stockanalysis.com/analysts/John-Royall/,10 Aug 2026
Scott Group,1348,https://stockanalysis.com/analysts/Scott-Group/,11 Aug 2026
Anne Ling,1349,https://stockanalysis.com/analysts/Anne-Ling/,25 Aug 2026
Edward Tenthoff,1350,https://stockanalysis.com/analysts/Edward-Tenthoff/,27 Aug 2026
Chiara Battistini,1353,https://stockanalysis.com/analysts/Chiara-Battistini/,13 Aug 2026
Michael Ryskin,1356,https://stockanalysis.com/analysts/Michael-Ryskin/,27 Aug 2026
Chris Parkinson,1357,https://stockanalysis.com/analysts/Chris-Parkinson/,10 Aug 2026
Ghansham Panjabi,1358,https://stockanalysis.com/analysts/Ghansham-Panjabi/,13 Aug 2026
Shlomo Rosenbaum,1359,https://stockanalysis.com/analysts/Shlomo-Rosenbaum/,14 Aug 2026
John Lovallo,1360,https://stockanalysis.com/analysts/John-Lovallo/,20 Aug 2026
Matthew Boss,1364,https://stockanalysis.com/analysts/Matthew-Boss/,25 Aug 2026
Rick Patel,1365,https://stockanalysis.com/analysts/Rick-Patel/,18 Aug 2026
Vikram Gandhi,1368,https://stockanalysis.com/analysts/Vikram-Gandhi/,20 Jul 2026
Jeffrey Spector,1374,https://stockanalysis.com/analysts/Jeffrey-Spector/,24 Aug 2026
John Colantuoni,1377,https://stockanalysis.com/analysts/John-Colantuoni/,10 Aug 2026
Stephanie Price,1379,https://stockanalysis.com/analysts/Stephanie-Price/,14 Aug 2026
Uy Ear,1381,https://stockanalysis.com/analysts/Uy-Ear/,20 Aug 2026
Kelly Motta,1383,https://stockanalysis.com/analysts/Kelly-Motta/,03 Aug 2026
Justin Lake,1384,https://stockanalysis.com/analysts/Justin-Lake/,05 May 2026
Peter Supino,1386,https://stockanalysis.com/analysts/Peter-Supino/,25 Aug 2026
Robert Kad,1387,https://stockanalysis.com/analysts/Robert-Kad/,26 Aug 2026
Amos Fletcher,1388,https://stockanalysis.com/analysts/Amos-Fletcher/,18 Aug 2026
Christopher Stathoulopoulos,1389,https://stockanalysis.com/analysts/Christopher-Stathoulopoulos/,18 Aug 2026
Josh Baer,1390,https://stockanalysis.com/analysts/Josh-Baer/,26 Aug 2026
Robert Wasserman,1395,https://stockanalysis.com/analysts/Robert-Wasserman/,10 Aug 2026
Connor Murphy,1398,https://stockanalysis.com/analysts/Connor-Murphy/,10 Aug 2026
Daryl Young,1402,https://stockanalysis.com/analysts/Daryl-Young/,18 Aug 2026
Alexei Gogolev,1403,https://stockanalysis.com/analysts/Alexei-Gogolev/,12 Aug 2026
Thomas Blakey,1404,https://stockanalysis.com/analysts/Thomas-Blakey/,24 Aug 2026
Gerry Sweeney,1405,https://stockanalysis.com/analysts/Gerry-Sweeney/,07 Aug 2026
Justin Patterson,1407,https://stockanalysis.com/analysts/Justin-Patterson/,27 Aug 2026
Michael Latimore,1409,https://stockanalysis.com/analysts/Michael-Latimore/,26 Aug 2026
Steven Etoch,1411,https://stockanalysis.com/analysts/Steven-Etoch/,27 Jul 2026
Sanjit Singh,1416,https://stockanalysis.com/analysts/Sanjit-Singh/,27 Aug 2026
Buck Horne,1417,https://stockanalysis.com/analysts/Buck-Horne/,10 Jul 2026
Carter Gould,1418,https://stockanalysis.com/analysts/Carter-Gould/,18 Aug 2026
Jonathan Goldman,1419,https://stockanalysis.com/analysts/Jonathan-Goldman/,17 Aug 2026
Stephen Byrd,1421,https://stockanalysis.com/analysts/Stephen-Byrd/,13 Aug 2026
Luke Hannan,1423,https://stockanalysis.com/analysts/Luke-Hannan/,06 Aug 2026
Prakhar Agrawal,1424,https://stockanalysis.com/analysts/Prakhar-Agrawal/,17 Jul 2026
Ross Sparenblek,1429,https://stockanalysis.com/analysts/Ross-Sparenblek/,11 Aug 2026
Kyle Joseph,1431,https://stockanalysis.com/analysts/Kyle-Joseph/,11 Aug 2026
Lance Wilkes,1432,https://stockanalysis.com/analysts/Lance-Wilkes/,14 Aug 2026
Robert Stein,1435,https://stockanalysis.com/analysts/Robert-Stein/,12 Aug 2026
Bill Peterson,1438,https://stockanalysis.com/analysts/Bill-Peterson/,10 Aug 2026
Peter Keith,1439,https://stockanalysis.com/analysts/Peter-Keith/,21 Aug 2026
David Katz,1440,https://stockanalysis.com/analysts/David-Katz/,13 Aug 2026
Leland Gershell,1441,https://stockanalysis.com/analysts/Leland-Gershell/,26 Aug 2026
Matthew Martino,1443,https://stockanalysis.com/analysts/Matthew-Martino/,19 Aug 2026
Richard Choe,1446,https://stockanalysis.com/analysts/Richard-Choe/,27 Aug 2026
Adithya Metuku,1449,https://stockanalysis.com/analysts/Adithya-Metuku/,27 Jul 2026
Daniel Osley,1452,https://stockanalysis.com/analysts/Daniel-Osley/,05 Aug 2026
Bruno Amorim,1459,https://stockanalysis.com/analysts/Bruno-Amorim/,26 Aug 2026
David Vogt,1462,https://stockanalysis.com/analysts/David-Vogt/,26 Aug 2026
Barry Sine,1463,https://stockanalysis.com/analysts/Barry-Sine/,04 Aug 2026
Mathieu Robilliard,1465,https://stockanalysis.com/analysts/Mathieu-Robilliard/,10 Aug 2026
Benjamin Theurer,1466,https://stockanalysis.com/analysts/Benjamin-Theurer/,17 Aug 2026
Patrick Colville,1467,https://stockanalysis.com/analysts/Patrick-Colville/,27 Aug 2026
Mauricio Serna,1468,https://stockanalysis.com/analysts/Mauricio-Serna/,27 Aug 2026
Sean Steuart,1469,https://stockanalysis.com/analysts/Sean-Steuart/,13 Aug 2026
Noah Poponak,1470,https://stockanalysis.com/analysts/Noah-Poponak/,26 Aug 2026
Kevin Grundy,1479,https://stockanalysis.com/analysts/Kevin-Grundy/,08 Jul 2026
Pablo Monsivais,1481,https://stockanalysis.com/analysts/Pablo-Monsivais/,15 May 2026
Daniel Stauder,1482,https://stockanalysis.com/analysts/Daniel-Stauder/,27 Aug 2026
Meta Marshall,1485,https://stockanalysis.com/analysts/Meta-Marshall/,27 Aug 2026
Michael Rehaut,1487,https://stockanalysis.com/analysts/Michael-Rehaut/,16 Jun 2026
Cameron Bean,1488,https://stockanalysis.com/analysts/Cameron-Bean/,01 Apr 2026
Mark Altschwager,1490,https://stockanalysis.com/analysts/Mark-Altschwager/,27 Aug 2026
Sathish Kasinathan,1492,https://stockanalysis.com/analysts/Sathish-Kasinathan/,20 Aug 2026
Damian Karas,1496,https://stockanalysis.com/analysts/Damian-Karas/,05 Aug 2026
Marcelo Santos,1497,https://stockanalysis.com/analysts/Marcelo-Santos/,18 Aug 2026
Charles Rhyee,1498,https://stockanalysis.com/analysts/Charles-Rhyee/,27 Aug 2026
Steven Delaney,1499,https://stockanalysis.com/analysts/Steven-Delaney/,18 Aug 2026
Brian Vaccaro,1500,https://stockanalysis.com/analysts/Brian-Vaccaro/,24 Aug 2026
Kallum Titchmarsh,1505,https://stockanalysis.com/analysts/Kallum-Titchmarsh/,24 Aug 2026
Ross Fowler,1507,https://stockanalysis.com/analysts/Ross-Fowler/,24 Aug 2026
Reginald Smith,1509,https://stockanalysis.com/analysts/Reginald-Smith/,08 Jul 2026
Brad Erickson,1510,https://stockanalysis.com/analysts/Brad-Erickson/,20 Aug 2026
Nigel Coe,1511,https://stockanalysis.com/analysts/Nigel-Coe/,21 Jul 2026
Jon Windham,1512,https://stockanalysis.com/analysts/Jon-Windham/,26 Aug 2026
Sangita Jain,1513,https://stockanalysis.com/analysts/Sangita-Jain/,27 Aug 2026
Dennis Ip,1514,https://stockanalysis.com/analysts/Dennis-Ip/,22 May 2026
William Plovanic,1515,https://stockanalysis.com/analysts/William-Plovanic/,27 Aug 2026
Kevin Fisk,1516,https://stockanalysis.com/analysts/Kevin-Fisk/,27 Aug 2026
David Palmer,1521,https://stockanalysis.com/analysts/David-Palmer/,24 Aug 2026
Robert Ohmes,1524,https://stockanalysis.com/analysts/Robert-Ohmes/,21 Aug 2026
Mathew Blackman,1525,https://stockanalysis.com/analysts/Mathew-Blackman/,06 Aug 2026
Thomas Champion,1526,https://stockanalysis.com/analysts/Thomas-Champion/,26 Aug 2026
Pete Stavropoulos,1527,https://stockanalysis.com/analysts/Pete-Stavropoulos/,24 Aug 2026
Brian Martin,1531,https://stockanalysis.com/analysts/Brian-Martin/,07 Aug 2026
Rustam Kanga,1532,https://stockanalysis.com/analysts/Rustam-Kanga/,04 Aug 2026
Kelsey Chia,1533,https://stockanalysis.com/analysts/Kelsey-Chia/,27 Aug 2026
Stephen Grambling,1534,https://stockanalysis.com/analysts/Stephen-Grambling/,25 Aug 2026
Steven Fisher,1536,https://stockanalysis.com/analysts/Steven-Fisher/,27 Aug 2026
Emma Xu,1537,https://stockanalysis.com/analysts/Emma-Xu/,21 Aug 2026
Joe Feldman,1539,https://stockanalysis.com/analysts/Joe-Feldman/,26 Aug 2026
Savanthi Syth,1540,https://stockanalysis.com/analysts/Savanthi-Syth/,24 Aug 2026
Emily Bodnar,1541,https://stockanalysis.com/analysts/Emily-Bodnar/,27 Aug 2026
Michael Roxland,1547,https://stockanalysis.com/analysts/Michael-Roxland/,24 Aug 2026
Ari Klein,1548,https://stockanalysis.com/analysts/Ari-Klein/,24 Aug 2026
Jed Kelly,1550,https://stockanalysis.com/analysts/Jed-Kelly/,13 Aug 2026
Jordan Alliger,1551,https://stockanalysis.com/analysts/Jordan-Alliger/,04 Aug 2026
Brian Peterson,1553,https://stockanalysis.com/analysts/Brian-Peterson/,07 Aug 2026
Brian Ossenbeck,1554,https://stockanalysis.com/analysts/Brian-Ossenbeck/,10 Aug 2026
Daniel Kurnos,1555,https://stockanalysis.com/analysts/Daniel-Kurnos/,10 Aug 2026
Mark Massaro,1556,https://stockanalysis.com/analysts/Mark-Massaro/,24 Aug 2026
Robert Jamieson,1558,https://stockanalysis.com/analysts/Robert-Jamieson/,27 May 2026
Karen Holthouse,1560,https://stockanalysis.com/analysts/Karen-Holthouse/,13 Aug 2026
Paul Fremont,1563,https://stockanalysis.com/analysts/Paul-Fremont/,17 Aug 2026
Steven Alexopoulos,1565,https://stockanalysis.com/analysts/Steven-Alexopoulos/,27 Jul 2026
Jonathan Matuszewski,1566,https://stockanalysis.com/analysts/Jonathan-Matuszewski/,25 Aug 2026
Daniel Politzer,1567,https://stockanalysis.com/analysts/Daniel-Politzer/,12 Aug 2026
Thomas Stephan,1568,https://stockanalysis.com/analysts/Thomas-Stephan/,25 Aug 2026
Philip Shen,1569,https://stockanalysis.com/analysts/Philip-Shen/,14 Aug 2026
Casey Woodring,1572,https://stockanalysis.com/analysts/Casey-Woodring/,24 Aug 2026
Stephen Powers,1573,https://stockanalysis.com/analysts/Stephen-Powers/,27 Aug 2026
Kristen Owen,1575,https://stockanalysis.com/analysts/Kristen-Owen/,21 Aug 2026
Michael Lavery,1577,https://stockanalysis.com/analysts/Michael-Lavery/,24 Aug 2026
Kash Rangan,1578,https://stockanalysis.com/analysts/Kash-Rangan/,02 Feb 2026
James Hardiman,1579,https://stockanalysis.com/analysts/James-Hardiman/,11 Aug 2026
Anthony Codling,1584,https://stockanalysis.com/analysts/Anthony-Codling/,11 Aug 2026
James Yaro,1586,https://stockanalysis.com/analysts/James-Yaro/,25 Aug 2026
Brian Schwartz,1594,https://stockanalysis.com/analysts/Brian-Schwartz/,24 Aug 2026
Dan Bergstrom,1599,https://stockanalysis.com/analysts/Dan-Bergstrom/,30 Jul 2026
Biraj Borkhataria,1601,https://stockanalysis.com/analysts/Biraj-Borkhataria/,04 Aug 2026
Jasper Hellweg,1603,https://stockanalysis.com/analysts/Jasper-Hellweg/,25 Aug 2026
Ben Isaacson,1606,https://stockanalysis.com/analysts/Ben-Isaacson/,24 Aug 2026
Adam Jonas,1607,https://stockanalysis.com/analysts/Adam-Jonas/,26 Aug 2026
Ben Mohr,1612,https://stockanalysis.com/analysts/Ben-Mohr/,14 Aug 2026
Polo Tang,1615,https://stockanalysis.com/analysts/Polo-Tang/,13 Aug 2026
Barry Oxford,1617,https://stockanalysis.com/analysts/Barry-Oxford/,18 Aug 2026
Michael Binetti,1619,https://stockanalysis.com/analysts/Michael-Binetti/,21 Aug 2026
Anthony Bonadio,1624,https://stockanalysis.com/analysts/Anthony-Bonadio/,20 Aug 2026
Anthony Hau,1625,https://stockanalysis.com/analysts/Anthony-Hau/,28 Jul 2026
Michael Cherny,1627,https://stockanalysis.com/analysts/Michael-Cherny/,11 Aug 2026
Alex Irving,1629,https://stockanalysis.com/analysts/Alex-Irving/,24 Aug 2026
Michael Bellisario,1630,https://stockanalysis.com/analysts/Michael-Bellisario/,24 Aug 2026
Daniil Gataulin,1632,https://stockanalysis.com/analysts/Daniil-Gataulin/,25 Jun 2026
Michael Morton,1634,https://stockanalysis.com/analysts/Michael-Morton/,10 Jun 2026
Janet Lee,1636,https://stockanalysis.com/analysts/Janet-Lee/,03 Aug 2026
Russell Gunther,1637,https://stockanalysis.com/analysts/Russell-Gunther/,21 Aug 2026
Mickey Schleien,1638,https://stockanalysis.com/analysts/Mickey-Schleien/,03 Mar 2026
Jasper Bibb,1639,https://stockanalysis.com/analysts/Jasper-Bibb/,21 Aug 2026
Venugopal Garre,1640,https://stockanalysis.com/analysts/Venugopal-Garre/,24 Aug 2026
Andrew Terrell,1642,https://stockanalysis.com/analysts/Andrew-Terrell/,06 Aug 2026
Dennis Ding,1643,https://stockanalysis.com/analysts/Dennis-Ding/,13 Jul 2026
Nikhil Devnani,1644,https://stockanalysis.com/analysts/Nikhil-Devnani/,14 Aug 2026
Merrill Ross,1645,https://stockanalysis.com/analysts/Merrill-Ross/,13 May 2026
Tyler Batory,1646,https://stockanalysis.com/analysts/Tyler-Batory/,11 Aug 2026
John Babcock,1647,https://stockanalysis.com/analysts/John-Babcock/,26 Aug 2026
Steve Fleishman,1648,https://stockanalysis.com/analysts/Steve-Fleishman/,11 Aug 2026
Laurie Havener,1655,https://stockanalysis.com/analysts/Laurie-Havener/,29 Jul 2026
Gaurav Jain,1656,https://stockanalysis.com/analysts/Gaurav-Jain/,11 Aug 2026
John Baumgartner,1657,https://stockanalysis.com/analysts/John-Baumgartner/,20 May 2026
Mark Schappel,1658,https://stockanalysis.com/analysts/Mark-Schappel/,18 Aug 2026
Jonathan Chang,1660,https://stockanalysis.com/analysts/Jonathan-Chang/,13 Jul 2026
Jason Bandel,1665,https://stockanalysis.com/analysts/Jason-Bandel/,07 Aug 2026
Emmanuel Papadakis,1668,https://stockanalysis.com/analysts/Emmanuel-Papadakis/,26 Aug 2026
Tom Narayan,1671,https://stockanalysis.com/analysts/Tom-Narayan/,14 Aug 2026
Michael Shlisky,1672,https://stockanalysis.com/analysts/Michael-Shlisky/,24 Aug 2026
Marc Bianchi,1673,https://stockanalysis.com/analysts/Marc-Bianchi/,25 Aug 2026
Thomas Gallagher,1680,https://stockanalysis.com/analysts/Thomas-Gallagher/,20 Aug 2026
Lauren Lieberman,1684,https://stockanalysis.com/analysts/Lauren-Lieberman/,27 Aug 2026
Jason Celino,1685,https://stockanalysis.com/analysts/Jason-Celino/,27 Aug 2026
Sam Darkatsh,1686,https://stockanalysis.com/analysts/Sam-Darkatsh/,19 Aug 2026
Christopher Nardone,1688,https://stockanalysis.com/analysts/Christopher-Nardone/,27 Aug 2026
Jonathan Block,1689,https://stockanalysis.com/analysts/Jonathan-Block/,20 Aug 2026
Jon Hickman,1691,https://stockanalysis.com/analysts/Jon-Hickman/,19 Aug 2026
Sarah James,1700,https://stockanalysis.com/analysts/Sarah-James/,17 Aug 2026
Ronald Josey,1702,https://stockanalysis.com/analysts/Ronald-Josey/,27 Aug 2026
Adam Tindle,1704,https://stockanalysis.com/analysts/Adam-Tindle/,11 Aug 2026
Patrick Walravens,1705,https://stockanalysis.com/analysts/Patrick-Walravens/,19 Aug 2026
Clark Wright,1707,https://stockanalysis.com/analysts/Clark-Wright/,24 Aug 2026
Charles Meade,1708,https://stockanalysis.com/analysts/Charles-Meade/,17 Aug 2026
Gavin Parsons,1711,https://stockanalysis.com/analysts/Gavin-Parsons/,27 Aug 2026
Sebastiano Petti,1712,https://stockanalysis.com/analysts/Sebastiano-Petti/,19 Aug 2026
Christine Dooley,1717,https://stockanalysis.com/analysts/Christine-Dooley/,24 Aug 2026
John Dunn,1719,https://stockanalysis.com/analysts/John-Dunn/,10 Aug 2026
Alex Terentiew,1721,https://stockanalysis.com/analysts/Alex-Terentiew/,08 Jun 2026
Robert Drbul,1723,https://stockanalysis.com/analysts/Robert-Drbul/,27 Aug 2026
Mayank Mamtani,1728,https://stockanalysis.com/analysts/Mayank-Mamtani/,25 Aug 2026
Radi Sultan,1729,https://stockanalysis.com/analysts/Radi-Sultan/,25 Aug 2026
Anderson Schock,1732,https://stockanalysis.com/analysts/Anderson-Schock/,10 Aug 2026
Ruplu Bhattacharya,1734,https://stockanalysis.com/analysts/Ruplu-Bhattacharya/,27 Aug 2026
Robert Ottenstein,1735,https://stockanalysis.com/analysts/Robert-Ottenstein/,19 Aug 2026
Matthew Harrigan,1737,https://stockanalysis.com/analysts/Matthew-Harrigan/,06 Aug 2026
Larry Biegelsen,1738,https://stockanalysis.com/analysts/Larry-Biegelsen/,25 Aug 2026
Adrian Huerta,1739,https://stockanalysis.com/analysts/Adrian-Huerta/,24 Aug 2026
Allen Gong,1742,https://stockanalysis.com/analysts/Allen-Gong/,10 Aug 2026
Robert Stevenson,1747,https://stockanalysis.com/analysts/Robert-Stevenson/,13 Jan 2026
Gregory Francfort,1760,https://stockanalysis.com/analysts/Gregory-Francfort/,24 Aug 2026
Scott Davis,1763,https://stockanalysis.com/analysts/Scott-Davis/,27 Jan 2026
Kalei Akamine,1764,https://stockanalysis.com/analysts/Kalei-Akamine/,27 Apr 2026
Stacy Ku,1766,https://stockanalysis.com/analysts/Stacy-Ku/,20 Aug 2026
Tyler Radke,1767,https://stockanalysis.com/analysts/Tyler-Radke/,27 Aug 2026
Francois Brisebois,1768,https://stockanalysis.com/analysts/Francois-Brisebois/,25 Aug 2026
Pablo Singzon,1772,https://stockanalysis.com/analysts/Pablo-Singzon/,25 Aug 2026
Caitlin Cronin,1774,https://stockanalysis.com/analysts/Caitlin-Cronin/,17 Aug 2026
Tom Forte,1775,https://stockanalysis.com/analysts/Tom-Forte/,27 Aug 2026
Nicholas Yulico,1781,https://stockanalysis.com/analysts/Nicholas-Yulico/,27 Aug 2026
Drew McReynolds,1782,https://stockanalysis.com/analysts/Drew-McReynolds/,14 Aug 2026
Ryan Zimmerman,1784,https://stockanalysis.com/analysts/Ryan-Zimmerman/,27 Aug 2026
Matt Miksic,1793,https://stockanalysis.com/analysts/Matt-Miksic/,28 May 2026
Phillip Blee,1794,https://stockanalysis.com/analysts/Phillip-Blee/,21 Aug 2026
Matt Olney,1795,https://stockanalysis.com/analysts/Matt-Olney/,06 Aug 2026
Chris Woronka,1796,https://stockanalysis.com/analysts/Chris-Woronka/,14 Aug 2026
Michael Goldsmith,1800,https://stockanalysis.com/analysts/Michael-Goldsmith/,25 Aug 2026
Caitlin Roberts,1801,https://stockanalysis.com/analysts/Caitlin-Roberts/,20 Aug 2026
Simeon Gutman,1802,https://stockanalysis.com/analysts/Simeon-Gutman/,27 Aug 2026
Ben Kallo,1807,https://stockanalysis.com/analysts/Ben-Kallo/,18 Aug 2026
Tommy Moll,1810,https://stockanalysis.com/analysts/Tommy-Moll/,18 Aug 2026
Kevin Kopelman,1811,https://stockanalysis.com/analysts/Kevin-Kopelman/,07 Aug 2026
Simon Coles,1813,https://stockanalysis.com/analysts/Simon-Coles/,21 Aug 2026
Timothy Hoff,1814,https://stockanalysis.com/analysts/Timothy-Hoff/,25 Aug 2026
John McNulty,1815,https://stockanalysis.com/analysts/John-McNulty/,19 Aug 2026
Judith Elliott,1816,https://stockanalysis.com/analysts/Judith-Elliott/,07 Aug 2026
Thiago Batista,1818,https://stockanalysis.com/analysts/Thiago-Batista/,20 Aug 2026
Taylor Conrad,1820,https://stockanalysis.com/analysts/Taylor-Conrad/,20 Aug 2026
Jack Slevin,1821,https://stockanalysis.com/analysts/Jack-Slevin/,19 Aug 2026
James Rollyson,1824,https://stockanalysis.com/analysts/James-Rollyson/,06 Aug 2026
Eric Gonzalez,1827,https://stockanalysis.com/analysts/Eric-Gonzalez/,05 Aug 2026
David Rescott,1828,https://stockanalysis.com/analysts/David-Rescott/,21 Aug 2026
Mark Weintraub,1832,https://stockanalysis.com/analysts/Mark-Weintraub/,03 May 2026
Vijit Jain,1835,https://stockanalysis.com/analysts/Vijit-Jain/,19 May 2026
Kevin Caliendo,1836,https://stockanalysis.com/analysts/Kevin-Caliendo/,24 Aug 2026
Kevin Mcveigh,1837,https://stockanalysis.com/analysts/Kevin-Mcveigh/,24 Aug 2026
Kevin McVeigh,1837,https://stockanalysis.com/analysts/Kevin-McVeigh/,24 Aug 2026
Austin Wurschmidt,1840,https://stockanalysis.com/analysts/Austin-Wurschmidt/,26 Aug 2026
Axel Herlinghaus,1842,https://stockanalysis.com/analysts/Axel-Herlinghaus/,13 Aug 2026
Douglas Miehm,1845,https://stockanalysis.com/analysts/Douglas-Miehm/,12 Aug 2026
Puneet Souda,1846,https://stockanalysis.com/analysts/Puneet-Souda/,07 Aug 2026
Jonathan Brandt,1850,https://stockanalysis.com/analysts/Jonathan-Brandt/,20 Aug 2026
Piyush Choudhary,1852,https://stockanalysis.com/analysts/Piyush-Choudhary/,16 Jan 2026
Vincent Caintic,1853,https://stockanalysis.com/analysts/Vincent-Caintic/,25 Aug 2026
Kevin Garrigan,1854,https://stockanalysis.com/analysts/Kevin-Garrigan/,14 Aug 2026
Andrea Alfonso,1857,https://stockanalysis.com/analysts/Andrea-Alfonso/,07 Aug 2026
Simon Toyne,1858,https://stockanalysis.com/analysts/Simon-Toyne/,31 Mar 2026
Mitchel Penn,1860,https://stockanalysis.com/analysts/Mitchel-Penn/,20 Aug 2026
Richa Harnain,1861,https://stockanalysis.com/analysts/Richa-Harnain/,24 Jul 2026
Sam Eiber,1863,https://stockanalysis.com/analysts/Sam-Eiber/,14 Aug 2026
Saree Boroditsky,1865,https://stockanalysis.com/analysts/Saree-Boroditsky/,09 Feb 2026
James Faucette,1866,https://stockanalysis.com/analysts/James-Faucette/,26 Aug 2026
Brent Thill,1869,https://stockanalysis.com/analysts/Brent-Thill/,26 Aug 2026
Jeff Grampp,1872,https://stockanalysis.com/analysts/Jeff-Grampp/,25 Aug 2026
Matthew Condon,1878,https://stockanalysis.com/analysts/Matthew-Condon/,07 Aug 2026
Joe Laetsch,1879,https://stockanalysis.com/analysts/Joe-Laetsch/,20 Aug 2026
Jared Shaw,1883,https://stockanalysis.com/analysts/Jared-Shaw/,26 Aug 2026
George Tong,1884,https://stockanalysis.com/analysts/George-Tong/,12 Aug 2026
Jeffrey Zekauskas,1885,https://stockanalysis.com/analysts/Jeffrey-Zekauskas/,25 Aug 2026
Wilma Burdis,1891,https://stockanalysis.com/analysts/Wilma-Burdis/,27 Aug 2026
Maher Yaghi,1892,https://stockanalysis.com/analysts/Maher-Yaghi/,11 Aug 2026
Owen Rickert,1893,https://stockanalysis.com/analysts/Owen-Rickert/,26 Aug 2026
Chad Beynon,1898,https://stockanalysis.com/analysts/Chad-Beynon/,21 Aug 2026
Jay Sole,1899,https://stockanalysis.com/analysts/Jay-Sole/,27 Aug 2026
Christopher Liu,1902,https://stockanalysis.com/analysts/Christopher-Liu/,05 Aug 2026
Arjun Bhatia,1911,https://stockanalysis.com/analysts/Arjun-Bhatia/,26 Aug 2026
Benjamin Rossi,1913,https://stockanalysis.com/analysts/Benjamin-Rossi/,25 Aug 2026
Roger Boyd,1918,https://stockanalysis.com/analysts/Roger-Boyd/,27 Aug 2026
Sophie Karp,1922,https://stockanalysis.com/analysts/Sophie-Karp/,27 Aug 2026
Olivia Tong,1923,https://stockanalysis.com/analysts/Olivia-Tong/,25 Aug 2026
Matthew DeYoe,1928,https://stockanalysis.com/analysts/Matthew-DeYoe/,26 Aug 2026
Peter Steyn,1929,https://stockanalysis.com/analysts/Peter-Steyn/,20 May 2026
Michael Gorman,1933,https://stockanalysis.com/analysts/Michael-Gorman/,29 Jul 2026
Joshua Reilly,1934,https://stockanalysis.com/analysts/Joshua-Reilly/,26 Aug 2026
Brendan Nosal,1941,https://stockanalysis.com/analysts/Brendan-Nosal/,30 Jul 2026
Andrew Weisel,1942,https://stockanalysis.com/analysts/Andrew-Weisel/,10 Aug 2026
Bhavesh Lodaya,1943,https://stockanalysis.com/analysts/Bhavesh-Lodaya/,07 Aug 2026
Andrew Strelzik,1946,https://stockanalysis.com/analysts/Andrew-Strelzik/,13 Aug 2026
Ygal Arounian,1947,https://stockanalysis.com/analysts/Ygal-Arounian/,20 Aug 2026
Joe Dickstein,1949,https://stockanalysis.com/analysts/Joe-Dickstein/,01 Jun 2026
Hector Maya,1950,https://stockanalysis.com/analysts/Hector-Maya/,13 Aug 2026
Kerry Holford,1954,https://stockanalysis.com/analysts/Kerry-Holford/,17 Aug 2026
Namita Samtani,1957,https://stockanalysis.com/analysts/Namita-Samtani/,14 Aug 2026
Steve Hansen,1959,https://stockanalysis.com/analysts/Steve-Hansen/,24 Aug 2026
Richard Clarke,1965,https://stockanalysis.com/analysts/Richard-Clarke/,26 Aug 2026
Alec Stranahan,1967,https://stockanalysis.com/analysts/Alec-Stranahan/,27 Aug 2026
Bruno Montanari,1971,https://stockanalysis.com/analysts/Bruno-Montanari/,16 Jul 2026
Adam Baumgarten,1972,https://stockanalysis.com/analysts/Adam-Baumgarten/,27 Feb 2026
Jeffrey Kiang,1974,https://stockanalysis.com/analysts/Jeffrey-Kiang/,25 Aug 2026
Ric Prentiss,1977,https://stockanalysis.com/analysts/Ric-Prentiss/,17 Jul 2026
Manav Patnaik,1978,https://stockanalysis.com/analysts/Manav-Patnaik/,26 Aug 2026
Matthew Smith,1980,https://stockanalysis.com/analysts/Matthew-Smith/,13 May 2026
James Feldman,1983,https://stockanalysis.com/analysts/James-Feldman/,26 Aug 2026
Jason Cassorla,1991,https://stockanalysis.com/analysts/Jason-Cassorla/,07 Aug 2026
Robert Mollins,1995,https://stockanalysis.com/analysts/Robert-Mollins/,10 Jun 2026
Saul Martinez,1996,https://stockanalysis.com/analysts/Saul-Martinez/,20 Jul 2026
Richard Safran,1997,https://stockanalysis.com/analysts/Richard-Safran/,26 May 2026
Faiza Alwy,1998,https://stockanalysis.com/analysts/Faiza-Alwy/,27 Aug 2026
Simon Hales,2001,https://stockanalysis.com/analysts/Simon-Hales/,30 Jul 2026
Brian McNamara,2002,https://stockanalysis.com/analysts/Brian-McNamara/,12 Aug 2026
Nicholas Holowko,2009,https://stockanalysis.com/analysts/Nicholas-Holowko/,03 Aug 2026
Judah Frommer,2013,https://stockanalysis.com/analysts/Judah-Frommer/,25 Aug 2026
Brandon Nispel,2016,https://stockanalysis.com/analysts/Brandon-Nispel/,27 Aug 2026
Stephen Baxter,2017,https://stockanalysis.com/analysts/Stephen-Baxter/,26 Aug 2026
John Newman,2018,https://stockanalysis.com/analysts/John-Newman/,26 Aug 2026
Paul Gong,2019,https://stockanalysis.com/analysts/Paul-Gong/,17 Jun 2026
Jiong Shao,2020,https://stockanalysis.com/analysts/Jiong-Shao/,27 Aug 2026
Edlain Rodriguez,2027,https://stockanalysis.com/analysts/Edlain-Rodriguez/,05 Aug 2026
Betty Jiang,2037,https://stockanalysis.com/analysts/Betty-Jiang/,20 Aug 2026
Danielle Antalffy,2038,https://stockanalysis.com/analysts/Danielle-Antalffy/,07 Aug 2026
Tom Nikic,2040,https://stockanalysis.com/analysts/Tom-Nikic/,26 Aug 2026
Andres Sheppard,2042,https://stockanalysis.com/analysts/Andres-Sheppard/,17 Aug 2026
Kate McShane,2048,https://stockanalysis.com/analysts/Kate-McShane/,27 Aug 2026
Glen Santangelo,2049,https://stockanalysis.com/analysts/Glen-Santangelo/,26 Aug 2026
Brandon Folkes,2051,https://stockanalysis.com/analysts/Brandon-Folkes/,26 Aug 2026
Whit Mayo,2059,https://stockanalysis.com/analysts/Whit-Mayo/,30 Jul 2026
Sachin Salgaonkar,2060,https://stockanalysis.com/analysts/Sachin-Salgaonkar/,11 Aug 2026
Amit Dayal,2062,https://stockanalysis.com/analysts/Amit-Dayal/,24 Aug 2026
Luisa Hector,2067,https://stockanalysis.com/analysts/Luisa-Hector/,24 Aug 2026
Rodolfo Angele,2070,https://stockanalysis.com/analysts/Rodolfo-Angele/,06 Aug 2026
Lisa Walter,2075,https://stockanalysis.com/analysts/Lisa-Walter/,17 Aug 2026
Daniel Magder,2076,https://stockanalysis.com/analysts/Daniel-Magder/,16 Jul 2026
Conor Cunningham,2078,https://stockanalysis.com/analysts/Conor-Cunningham/,07 Jul 2026
Nicholas Lorusso,2079,https://stockanalysis.com/analysts/Nicholas-Lorusso/,25 Aug 2026
Michael Ward,2080,https://stockanalysis.com/analysts/Michael-Ward/,24 Aug 2026
Adam Frisch,2084,https://stockanalysis.com/analysts/Adam-Frisch/,26 Aug 2026
Jonathan Yong,2086,https://stockanalysis.com/analysts/Jonathan-Yong/,07 Aug 2026
Lee Simpson,2088,https://stockanalysis.com/analysts/Lee-Simpson/,19 Aug 2026
Daniel Jester,2090,https://stockanalysis.com/analysts/Daniel-Jester/,26 Aug 2026
Aaron Hecht,2091,https://stockanalysis.com/analysts/Aaron-Hecht/,10 Aug 2026
Asthika Goonewardene,2093,https://stockanalysis.com/analysts/Asthika-Goonewardene/,22 Jun 2026
Janine Stichter,2094,https://stockanalysis.com/analysts/Janine-Stichter/,27 Aug 2026
Pooran Sharma,2097,https://stockanalysis.com/analysts/Pooran-Sharma/,28 Jul 2026
James Kammert,2098,https://stockanalysis.com/analysts/James-Kammert/,17 Aug 2026
Omar Mejias,2103,https://stockanalysis.com/analysts/Omar-Mejias/,06 Aug 2026
David Roman,2105,https://stockanalysis.com/analysts/David-Roman/,15 Jul 2026
Ken Gawrelski,2106,https://stockanalysis.com/analysts/Ken-Gawrelski/,07 Aug 2026
Cristina Fernandez,2108,https://stockanalysis.com/analysts/Cristina-Fernandez/,21 Aug 2026
Tyler DiMatteo,2109,https://stockanalysis.com/analysts/Tyler-DiMatteo/,20 Aug 2026
John Kilichowski,2113,https://stockanalysis.com/analysts/John-Kilichowski/,11 Aug 2026
Ashish Sabadra,2116,https://stockanalysis.com/analysts/Ashish-Sabadra/,26 Aug 2026
Timna Tanners,2117,https://stockanalysis.com/analysts/Timna-Tanners/,24 Aug 2026
David Grossman,2119,https://stockanalysis.com/analysts/David-Grossman/,27 Aug 2026
Edison Yu,2120,https://stockanalysis.com/analysts/Edison-Yu/,17 Aug 2026
Jenny Ping,2124,https://stockanalysis.com/analysts/Jenny-Ping/,26 Aug 2026
Tim Mulrooney,2126,https://stockanalysis.com/analysts/Tim-Mulrooney/,21 Aug 2026
Jordan Lyonnais,2127,https://stockanalysis.com/analysts/Jordan-Lyonnais/,07 May 2026
George Choi,2128,https://stockanalysis.com/analysts/George-Choi/,25 Aug 2026
Jairam Nathan,2133,https://stockanalysis.com/analysts/Jairam-Nathan/,29 Jun 2026
Sergey Glinyanov,2135,https://stockanalysis.com/analysts/Sergey-Glinyanov/,20 Aug 2026
Scott Stember,2138,https://stockanalysis.com/analysts/Scott-Stember/,21 Aug 2026
Leah Jordan,2139,https://stockanalysis.com/analysts/Leah-Jordan/,24 Aug 2026
Eliana Merle,2141,https://stockanalysis.com/analysts/Eliana-Merle/,24 Aug 2026
George Kelly,2142,https://stockanalysis.com/analysts/George-Kelly/,19 Aug 2026
Anja Soderstrom,2149,https://stockanalysis.com/analysts/Anja-Soderstrom/,31 Jul 2026
Joseph Cardoso,2153,https://stockanalysis.com/analysts/Joseph-Cardoso/,27 Aug 2026
Mark Strouse,2155,https://stockanalysis.com/analysts/Mark-Strouse/,17 Aug 2026
Matthew Heimermann,2157,https://stockanalysis.com/analysts/Matthew-Heimermann/,20 Aug 2026
Andres Cardona,2158,https://stockanalysis.com/analysts/Andres-Cardona/,13 Aug 2026
James Condulis,2168,https://stockanalysis.com/analysts/James-Condulis/,18 Aug 2026
George Staphos,2176,https://stockanalysis.com/analysts/George-Staphos/,21 Aug 2026
Bill Sutherland,2177,https://stockanalysis.com/analysts/Bill-Sutherland/,17 Aug 2026
Michael Nathanson,2182,https://stockanalysis.com/analysts/Michael-Nathanson/,07 Aug 2026
Matthew Erdner,2184,https://stockanalysis.com/analysts/Matthew-Erdner/,25 Aug 2026
Derek Hewett,2187,https://stockanalysis.com/analysts/Derek-Hewett/,24 Aug 2026
Hassan Ahmed,2190,https://stockanalysis.com/analysts/Hassan-Ahmed/,26 Aug 2026
Thibault Boutherin,2193,https://stockanalysis.com/analysts/Thibault-Boutherin/,25 Jun 2026
Steven Pizzella,2196,https://stockanalysis.com/analysts/Steven-Pizzella/,13 Aug 2026
Timothy Chiodo,2197,https://stockanalysis.com/analysts/Timothy-Chiodo/,27 Aug 2026
Joshua Dennerlein,2199,https://stockanalysis.com/analysts/Joshua-Dennerlein/,04 Aug 2025
Kyle Boucher,2200,https://stockanalysis.com/analysts/Kyle-Boucher/,11 Aug 2026
Nat Schindler,2208,https://stockanalysis.com/analysts/Nat-Schindler/,13 Aug 2026
Alexander Goldfarb,2217,https://stockanalysis.com/analysts/Alexander-Goldfarb/,27 Aug 2026
Jonna Kim,2220,https://stockanalysis.com/analysts/Jonna-Kim/,26 Aug 2026
Sam Reid,2225,https://stockanalysis.com/analysts/Sam-Reid/,24 Aug 2026
Dae Lee,2228,https://stockanalysis.com/analysts/Dae-Lee/,11 Aug 2026
Jason Weaver,2230,https://stockanalysis.com/analysts/Jason-Weaver/,24 Aug 2026
Joshua Tilton,2231,https://stockanalysis.com/analysts/Joshua-Tilton/,09 Jun 2026
Sharon Zackfia,2234,https://stockanalysis.com/analysts/Sharon-Zackfia/,24 Aug 2026
Ryan Levine,2238,https://stockanalysis.com/analysts/Ryan-Levine/,09 Aug 2026
Filippo Falorni,2239,https://stockanalysis.com/analysts/Filippo-Falorni/,21 Aug 2026
Patrick Creuset,2240,https://stockanalysis.com/analysts/Patrick-Creuset/,10 Aug 2026
Melissa Wedel,2241,https://stockanalysis.com/analysts/Melissa-Wedel/,24 Jul 2026
Pradeep Ramani,2247,https://stockanalysis.com/analysts/Pradeep-Ramani/,02 Feb 2026
Paul Johnson,2248,https://stockanalysis.com/analysts/Paul-Johnson/,27 Aug 2026
Vincent Andrews,2249,https://stockanalysis.com/analysts/Vincent-Andrews/,17 Aug 2026
Oliver Chen,2255,https://stockanalysis.com/analysts/Oliver-Chen/,21 Aug 2026
Paul Knight,2257,https://stockanalysis.com/analysts/Paul-Knight/,06 Aug 2026
Priya Sachdeva,2258,https://stockanalysis.com/analysts/Priya-Sachdeva/,28 Jul 2026
Arthur Truslove,2261,https://stockanalysis.com/analysts/Arthur-Truslove/,17 Aug 2026
Joyce Ju,2264,https://stockanalysis.com/analysts/Joyce-Ju/,26 Aug 2026
Roger Song,2265,https://stockanalysis.com/analysts/Roger-Song/,17 Aug 2026
Sebastian Sandler,2268,https://stockanalysis.com/analysts/Sebastian-Sandler/,30 Jul 2026
Adam Bubes,2274,https://stockanalysis.com/analysts/Adam-Bubes/,06 Aug 2026
Sameer Joshi,2277,https://stockanalysis.com/analysts/Sameer-Joshi/,25 Aug 2026
Peter Galbo,2281,https://stockanalysis.com/analysts/Peter-Galbo/,27 Aug 2026
Ryan Merkel,2283,https://stockanalysis.com/analysts/Ryan-Merkel/,24 Aug 2026
Joshua Spector,2284,https://stockanalysis.com/analysts/Joshua-Spector/,25 Aug 2026
Justin Kleber,2285,https://stockanalysis.com/analysts/Justin-Kleber/,31 Jul 2026
Anthony Paolone,2290,https://stockanalysis.com/analysts/Anthony-Paolone/,26 Aug 2026
Marie Ferguson,2291,https://stockanalysis.com/analysts/Marie-Ferguson/,26 Aug 2026
Andrew DeGasperi,2293,https://stockanalysis.com/analysts/Andrew-DeGasperi/,13 Jul 2026
Louie DiPalma,2295,https://stockanalysis.com/analysts/Louie-DiPalma/,26 Aug 2026
Dominick Gabriele,2296,https://stockanalysis.com/analysts/Dominick-Gabriele/,15 Jul 2026
Caleb Stein,2300,https://stockanalysis.com/analysts/Caleb-Stein/,30 Jul 2026
Bryan Burgmeier,2302,https://stockanalysis.com/analysts/Bryan-Burgmeier/,30 Jul 2026
Samantha Semenkow,2305,https://stockanalysis.com/analysts/Samantha-Semenkow/,18 Aug 2026
Kim Fustier,2318,https://stockanalysis.com/analysts/Kim-Fustier/,03 Aug 2026
John Pancari,2320,https://stockanalysis.com/analysts/John-Pancari/,05 Aug 2026
Natalya Davies,2322,https://stockanalysis.com/analysts/Natalya-Davies/,17 Apr 2026
Joseph Yanchunis,2324,https://stockanalysis.com/analysts/Joseph-Yanchunis/,11 Aug 2026
Rayna Kumar,2330,https://stockanalysis.com/analysts/Rayna-Kumar/,24 Aug 2026
Ellie Jiang,2331,https://stockanalysis.com/analysts/Ellie-Jiang/,25 Jun 2026
Adrienne Yih,2332,https://stockanalysis.com/analysts/Adrienne-Yih/,27 Aug 2026
Omar Sheikh,2336,https://stockanalysis.com/analysts/Omar-Sheikh/,10 Mar 2026
Ken Hoexter,2338,https://stockanalysis.com/analysts/Ken-Hoexter/,26 Aug 2026
Michael Petusky,2340,https://stockanalysis.com/analysts/Michael-Petusky/,24 Aug 2026
Austin Moeller,2341,https://stockanalysis.com/analysts/Austin-Moeller/,24 Aug 2026
Alexander Hess,2345,https://stockanalysis.com/analysts/Alexander-Hess/,12 Aug 2026
Wesley Brooks,2346,https://stockanalysis.com/analysts/Wesley-Brooks/,07 May 2026
Ilya Zubkov,2349,https://stockanalysis.com/analysts/Ilya-Zubkov/,11 Aug 2026
Jim Sanderson,2356,https://stockanalysis.com/analysts/Jim-Sanderson/,13 Aug 2026
Dana Telsey,2362,https://stockanalysis.com/analysts/Dana-Telsey/,26 Aug 2026
Matthew Biegler,2363,https://stockanalysis.com/analysts/Matthew-Biegler/,14 Aug 2026
Alejandro Demichelis,2373,https://stockanalysis.com/analysts/Alejandro-Demichelis/,11 Aug 2026
Linda Huang,2377,https://stockanalysis.com/analysts/Linda-Huang/,30 Jul 2026
Julien Blouin,2384,https://stockanalysis.com/analysts/Julien-Blouin/,26 Aug 2026
Robert Fishman,2385,https://stockanalysis.com/analysts/Robert-Fishman/,30 Jul 2026
Craig Mailman,2386,https://stockanalysis.com/analysts/Craig-Mailman/,05 Mar 2026
Steve Sakwa,2387,https://stockanalysis.com/analysts/Steve-Sakwa/,19 Aug 2026
Simeon Siegel,2389,https://stockanalysis.com/analysts/Simeon-Siegel/,24 Aug 2026
Dina Ramadane,2392,https://stockanalysis.com/analysts/Dina-Ramadane/,27 Aug 2026
Michael Sarcone,2398,https://stockanalysis.com/analysts/Michael-Sarcone/,31 Jul 2026
Peyton Dorne,2400,https://stockanalysis.com/analysts/Peyton-Dorne/,10 Aug 2026
Nik Modi,2404,https://stockanalysis.com/analysts/Nik-Modi/,27 Aug 2026
Keay Nakae,2405,https://stockanalysis.com/analysts/Keay-Nakae/,25 Aug 2026
Nicholas Thillman,2407,https://stockanalysis.com/analysts/Nicholas-Thillman/,06 Aug 2026
Chris McNally,2409,https://stockanalysis.com/analysts/Chris-McNally/,24 Aug 2026
Jeffrey Meuler,2410,https://stockanalysis.com/analysts/Jeffrey-Meuler/,10 Aug 2026
Max Rakhlenko,2411,https://stockanalysis.com/analysts/Max-Rakhlenko/,27 Aug 2026
Daniel Clark,2416,https://stockanalysis.com/analysts/Daniel-Clark/,24 Feb 2026
Blaine Heck,2417,https://stockanalysis.com/analysts/Blaine-Heck/,10 Aug 2026
Jeff Lick,2419,https://stockanalysis.com/analysts/Jeff-Lick/,11 Aug 2026
William Pickering,2425,https://stockanalysis.com/analysts/William-Pickering/,11 Aug 2026
Gena Wang,2428,https://stockanalysis.com/analysts/Gena-Wang/,28 May 2026
Brian Wilczynski,2430,https://stockanalysis.com/analysts/Brian-Wilczynski/,30 Jul 2026
Patrick Cunningham,2434,https://stockanalysis.com/analysts/Patrick-Cunningham/,07 Aug 2026
Laurent Vasilescu,2438,https://stockanalysis.com/analysts/Laurent-Vasilescu/,22 Jul 2026
Shaun Kelley,2442,https://stockanalysis.com/analysts/Shaun-Kelley/,25 Aug 2026
Jamie Baker,2443,https://stockanalysis.com/analysts/Jamie-Baker/,30 Jul 2026
Daniel Grosslight,2444,https://stockanalysis.com/analysts/Daniel-Grosslight/,12 Aug 2026
Nicholas Joseph,2445,https://stockanalysis.com/analysts/Nicholas-Joseph/,17 Aug 2026
George Gianarikas,2451,https://stockanalysis.com/analysts/George-Gianarikas/,25 Aug 2026
Steve Frankel,2457,https://stockanalysis.com/analysts/Steve-Frankel/,19 Aug 2026
Michael Cho,2463,https://stockanalysis.com/analysts/Michael-Cho/,10 Aug 2026
Mike Hickey,2469,https://stockanalysis.com/analysts/Mike-Hickey/,25 Aug 2026
Michael Cyprys,2470,https://stockanalysis.com/analysts/Michael-Cyprys/,27 Aug 2026
Keegan Cox,2471,https://stockanalysis.com/analysts/Keegan-Cox/,07 Aug 2026
Richard Vosser,2472,https://stockanalysis.com/analysts/Richard-Vosser/,25 Aug 2026
Trevor Romeo,2478,https://stockanalysis.com/analysts/Trevor-Romeo/,26 Aug 2026
Detlef Winckelmann,2480,https://stockanalysis.com/analysts/Detlef-Winckelmann/,06 Aug 2026
Jakob Bluestone,2482,https://stockanalysis.com/analysts/Jakob-Bluestone/,02 Feb 2026
Ranjan Sharma,2483,https://stockanalysis.com/analysts/Ranjan-Sharma/,17 Aug 2026
Jeffrey Stevenson,2484,https://stockanalysis.com/analysts/Jeffrey-Stevenson/,28 Apr 2026
Barry Jonas,2486,https://stockanalysis.com/analysts/Barry-Jonas/,19 Aug 2026
Benjamin Soff,2490,https://stockanalysis.com/analysts/Benjamin-Soff/,18 Aug 2026
Mark Palmer,2493,https://stockanalysis.com/analysts/Mark-Palmer/,21 Aug 2026
Aaron Kimson,2500,https://stockanalysis.com/analysts/Aaron-Kimson/,26 Aug 2026
Joanne Wuensch,2501,https://stockanalysis.com/analysts/Joanne-Wuensch/,14 Aug 2026
Emma Schwartz,2508,https://stockanalysis.com/analysts/Emma-Schwartz/,10 Aug 2026
Keith Stanley,2510,https://stockanalysis.com/analysts/Keith-Stanley/,26 Aug 2026
Yuri Fernandes,2511,https://stockanalysis.com/analysts/Yuri-Fernandes/,25 Aug 2026
Michael Ulz,2513,https://stockanalysis.com/analysts/Michael-Ulz/,25 Aug 2026
Brett Rabatin,2531,https://stockanalysis.com/analysts/Brett-Rabatin/,18 Aug 2026
Vitaly Umansky,2533,https://stockanalysis.com/analysts/Vitaly-Umansky/,07 Jun 2026
William Appicelli,2536,https://stockanalysis.com/analysts/William-Appicelli/,28 Jul 2026
Emily Field,2538,https://stockanalysis.com/analysts/Emily-Field/,27 Aug 2026
Justin Zelin,2539,https://stockanalysis.com/analysts/Justin-Zelin/,02 Feb 2026
Andrew Didora,2544,https://stockanalysis.com/analysts/Andrew-Didora/,20 Aug 2026
Will Kirkness,2545,https://stockanalysis.com/analysts/Will-Kirkness/,29 Jun 2026
Catharine Trebnick,2546,https://stockanalysis.com/analysts/Catharine-Trebnick/,26 Aug 2026
Ken Worthington,2562,https://stockanalysis.com/analysts/Ken-Worthington/,14 Aug 2026
Michael Legg,2576,https://stockanalysis.com/analysts/Michael-Legg/,03 Mar 2026
Jackson Ader,2585,https://stockanalysis.com/analysts/Jackson-Ader/,27 Aug 2026
Upal Rana,2588,https://stockanalysis.com/analysts/Upal-Rana/,19 Aug 2026
Jared Levine,2590,https://stockanalysis.com/analysts/Jared-Levine/,27 Aug 2026
David Begleiter,2591,https://stockanalysis.com/analysts/David-Begleiter/,25 Aug 2026
Helena Wang,2597,https://stockanalysis.com/analysts/Helena-Wang/,17 Aug 2026
Robert Labick,2602,https://stockanalysis.com/analysts/Robert-Labick/,10 Dec 2025
Dan Levy,2610,https://stockanalysis.com/analysts/Dan-Levy/,27 Aug 2026
Elizabeth Sun,2617,https://stockanalysis.com/analysts/Elizabeth-Sun/,10 Aug 2026
Rodrigo Alcantara,2620,https://stockanalysis.com/analysts/Rodrigo-Alcantara/,11 Aug 2026
Patrick Baumann,2624,https://stockanalysis.com/analysts/Patrick-Baumann/,18 May 2026
Lilyanna Yang,2625,https://stockanalysis.com/analysts/Lilyanna-Yang/,26 May 2026
Zhihan Ma,2626,https://stockanalysis.com/analysts/Zhihan-Ma/,21 Aug 2026
Gregg Orrill,2630,https://stockanalysis.com/analysts/Gregg-Orrill/,27 Aug 2026
Chris Muller,2631,https://stockanalysis.com/analysts/Chris-Muller/,05 Aug 2026
James Gordon,2632,https://stockanalysis.com/analysts/James-Gordon/,11 Mar 2026
Jonathan Keypour,2636,https://stockanalysis.com/analysts/Jonathan-Keypour/,27 Aug 2026
Eddie Kim,2639,https://stockanalysis.com/analysts/Eddie-Kim/,12 Aug 2026
Glenn Chin,2651,https://stockanalysis.com/analysts/Glenn-Chin/,02 Aug 2026
Christopher Raymond,2652,https://stockanalysis.com/analysts/Christopher-Raymond/,26 Aug 2026
Taylor Manley,2656,https://stockanalysis.com/analysts/Taylor-Manley/,07 Aug 2026
Wyatt Swanson,2659,https://stockanalysis.com/analysts/Wyatt-Swanson/,18 Aug 2026
Martijn Rats,2662,https://stockanalysis.com/analysts/Martijn-Rats/,10 Jul 2026
Ed Vyvyan,2665,https://stockanalysis.com/analysts/Ed-Vyvyan/,27 Feb 2026
Vikram Malhotra,2669,https://stockanalysis.com/analysts/Vikram-Malhotra/,20 Aug 2026
Alicia Yap,2676,https://stockanalysis.com/analysts/Alicia-Yap/,25 Aug 2026
David Lantz,2693,https://stockanalysis.com/analysts/David-Lantz/,18 Aug 2026
Matthew Hershenhorn,2700,https://stockanalysis.com/analysts/Matthew-Hershenhorn/,05 Aug 2026
James Shin,2706,https://stockanalysis.com/analysts/James-Shin/,07 May 2026
Toni Kaplan,2707,https://stockanalysis.com/analysts/Toni-Kaplan/,20 Aug 2026
Guilherme Mendes,2708,https://stockanalysis.com/analysts/Guilherme-Mendes/,15 Jun 2026
Karl Shepard,2719,https://stockanalysis.com/analysts/Karl-Shepard/,30 Jul 2026
Ashley Wallace,2722,https://stockanalysis.com/analysts/Ashley-Wallace/,27 Aug 2026
Aravinda Galappatthige,2724,https://stockanalysis.com/analysts/Aravinda-Galappatthige/,13 Aug 2026
Lorraine Hutchinson,2726,https://stockanalysis.com/analysts/Lorraine-Hutchinson/,27 Aug 2026
Narumi Nakagiri,2731,https://stockanalysis.com/analysts/Narumi-Nakagiri/,14 May 2026
Firoz Valliji,2736,https://stockanalysis.com/analysts/Firoz-Valliji/,24 Aug 2026
Yi Chen,2739,https://stockanalysis.com/analysts/Yi-Chen/,26 Aug 2026
Mikhail Goberman,2748,https://stockanalysis.com/analysts/Mikhail-Goberman/,11 Aug 2026
Richard Sunderland,2753,https://stockanalysis.com/analysts/Richard-Sunderland/,17 Aug 2026
David Saxon,2755,https://stockanalysis.com/analysts/David-Saxon/,13 Aug 2026
Anna Lizzul,2765,https://stockanalysis.com/analysts/Anna-Lizzul/,21 Aug 2026
Gaurav Mehta,2766,https://stockanalysis.com/analysts/Gaurav-Mehta/,14 Aug 2026
Alfonso Salazar,2772,https://stockanalysis.com/analysts/Alfonso-Salazar/,07 Aug 2026
Andrew Lazar,2774,https://stockanalysis.com/analysts/Andrew-Lazar/,26 Aug 2026
Bradley Sills,2776,https://stockanalysis.com/analysts/Bradley-Sills/,12 Mar 2026
Luke Junk,2777,https://stockanalysis.com/analysts/Luke-Junk/,20 Aug 2026
Alex Yao,2781,https://stockanalysis.com/analysts/Alex-Yao/,25 Aug 2026
Daniel Mckenzie,2786,https://stockanalysis.com/analysts/Daniel-Mckenzie/,17 Aug 2026
Andrea Newkirk,2793,https://stockanalysis.com/analysts/Andrea-Newkirk/,11 Feb 2026
Greg McGinniss,2794,https://stockanalysis.com/analysts/Greg-McGinniss/,20 Aug 2026
Surinder Thind,2797,https://stockanalysis.com/analysts/Surinder-Thind/,13 Aug 2026
Ryan Gravett,2801,https://stockanalysis.com/analysts/Ryan-Gravett/,07 Aug 2026
Laura Sutcliffe,2808,https://stockanalysis.com/analysts/Laura-Sutcliffe/,27 Aug 2026
Adam Hotchkiss,2818,https://stockanalysis.com/analysts/Adam-Hotchkiss/,31 Jul 2026
Michael Montani,2826,https://stockanalysis.com/analysts/Michael-Montani/,30 Jul 2026
Robin Zhu,2829,https://stockanalysis.com/analysts/Robin-Zhu/,04 Aug 2026
Emily Ericksen,2831,https://stockanalysis.com/analysts/Emily-Ericksen/,20 Feb 2026
John Kim,2837,https://stockanalysis.com/analysts/John-Kim/,24 Aug 2026
James Sidoti,2840,https://stockanalysis.com/analysts/James-Sidoti/,10 Aug 2026
Andrew Spinola,2843,https://stockanalysis.com/analysts/Andrew-Spinola/,19 Aug 2026
Noah Hungness,2846,https://stockanalysis.com/analysts/Noah-Hungness/,27 Apr 2026
David Bellinger,2847,https://stockanalysis.com/analysts/David-Bellinger/,26 Aug 2026
Praneeth Satish,2848,https://stockanalysis.com/analysts/Praneeth-Satish/,14 Aug 2026
Michael Gaugler,2854,https://stockanalysis.com/analysts/Michael-Gaugler/,24 Nov 2025
Arun Viswanathan,2860,https://stockanalysis.com/analysts/Arun-Viswanathan/,12 Aug 2026
Randal Konik,2862,https://stockanalysis.com/analysts/Randal-Konik/,18 Aug 2026
Frank Takkinen,2864,https://stockanalysis.com/analysts/Frank-Takkinen/,26 Aug 2026
Eunice Lee,2867,https://stockanalysis.com/analysts/Eunice-Lee/,27 Aug 2026
Tasso Vasconcellos,2869,https://stockanalysis.com/analysts/Tasso-Vasconcellos/,27 Aug 2026
Tina Hou,2870,https://stockanalysis.com/analysts/Tina-Hou/,25 Aug 2026
Brooke Roach,2875,https://stockanalysis.com/analysts/Brooke-Roach/,26 Aug 2026
Avinatan Jaroslawicz,2879,https://stockanalysis.com/analysts/Avinatan-Jaroslawicz/,25 Aug 2026
Terry Ma,2881,https://stockanalysis.com/analysts/Terry-Ma/,18 Aug 2026
Timothy Zhao,2885,https://stockanalysis.com/analysts/Timothy-Zhao/,24 Aug 2026
Ernesto Gabilondo,2890,https://stockanalysis.com/analysts/Ernesto-Gabilondo/,20 Aug 2026
Matthew Coad,2895,https://stockanalysis.com/analysts/Matthew-Coad/,27 Aug 2026
Joanna Gajuk,2898,https://stockanalysis.com/analysts/Joanna-Gajuk/,13 Aug 2026
Ross MacDonald,2900,https://stockanalysis.com/analysts/Ross-MacDonald/,11 Aug 2026
Samad Samana,2904,https://stockanalysis.com/analysts/Samad-Samana/,26 Aug 2026
James Friedman,2918,https://stockanalysis.com/analysts/James-Friedman/,26 Aug 2026
Laurence Alexander,2920,https://stockanalysis.com/analysts/Laurence-Alexander/,03 Aug 2026
Eli Jossen,2922,https://stockanalysis.com/analysts/Eli-Jossen/,21 Aug 2026
Paul Rossington,2938,https://stockanalysis.com/analysts/Paul-Rossington/,02 Jun 2026
Ryland Conrad,2943,https://stockanalysis.com/analysts/Ryland-Conrad/,16 Aug 2026
Farzin Haque,2952,https://stockanalysis.com/analysts/Farzin-Haque/,29 Mar 2026
Bart Dziarski,2954,https://stockanalysis.com/analysts/Bart-Dziarski/,25 Aug 2026
Cooper Clark,2957,https://stockanalysis.com/analysts/Cooper-Clark/,24 Jun 2026
Rick Wise,2959,https://stockanalysis.com/analysts/Rick-Wise/,14 Aug 2026
Ike Boruchow,2961,https://stockanalysis.com/analysts/Ike-Boruchow/,27 Aug 2026
John Davis,2963,https://stockanalysis.com/analysts/John-Davis/,31 Jul 2026
Nathan Feather,2964,https://stockanalysis.com/analysts/Nathan-Feather/,26 Aug 2026
Gary Nachman,2976,https://stockanalysis.com/analysts/Gary-Nachman/,26 Aug 2026
Scott Buck,2977,https://stockanalysis.com/analysts/Scott-Buck/,31 Mar 2026
Ricardo Alves,2990,https://stockanalysis.com/analysts/Ricardo-Alves/,19 Aug 2026
Dennis Geiger,2991,https://stockanalysis.com/analysts/Dennis-Geiger/,24 Aug 2026
Griffin Bryan,3001,https://stockanalysis.com/analysts/Griffin-Bryan/,17 Aug 2026
Samir Khanal,3004,https://stockanalysis.com/analysts/Samir-Khanal/,26 Aug 2026
Piyush Avasthy,3009,https://stockanalysis.com/analysts/Piyush-Avasthy/,10 Aug 2026
Alec Brondolo,3011,https://stockanalysis.com/analysts/Alec-Brondolo/,26 Aug 2026
Peter McGoldrick,3012,https://stockanalysis.com/analysts/Peter-McGoldrick/,25 Aug 2026
Benjamin Burnett,3016,https://stockanalysis.com/analysts/Benjamin-Burnett/,20 Aug 2026
Kelly Crago,3020,https://stockanalysis.com/analysts/Kelly-Crago/,12 May 2026
Eric Boyes,3021,https://stockanalysis.com/analysts/Eric-Boyes/,07 Aug 2026
Anthony Elian,3022,https://stockanalysis.com/analysts/Anthony-Elian/,20 Aug 2026
Samantha Hoh,3027,https://stockanalysis.com/analysts/Samantha-Hoh/,22 Apr 2026
Mikhail Paramonov,3029,https://stockanalysis.com/analysts/Mikhail-Paramonov/,07 Aug 2026
Susan Maklari,3032,https://stockanalysis.com/analysts/Susan-Maklari/,21 Aug 2026
Duksan Jang,3033,https://stockanalysis.com/analysts/Duksan-Jang/,07 Aug 2026
Vikram Kesavabhotla,3034,https://stockanalysis.com/analysts/Vikram-Kesavabhotla/,07 Aug 2026
Aneesha Sherman,3041,https://stockanalysis.com/analysts/Aneesha-Sherman/,21 Aug 2026
Andre Salles,3061,https://stockanalysis.com/analysts/Andre-Salles/,01 May 2026
Luke Horton,3065,https://stockanalysis.com/analysts/Luke-Horton/,13 Aug 2026
Wei Fang,3066,https://stockanalysis.com/analysts/Wei-Fang/,21 Aug 2026
Joseph Giordano,3067,https://stockanalysis.com/analysts/Joseph-Giordano/,21 Jul 2026
Ty Collin,3069,https://stockanalysis.com/analysts/Ty-Collin/,14 Aug 2026
Lucas Ferreira,3079,https://stockanalysis.com/analysts/Lucas-Ferreira/,17 Aug 2026
Max Gumport,3093,https://stockanalysis.com/analysts/Max-Gumport/,09 Apr 2026
Maheep Mandloi,3097,https://stockanalysis.com/analysts/Maheep-Mandloi/,11 Aug 2026
Andrew Marok,3103,https://stockanalysis.com/analysts/Andrew-Marok/,25 Aug 2026
Chris Luyckx,3104,https://stockanalysis.com/analysts/Chris-Luyckx/,23 Apr 2026
Andrew Andersen,3111,https://stockanalysis.com/analysts/Andrew-Andersen/,25 Aug 2026
Marvin Fong,3114,https://stockanalysis.com/analysts/Marvin-Fong/,18 Aug 2026
Steven Zaccone,3120,https://stockanalysis.com/analysts/Steven-Zaccone/,27 Aug 2026
Kendall Toscano,3124,https://stockanalysis.com/analysts/Kendall-Toscano/,07 Aug 2026
Robert Moskow,3136,https://stockanalysis.com/analysts/Robert-Moskow/,26 Aug 2026
Leonardo Olmos,3145,https://stockanalysis.com/analysts/Leonardo-Olmos/,17 Aug 2026
Judy Zhang,3147,https://stockanalysis.com/analysts/Judy-Zhang/,26 Aug 2026
Abhishek Shukla,3151,https://stockanalysis.com/analysts/Abhishek-Shukla/,14 Aug 2026
Jamie Clark,3152,https://stockanalysis.com/analysts/Jamie-Clark/,17 Feb 2026
Alexander Perry,3154,https://stockanalysis.com/analysts/Alexander-Perry/,10 Aug 2026
Phani Kanumuri,3156,https://stockanalysis.com/analysts/Phani-Kanumuri/,14 Aug 2026
Lu Li,3159,https://stockanalysis.com/analysts/Lu-Li/,07 May 2026
Christine Cho,3161,https://stockanalysis.com/analysts/Christine-Cho/,14 May 2026
Vik Chopra,3167,https://stockanalysis.com/analysts/Vik-Chopra/,24 Aug 2026
Rock Hoffman,3168,https://stockanalysis.com/analysts/Rock-Hoffman/,02 Apr 2026
Ben Haynor,3170,https://stockanalysis.com/analysts/Ben-Haynor/,26 Aug 2026
Peter Christiansen,3183,https://stockanalysis.com/analysts/Peter-Christiansen/,20 Aug 2026
Nicholas Amicucci,3185,https://stockanalysis.com/analysts/Nicholas-Amicucci/,17 Aug 2026
Paul Jeng,3188,https://stockanalysis.com/analysts/Paul-Jeng/,12 Aug 2026
Trevor Allinson,3189,https://stockanalysis.com/analysts/Trevor-Allinson/,24 Aug 2026
John Stansel,3191,https://stockanalysis.com/analysts/John-Stansel/,20 Aug 2026
Winnie Dong,3193,https://stockanalysis.com/analysts/Winnie-Dong/,12 Aug 2026
Scott Wurtzel,3199,https://stockanalysis.com/analysts/Scott-Wurtzel/,17 Aug 2026
Justin Bowers,3201,https://stockanalysis.com/analysts/Justin-Bowers/,10 Aug 2026
Luke Morison,3207,https://stockanalysis.com/analysts/Luke-Morison/,12 Aug 2026
Angel Castillo,3218,https://stockanalysis.com/analysts/Angel-Castillo/,21 Aug 2026
Michael Ng,3223,https://stockanalysis.com/analysts/Michael-Ng/,20 Aug 2026
John Choi,3234,https://stockanalysis.com/analysts/John-Choi/,24 Jun 2026
Bob Huang,3241,https://stockanalysis.com/analysts/Bob-Huang/,24 Aug 2026
Eric Hagen,3242,https://stockanalysis.com/analysts/Eric-Hagen/,30 Apr 2026
Daria Nasledysheva,3252,https://stockanalysis.com/analysts/Daria-Nasledysheva/,24 Jul 2026
Harry Bartlett,3253,https://stockanalysis.com/analysts/Harry-Bartlett/,28 Jan 2026
Kevin Fischbeck,3261,https://stockanalysis.com/analysts/Kevin-Fischbeck/,10 Aug 2026
Vince Valentini,3263,https://stockanalysis.com/analysts/Vince-Valentini/,25 Aug 2026
Steven Shemesh,3278,https://stockanalysis.com/analysts/Steven-Shemesh/,27 Aug 2026
Vijay Jayant,3282,https://stockanalysis.com/analysts/Vijay-Jayant/,12 Nov 2024
Seyon Park,3283,https://stockanalysis.com/analysts/Seyon-Park/,05 Aug 2026
John Zamparo,3284,https://stockanalysis.com/analysts/John-Zamparo/,19 Aug 2026
Steve Byrne,3288,https://stockanalysis.com/analysts/Steve-Byrne/,08 Jan 2026
Louis Raffetto,3291,https://stockanalysis.com/analysts/Louis-Raffetto/,29 Jan 2026
Niall Alexander,3301,https://stockanalysis.com/analysts/Niall-Alexander/,22 Jun 2026
Arpine Kocharyan,3310,https://stockanalysis.com/analysts/Arpine-Kocharyan/,26 Aug 2026
Julien Roch,3313,https://stockanalysis.com/analysts/Julien-Roch/,13 Aug 2026
Carly Davenport,3319,https://stockanalysis.com/analysts/Carly-Davenport/,20 Aug 2026
Spencer Hanus,3324,https://stockanalysis.com/analysts/Spencer-Hanus/,29 Jul 2026
Michael Goldie,3329,https://stockanalysis.com/analysts/Michael-Goldie/,24 Aug 2026
Bhavin Shah,3336,https://stockanalysis.com/analysts/Bhavin-Shah/,06 Aug 2026
Martin Jungfleisch,3337,https://stockanalysis.com/analysts/Martin-Jungfleisch/,09 Jul 2026
Ella Smith,3343,https://stockanalysis.com/analysts/Ella-Smith/,26 Aug 2026
Jason Helfstein,3355,https://stockanalysis.com/analysts/Jason-Helfstein/,17 Aug 2026
Kostas Biliouris,3364,https://stockanalysis.com/analysts/Kostas-Biliouris/,14 Aug 2026
Seth Bergey,3366,https://stockanalysis.com/analysts/Seth-Bergey/,03 Aug 2026
Faham Baig,3376,https://stockanalysis.com/analysts/Faham-Baig/,03 Aug 2026
Scott Fletcher,3389,https://stockanalysis.com/analysts/Scott-Fletcher/,17 Aug 2026
Nafeesa Gupta,3392,https://stockanalysis.com/analysts/Nafeesa-Gupta/,06 Aug 2026
Trevor Williams,3398,https://stockanalysis.com/analysts/Trevor-Williams/,09 Feb 2026
Warren Ackerman,3410,https://stockanalysis.com/analysts/Warren-Ackerman/,07 Aug 2026
Derrick Wood,3442,https://stockanalysis.com/analysts/Derrick-Wood/,26 Aug 2026
Sara Senatore,3452,https://stockanalysis.com/analysts/Sara-Senatore/,24 Aug 2026
Brett Fishbin,3462,https://stockanalysis.com/analysts/Brett-Fishbin/,17 Aug 2026
Andrew Harte,3471,https://stockanalysis.com/analysts/Andrew-Harte/,27 Aug 2026
Leo Carrington,3480,https://stockanalysis.com/analysts/Leo-Carrington/,21 Aug 2026
Alex Kania,3482,https://stockanalysis.com/analysts/Alex-Kania/,07 Aug 2026
Neal Burk,3500,https://stockanalysis.com/analysts/Neal-Burk/,11 Aug 2026
Hong Zhang,3501,https://stockanalysis.com/analysts/Hong-Zhang/,29 Jun 2026
Cory Carpenter,3505,https://stockanalysis.com/analysts/Cory-Carpenter/,24 Aug 2026
Simon Clinch,3519,https://stockanalysis.com/analysts/Simon-Clinch/,21 Aug 2026
Matt Koranda,3523,https://stockanalysis.com/analysts/Matt-Koranda/,25 Aug 2026
Anne Samuel,3525,https://stockanalysis.com/analysts/Anne-Samuel/,06 Feb 2026
Dushyant Ailani,3535,https://stockanalysis.com/analysts/Dushyant-Ailani/,10 Jun 2026
Lizzie Dove,3553,https://stockanalysis.com/analysts/Lizzie-Dove/,19 Aug 2026
Matt Roberts,3555,https://stockanalysis.com/analysts/Matt-Roberts/,22 Jul 2026
Ryan Langston,3556,https://stockanalysis.com/analysts/Ryan-Langston/,27 Aug 2026
David Mak,3563,https://stockanalysis.com/analysts/David-Mak/,29 Jun 2026
Edward Lewis,3565,https://stockanalysis.com/analysts/Edward-Lewis/,16 Jun 2026
Mayank Tandon,3566,https://stockanalysis.com/analysts/Mayank-Tandon/,26 Aug 2026
Pujarini Ghosh,3577,https://stockanalysis.com/analysts/Pujarini-Ghosh/,26 Aug 2026
Thiago Bortoluci,3582,https://stockanalysis.com/analysts/Thiago-Bortoluci/,24 Aug 2026
Steven Valiquette,3591,https://stockanalysis.com/analysts/Steven-Valiquette/,27 Aug 2026
Katie Fleischer,3599,https://stockanalysis.com/analysts/Katie-Fleischer/,07 Aug 2026
Aidan Kelly,3614,https://stockanalysis.com/analysts/Aidan-Kelly/,11 Aug 2026
Matthew Cost,3622,https://stockanalysis.com/analysts/Matthew-Cost/,13 Aug 2026
James Kirby,3632,https://stockanalysis.com/analysts/James-Kirby/,07 Aug 2026
Renata Cabral,3633,https://stockanalysis.com/analysts/Renata-Cabral/,31 Jul 2026
Kyle Peterson,3642,https://stockanalysis.com/analysts/Kyle-Peterson/,20 Aug 2026
Kemp Dolliver,3653,https://stockanalysis.com/analysts/Kemp-Dolliver/,28 Jul 2026
Laurent Yoon,3655,https://stockanalysis.com/analysts/Laurent-Yoon/,21 Aug 2026
Roanna Ruiz,3663,https://stockanalysis.com/analysts/Roanna-Ruiz/,07 Aug 2026
Ami Probandt,3666,https://stockanalysis.com/analysts/Ami-Probandt/,13 Aug 2026
Neal Dingmann,3670,https://stockanalysis.com/analysts/Neal-Dingmann/,24 Aug 2026
Richard Hightower,3674,https://stockanalysis.com/analysts/Richard-Hightower/,27 Aug 2026
Charlie Lederer,3680,https://stockanalysis.com/analysts/Charlie-Lederer/,06 Aug 2026
Sergio Segura,3684,https://stockanalysis.com/analysts/Sergio-Segura/,10 Aug 2026
Chad Larkin,3685,https://stockanalysis.com/analysts/Chad-Larkin/,07 Aug 2026
Daniela Haigian,3694,https://stockanalysis.com/analysts/Daniela-Haigian/,07 Aug 2026
Adam Kramer,3703,https://stockanalysis.com/analysts/Adam-Kramer/,25 Aug 2026
Chad Messer,3705,https://stockanalysis.com/analysts/Chad-Messer/,21 Jul 2026
Andrew Schmitt,3710,https://stockanalysis.com/analysts/Andrew-Schmitt/,14 Aug 2026
Matthew Swanson,3713,https://stockanalysis.com/analysts/Matthew-Swanson/,21 Aug 2026
Filipe Nielsen,3716,https://stockanalysis.com/analysts/Filipe-Nielsen/,17 Mar 2026
Nitin Bansal,3723,https://stockanalysis.com/analysts/Nitin-Bansal/,07 Aug 2026
Chris Quintero,3725,https://stockanalysis.com/analysts/Chris-Quintero/,21 Aug 2026
Jordan Bender,3730,https://stockanalysis.com/analysts/Jordan-Bender/,07 Aug 2026
Zachary Fadem,3735,https://stockanalysis.com/analysts/Zachary-Fadem/,27 Aug 2026
Nathan Stein,3736,https://stockanalysis.com/analysts/Nathan-Stein/,20 Aug 2026
Martin Malloy,3740,https://stockanalysis.com/analysts/Martin-Malloy/,05 Jan 2026
Jorge Kuri,3747,https://stockanalysis.com/analysts/Jorge-Kuri/,18 Aug 2026
Anojja Shah,3757,https://stockanalysis.com/analysts/Anojja-Shah/,13 Aug 2026
Eric Serotta,3764,https://stockanalysis.com/analysts/Eric-Serotta/,11 Aug 2026
Luca Issi,3783,https://stockanalysis.com/analysts/Luca-Issi/,19 Aug 2026
Alberto Valerio,3791,https://stockanalysis.com/analysts/Alberto-Valerio/,11 Aug 2026
Amy Li,3794,https://stockanalysis.com/analysts/Amy-Li/,11 May 2026
Gustavo Schroden,3801,https://stockanalysis.com/analysts/Gustavo-Schroden/,12 Jun 2026
Michael Nedelcovych,3815,https://stockanalysis.com/analysts/Michael-Nedelcovych/,13 Jul 2026
Nik Cremo,3818,https://stockanalysis.com/analysts/Nik-Cremo/,26 Aug 2026
Ravi Shanker,3821,https://stockanalysis.com/analysts/Ravi-Shanker/,11 Aug 2026
Ryan Tunis,3826,https://stockanalysis.com/analysts/Ryan-Tunis/,18 Aug 2026
Ryan Brinkman,3828,https://stockanalysis.com/analysts/Ryan-Brinkman/,04 Aug 2026
Edward DeArias,3834,https://stockanalysis.com/analysts/Edward-DeArias/,10 Aug 2026
Rashad Kawan,3835,https://stockanalysis.com/analysts/Rashad-Kawan/,24 Apr 2026
Robert Oliver,3839,https://stockanalysis.com/analysts/Robert-Oliver/,27 Aug 2026
Matheus Enfeldt,3842,https://stockanalysis.com/analysts/Matheus-Enfeldt/,27 Aug 2026
Yiwen Zhang,3852,https://stockanalysis.com/analysts/Yiwen-Zhang/,20 Aug 2026
Romain Gourvil,3854,https://stockanalysis.com/analysts/Romain-Gourvil/,29 Jul 2026
Stephen Glagola,3860,https://stockanalysis.com/analysts/Stephen-Glagola/,14 Aug 2026
Parker Snure,3870,https://stockanalysis.com/analysts/Parker-Snure/,07 Aug 2026
Frank Louthan,3874,https://stockanalysis.com/analysts/Frank-Louthan/,25 Aug 2026
Carlos Peyrelongue,3876,https://stockanalysis.com/analysts/Carlos-Peyrelongue/,17 Aug 2026
Austin Bohlig,3878,https://stockanalysis.com/analysts/Austin-Bohlig/,27 Aug 2026
Alexander Sklar,3880,https://stockanalysis.com/analysts/Alexander-Sklar/,24 Aug 2026
Kaumil Gajrawala,3887,https://stockanalysis.com/analysts/Kaumil-Gajrawala/,26 Aug 2026
Julian Radlinger,3892,https://stockanalysis.com/analysts/Julian-Radlinger/,19 Aug 2026
Martin Englert,3897,https://stockanalysis.com/analysts/Martin-Englert/,28 Apr 2026
Alex Bond,3907,https://stockanalysis.com/analysts/Alex-Bond/,10 Aug 2026
Andrea Pistacchi,3912,https://stockanalysis.com/analysts/Andrea-Pistacchi/,06 Aug 2026
Nadine Sarwat,3929,https://stockanalysis.com/analysts/Nadine-Sarwat/,03 Aug 2026
Lucy Yu,3930,https://stockanalysis.com/analysts/Lucy-Yu/,23 Apr 2026
Patrick Wood,3933,https://stockanalysis.com/analysts/Patrick-Wood/,20 Aug 2026
Javier Escalante,3936,https://stockanalysis.com/analysts/Javier-Escalante/,06 Aug 2026
Michael Toomey,3940,https://stockanalysis.com/analysts/Michael-Toomey/,16 Jul 2026
Fulvio Cazzol,3947,https://stockanalysis.com/analysts/Fulvio-Cazzol/,24 Aug 2026
Hoang Nguyen,3948,https://stockanalysis.com/analysts/Hoang-Nguyen/,10 Aug 2026
Jamie Rollo,3949,https://stockanalysis.com/analysts/Jamie-Rollo/,12 Aug 2026
Michael Mueller,3950,https://stockanalysis.com/analysts/Michael-Mueller/,25 Aug 2026
Fedor Shabalin,3951,https://stockanalysis.com/analysts/Fedor-Shabalin/,17 Aug 2026
Clarke Jeffries,3952,https://stockanalysis.com/analysts/Clarke-Jeffries/,19 Aug 2026
Peter Grom,3957,https://stockanalysis.com/analysts/Peter-Grom/,27 Aug 2026
Danilo Gargiulo,3958,https://stockanalysis.com/analysts/Danilo-Gargiulo/,24 Aug 2026
Gregory Williams,3961,https://stockanalysis.com/analysts/Gregory-Williams/,07 Aug 2026
Kenneth Fong,3965,https://stockanalysis.com/analysts/Kenneth-Fong/,18 Mar 2026
Graham Doyle,3972,https://stockanalysis.com/analysts/Graham-Doyle/,25 Aug 2026
Thomas Yeh,3989,https://stockanalysis.com/analysts/Thomas-Yeh/,07 May 2026
Chasen Bender,3990,https://stockanalysis.com/analysts/Chasen-Bender/,14 Aug 2026
Neha Agarwala,3993,https://stockanalysis.com/analysts/Neha-Agarwala/,04 Mar 2026
Stan Berenshteyn,4007,https://stockanalysis.com/analysts/Stan-Berenshteyn/,24 Aug 2026
Thomas Palmer,4010,https://stockanalysis.com/analysts/Thomas-Palmer/,27 Aug 2026
Ben Klieve,4012,https://stockanalysis.com/analysts/Ben-Klieve/,25 Aug 2026
Matthew Lofting,4023,https://stockanalysis.com/analysts/Matthew-Lofting/,04 Aug 2026
Lee Hambright,4024,https://stockanalysis.com/analysts/Lee-Hambright/,11 Aug 2026
Kevin Dede,4029,https://stockanalysis.com/analysts/Kevin-Dede/,09 Apr 2026
Austin Wang,4033,https://stockanalysis.com/analysts/Austin-Wang/,07 Aug 2026
Olivia Brayer,4034,https://stockanalysis.com/analysts/Olivia-Brayer/,20 Aug 2026
Caitlin Burrows,4038,https://stockanalysis.com/analysts/Caitlin-Burrows/,26 Aug 2026
Daniel Moore,4044,https://stockanalysis.com/analysts/Daniel-Moore/,27 May 2026
Ryan Kenny,4053,https://stockanalysis.com/analysts/Ryan-Kenny/,07 Aug 2026
Brendan Lynch,4062,https://stockanalysis.com/analysts/Brendan-Lynch/,25 Aug 2026
Jack Lin,4081,https://stockanalysis.com/analysts/Jack-Lin/,26 Aug 2026
Craig Kennison,4086,https://stockanalysis.com/analysts/Craig-Kennison/,24 Aug 2026
Michael DiFiore,4092,https://stockanalysis.com/analysts/Michael-DiFiore/,07 May 2026
Carlos Laboy,4093,https://stockanalysis.com/analysts/Carlos-Laboy/,28 Jul 2026
Batya Levi,4094,https://stockanalysis.com/analysts/Batya-Levi/,04 Aug 2026
Michael Okunewitch,4096,https://stockanalysis.com/analysts/Michael-Okunewitch/,21 Aug 2026
Megan Alexander,4098,https://stockanalysis.com/analysts/Megan-Alexander/,24 Jun 2026
Tito Labarta,4104,https://stockanalysis.com/analysts/Tito-Labarta/,18 Aug 2026
Matthew Johnson,4110,https://stockanalysis.com/analysts/Matthew-Johnson/,30 Jul 2026
Michael Fairbanks,4115,https://stockanalysis.com/analysts/Michael-Fairbanks/,25 Aug 2026
Cameron McVeigh,4117,https://stockanalysis.com/analysts/Cameron-McVeigh/,20 Aug 2026
Siti Panigrahi,4121,https://stockanalysis.com/analysts/Siti-Panigrahi/,27 Aug 2026
Andrew Cooper,4122,https://stockanalysis.com/analysts/Andrew-Cooper/,07 Aug 2026
Ned Baramov,4125,https://stockanalysis.com/analysts/Ned-Baramov/,07 Aug 2026
Estelle Weingrod,4129,https://stockanalysis.com/analysts/Estelle-Weingrod/,17 Aug 2026
Boobalan Pachaiyappan,4147,https://stockanalysis.com/analysts/Boobalan-Pachaiyappan/,25 Aug 2026
Nathan Treybeck,4152,https://stockanalysis.com/analysts/Nathan-Treybeck/,18 Aug 2026
Wahid Amin,4153,https://stockanalysis.com/analysts/Wahid-Amin/,05 Aug 2026
Fan Tso,4154,https://stockanalysis.com/analysts/Fan-Tso/,19 Aug 2026
Atul Maheswari,4158,https://stockanalysis.com/analysts/Atul-Maheswari/,05 Aug 2026
Derek Soderberg,4164,https://stockanalysis.com/analysts/Derek-Soderberg/,14 Aug 2026
Stephanie Piazzola,4165,https://stockanalysis.com/analysts/Stephanie-Piazzola/,05 Aug 2026
David Chiaverini,4168,https://stockanalysis.com/analysts/David-Chiaverini/,03 Aug 2026
Trevor Young,4178,https://stockanalysis.com/analysts/Trevor-Young/,11 Jun 2026
Ameet Thakkar,4185,https://stockanalysis.com/analysts/Ameet-Thakkar/,10 Aug 2026
George Kurosawa,4193,https://stockanalysis.com/analysts/George-Kurosawa/,29 Jul 2026
Wei Xiong,4201,https://stockanalysis.com/analysts/Wei-Xiong/,12 Aug 2026
Lucky Schreiner,4202,https://stockanalysis.com/analysts/Lucky-Schreiner/,26 Aug 2026
Brian Holland,4203,https://stockanalysis.com/analysts/Brian-Holland/,10 Aug 2026
Todd Brooks,4204,https://stockanalysis.com/analysts/Todd-Brooks/,07 Aug 2026
Mason Carrico,4205,https://stockanalysis.com/analysts/Mason-Carrico/,18 Aug 2026
Mario Pierry,4207,https://stockanalysis.com/analysts/Mario-Pierry/,25 Aug 2026
Alton Stump,4212,https://stockanalysis.com/analysts/Alton-Stump/,10 Aug 2026
Michael Turrin,4213,https://stockanalysis.com/analysts/Michael-Turrin/,27 Aug 2026
Kevin Krishnaratne,4214,https://stockanalysis.com/analysts/Kevin-Krishnaratne/,25 Aug 2026
Michael Ha,4216,https://stockanalysis.com/analysts/Michael-Ha/,07 Aug 2026
Ekaterina Knyazkova,4219,https://stockanalysis.com/analysts/Ekaterina-Knyazkova/,25 Aug 2026
Charles Zhou,4226,https://stockanalysis.com/analysts/Charles-Zhou/,26 Aug 2026
Craig Moffett,4233,https://stockanalysis.com/analysts/Craig-Moffett/,08 Apr 2026
Lincoln Kong,4236,https://stockanalysis.com/analysts/Lincoln-Kong/,24 Aug 2026
Salvator Tiano,4241,https://stockanalysis.com/analysts/Salvator-Tiano/,21 Apr 2026
Stephen Sheldon,4247,https://stockanalysis.com/analysts/Stephen-Sheldon/,24 Aug 2026
Brandon Vazquez,4252,https://stockanalysis.com/analysts/Brandon-Vazquez/,21 Aug 2026
Andrew Polkowitz,4262,https://stockanalysis.com/analysts/Andrew-Polkowitz/,01 May 2026
Jessica Tassan,4264,https://stockanalysis.com/analysts/Jessica-Tassan/,26 Aug 2026
Greg Parrish,4266,https://stockanalysis.com/analysts/Greg-Parrish/,12 Aug 2026
Christian Carlino,4269,https://stockanalysis.com/analysts/Christian-Carlino/,12 Nov 2025
Brian Harbour,4272,https://stockanalysis.com/analysts/Brian-Harbour/,26 Aug 2026
Sean McGowan,4275,https://stockanalysis.com/analysts/Sean-McGowan/,18 Aug 2026
Jason Stewart,4278,https://stockanalysis.com/analysts/Jason-Stewart/,26 Aug 2026
Paul Kearney,4284,https://stockanalysis.com/analysts/Paul-Kearney/,04 Nov 2025
Brendan Sproules,4286,https://stockanalysis.com/analysts/Brendan-Sproules/,03 Jul 2026
Matt Ma,4292,https://stockanalysis.com/analysts/Matt-Ma/,13 May 2026
Gerald Pascarelli,4295,https://stockanalysis.com/analysts/Gerald-Pascarelli/,11 Aug 2026
Tom White,4302,https://stockanalysis.com/analysts/Tom-White/,11 Aug 2026
Thomas Wendler,4307,https://stockanalysis.com/analysts/Thomas-Wendler/,30 Jul 2026
Tim Rezvan,4319,https://stockanalysis.com/analysts/Tim-Rezvan/,13 Aug 2026
Nick Lai,4326,https://stockanalysis.com/analysts/Nick-Lai/,25 Aug 2026
Akshay Gupta,4335,https://stockanalysis.com/analysts/Akshay-Gupta/,13 Apr 2026
Zachary Silverberg,4338,https://stockanalysis.com/analysts/Zachary-Silverberg/,21 Aug 2026
Noah Zatzkin,4345,https://stockanalysis.com/analysts/Noah-Zatzkin/,14 Aug 2026
Nate Svensson,4346,https://stockanalysis.com/analysts/Nate-Svensson/,06 Aug 2026
Samuel Nielsen,4349,https://stockanalysis.com/analysts/Samuel-Nielsen/,04 Aug 2026
James West,4353,https://stockanalysis.com/analysts/James-West/,16 Jun 2026
Scott Berg,4358,https://stockanalysis.com/analysts/Scott-Berg/,27 Aug 2026
Charles Nabhan,4359,https://stockanalysis.com/analysts/Charles-Nabhan/,08 May 2026
Michael Sison,4366,https://stockanalysis.com/analysts/Michael-Sison/,03 Aug 2026
Ed Engel,4376,https://stockanalysis.com/analysts/Ed-Engel/,02 Aug 2026
Tomohiko Sano,4377,https://stockanalysis.com/analysts/Tomohiko-Sano/,21 Aug 2026
Vasundhara Govil,4383,https://stockanalysis.com/analysts/Vasundhara-Govil/,20 Aug 2026
Anthony Trainor,4386,https://stockanalysis.com/analysts/Anthony-Trainor/,06 Aug 2026
Bryan Bergin,4388,https://stockanalysis.com/analysts/Bryan-Bergin/,26 Aug 2026
Taylor McGinnis,4391,https://stockanalysis.com/analysts/Taylor-McGinnis/,26 Aug 2026
Jason Bednar,4399,https://stockanalysis.com/analysts/Jason-Bednar/,18 Aug 2026
Rishi Jaluria,4405,https://stockanalysis.com/analysts/Rishi-Jaluria/,27 Aug 2026
Logan Reich,4414,https://stockanalysis.com/analysts/Logan-Reich/,24 Aug 2026
Robert Farnam,4418,https://stockanalysis.com/analysts/Robert-Farnam/,25 Mar 2026
Anna Glaessgen,4419,https://stockanalysis.com/analysts/Anna-Glaessgen/,25 Aug 2026
Jack Matten,4420,https://stockanalysis.com/analysts/Jack-Matten/,12 Aug 2026
Casey Ryan,4422,https://stockanalysis.com/analysts/Casey-Ryan/,08 Jan 2026
Anthony Valentini,4424,https://stockanalysis.com/analysts/Anthony-Valentini/,14 Jul 2026
Elizabeth Porter,4426,https://stockanalysis.com/analysts/Elizabeth-Porter/,18 Aug 2026
Jason Tilchen,4429,https://stockanalysis.com/analysts/Jason-Tilchen/,12 Aug 2026
Matthew Hurwit,4437,https://stockanalysis.com/analysts/Matthew-Hurwit/,25 Mar 2026
Li Watsek,4440,https://stockanalysis.com/analysts/Li-Watsek/,21 Aug 2026
Richard Kramer,4447,https://stockanalysis.com/analysts/Richard-Kramer/,30 Jun 2026
Marco Limite,4448,https://stockanalysis.com/analysts/Marco-Limite/,25 Aug 2026
Carl Byrnes,4451,https://stockanalysis.com/analysts/Carl-Byrnes/,24 Apr 2026
Andrea Tan,4458,https://stockanalysis.com/analysts/Andrea-Tan/,05 Feb 2026
Terry Tillman,4459,https://stockanalysis.com/analysts/Terry-Tillman/,26 Aug 2026
Bryan Smilek,4460,https://stockanalysis.com/analysts/Bryan-Smilek/,24 Aug 2026
Jeff Chung,4463,https://stockanalysis.com/analysts/Jeff-Chung/,26 Aug 2026
Tracy Benguigui,4467,https://stockanalysis.com/analysts/Tracy-Benguigui/,19 Aug 2026
Greg Konrad,4468,https://stockanalysis.com/analysts/Greg-Konrad/,17 May 2026
Ben Shelley,4470,https://stockanalysis.com/analysts/Ben-Shelley/,06 Aug 2026
Leo Chiang,4472,https://stockanalysis.com/analysts/Leo-Chiang/,28 Jul 2026
Gordon Johnson,4474,https://stockanalysis.com/analysts/Gordon-Johnson/,20 Aug 2026
Ashley Owens,4478,https://stockanalysis.com/analysts/Ashley-Owens/,26 Aug 2026
Bill Kerr,4482,https://stockanalysis.com/analysts/Bill-Kerr/,11 Dec 2025
Matthew VanVliet,4486,https://stockanalysis.com/analysts/Matthew-VanVliet/,27 Aug 2026
David Turkaly,4487,https://stockanalysis.com/analysts/David-Turkaly/,03 Aug 2026
Aaron Grey,4488,https://stockanalysis.com/analysts/Aaron-Grey/,24 Aug 2026
Ryan Meyers,4493,https://stockanalysis.com/analysts/Ryan-Meyers/,19 Aug 2026
Rahul Krotthapalli,4494,https://stockanalysis.com/analysts/Rahul-Krotthapalli/,12 Aug 2026
Madeline Brooks,4495,https://stockanalysis.com/analysts/Madeline-Brooks/,27 Feb 2026
Michael Funk,4498,https://stockanalysis.com/analysts/Michael-Funk/,11 Aug 2026
Jim Salera,4501,https://stockanalysis.com/analysts/Jim-Salera/,26 Aug 2026
Kumaraguru Raja,4503,https://stockanalysis.com/analysts/Kumaraguru-Raja/,27 Jul 2026
Mani Foroohar,4508,https://stockanalysis.com/analysts/Mani-Foroohar/,04 Jun 2026
Cheng Li,4514,https://stockanalysis.com/analysts/Cheng-Li/,27 Feb 2026
Benjamin Mayhew,4515,https://stockanalysis.com/analysts/Benjamin-Mayhew/,07 Aug 2026
Jeffrey Adelson,4518,https://stockanalysis.com/analysts/Jeffrey-Adelson/,17 Aug 2026
Will Nance,4527,https://stockanalysis.com/analysts/Will-Nance/,21 Aug 2026
Michael Pachter,4528,https://stockanalysis.com/analysts/Michael-Pachter/,12 Aug 2026
James Quigley,4529,https://stockanalysis.com/analysts/James-Quigley/,06 Aug 2026
Jake Roberge,4530,https://stockanalysis.com/analysts/Jake-Roberge/,18 Mar 2026
Jeffrey Stantial,4531,https://stockanalysis.com/analysts/Jeffrey-Stantial/,14 Aug 2026
Priyanka Grover,4533,https://stockanalysis.com/analysts/Priyanka-Grover/,18 Aug 2026
Kai Klose,4540,https://stockanalysis.com/analysts/Kai-Klose/,27 Aug 2026
Mickey Legg,4544,https://stockanalysis.com/analysts/Mickey-Legg/,31 Jul 2026
Marc Torrente,4545,https://stockanalysis.com/analysts/Marc-Torrente/,06 Aug 2026
David Larsen,4553,https://stockanalysis.com/analysts/David-Larsen/,27 Aug 2026
Chris Pierce,4559,https://stockanalysis.com/analysts/Chris-Pierce/,12 Aug 2026
Ryan Tomasello,4562,https://stockanalysis.com/analysts/Ryan-Tomasello/,26 Aug 2026
Alexandria Hammond,4567,https://stockanalysis.com/analysts/Alexandria-Hammond/,25 Aug 2026
David Adlington,4569,https://stockanalysis.com/analysts/David-Adlington/,12 Aug 2026
Tim Hsiao,4573,https://stockanalysis.com/analysts/Tim-Hsiao/,11 Aug 2026
Jailendra Singh,4575,https://stockanalysis.com/analysts/Jailendra-Singh/,27 Aug 2026
Corinne Blanchard,4577,https://stockanalysis.com/analysts/Corinne-Blanchard/,26 Aug 2026
Nora Min,4581,https://stockanalysis.com/analysts/Nora-Min/,31 Jul 2026
Curtis Nagle,4582,https://stockanalysis.com/analysts/Curtis-Nagle/,25 Aug 2026
Yun Zhong,4583,https://stockanalysis.com/analysts/Yun-Zhong/,25 Aug 2026
Isabella Simonato,4584,https://stockanalysis.com/analysts/Isabella-Simonato/,19 Aug 2026
Shilan Modi,4586,https://stockanalysis.com/analysts/Shilan-Modi/,14 Apr 2026
Scott Schoenhaus,4592,https://stockanalysis.com/analysts/Scott-Schoenhaus/,24 Aug 2026
William Grippin,4595,https://stockanalysis.com/analysts/William-Grippin/,10 Aug 2026
Sean Kennedy,4596,https://stockanalysis.com/analysts/Sean-Kennedy/,11 Aug 2026
Joseph Civello,4598,https://stockanalysis.com/analysts/Joseph-Civello/,24 Aug 2026
Seth Sigman,4599,https://stockanalysis.com/analysts/Seth-Sigman/,25 Aug 2026
Colin Langan,4600,https://stockanalysis.com/analysts/Colin-Langan/,20 Aug 2026
Daniel Perlin,4608,https://stockanalysis.com/analysts/Daniel-Perlin/,25 Aug 2026
Brian Skorney,4611,https://stockanalysis.com/analysts/Brian-Skorney/,25 Aug 2026
Tom Curran,4612,https://stockanalysis.com/analysts/Tom-Curran/,08 Jan 2026
Naz Rahman,4618,https://stockanalysis.com/analysts/Naz-Rahman/,24 Aug 2026
Anna Andreeva,4619,https://stockanalysis.com/analysts/Anna-Andreeva/,21 Aug 2026
Sean Milligan,4623,https://stockanalysis.com/analysts/Sean-Milligan/,19 Aug 2026
Jason Kupferberg,4626,https://stockanalysis.com/analysts/Jason-Kupferberg/,25 Aug 2026
David Hynes,4627,https://stockanalysis.com/analysts/David-Hynes/,27 Aug 2026
Constantine Davides,4628,https://stockanalysis.com/analysts/Constantine-Davides/,29 Jul 2026
Michael Albanese,4629,https://stockanalysis.com/analysts/Michael-Albanese/,19 Aug 2026
Puneet Jain,4631,https://stockanalysis.com/analysts/Puneet-Jain/,26 Aug 2026
Sara Nik,4632,https://stockanalysis.com/analysts/Sara-Nik/,21 Aug 2026
Daina Graybosch,4633,https://stockanalysis.com/analysts/Daina-Graybosch/,11 Aug 2026
Bill Kirk,4634,https://stockanalysis.com/analysts/Bill-Kirk/,26 Aug 2026
Caroline Palomeque,4638,https://stockanalysis.com/analysts/Caroline-Palomeque/,16 Jun 2026
Matthew Keller,4640,https://stockanalysis.com/analysts/Matthew-Keller/,18 Aug 2026
Alexia Dogani,4642,https://stockanalysis.com/analysts/Alexia-Dogani/,17 Aug 2026
Bruce Jackson,4643,https://stockanalysis.com/analysts/Bruce-Jackson/,20 Aug 2026
Sarang Vora,4647,https://stockanalysis.com/analysts/Sarang-Vora/,21 Aug 2026
Young Li,4649,https://stockanalysis.com/analysts/Young-Li/,07 Jul 2026
Piral Dadhania,4652,https://stockanalysis.com/analysts/Piral-Dadhania/,24 Aug 2026
Joseph Spak,4659,https://stockanalysis.com/analysts/Joseph-Spak/,20 Aug 2026
Marie Thibault,4660,https://stockanalysis.com/analysts/Marie-Thibault/,24 Aug 2026
Reni Benjamin,4661,https://stockanalysis.com/analysts/Reni-Benjamin/,07 Aug 2026
Jason Kolbert,4662,https://stockanalysis.com/analysts/Jason-Kolbert/,13 May 2026
Ryan MacDonald,4666,https://stockanalysis.com/analysts/Ryan-MacDonald/,27 Aug 2026
Vikram Bagri,4667,https://stockanalysis.com/analysts/Vikram-Bagri/,25 Aug 2026
Kyle Bauser,4668,https://stockanalysis.com/analysts/Kyle-Bauser/,17 Apr 2026
Jason McCarthy,4669,https://stockanalysis.com/analysts/Jason-McCarthy/,26 Aug 2026
Jack Allen,4670,https://stockanalysis.com/analysts/Jack-Allen/,30 Jun 2026
James Molloy,4672,https://stockanalysis.com/analysts/James-Molloy/,24 Aug 2026
Christopher Souther,4673,https://stockanalysis.com/analysts/Christopher-Souther/,25 Aug 2026
Itay Michaeli,4675,https://stockanalysis.com/analysts/Itay-Michaeli/,11 Aug 2026
Eric Wold,4676,https://stockanalysis.com/analysts/Eric-Wold/,15 Jul 2026
Allen Klee,4677,https://stockanalysis.com/analysts/Allen-Klee/,21 Aug 2026
Edward Woo,4678,https://stockanalysis.com/analysts/Edward-Woo/,26 Aug 2026
James McIlree,4679,https://stockanalysis.com/analysts/James-McIlree/,17 Aug 2026
Anthony Vendetti,4682,https://stockanalysis.com/analysts/Anthony-Vendetti/,20 Aug 2026
Lucas Ward,4683,https://stockanalysis.com/analysts/Lucas-Ward/,04 Jun 2026
Kartik Mehta,9906,https://stockanalysis.com/analysts/Kartik-Mehta/,Not found
Karol Chmiel,9906,https://stockanalysis.com/analysts/Karol-Chmiel/,Not found
Kaio Prato,9906,https://stockanalysis.com/analysts/Kaio-Prato/,Not found
William Kirk,9906,https://stockanalysis.com/analysts/William-Kirk/,Not found
William Jellison,9906,https://stockanalysis.com/analysts/William-Jellison/,Not found
William Crow,9906,https://stockanalysis.com/analysts/William-Crow/,Not found
Weston Bloomer,9906,https://stockanalysis.com/analysts/Weston-Bloomer/,Not found
Alex Potter,9906,https://stockanalysis.com/analysts/Alex-Potter/,Not found
Alex Perry,9906,https://stockanalysis.com/analysts/Alex-Perry/,Not found
Alex Nowark,9906,https://stockanalysis.com/analysts/Alex-Nowark/,Not found
Alex Haissl,9906,https://stockanalysis.com/analysts/Alex-Haissl/,Not found
Alex Goldfarb,9906,https://stockanalysis.com/analysts/Alex-Goldfarb/,Not found
Alex Thompson,9906,https://stockanalysis.com/analysts/Alex-Thompson/,Not found
Nathan Rice,9906,https://stockanalysis.com/analysts/Nathan-Rice/,Not found
Elizabeth Suzuki,9906,https://stockanalysis.com/analysts/Elizabeth-Suzuki/,Not found
Zixiao Yang,9906,https://stockanalysis.com/analysts/Zixiao-Yang/,Not found
Zijie Yang,9906,https://stockanalysis.com/analysts/Zijie-Yang/,Not found
Zhijing Liu,9906,https://stockanalysis.com/analysts/Zhijing-Liu/,Not found
Zachary Warring,9906,https://stockanalysis.com/analysts/Zachary-Warring/,Not found
Abhi Agarwal,9906,https://stockanalysis.com/analysts/Abhi-Agarwal/,Not found
Aaron Kessler,9906,https://stockanalysis.com/analysts/Aaron-Kessler/,Not found
Yi Fu,9906,https://stockanalysis.com/analysts/Yi-Fu/,Not found
Yessica Sanchez,9906,https://stockanalysis.com/analysts/Yessica-Sanchez/,Not found
Xavier Bouvignies,9906,https://stockanalysis.com/analysts/Xavier-Bouvignies/,Not found
Woody Lay,9906,https://stockanalysis.com/analysts/Woody-Lay/,Not found
Air Ma,9906,https://stockanalysis.com/analysts/Air-Ma/,Not found
Josh Schimmer,9906,https://stockanalysis.com/analysts/Josh-Schimmer/,Not found
Michael Weinstein,9906,https://stockanalysis.com/analysts/Michael-Weinstein/,Not found
Michael Walkley,9906,https://stockanalysis.com/analysts/Michael-Walkley/,Not found
Michael Tyndall,9906,https://stockanalysis.com/analysts/Michael-Tyndall/,Not found
Mike Lavery,9906,https://stockanalysis.com/analysts/Mike-Lavery/,Not found
De Bruin,9906,https://stockanalysis.com/analysts/De-Bruin/,Not found
David Togut,9906,https://stockanalysis.com/analysts/David-Togut/,Not found
Pete Skibitski,9906,https://stockanalysis.com/analysts/Pete-Skibitski/,Not found
Perez Mora,9906,https://stockanalysis.com/analysts/Perez-Mora/,Not found
Paul Zimbardo,9906,https://stockanalysis.com/analysts/Paul-Zimbardo/,Not found
Paul Steep,9906,https://stockanalysis.com/analysts/Paul-Steep/,Not found
Paul Obrecht,9906,https://stockanalysis.com/analysts/Paul-Obrecht/,Not found
Paul McTaggart,9906,https://stockanalysis.com/analysts/Paul-McTaggart/,Not found
David Strauss,9906,https://stockanalysis.com/analysts/David-Strauss/,Not found
David Smith,9906,https://stockanalysis.com/analysts/David-Smith/,Not found
David Seigerman,9906,https://stockanalysis.com/analysts/David-Seigerman/,Not found
Destiny Hance,9906,https://stockanalysis.com/analysts/Destiny-Hance/,Not found
David MacDonald,9906,https://stockanalysis.com/analysts/David-MacDonald/,Not found
David Lewis,9906,https://stockanalysis.com/analysts/David-Lewis/,Not found
David Leiker,9906,https://stockanalysis.com/analysts/David-Leiker/,Not found
David Lebowitz,9906,https://stockanalysis.com/analysts/David-Lebowitz/,Not found
David Lebovitz,9906,https://stockanalysis.com/analysts/David-Lebovitz/,Not found
David Kang,9906,https://stockanalysis.com/analysts/David-Kang/,Not found
Peter Osterland,9906,https://stockanalysis.com/analysts/Peter-Osterland/,Not found
Peter Lawson,9906,https://stockanalysis.com/analysts/Peter-Lawson/,Not found
Peter Costa,9906,https://stockanalysis.com/analysts/Peter-Costa/,Not found
Francisco Suarez,9906,https://stockanalysis.com/analysts/Francisco-Suarez/,Not found
Floris Van,9906,https://stockanalysis.com/analysts/Floris-Van/,Not found
Fernando Abdalla,9906,https://stockanalysis.com/analysts/Fernando-Abdalla/,Not found
Felicia Hendrix,9906,https://stockanalysis.com/analysts/Felicia-Hendrix/,Not found
Michelle Fang,9906,https://stockanalysis.com/analysts/Michelle-Fang/,Not found
Micheal Bellisario,9906,https://stockanalysis.com/analysts/Micheal-Bellisario/,Not found
Gabriel Moreen,9906,https://stockanalysis.com/analysts/Gabriel-Moreen/,Not found
Gabe Hajde,9906,https://stockanalysis.com/analysts/Gabe-Hajde/,Not found
Fu Lee,9906,https://stockanalysis.com/analysts/Fu-Lee/,Not found
Frank Lee,9906,https://stockanalysis.com/analysts/Frank-Lee/,Not found
David Hicks,9906,https://stockanalysis.com/analysts/David-Hicks/,Not found
David Bouchey,9906,https://stockanalysis.com/analysts/David-Bouchey/,Not found
David Belinger,9906,https://stockanalysis.com/analysts/David-Belinger/,Not found
Pinjalim Bora,9906,https://stockanalysis.com/analysts/Pinjalim-Bora/,Not found
Philipp Häßler,9906,empty,Not found
Philip Gibbs,9906,https://stockanalysis.com/analysts/Philip-Gibbs/,Not found
Philip Cusick,9906,https://stockanalysis.com/analysts/Philip-Cusick/,Not found
Darren Leung,9906,https://stockanalysis.com/analysts/Darren-Leung/,Not found
David Rodgers,9906,https://stockanalysis.com/analysts/David-Rodgers/,Not found
David Motemeden,9906,https://stockanalysis.com/analysts/David-Motemeden/,Not found
Michael Minchak,9906,https://stockanalysis.com/analysts/Michael-Minchak/,Not found
Michael McGovern,9906,https://stockanalysis.com/analysts/Michael-McGovern/,Not found
Michael Kaye,9906,https://stockanalysis.com/analysts/Michael-Kaye/,Not found
Michael Jalonen,9906,https://stockanalysis.com/analysts/Michael-Jalonen/,Not found
Daniel Roeska,9906,https://stockanalysis.com/analysts/Daniel-Roeska/,Not found
Daniel Markowitz,9906,https://stockanalysis.com/analysts/Daniel-Markowitz/,Not found
Daniel Kutz,9906,https://stockanalysis.com/analysts/Daniel-Kutz/,Not found
Pérez Mora,9906,empty,Not found
Prashant Rao,9906,https://stockanalysis.com/analysts/Prashant-Rao/,Not found
Michael Schmitz,9906,https://stockanalysis.com/analysts/Michael-Schmitz/,Not found
Michael Phillips,9906,https://stockanalysis.com/analysts/Michael-Phillips/,Not found
Michael Perito,9906,https://stockanalysis.com/analysts/Michael-Perito/,Not found
Rajat Gupta,9906,https://stockanalysis.com/analysts/Rajat-Gupta/,Not found
Raj Sharma,9906,https://stockanalysis.com/analysts/Raj-Sharma/,Not found
Raj Kumar,9906,https://stockanalysis.com/analysts/Raj-Kumar/,Not found
Raghuram Selvaraju,9906,https://stockanalysis.com/analysts/Raghuram-Selvaraju/,Not found
Rachel Vatnsdal,9906,https://stockanalysis.com/analysts/Rachel-Vatnsdal/,Not found
Q3 Marketplace,9906,https://stockanalysis.com/analysts/Q3-Marketplace/,Not found
Q3 EPS,9906,https://stockanalysis.com/analysts/Q3-EPS/,Not found
Daniel Hibshman,9906,https://stockanalysis.com/analysts/Daniel-Hibshman/,Not found
Daniel Ford,9906,https://stockanalysis.com/analysts/Daniel-Ford/,Not found
Daniel Chen,9906,https://stockanalysis.com/analysts/Daniel-Chen/,Not found
Daniel Chan,9906,https://stockanalysis.com/analysts/Daniel-Chan/,Not found
George Galliers,9906,https://stockanalysis.com/analysts/George-Galliers/,Not found
George Farmer,9906,https://stockanalysis.com/analysts/George-Farmer/,Not found
George Bose,9906,https://stockanalysis.com/analysts/George-Bose/,Not found
Geoff Lowery,9906,https://stockanalysis.com/analysts/Geoff-Lowery/,Not found
Derik De,9906,https://stockanalysis.com/analysts/Derik-De/,Not found
Paul Diamond,9906,https://stockanalysis.com/analysts/Paul-Diamond/,Not found
Paul Coster,9906,https://stockanalysis.com/analysts/Paul-Coster/,Not found
Paul Chung,9906,https://stockanalysis.com/analysts/Paul-Chung/,Not found
Paul Cheng,9906,https://stockanalysis.com/analysts/Paul-Cheng/,Not found
Paul Adams,9906,https://stockanalysis.com/analysts/Paul-Adams/,Not found
Patty Kanada,9906,https://stockanalysis.com/analysts/Patty-Kanada/,Not found
Patrick Tyler,9906,https://stockanalysis.com/analysts/Patrick-Tyler/,Not found
Patrick R. Trucchio,9906,https://stockanalysis.com/analysts/Patrick-R.-Trucchio/,Not found
Deborah Ciervo,9906,https://stockanalysis.com/analysts/Deborah-Ciervo/,Not found
Mike Harris,9906,https://stockanalysis.com/analysts/Mike-Harris/,Not found
Mike Grondahl,9906,https://stockanalysis.com/analysts/Mike-Grondahl/,Not found
Mike Genovese,9906,https://stockanalysis.com/analysts/Mike-Genovese/,Not found
Mike Dahl,9906,https://stockanalysis.com/analysts/Mike-Dahl/,Not found
Mike Cyprys,9906,https://stockanalysis.com/analysts/Mike-Cyprys/,Not found
Mike Burton,9906,https://stockanalysis.com/analysts/Mike-Burton/,Not found
Cristopher Kennedy,9906,https://stockanalysis.com/analysts/Cristopher-Kennedy/,Not found
Cristina Fernández,9906,empty,Not found
Dane Leone,9906,https://stockanalysis.com/analysts/Dane-Leone/,Not found
Dan Silverstein,9906,https://stockanalysis.com/analysts/Dan-Silverstein/,Not found
Ricardo Rezende,9906,https://stockanalysis.com/analysts/Ricardo-Rezende/,Not found
Reif Ehrlich,9906,https://stockanalysis.com/analysts/Reif-Ehrlich/,Not found
Dan Ives,9906,https://stockanalysis.com/analysts/Dan-Ives/,Not found
Dan Brennan,9906,https://stockanalysis.com/analysts/Dan-Brennan/,Not found
Greg Harrison,9906,https://stockanalysis.com/analysts/Greg-Harrison/,Not found
Glenn Mattson,9906,https://stockanalysis.com/analysts/Glenn-Mattson/,Not found
Michael Harrison,9906,https://stockanalysis.com/analysts/Michael-Harrison/,Not found
George Wang,9906,https://stockanalysis.com/analysts/George-Wang/,Not found
Ralph Profiti,9906,https://stockanalysis.com/analysts/Ralph-Profiti/,Not found
Michael Albanses,9906,https://stockanalysis.com/analysts/Michael-Albanses/,Not found
Meyer Sheilds,9906,https://stockanalysis.com/analysts/Meyer-Sheilds/,Not found
Greg Lewis,9906,https://stockanalysis.com/analysts/Greg-Lewis/,Not found
Dailey Fairbanks,9906,https://stockanalysis.com/analysts/Dailey-Fairbanks/,Not found
Dae Gon,9906,https://stockanalysis.com/analysts/Dae-Gon/,Not found
Da Wei,9906,https://stockanalysis.com/analysts/Da-Wei/,Not found
Curtis Shauger,9906,https://stockanalysis.com/analysts/Curtis-Shauger/,Not found
Curt Woodworth,9906,https://stockanalysis.com/analysts/Curt-Woodworth/,Not found
Richard Law,9906,https://stockanalysis.com/analysts/Richard-Law/,Not found
Richard Hill,9906,https://stockanalysis.com/analysts/Richard-Hill/,Not found
Richard Eastman,9906,https://stockanalysis.com/analysts/Richard-Eastman/,Not found
Rich Hilliker,9906,https://stockanalysis.com/analysts/Rich-Hilliker/,Not found
Rich Hightower,9906,https://stockanalysis.com/analysts/Rich-Hightower/,Not found
Rob Oliver,9906,https://stockanalysis.com/analysts/Rob-Oliver/,Not found
Rob Dickerson,9906,https://stockanalysis.com/analysts/Rob-Dickerson/,Not found
Rob Brown,9906,https://stockanalysis.com/analysts/Rob-Brown/,Not found
Colin Isaac,9906,https://stockanalysis.com/analysts/Colin-Isaac/,Not found
Ricky Goldwasser,9906,https://stockanalysis.com/analysts/Ricky-Goldwasser/,Not found
Rick Paterson,9906,https://stockanalysis.com/analysts/Rick-Paterson/,Not found
Richard Repetto,9906,https://stockanalysis.com/analysts/Richard-Repetto/,Not found
Richard Radbourne,9906,https://stockanalysis.com/analysts/Richard-Radbourne/,Not found
Corinne Jenkins,9906,https://stockanalysis.com/analysts/Corinne-Jenkins/,Not found
Griffin Boss,9906,https://stockanalysis.com/analysts/Griffin-Boss/,Not found
Gregory Fraser,9906,https://stockanalysis.com/analysts/Gregory-Fraser/,Not found
Greg Pardy,9906,https://stockanalysis.com/analysts/Greg-Pardy/,Not found
Greg Miller,9906,https://stockanalysis.com/analysts/Greg-Miller/,Not found
Michael Carrier,9906,https://stockanalysis.com/analysts/Michael-Carrier/,Not found
Harmen Puri,9906,https://stockanalysis.com/analysts/Harmen-Puri/,Not found
Hans Mosesmann,9906,https://stockanalysis.com/analysts/Hans-Mosesmann/,Not found
Hamza Fodderwala,9906,https://stockanalysis.com/analysts/Hamza-Fodderwala/,Not found
Melanie Nunez,9906,https://stockanalysis.com/analysts/Melanie-Nunez/,Not found
Medhi Hosseini,9906,https://stockanalysis.com/analysts/Medhi-Hosseini/,Not found
Max Hopkins,9906,https://stockanalysis.com/analysts/Max-Hopkins/,Not found
Conor McNamara,9906,https://stockanalysis.com/analysts/Conor-McNamara/,Not found
Conor Fitzgerald,9906,https://stockanalysis.com/analysts/Conor-Fitzgerald/,Not found
Connor Siversky,9906,https://stockanalysis.com/analysts/Connor-Siversky/,Not found
Connor Lynagh,9906,https://stockanalysis.com/analysts/Connor-Lynagh/,Not found
Connor Chamberlain,9906,https://stockanalysis.com/analysts/Connor-Chamberlain/,Not found
Colleen Kusy,9906,https://stockanalysis.com/analysts/Colleen-Kusy/,Not found
Robert Cox,9906,https://stockanalysis.com/analysts/Robert-Cox/,Not found
Robert Bek,9906,https://stockanalysis.com/analysts/Robert-Bek/,Not found
Rob Wertheimer,9906,https://stockanalysis.com/analysts/Rob-Wertheimer/,Not found
Robin Farley,9906,https://stockanalysis.com/analysts/Robin-Farley/,Not found
Christopher Graja,9906,https://stockanalysis.com/analysts/Christopher-Graja/,Not found
Colin Bristow,9906,https://stockanalysis.com/analysts/Colin-Bristow/,Not found
Cody Ross,9906,https://stockanalysis.com/analysts/Cody-Ross/,Not found
Cleveland Rueckert,9906,https://stockanalysis.com/analysts/Cleveland-Rueckert/,Not found
Chuck Grom,9906,https://stockanalysis.com/analysts/Chuck-Grom/,Not found
Christyne McGarvey,9906,https://stockanalysis.com/analysts/Christyne-McGarvey/,Not found
Robert Napoli,9906,https://stockanalysis.com/analysts/Robert-Napoli/,Not found
Robert Mosca,9906,https://stockanalysis.com/analysts/Robert-Mosca/,Not found
Robert Mason,9906,https://stockanalysis.com/analysts/Robert-Mason/,Not found
Christopher Schoell,9906,https://stockanalysis.com/analysts/Christopher-Schoell/,Not found
Heather Balsky,9906,https://stockanalysis.com/analysts/Heather-Balsky/,Not found
Hartaj Singh,9906,https://stockanalysis.com/analysts/Hartaj-Singh/,Not found
Harry Read,9906,https://stockanalysis.com/analysts/Harry-Read/,Not found
Harold Goetsch,9906,https://stockanalysis.com/analysts/Harold-Goetsch/,Not found
Ian Macpherson,9906,https://stockanalysis.com/analysts/Ian-Macpherson/,Not found
Holly Stewart,9906,https://stockanalysis.com/analysts/Holly-Stewart/,Not found
Himanshu Gupta,9906,https://stockanalysis.com/analysts/Himanshu-Gupta/,Not found
Henry Meyer,9906,https://stockanalysis.com/analysts/Henry-Meyer/,Not found
Helfey Hannah,9906,https://stockanalysis.com/analysts/Helfey-Hannah/,Not found
Christopher Parkinson,9906,https://stockanalysis.com/analysts/Christopher-Parkinson/,Not found
Christopher Moore,9906,https://stockanalysis.com/analysts/Christopher-Moore/,Not found
Christopher Merwin,9906,https://stockanalysis.com/analysts/Christopher-Merwin/,Not found
Christopher Mandeville,9906,https://stockanalysis.com/analysts/Christopher-Mandeville/,Not found
Christopher LeFemina,9906,https://stockanalysis.com/analysts/Christopher-LeFemina/,Not found
Christopher LaFemina,9906,https://stockanalysis.com/analysts/Christopher-LaFemina/,Not found
Ronald J,9906,https://stockanalysis.com/analysts/Ronald-J/,Not found
Rohin Patel,9906,https://stockanalysis.com/analysts/Rohin-Patel/,Not found
Roger Read,9906,https://stockanalysis.com/analysts/Roger-Read/,Not found
Robyn Karnauskas,9906,https://stockanalysis.com/analysts/Robyn-Karnauskas/,Not found
Chris Snyder,9906,https://stockanalysis.com/analysts/Chris-Snyder/,Not found
Chris Senyek,9906,https://stockanalysis.com/analysts/Chris-Senyek/,Not found
Roy Buchanan,9906,https://stockanalysis.com/analysts/Roy-Buchanan/,Not found
Ross Smotrich,9906,https://stockanalysis.com/analysts/Ross-Smotrich/,Not found
Ross Osborn,9906,https://stockanalysis.com/analysts/Ross-Osborn/,Not found
Ross Muken,9906,https://stockanalysis.com/analysts/Ross-Muken/,Not found
Ross Gilardi,9906,https://stockanalysis.com/analysts/Ross-Gilardi/,Not found
Ronald Jewsikow,9906,https://stockanalysis.com/analysts/Ronald-Jewsikow/,Not found
Chris Robertson,9906,https://stockanalysis.com/analysts/Chris-Robertson/,Not found
Chris Raymond,9906,https://stockanalysis.com/analysts/Chris-Raymond/,Not found
Matthew Stanton,9906,https://stockanalysis.com/analysts/Matthew-Stanton/,Not found
Matthew Sheerin,9906,https://stockanalysis.com/analysts/Matthew-Sheerin/,Not found
Matthew Murphy,9906,https://stockanalysis.com/analysts/Matthew-Murphy/,Not found
Matthew McKellar,9906,https://stockanalysis.com/analysts/Matthew-McKellar/,Not found
Matthew McClintock,9906,https://stockanalysis.com/analysts/Matthew-McClintock/,Not found
Matthew Krueger,9906,https://stockanalysis.com/analysts/Matthew-Krueger/,Not found
Chris Mcgratty,9906,https://stockanalysis.com/analysts/Chris-Mcgratty/,Not found
Chris Kuntarich,9906,https://stockanalysis.com/analysts/Chris-Kuntarich/,Not found
Ryan Krieger,9906,https://stockanalysis.com/analysts/Ryan-Krieger/,Not found
Ryan Griffin,9906,https://stockanalysis.com/analysts/Ryan-Griffin/,Not found
Ryan Cooke,9906,https://stockanalysis.com/analysts/Ryan-Cooke/,Not found
Russell Quelch,9906,https://stockanalysis.com/analysts/Russell-Quelch/,Not found
Ian Moore,9906,https://stockanalysis.com/analysts/Ian-Moore/,Not found
Matthew Hewitt,9906,https://stockanalysis.com/analysts/Matthew-Hewitt/,Not found
Matthew Herrmann,9906,https://stockanalysis.com/analysts/Matthew-Herrmann/,Not found
Matthew Harrison,9906,https://stockanalysis.com/analysts/Matthew-Harrison/,Not found
Matthew Gillmor,9906,https://stockanalysis.com/analysts/Matthew-Gillmor/,Not found
Matthew Summerville,9906,https://stockanalysis.com/analysts/Matthew-Summerville/,Not found
Christopher Dendrinos,9906,https://stockanalysis.com/analysts/Christopher-Dendrinos/,Not found
Christopher Danely,9906,https://stockanalysis.com/analysts/Christopher-Danely/,Not found
Chris Zhang,9906,https://stockanalysis.com/analysts/Chris-Zhang/,Not found
Mike Albanese,9906,https://stockanalysis.com/analysts/Mike-Albanese/,Not found
Federico Merendi,9906,https://stockanalysis.com/analysts/Federico-Merendi/,Not found
Farooq Hamed,9906,https://stockanalysis.com/analysts/Farooq-Hamed/,Not found
Evan David,9906,https://stockanalysis.com/analysts/Evan-David/,Not found
Dori Kesten,9906,https://stockanalysis.com/analysts/Dori-Kesten/,Not found
Don Carducci,9906,https://stockanalysis.com/analysts/Don-Carducci/,Not found
Domingos Falavina,9906,https://stockanalysis.com/analysts/Domingos-Falavina/,Not found
Divya Goyal,9906,https://stockanalysis.com/analysts/Divya-Goyal/,Not found
Dimple Gosai,9906,https://stockanalysis.com/analysts/Dimple-Gosai/,Not found
Dimple Gosa,9906,https://stockanalysis.com/analysts/Dimple-Gosa/,Not found
Dillon Cumming,9906,https://stockanalysis.com/analysts/Dillon-Cumming/,Not found
Patrick Donnelly,9906,https://stockanalysis.com/analysts/Patrick-Donnelly/,Not found
Parker Lane,9906,https://stockanalysis.com/analysts/Parker-Lane/,Not found
Papa Sylla,9906,https://stockanalysis.com/analysts/Papa-Sylla/,Not found
Pablo Zuanic,9906,https://stockanalysis.com/analysts/Pablo-Zuanic/,Not found
Matt McGinley,9906,https://stockanalysis.com/analysts/Matt-McGinley/,Not found
Jack Cummins,9906,https://stockanalysis.com/analysts/Jack-Cummins/,Not found
JESALYN Wong,9906,https://stockanalysis.com/analysts/JESALYN-Wong/,Not found
Chris Carey,9906,https://stockanalysis.com/analysts/Chris-Carey/,Not found
Chi Fong,9906,https://stockanalysis.com/analysts/Chi-Fong/,Not found
Ryan McKeveny,9906,https://stockanalysis.com/analysts/Ryan-McKeveny/,Not found
Ryan Lynch,9906,https://stockanalysis.com/analysts/Ryan-Lynch/,Not found
Charles Duncan,9906,https://stockanalysis.com/analysts/Charles-Duncan/,Not found
Chris Merwin,9906,https://stockanalysis.com/analysts/Chris-Merwin/,Not found
James Callahan,9906,https://stockanalysis.com/analysts/James-Callahan/,Not found
Chad Bennett,9906,https://stockanalysis.com/analysts/Chad-Bennett/,Not found
Cerena Chen,9906,https://stockanalysis.com/analysts/Cerena-Chen/,Not found
Cecilia Furlong,9906,https://stockanalysis.com/analysts/Cecilia-Furlong/,Not found
Catherine Schulte,9906,https://stockanalysis.com/analysts/Catherine-Schulte/,Not found
Catherine Ramsey,9906,https://stockanalysis.com/analysts/Catherine-Ramsey/,Not found
Sabrina Abrams,9906,https://stockanalysis.com/analysts/Sabrina-Abrams/,Not found
Carly Kenselaar,9906,https://stockanalysis.com/analysts/Carly-Kenselaar/,Not found
Jacob Smith,9906,https://stockanalysis.com/analysts/Jacob-Smith/,Not found
Jack Vander,9906,https://stockanalysis.com/analysts/Jack-Vander/,Not found
Matt Venezia,9906,https://stockanalysis.com/analysts/Matt-Venezia/,Not found
Matt OBrien,9906,https://stockanalysis.com/analysts/Matt-OBrien/,Not found
Matt Niknam,9906,https://stockanalysis.com/analysts/Matt-Niknam/,Not found
James Heaney,9906,https://stockanalysis.com/analysts/James-Heaney/,Not found
James Goss,9906,https://stockanalysis.com/analysts/James-Goss/,Not found
Carlos De,9906,https://stockanalysis.com/analysts/Carlos-De/,Not found
Camille Bonnel,9906,https://stockanalysis.com/analysts/Camille-Bonnel/,Not found
Cameron Mansson,9906,https://stockanalysis.com/analysts/Cameron-Mansson/,Not found
Sanjeev Rana,9906,https://stockanalysis.com/analysts/Sanjeev-Rana/,Not found
Samuel Eisner,9906,https://stockanalysis.com/analysts/Samuel-Eisner/,Not found
C J,9906,https://stockanalysis.com/analysts/C-J/,Not found
Burrows Szczupak,9906,https://stockanalysis.com/analysts/Burrows-Szczupak/,Not found
James Fotheringham,9906,https://stockanalysis.com/analysts/James-Fotheringham/,Not found
Matt Howlett,9906,https://stockanalysis.com/analysts/Matt-Howlett/,Not found
Matt Farrell,9906,https://stockanalysis.com/analysts/Matt-Farrell/,Not found
Matt Breese,9906,https://stockanalysis.com/analysts/Matt-Breese/,Not found
Brian Butler,9906,https://stockanalysis.com/analysts/Brian-Butler/,Not found
Bryce Rowe,9906,https://stockanalysis.com/analysts/Bryce-Rowe/,Not found
Bryan Spillane,9906,https://stockanalysis.com/analysts/Bryan-Spillane/,Not found
Bryan Maher,9906,https://stockanalysis.com/analysts/Bryan-Maher/,Not found
Scott Marks,9906,https://stockanalysis.com/analysts/Scott-Marks/,Not found
Scott Fidel,9906,https://stockanalysis.com/analysts/Scott-Fidel/,Not found
Scott Ciccarelli,9906,https://stockanalysis.com/analysts/Scott-Ciccarelli/,Not found
Bryan Adams,9906,https://stockanalysis.com/analysts/Bryan-Adams/,Not found
Bruce Chan,9906,https://stockanalysis.com/analysts/Bruce-Chan/,Not found
Brock Vandervliet,9906,https://stockanalysis.com/analysts/Brock-Vandervliet/,Not found
James Sheehan,9906,https://stockanalysis.com/analysts/James-Sheehan/,Not found
Market Perform,9906,https://stockanalysis.com/analysts/Market-Perform/,Not found
Mark Purcell,9906,https://stockanalysis.com/analysts/Mark-Purcell/,Not found
Diego Aragao,9906,https://stockanalysis.com/analysts/Diego-Aragao/,Not found
Ed Yang,9906,https://stockanalysis.com/analysts/Ed-Yang/,Not found
Duane Pfenningwerth,9906,https://stockanalysis.com/analysts/Duane-Pfenningwerth/,Not found
Drew Ranieri,9906,https://stockanalysis.com/analysts/Drew-Ranieri/,Not found
Drew Chamberlain,9906,https://stockanalysis.com/analysts/Drew-Chamberlain/,Not found
Douglas Irwin,9906,https://stockanalysis.com/analysts/Douglas-Irwin/,Not found
Omar Nokta,9906,https://stockanalysis.com/analysts/Omar-Nokta/,Not found
Ole Slorer,9906,https://stockanalysis.com/analysts/Ole-Slorer/,Not found
Doug Harter,9906,https://stockanalysis.com/analysts/Doug-Harter/,Not found
Eva Fortea,9906,https://stockanalysis.com/analysts/Eva-Fortea/,Not found
Mitch Germain,9906,https://stockanalysis.com/analysts/Mitch-Germain/,Not found
Ming Hsun,9906,https://stockanalysis.com/analysts/Ming-Hsun/,Not found
Mike Scialla,9906,https://stockanalysis.com/analysts/Mike-Scialla/,Not found
Mike Polark,9906,https://stockanalysis.com/analysts/Mike-Polark/,Not found
Mike Morris,9906,https://stockanalysis.com/analysts/Mike-Morris/,Not found
Jason Gursky,9906,https://stockanalysis.com/analysts/Jason-Gursky/,Not found
Jason English,9906,https://stockanalysis.com/analysts/Jason-English/,Not found
Jason Bouvier,9906,https://stockanalysis.com/analysts/Jason-Bouvier/,Not found
Jared Dinges,9906,https://stockanalysis.com/analysts/Jared-Dinges/,Not found
Janice Quek,9906,https://stockanalysis.com/analysts/Janice-Quek/,Not found
Janco Venter,9906,https://stockanalysis.com/analysts/Janco-Venter/,Not found
Brian Lee,9906,https://stockanalysis.com/analysts/Brian-Lee/,Not found
Sean Meakim,9906,https://stockanalysis.com/analysts/Sean-Meakim/,Not found
Sean Lee,9906,https://stockanalysis.com/analysts/Sean-Lee/,Not found
Sean King,9906,https://stockanalysis.com/analysts/Sean-King/,Not found
Brian Flores,9906,https://stockanalysis.com/analysts/Brian-Flores/,Not found
Brian Fitzgerald,9906,https://stockanalysis.com/analysts/Brian-Fitzgerald/,Not found
Brad Capuzzi,9906,https://stockanalysis.com/analysts/Brad-Capuzzi/,Not found
Brian Brungardt,9906,https://stockanalysis.com/analysts/Brian-Brungardt/,Not found
Brett Simpson,9906,https://stockanalysis.com/analysts/Brett-Simpson/,Not found
Shane Brett,9906,https://stockanalysis.com/analysts/Shane-Brett/,Not found
Shagun Singh,9906,https://stockanalysis.com/analysts/Shagun-Singh/,Not found
Seth Gilbert,9906,https://stockanalysis.com/analysts/Seth-Gilbert/,Not found
Sean Wieland,9906,https://stockanalysis.com/analysts/Sean-Wieland/,Not found
Brett Feldman,9906,https://stockanalysis.com/analysts/Brett-Feldman/,Not found
Brent Navon,9906,https://stockanalysis.com/analysts/Brent-Navon/,Not found
Brent Dilts,9906,https://stockanalysis.com/analysts/Brent-Dilts/,Not found
Brent Bracelin,9906,https://stockanalysis.com/analysts/Brent-Bracelin/,Not found
Jason Haas,9906,https://stockanalysis.com/analysts/Jason-Haas/,Not found
Maria Thibault,9906,https://stockanalysis.com/analysts/Maria-Thibault/,Not found
Marcus Cole,9906,https://stockanalysis.com/analysts/Marcus-Cole/,Not found
MarK Shutley,9906,https://stockanalysis.com/analysts/MarK-Shutley/,Not found
Javier Martinez,9906,https://stockanalysis.com/analysts/Javier-Martinez/,Not found
Jason Wittes,9906,https://stockanalysis.com/analysts/Jason-Wittes/,Not found
Jason Mills,9906,https://stockanalysis.com/analysts/Jason-Mills/,Not found
Brandon King,9906,https://stockanalysis.com/analysts/Brandon-King/,Not found
Brady Gailey,9906,https://stockanalysis.com/analysts/Brady-Gailey/,Not found
Bradley Berning,9906,https://stockanalysis.com/analysts/Bradley-Berning/,Not found
Brad Sills,9906,https://stockanalysis.com/analysts/Brad-Sills/,Not found
Sidney Ho,9906,https://stockanalysis.com/analysts/Sidney-Ho/,Not found
Shneur Gershuni,9906,https://stockanalysis.com/analysts/Shneur-Gershuni/,Not found
Shiwen Li,9906,https://stockanalysis.com/analysts/Shiwen-Li/,Not found
Sheila McGrath,9906,https://stockanalysis.com/analysts/Sheila-McGrath/,Not found
Boris Van,9906,https://stockanalysis.com/analysts/Boris-Van/,Not found
Boonie Herzog,9906,https://stockanalysis.com/analysts/Boonie-Herzog/,Not found
Bobby Zolper,9906,https://stockanalysis.com/analysts/Bobby-Zolper/,Not found
Bob Jian,9906,https://stockanalysis.com/analysts/Bob-Jian/,Not found
Bob Drbul,9906,https://stockanalysis.com/analysts/Bob-Drbul/,Not found
Spiro Dounis,9906,https://stockanalysis.com/analysts/Spiro-Dounis/,Not found
Soumit Roy,9906,https://stockanalysis.com/analysts/Soumit-Roy/,Not found
Sorabh Daga,9906,https://stockanalysis.com/analysts/Sorabh-Daga/,Not found
Soe Naing,9906,https://stockanalysis.com/analysts/Soe-Naing/,Not found
Smedes Rose,9906,https://stockanalysis.com/analysts/Smedes-Rose/,Not found
Simon Flannery,9906,https://stockanalysis.com/analysts/Simon-Flannery/,Not found
Luiz Carvalho,9906,https://stockanalysis.com/analysts/Luiz-Carvalho/,Not found
Mario Lu,9906,https://stockanalysis.com/analysts/Mario-Lu/,Not found
Mariana Taddeo,9906,https://stockanalysis.com/analysts/Mariana-Taddeo/,Not found
Mariana Perez,9906,https://stockanalysis.com/analysts/Mariana-Perez/,Not found
Madhu Kumar,9906,https://stockanalysis.com/analysts/Madhu-Kumar/,Not found
Luke Lemoine,9906,https://stockanalysis.com/analysts/Luke-Lemoine/,Not found
Stephanie Grambling,9906,https://stockanalysis.com/analysts/Stephanie-Grambling/,Not found
Stephanie Davis,9906,https://stockanalysis.com/analysts/Stephanie-Davis/,Not found
Stanley Elliott,9906,https://stockanalysis.com/analysts/Stanley-Elliott/,Not found
Stan Zlotsky,9906,https://stockanalysis.com/analysts/Stan-Zlotsky/,Not found
Srini Pajjuir,9906,https://stockanalysis.com/analysts/Srini-Pajjuir/,Not found
Bin Kim,9906,https://stockanalysis.com/analysts/Bin-Kim/,Not found
Bill Maughan,9906,https://stockanalysis.com/analysts/Bill-Maughan/,Not found
Bill Katz,9906,https://stockanalysis.com/analysts/Bill-Katz/,Not found
Bill Chappell,9906,https://stockanalysis.com/analysts/Bill-Chappell/,Not found
Biju Perincheril,9906,https://stockanalysis.com/analysts/Biju-Perincheril/,Not found
Brad Canino,9906,https://stockanalysis.com/analysts/Brad-Canino/,Not found
Bhumi Kanabar,9906,https://stockanalysis.com/analysts/Bhumi-Kanabar/,Not found
Betty Jing,9906,https://stockanalysis.com/analysts/Betty-Jing/,Not found
Betsy Graseck,9906,https://stockanalysis.com/analysts/Betsy-Graseck/,Not found
Bert Subin,9906,https://stockanalysis.com/analysts/Bert-Subin/,Not found
Benjamin Miller,9906,https://stockanalysis.com/analysts/Benjamin-Miller/,Not found
Benjamin Haynor,9906,https://stockanalysis.com/analysts/Benjamin-Haynor/,Not found
Benjamin Gerlinger,9906,https://stockanalysis.com/analysts/Benjamin-Gerlinger/,Not found
Stephen Trent,9906,https://stockanalysis.com/analysts/Stephen-Trent/,Not found
Benjamin Black,9906,https://stockanalysis.com/analysts/Benjamin-Black/,Not found
Jeff Kessler,9906,https://stockanalysis.com/analysts/Jeff-Kessler/,Not found
Jeff Hickey,9906,https://stockanalysis.com/analysts/Jeff-Hickey/,Not found
Jeff Garro,9906,https://stockanalysis.com/analysts/Jeff-Garro/,Not found
Jeff Cohen,9906,https://stockanalysis.com/analysts/Jeff-Cohen/,Not found
Jeff Adelson,9906,https://stockanalysis.com/analysts/Jeff-Adelson/,Not found
Jean Ann,9906,https://stockanalysis.com/analysts/Jean-Ann/,Not found
Jeffrey Bernstein,9906,https://stockanalysis.com/analysts/Jeffrey-Bernstein/,Not found
Jeffery Harte,9906,https://stockanalysis.com/analysts/Jeffery-Harte/,Not found
Jefferson Harralson,9906,https://stockanalysis.com/analysts/Jefferson-Harralson/,Not found
Jefferey Hammond,9906,https://stockanalysis.com/analysts/Jefferey-Hammond/,Not found
Jeff Van,9906,https://stockanalysis.com/analysts/Jeff-Van/,Not found
Ben Miller,9906,https://stockanalysis.com/analysts/Ben-Miller/,Not found
Ben Chaiken,9906,https://stockanalysis.com/analysts/Ben-Chaiken/,Not found
Steven Alexoloulos,9906,https://stockanalysis.com/analysts/Steven-Alexoloulos/,Not found
Steve Wieczynski,9906,https://stockanalysis.com/analysts/Steve-Wieczynski/,Not found
Steve Valiquette,9906,https://stockanalysis.com/analysts/Steve-Valiquette/,Not found
Steve Silver,9906,https://stockanalysis.com/analysts/Steve-Silver/,Not found
Steve Seedhouse,9906,https://stockanalysis.com/analysts/Steve-Seedhouse/,Not found
Steve Powers,9906,https://stockanalysis.com/analysts/Steve-Powers/,Not found
Steve Koenig,9906,https://stockanalysis.com/analysts/Steve-Koenig/,Not found
Steve Brozak,9906,https://stockanalysis.com/analysts/Steve-Brozak/,Not found
Steven Madden,9906,https://stockanalysis.com/analysts/Steven-Madden/,Not found
Steven Frankel,9906,https://stockanalysis.com/analysts/Steven-Frankel/,Not found
Steven Enders,9906,https://stockanalysis.com/analysts/Steven-Enders/,Not found
Steven Cahill,9906,https://stockanalysis.com/analysts/Steven-Cahill/,Not found
Jeffrey Rulis,9906,https://stockanalysis.com/analysts/Jeffrey-Rulis/,Not found
Jeffrey Reive,9906,https://stockanalysis.com/analysts/Jeffrey-Reive/,Not found
Jeffrey Osborne,9906,https://stockanalysis.com/analysts/Jeffrey-Osborne/,Not found
Lisa Clive,9906,https://stockanalysis.com/analysts/Lisa-Clive/,Not found
Lili Nsongo,9906,https://stockanalysis.com/analysts/Lili-Nsongo/,Not found
Liisa Bayko,9906,https://stockanalysis.com/analysts/Liisa-Bayko/,Not found
Lucas Pipes,9906,https://stockanalysis.com/analysts/Lucas-Pipes/,Not found
Louthan IV,9906,https://stockanalysis.com/analysts/Louthan-IV/,Not found
Louise Singlehurst,9906,https://stockanalysis.com/analysts/Louise-Singlehurst/,Not found
Jeffrey Lick,9906,https://stockanalysis.com/analysts/Jeffrey-Lick/,Not found
Jeffrey Hung,9906,https://stockanalysis.com/analysts/Jeffrey-Hung/,Not found
Mike Matson,9906,https://stockanalysis.com/analysts/Mike-Matson/,Not found
Eun Yang,9906,https://stockanalysis.com/analysts/Eun-Yang/,Not found
Esther Rajavelu,9906,https://stockanalysis.com/analysts/Esther-Rajavelu/,Not found
Esme Pau,9906,https://stockanalysis.com/analysts/Esme-Pau/,Not found
Erwan Rambourg,9906,https://stockanalysis.com/analysts/Erwan-Rambourg/,Not found
Noah Herman,9906,https://stockanalysis.com/analysts/Noah-Herman/,Not found
Nitin Kumar,9906,https://stockanalysis.com/analysts/Nitin-Kumar/,Not found
Nigel Dally,9906,https://stockanalysis.com/analysts/Nigel-Dally/,Not found
Nicole Miller,9906,https://stockanalysis.com/analysts/Nicole-Miller/,Not found
Nicole Germino,9906,https://stockanalysis.com/analysts/Nicole-Germino/,Not found
Nick Pope,9906,https://stockanalysis.com/analysts/Nick-Pope/,Not found
Eddie Leung,9906,https://stockanalysis.com/analysts/Eddie-Leung/,Not found
Elizabeth Garcia,9906,https://stockanalysis.com/analysts/Elizabeth-Garcia/,Not found
Elizabeth Anderson,9906,https://stockanalysis.com/analysts/Elizabeth-Anderson/,Not found
Nick Joseph,9906,https://stockanalysis.com/analysts/Nick-Joseph/,Not found
Jennifer Swanson,9906,https://stockanalysis.com/analysts/Jennifer-Swanson/,Not found
Jennifer Demba,9906,https://stockanalysis.com/analysts/Jennifer-Demba/,Not found
Jeffrey Zekaukas,9906,https://stockanalysis.com/analysts/Jeffrey-Zekaukas/,Not found
Ashwin Shirvaikar,9906,https://stockanalysis.com/analysts/Ashwin-Shirvaikar/,Not found
Ashley Helgans,9906,https://stockanalysis.com/analysts/Ashley-Helgans/,Not found
Arthur Lai,9906,https://stockanalysis.com/analysts/Arthur-Lai/,Not found
Arthur He,9906,https://stockanalysis.com/analysts/Arthur-He/,Not found
Arnon Shirazi,9906,https://stockanalysis.com/analysts/Arnon-Shirazi/,Not found
Susy Tibaldi,9906,https://stockanalysis.com/analysts/Susy-Tibaldi/,Not found
Sung Ji,9906,https://stockanalysis.com/analysts/Sung-Ji/,Not found
Suji Desilva,9906,https://stockanalysis.com/analysts/Suji-Desilva/,Not found
Strong Buy,9906,https://stockanalysis.com/analysts/Strong-Buy/,Not found
Austin Dietz,9906,https://stockanalysis.com/analysts/Austin-Dietz/,Not found
Ati Modak,9906,https://stockanalysis.com/analysts/Ati-Modak/,Not found
Steven Sheeckutz,9906,https://stockanalysis.com/analysts/Steven-Sheeckutz/,Not found
Lauren Schenk,9906,https://stockanalysis.com/analysts/Lauren-Schenk/,Not found
Larry Solow,9906,https://stockanalysis.com/analysts/Larry-Solow/,Not found
Landon Park,9906,https://stockanalysis.com/analysts/Landon-Park/,Not found
Kyle Voigt,9906,https://stockanalysis.com/analysts/Kyle-Voigt/,Not found
Anthony Powell,9906,https://stockanalysis.com/analysts/Anthony-Powell/,Not found
Anthony Linton,9906,https://stockanalysis.com/analysts/Anthony-Linton/,Not found
Tejas Savant,9906,https://stockanalysis.com/analysts/Tejas-Savant/,Not found
Taz Koujalgi,9906,https://stockanalysis.com/analysts/Taz-Koujalgi/,Not found
Taylor Morrison,9906,https://stockanalysis.com/analysts/Taylor-Morrison/,Not found
Tao Qiu,9906,https://stockanalysis.com/analysts/Tao-Qiu/,Not found
Kyle Mikson,9906,https://stockanalysis.com/analysts/Kyle-Mikson/,Not found
Lee Krowl,9906,https://stockanalysis.com/analysts/Lee-Krowl/,Not found
Leandro Bastos,9906,https://stockanalysis.com/analysts/Leandro-Bastos/,Not found
Lawrence Biegelsen,9906,https://stockanalysis.com/analysts/Lawrence-Biegelsen/,Not found
Jesse Sobelson,9906,https://stockanalysis.com/analysts/Jesse-Sobelson/,Not found
Tim Chiodo,9906,https://stockanalysis.com/analysts/Tim-Chiodo/,Not found
Anne Meisner,9906,https://stockanalysis.com/analysts/Anne-Meisner/,Not found
Thomas Catherwood,9906,https://stockanalysis.com/analysts/Thomas-Catherwood/,Not found
Thomas Burlton,9906,https://stockanalysis.com/analysts/Thomas-Burlton/,Not found
Terence Malone,9906,https://stockanalysis.com/analysts/Terence-Malone/,Not found
Andy Yu,9906,https://stockanalysis.com/analysts/Andy-Yu/,Not found
Andy Terrell,9906,https://stockanalysis.com/analysts/Andy-Terrell/,Not found
Andy Marok,9906,https://stockanalysis.com/analysts/Andy-Marok/,Not found
André Uggedal,9906,empty,Not found
Jin Yoon,9906,https://stockanalysis.com/analysts/Jin-Yoon/,Not found
Jimmy Yoon,9906,https://stockanalysis.com/analysts/Jimmy-Yoon/,Not found
Jim Duffy,9906,https://stockanalysis.com/analysts/Jim-Duffy/,Not found
Jessica Reif,9906,https://stockanalysis.com/analysts/Jessica-Reif/,Not found
Jessica Ehrlich,9906,https://stockanalysis.com/analysts/Jessica-Ehrlich/,Not found
Joe Meares,9906,https://stockanalysis.com/analysts/Joe-Meares/,Not found
Joe Goodwin,9906,https://stockanalysis.com/analysts/Joe-Goodwin/,Not found
Joe Giordano,9906,https://stockanalysis.com/analysts/Joe-Giordano/,Not found
Kosta Tasoulis,9906,https://stockanalysis.com/analysts/Kosta-Tasoulis/,Not found
Korinne Wolfmeyer,9906,https://stockanalysis.com/analysts/Korinne-Wolfmeyer/,Not found
Joao Pedro,9906,https://stockanalysis.com/analysts/Joao-Pedro/,Not found
Andrew Wong,9906,https://stockanalysis.com/analysts/Andrew-Wong/,Not found
Andrew Uerkwitz,9906,https://stockanalysis.com/analysts/Andrew-Uerkwitz/,Not found
Andrew Schmidt,9906,https://stockanalysis.com/analysts/Andrew-Schmidt/,Not found
Andrew Rosivach,9906,https://stockanalysis.com/analysts/Andrew-Rosivach/,Not found
Andrew Mok,9906,https://stockanalysis.com/analysts/Andrew-Mok/,Not found
Andrew Madrid,9906,https://stockanalysis.com/analysts/Andrew-Madrid/,Not found
Tim Perz,9906,https://stockanalysis.com/analysts/Tim-Perz/,Not found
Tom Fitzgerald,9906,https://stockanalysis.com/analysts/Tom-Fitzgerald/,Not found
Todd Weller,9906,https://stockanalysis.com/analysts/Todd-Weller/,Not found
Andrew Jones,9906,https://stockanalysis.com/analysts/Andrew-Jones/,Not found
Andrew Carter,9906,https://stockanalysis.com/analysts/Andrew-Carter/,Not found
Andrew Bowler,9906,https://stockanalysis.com/analysts/Andrew-Bowler/,Not found
Andrew Baum,9906,https://stockanalysis.com/analysts/Andrew-Baum/,Not found
Timothy Switzer,9906,https://stockanalysis.com/analysts/Timothy-Switzer/,Not found
Tim Thein,9906,https://stockanalysis.com/analysts/Tim-Thein/,Not found
Andres Maldonado,9906,https://stockanalysis.com/analysts/Andres-Maldonado/,Not found
Joel Lederman,9906,https://stockanalysis.com/analysts/Joel-Lederman/,Not found
Joel Fishbein,9906,https://stockanalysis.com/analysts/Joel-Fishbein/,Not found
Joel Beatty,9906,https://stockanalysis.com/analysts/Joel-Beatty/,Not found
Joe Vruwink,9906,https://stockanalysis.com/analysts/Joe-Vruwink/,Not found
Joe Reagor,9906,https://stockanalysis.com/analysts/Joe-Reagor/,Not found
Joe Quatrochi,9906,https://stockanalysis.com/analysts/Joe-Quatrochi/,Not found
John Glass,9906,https://stockanalysis.com/analysts/John-Glass/,Not found
John Gibson,9906,https://stockanalysis.com/analysts/John-Gibson/,Not found
John Egbert,9906,https://stockanalysis.com/analysts/John-Egbert/,Not found
John Edelman,9906,https://stockanalysis.com/analysts/John-Edelman/,Not found
Kimberly Greenberger,9906,https://stockanalysis.com/analysts/Kimberly-Greenberger/,Not found
Kieran De,9906,https://stockanalysis.com/analysts/Kieran-De/,Not found
Ki Bin,9906,https://stockanalysis.com/analysts/Ki-Bin/,Not found
Kevin Liu,9906,https://stockanalysis.com/analysts/Kevin-Liu/,Not found
Andreas Sheppard,9906,https://stockanalysis.com/analysts/Andreas-Sheppard/,Not found
Andrea Teixeira,9906,https://stockanalysis.com/analysts/Andrea-Teixeira/,Not found
Andre Uggedal,9906,https://stockanalysis.com/analysts/Andre-Uggedal/,Not found
Tommy McJoynt,9906,https://stockanalysis.com/analysts/Tommy-McJoynt/,Not found
Tom Stephan,9906,https://stockanalysis.com/analysts/Tom-Stephan/,Not found
Tom O Malley,9906,https://stockanalysis.com/analysts/Tom-O-Malley/,Not found
Tom McGovern,9906,https://stockanalysis.com/analysts/Tom-McGovern/,Not found
Tom Hayes,9906,https://stockanalysis.com/analysts/Tom-Hayes/,Not found
John Sourbeer,9906,https://stockanalysis.com/analysts/John-Sourbeer/,Not found
John Rowan,9906,https://stockanalysis.com/analysts/John-Rowan/,Not found
Kevin Fitzsimmons,9906,https://stockanalysis.com/analysts/Kevin-Fitzsimmons/,Not found
Kevin Barker,9906,https://stockanalysis.com/analysts/Kevin-Barker/,Not found
Kenneth Worthington,9906,https://stockanalysis.com/analysts/Kenneth-Worthington/,Not found
Kenneth Shiu,9906,https://stockanalysis.com/analysts/Kenneth-Shiu/,Not found
John Rogers,9906,https://stockanalysis.com/analysts/John-Rogers/,Not found
Trevor Walsh,9906,https://stockanalysis.com/analysts/Trevor-Walsh/,Not found
Toshiya Hari,9906,https://stockanalysis.com/analysts/Toshiya-Hari/,Not found
Tony DiMatteo,9906,https://stockanalysis.com/analysts/Tony-DiMatteo/,Not found
Toni Sacconaghi,9906,https://stockanalysis.com/analysts/Toni-Sacconaghi/,Not found
Amanda Sweitzer,9906,https://stockanalysis.com/analysts/Amanda-Sweitzer/,Not found
John Roberts,9906,https://stockanalysis.com/analysts/John-Roberts/,Not found
John Nadel,9906,https://stockanalysis.com/analysts/John-Nadel/,Not found
John Murphy,9906,https://stockanalysis.com/analysts/John-Murphy/,Not found
John McDonald,9906,https://stockanalysis.com/analysts/John-McDonald/,Not found
Ken Herbert,9906,https://stockanalysis.com/analysts/Ken-Herbert/,Not found
Ken Goldman,9906,https://stockanalysis.com/analysts/Ken-Goldman/,Not found
Kelly Shi,9906,https://stockanalysis.com/analysts/Kelly-Shi/,Not found
Ally Yseen,9906,https://stockanalysis.com/analysts/Ally-Yseen/,Not found
Van Sinderen,9906,https://stockanalysis.com/analysts/Van-Sinderen/,Not found
Tyler Brown,9906,https://stockanalysis.com/analysts/Tyler-Brown/,Not found
Tsin Huang,9906,https://stockanalysis.com/analysts/Tsin-Huang/,Not found
Alice Xiao,9906,https://stockanalysis.com/analysts/Alice-Xiao/,Not found
Ali Faghri,9906,https://stockanalysis.com/analysts/Ali-Faghri/,Not found
Alexia Howard,9906,https://stockanalysis.com/analysts/Alexia-Howard/,Not found
Jon Young,9906,https://stockanalysis.com/analysts/Jon-Young/,Not found
John Young,9906,https://stockanalysis.com/analysts/John-Young/,Not found
John Wilkin,9906,https://stockanalysis.com/analysts/John-Wilkin/,24 Aug 2026
John Te,9906,https://stockanalysis.com/analysts/John-Te/,Not found
Alexandra Steiger,9906,https://stockanalysis.com/analysts/Alexandra-Steiger/,Not found
Alexander Waters,9906,https://stockanalysis.com/analysts/Alexander-Waters/,Not found
Vincent Ciantic,9906,https://stockanalysis.com/analysts/Vincent-Ciantic/,Not found
Vilas Abraham,9906,https://stockanalysis.com/analysts/Vilas-Abraham/,Not found
Vikram Purohit,9906,https://stockanalysis.com/analysts/Vikram-Purohit/,Not found
Vikram Malhorta,9906,https://stockanalysis.com/analysts/Vikram-Malhorta/,Not found
Alexander Platt,9906,https://stockanalysis.com/analysts/Alexander-Platt/,Not found
Katherine Griffin,9906,https://stockanalysis.com/analysts/Katherine-Griffin/,Not found
Jonathan Reeder,9906,https://stockanalysis.com/analysts/Jonathan-Reeder/,Not found
Jonathan Lee,9906,https://stockanalysis.com/analysts/Jonathan-Lee/,Not found
Jonathan Hughes,9906,https://stockanalysis.com/analysts/Jonathan-Hughes/,Not found
Jonathan Bock,9906,https://stockanalysis.com/analysts/Jonathan-Bock/,Not found
Ken Wong,9906,https://stockanalysis.com/analysts/Ken-Wong/,Not found
Ken Newman,9906,https://stockanalysis.com/analysts/Ken-Newman/,Not found
Alex Straton,9906,https://stockanalysis.com/analysts/Alex-Straton/,Not found
Alex Stranahan,9906,https://stockanalysis.com/analysts/Alex-Stranahan/,Not found
Wesley Golladay,9906,https://stockanalysis.com/analysts/Wesley-Golladay/,Not found
Weng Chen,9906,https://stockanalysis.com/analysts/Weng-Chen/,Not found
Vladimir Bystricky,9906,https://stockanalysis.com/analysts/Vladimir-Bystricky/,Not found
Vivien Azer,9906,https://stockanalysis.com/analysts/Vivien-Azer/,Not found
Vitor Tomita,9906,https://stockanalysis.com/analysts/Vitor-Tomita/,Not found
Vincent Sinisi,9906,https://stockanalysis.com/analysts/Vincent-Sinisi/,Not found
Joseph Grabowski,9906,https://stockanalysis.com/analysts/Joseph-Grabowski/,Not found
Joseph Feldman,9906,https://stockanalysis.com/analysts/Joseph-Feldman/,Not found
Jorg Friedemann,9906,https://stockanalysis.com/analysts/Jorg-Friedemann/,Not found
Jordan Boretz,9906,https://stockanalysis.com/analysts/Jordan-Boretz/,Not found
Jonathan Siegmann,9906,https://stockanalysis.com/analysts/Jonathan-Siegmann/,Not found
Keegan Carl,9906,https://stockanalysis.com/analysts/Keegan-Carl/,Not found
Nick Housden,9906,https://stockanalysis.com/analysts/Nick-Housden/,Not found
Nick Del,9906,https://stockanalysis.com/analysts/Nick-Del/,Not found
Nick Abbott,9906,https://stockanalysis.com/analysts/Nick-Abbott/,Not found
Nicholas Watts,9906,https://stockanalysis.com/analysts/Nicholas-Watts/,Not found
Nicholas Thomas,9906,https://stockanalysis.com/analysts/Nicholas-Thomas/,Not found
Nicholas Jones,9906,https://stockanalysis.com/analysts/Nicholas-Jones/,Not found
Erin Wilson,9906,https://stockanalysis.com/analysts/Erin-Wilson/,Not found
Eric Schmidt,9906,https://stockanalysis.com/analysts/Eric-Schmidt/,Not found
Eric Des,9906,https://stockanalysis.com/analysts/Eric-Des/,Not found
Eric Beaumont,9906,https://stockanalysis.com/analysts/Eric-Beaumont/,Not found
Nathan Janes,9906,https://stockanalysis.com/analysts/Nathan-Janes/,Not found
Nichola Holowko,9906,https://stockanalysis.com/analysts/Nichola-Holowko/,Not found
Neil Kalton,9906,https://stockanalysis.com/analysts/Neil-Kalton/,Not found
Neel Kumar,9906,https://stockanalysis.com/analysts/Neel-Kumar/,Not found
Joshua Jennings,9906,https://stockanalysis.com/analysts/Joshua-Jennings/,Not found
Juan Sanabria,9906,https://stockanalysis.com/analysts/Juan-Sanabria/,Not found
del Valle,9906,https://stockanalysis.com/analysts/del-Valle/,Not found
Adam Samuelson,9906,https://stockanalysis.com/analysts/Adam-Samuelson/,Not found
lvan Tuerkcan,9906,https://stockanalysis.com/analysts/lvan-Tuerkcan/,Not found
Aidan Hall,9906,https://stockanalysis.com/analysts/Aidan-Hall/,Not found
de Angele,9906,https://stockanalysis.com/analysts/de-Angele/,Not found
Agnieszka Pustula,9906,https://stockanalysis.com/analysts/Agnieszka-Pustula/,Not found
