Analyst name,Ranking,URL,Last update
Asiya Merchant,1,https://stockanalysis.com/analysts/Asiya-Merchant/,14 Aug 2026
Timothy Arcuri,3,https://stockanalysis.com/analysts/Timothy-Arcuri/,14 Aug 2026
Atif Malik,5,https://stockanalysis.com/analysts/Atif-Malik/,14 Aug 2026
Samik Chatterjee,6,https://stockanalysis.com/analysts/Samik-Chatterjee/,13 Aug 2026
Vijay Rakesh,7,https://stockanalysis.com/analysts/Vijay-Rakesh/,13 Aug 2026
William Stein,8,https://stockanalysis.com/analysts/William-Stein/,11 Aug 2026
Justin Jenkins,9,https://stockanalysis.com/analysts/Justin-Jenkins/,11 Aug 2026
Aaron Rakers,10,https://stockanalysis.com/analysts/Aaron-Rakers/,14 Aug 2026
Richard Shannon,11,https://stockanalysis.com/analysts/Richard-Shannon/,13 Aug 2026
Harsh Kumar,12,https://stockanalysis.com/analysts/Harsh-Kumar/,26 Feb 2026
Matt Bryson,14,https://stockanalysis.com/analysts/Matt-Bryson/,14 Aug 2026
Chris Hallam,15,https://stockanalysis.com/analysts/Chris-Hallam/,13 Aug 2026
Ebrahim Poonawala,17,https://stockanalysis.com/analysts/Ebrahim-Poonawala/,31 Jul 2026
Theresa Chen,18,https://stockanalysis.com/analysts/Theresa-Chen/,11 Aug 2026
Michael Siperco,19,https://stockanalysis.com/analysts/Michael-Siperco/,10 Dec 2025
Ruben Roy,20,https://stockanalysis.com/analysts/Ruben-Roy/,13 Aug 2026
Krish Sankar,22,https://stockanalysis.com/analysts/Krish-Sankar/,14 Aug 2026
Harlan Sur,23,https://stockanalysis.com/analysts/Harlan-Sur/,14 Aug 2026
Josh Sullivan,24,https://stockanalysis.com/analysts/Josh-Sullivan/,15 Jul 2026
Dan Payne,25,https://stockanalysis.com/analysts/Dan-Payne/,07 Aug 2026
Amit Daryanani,26,https://stockanalysis.com/analysts/Amit-Daryanani/,13 Aug 2026
Rick Schafer,27,https://stockanalysis.com/analysts/Rick-Schafer/,14 Aug 2026
Quinn Bolton,28,https://stockanalysis.com/analysts/Quinn-Bolton/,14 Aug 2026
Mark Lipacis,29,https://stockanalysis.com/analysts/Mark-Lipacis/,12 Aug 2026
Jim Kelleher,30,https://stockanalysis.com/analysts/Jim-Kelleher/,14 Aug 2026
Blayne Curtis,31,https://stockanalysis.com/analysts/Blayne-Curtis/,14 Aug 2026
John Freeman,32,https://stockanalysis.com/analysts/John-Freeman/,31 Jul 2026
Wamsi Mohan,33,https://stockanalysis.com/analysts/Wamsi-Mohan/,14 Aug 2026
Christopher Rolland,35,https://stockanalysis.com/analysts/Christopher-Rolland/,13 Aug 2026
Heiko Ihle,36,https://stockanalysis.com/analysts/Heiko-Ihle/,14 Aug 2026
Mark Miller,40,https://stockanalysis.com/analysts/Mark-Miller/,15 Jan 2026
Jeremy Hoy,42,https://stockanalysis.com/analysts/Jeremy-Hoy/,11 Aug 2026
Gary Tenner,44,https://stockanalysis.com/analysts/Gary-Tenner/,31 Jul 2026
Faisal Khurshid,46,https://stockanalysis.com/analysts/Faisal-Khurshid/,06 Aug 2026
Gautam Khanna,49,https://stockanalysis.com/analysts/Gautam-Khanna/,12 Aug 2026
Cody Acree,51,https://stockanalysis.com/analysts/Cody-Acree/,05 Aug 2026
Charles Minervino,52,https://stockanalysis.com/analysts/Charles-Minervino/,14 Aug 2026
Brent Thielman,53,https://stockanalysis.com/analysts/Brent-Thielman/,12 Aug 2026
Brian MacArthur,54,https://stockanalysis.com/analysts/Brian-MacArthur/,23 Jul 2026
Michael Ciarmoli,56,https://stockanalysis.com/analysts/Michael-Ciarmoli/,29 Jul 2026
David Risinger,58,https://stockanalysis.com/analysts/David-Risinger/,11 Aug 2026
Christian Schwab,59,https://stockanalysis.com/analysts/Christian-Schwab/,14 Aug 2026
Tim Savageaux,60,https://stockanalysis.com/analysts/Tim-Savageaux/,13 Aug 2026
Kevin Cassidy,61,https://stockanalysis.com/analysts/Kevin-Cassidy/,14 Aug 2026
Sam Slutsky,62,https://stockanalysis.com/analysts/Sam-Slutsky/,15 Aug 2026
Julian Harrison,63,https://stockanalysis.com/analysts/Julian-Harrison/,14 Aug 2026
Thomas Smith,64,https://stockanalysis.com/analysts/Thomas-Smith/,04 Aug 2026
Ritu Baral,65,https://stockanalysis.com/analysts/Ritu-Baral/,12 Aug 2026
Eric Winmill,67,https://stockanalysis.com/analysts/Eric-Winmill/,11 Aug 2026
Kian Abouhossein,69,https://stockanalysis.com/analysts/Kian-Abouhossein/,10 Aug 2026
Bose George,70,https://stockanalysis.com/analysts/Bose-George/,12 Aug 2026
Selman Akyol,71,https://stockanalysis.com/analysts/Selman-Akyol/,07 Aug 2026
Mark Hughes,72,https://stockanalysis.com/analysts/Mark-Hughes/,14 Aug 2026
Brian Chin,73,https://stockanalysis.com/analysts/Brian-Chin/,14 Aug 2026
Gerard Cassidy,74,https://stockanalysis.com/analysts/Gerard-Cassidy/,12 Aug 2026
Sanjay Sakhrani,75,https://stockanalysis.com/analysts/Sanjay-Sakhrani/,11 Aug 2026
Mike Mayo,76,https://stockanalysis.com/analysts/Mike-Mayo/,14 Aug 2026
Moshe Orenbuch,77,https://stockanalysis.com/analysts/Moshe-Orenbuch/,14 Aug 2026
Stacy Rasgon,78,https://stockanalysis.com/analysts/Stacy-Rasgon/,14 Aug 2026
Leo Mariani,80,https://stockanalysis.com/analysts/Leo-Mariani/,14 Aug 2026
Andrew Kaplowitz,82,https://stockanalysis.com/analysts/Andrew-Kaplowitz/,12 Aug 2026
Jason Seidl,83,https://stockanalysis.com/analysts/Jason-Seidl/,07 Aug 2026
Devin Ryan,84,https://stockanalysis.com/analysts/Devin-Ryan/,11 Aug 2026
Carey Macrury,85,https://stockanalysis.com/analysts/Carey-Macrury/,06 Jul 2026
Tore Svanberg,86,https://stockanalysis.com/analysts/Tore-Svanberg/,13 Aug 2026
Joon Lee,87,https://stockanalysis.com/analysts/Joon-Lee/,17 Mar 2026
Patrick Trucchio,88,https://stockanalysis.com/analysts/Patrick-Trucchio/,14 Aug 2026
Chase Knickerbocker,89,https://stockanalysis.com/analysts/Chase-Knickerbocker/,14 Aug 2026
Craig Ellis,90,https://stockanalysis.com/analysts/Craig-Ellis/,13 Aug 2026
Mark Newman,92,https://stockanalysis.com/analysts/Mark-Newman/,12 Aug 2026
Bill Papanastasiou,94,https://stockanalysis.com/analysts/Bill-Papanastasiou/,11 Aug 2026
Srini Pajjuri,96,https://stockanalysis.com/analysts/Srini-Pajjuri/,14 Aug 2026
Shrenik Kothari,97,https://stockanalysis.com/analysts/Shrenik-Kothari/,10 Aug 2026
Alexander Blostein,98,https://stockanalysis.com/analysts/Alexander-Blostein/,11 Aug 2026
Ross Seymore,99,https://stockanalysis.com/analysts/Ross-Seymore/,29 Jun 2026
Andrew Obin,100,https://stockanalysis.com/analysts/Andrew-Obin/,14 Aug 2026
Josh Wolfson,101,https://stockanalysis.com/analysts/Josh-Wolfson/,10 Aug 2026
Keith Mackey,102,https://stockanalysis.com/analysts/Keith-Mackey/,11 Aug 2026
Myles Minter,104,https://stockanalysis.com/analysts/Myles-Minter/,14 Aug 2026
Chris Caso,105,https://stockanalysis.com/analysts/Chris-Caso/,04 Aug 2026
Mehdi Hosseini,106,https://stockanalysis.com/analysts/Mehdi-Hosseini/,10 Aug 2026
Etzer Darout,107,https://stockanalysis.com/analysts/Etzer-Darout/,13 Aug 2026
John Vinh,108,https://stockanalysis.com/analysts/John-Vinh/,07 Aug 2026
James Ricchiuti,109,https://stockanalysis.com/analysts/James-Ricchiuti/,14 Aug 2026
Simon Leopold,110,https://stockanalysis.com/analysts/Simon-Leopold/,11 Aug 2026
John Todaro,111,https://stockanalysis.com/analysts/John-Todaro/,14 Aug 2026
Ami Fadia,112,https://stockanalysis.com/analysts/Ami-Fadia/,14 Aug 2026
Tristan Gerra,113,https://stockanalysis.com/analysts/Tristan-Gerra/,06 Aug 2026
Andres Coello,116,https://stockanalysis.com/analysts/Andres-Coello/,07 Aug 2026
David Konrad,118,https://stockanalysis.com/analysts/David-Konrad/,04 Aug 2026
Damon Delmonte,119,https://stockanalysis.com/analysts/Damon-Delmonte/,13 Aug 2026
Brian Brophy,120,https://stockanalysis.com/analysts/Brian-Brophy/,13 Aug 2026
Ariel Rosa,121,https://stockanalysis.com/analysts/Ariel-Rosa/,10 Aug 2026
Phil Hardie,122,https://stockanalysis.com/analysts/Phil-Hardie/,07 Aug 2026
Nathan Jones,125,https://stockanalysis.com/analysts/Nathan-Jones/,12 Aug 2026
Daniel Fannon,126,https://stockanalysis.com/analysts/Daniel-Fannon/,13 Aug 2026
Joshua Buchalter,127,https://stockanalysis.com/analysts/Joshua-Buchalter/,11 Aug 2026
Walter Spracklin,128,https://stockanalysis.com/analysts/Walter-Spracklin/,11 Aug 2026
Patrick Brown,129,https://stockanalysis.com/analysts/Patrick-Brown/,31 Jul 2026
Steve Barger,130,https://stockanalysis.com/analysts/Steve-Barger/,14 Aug 2026
Ronald Epstein,131,https://stockanalysis.com/analysts/Ronald-Epstein/,14 Aug 2026
Dave Kang,133,https://stockanalysis.com/analysts/Dave-Kang/,07 Aug 2026
Justin Post,135,https://stockanalysis.com/analysts/Justin-Post/,13 Aug 2026
Jonathan Ruykhaver,136,https://stockanalysis.com/analysts/Jonathan-Ruykhaver/,14 Aug 2026
Yaron Werber,137,https://stockanalysis.com/analysts/Yaron-Werber/,13 Aug 2026
David Williams,138,https://stockanalysis.com/analysts/David-Williams/,14 Aug 2026
Mike Colonnese,139,https://stockanalysis.com/analysts/Mike-Colonnese/,11 Aug 2026
Robert Brown,140,https://stockanalysis.com/analysts/Robert-Brown/,07 Aug 2026
Wood Lay,143,https://stockanalysis.com/analysts/Wood-Lay/,05 Aug 2026
Christopher McGratty,144,https://stockanalysis.com/analysts/Christopher-McGratty/,05 Aug 2026
Manav Gupta,146,https://stockanalysis.com/analysts/Manav-Gupta/,14 Aug 2026
Meyer Shields,147,https://stockanalysis.com/analysts/Meyer-Shields/,14 Aug 2026
Paul Newsome,148,https://stockanalysis.com/analysts/Paul-Newsome/,14 Aug 2026
Debanjana Chatterjee,149,https://stockanalysis.com/analysts/Debanjana-Chatterjee/,14 Aug 2026
Jason Goldberg,150,https://stockanalysis.com/analysts/Jason-Goldberg/,10 Aug 2026
Elvira Scotto,152,https://stockanalysis.com/analysts/Elvira-Scotto/,12 Aug 2026
Chris Kotowski,153,https://stockanalysis.com/analysts/Chris-Kotowski/,11 Aug 2026
Jonathan Chappell,154,https://stockanalysis.com/analysts/Jonathan-Chappell/,30 Jul 2026
Seamus Fernandez,156,https://stockanalysis.com/analysts/Seamus-Fernandez/,12 Aug 2026
Mark Delaney,157,https://stockanalysis.com/analysts/Mark-Delaney/,10 Aug 2026
Craig Stanley,158,https://stockanalysis.com/analysts/Craig-Stanley/,07 Aug 2026
Richard Hatch,159,https://stockanalysis.com/analysts/Richard-Hatch/,14 Aug 2026
Joseph Moore,160,https://stockanalysis.com/analysts/Joseph-Moore/,14 Aug 2026
Vivek Arya,161,https://stockanalysis.com/analysts/Vivek-Arya/,14 Aug 2026
Yatin Suneja,162,https://stockanalysis.com/analysts/Yatin-Suneja/,14 Aug 2026
Michael Schmidt,163,https://stockanalysis.com/analysts/Michael-Schmidt/,13 Aug 2026
George Sutton,165,https://stockanalysis.com/analysts/George-Sutton/,14 Aug 2026
Joseph Schwartz,166,https://stockanalysis.com/analysts/Joseph-Schwartz/,27 Jul 2026
Sebastien Naji,167,https://stockanalysis.com/analysts/Sebastien-Naji/,14 Aug 2026
Keith Horowitz,169,https://stockanalysis.com/analysts/Keith-Horowitz/,08 May 2026
Erik Rasmussen,170,https://stockanalysis.com/analysts/Erik-Rasmussen/,13 Aug 2026
Patrick Moley,173,https://stockanalysis.com/analysts/Patrick-Moley/,14 Aug 2026
Jamie Cook,175,https://stockanalysis.com/analysts/Jamie-Cook/,13 Aug 2026
Scott Hanold,176,https://stockanalysis.com/analysts/Scott-Hanold/,11 Aug 2026
Stephen Volkmann,177,https://stockanalysis.com/analysts/Stephen-Volkmann/,29 Jul 2026
Peter Arment,178,https://stockanalysis.com/analysts/Peter-Arment/,07 Aug 2026
Lloyd Walmsley,180,https://stockanalysis.com/analysts/Lloyd-Walmsley/,14 Aug 2026
Rob Owens,181,https://stockanalysis.com/analysts/Rob-Owens/,12 Aug 2026
Jason Gerberry,183,https://stockanalysis.com/analysts/Jason-Gerberry/,12 Aug 2026
Charles Shi,184,https://stockanalysis.com/analysts/Charles-Shi/,14 Aug 2026
Sam Crittenden,185,https://stockanalysis.com/analysts/Sam-Crittenden/,10 Aug 2026
Nehal Chokshi,186,https://stockanalysis.com/analysts/Nehal-Chokshi/,14 Aug 2026
Gregory Lewis,188,https://stockanalysis.com/analysts/Gregory-Lewis/,14 Aug 2026
Edward Nash,189,https://stockanalysis.com/analysts/Edward-Nash/,13 Aug 2026
Yasmeen Rahimi,190,https://stockanalysis.com/analysts/Yasmeen-Rahimi/,14 Aug 2026
Colin Rusch,191,https://stockanalysis.com/analysts/Colin-Rusch/,13 Aug 2026
Junaid Siddiqui,192,https://stockanalysis.com/analysts/Junaid-Siddiqui/,11 Aug 2026
Seth Seifman,199,https://stockanalysis.com/analysts/Seth-Seifman/,12 Aug 2026
Bobby Brooks,202,https://stockanalysis.com/analysts/Bobby-Brooks/,14 Aug 2026
Fadi Chamoun,204,https://stockanalysis.com/analysts/Fadi-Chamoun/,14 Aug 2026
Doug Schenkel,205,https://stockanalysis.com/analysts/Doug-Schenkel/,10 Dec 2025
Noah Kaye,207,https://stockanalysis.com/analysts/Noah-Kaye/,14 Aug 2026
Julian Mitchell,208,https://stockanalysis.com/analysts/Julian-Mitchell/,12 Jun 2026
Alexander Paris,210,https://stockanalysis.com/analysts/Alexander-Paris/,12 Aug 2026
Christopher Glynn,211,https://stockanalysis.com/analysts/Christopher-Glynn/,14 Aug 2026
Srikripa Devarakonda,212,https://stockanalysis.com/analysts/Srikripa-Devarakonda/,13 Aug 2026
Tim Long,213,https://stockanalysis.com/analysts/Tim-Long/,13 Aug 2026
Brian Quast,214,https://stockanalysis.com/analysts/Brian-Quast/,14 Aug 2026
Douglas Tsao,216,https://stockanalysis.com/analysts/Douglas-Tsao/,14 Aug 2026
Ryan Koontz,218,https://stockanalysis.com/analysts/Ryan-Koontz/,14 Aug 2026
Martin Fan,219,https://stockanalysis.com/analysts/Martin-Fan/,14 Aug 2026
Melissa Weathers,221,https://stockanalysis.com/analysts/Melissa-Weathers/,14 Aug 2026
Edward Yang,222,https://stockanalysis.com/analysts/Edward-Yang/,07 Aug 2026
Brett Huff,225,https://stockanalysis.com/analysts/Brett-Huff/,11 Aug 2026
Andrew Coombs,226,https://stockanalysis.com/analysts/Andrew-Coombs/,04 Aug 2026
Kelsey Goodwin,227,https://stockanalysis.com/analysts/Kelsey-Goodwin/,12 Aug 2026
Rudy Li,229,https://stockanalysis.com/analysts/Rudy-Li/,11 Aug 2026
Fatima Boolani,232,https://stockanalysis.com/analysts/Fatima-Boolani/,12 Aug 2026
Stephen Tusa,234,https://stockanalysis.com/analysts/Stephen-Tusa/,11 Jun 2026
Andrew Percoco,235,https://stockanalysis.com/analysts/Andrew-Percoco/,12 Aug 2026
Allison Bratzel,237,https://stockanalysis.com/analysts/Allison-Bratzel/,07 Aug 2026
Scot Ciccarelli,238,https://stockanalysis.com/analysts/Scot-Ciccarelli/,14 Aug 2026
Bryan Blair,241,https://stockanalysis.com/analysts/Bryan-Blair/,07 Aug 2026
Greg Palm,243,https://stockanalysis.com/analysts/Greg-Palm/,14 Aug 2026
Chris Dendrinos,244,https://stockanalysis.com/analysts/Chris-Dendrinos/,12 Aug 2026
Alex Platt,245,https://stockanalysis.com/analysts/Alex-Platt/,18 May 2026
Max Michaelis,247,https://stockanalysis.com/analysts/Max-Michaelis/,11 Aug 2026
Christopher Allen,248,https://stockanalysis.com/analysts/Christopher-Allen/,13 Aug 2026
Sam Margolin,250,https://stockanalysis.com/analysts/Sam-Margolin/,13 Aug 2026
Brett Linzey,251,https://stockanalysis.com/analysts/Brett-Linzey/,11 Aug 2026
Michael Blum,254,https://stockanalysis.com/analysts/Michael-Blum/,12 Aug 2026
Frederic Bastien,257,https://stockanalysis.com/analysts/Frederic-Bastien/,10 Aug 2026
Sheila Kahyaoglu,258,https://stockanalysis.com/analysts/Sheila-Kahyaoglu/,14 Aug 2026
Michael Lasser,259,https://stockanalysis.com/analysts/Michael-Lasser/,13 Aug 2026
John DiFucci,260,https://stockanalysis.com/analysts/John-DiFucci/,07 Aug 2026
Brian Bedell,261,https://stockanalysis.com/analysts/Brian-Bedell/,13 Aug 2026
Shaul Eyal,262,https://stockanalysis.com/analysts/Shaul-Eyal/,13 Aug 2026
Cory Kasimov,263,https://stockanalysis.com/analysts/Cory-Kasimov/,12 Aug 2026
Orest Wowkodaw,264,https://stockanalysis.com/analysts/Orest-Wowkodaw/,14 Aug 2026
Chip Moore,265,https://stockanalysis.com/analysts/Chip-Moore/,14 Aug 2026
Jay Olson,267,https://stockanalysis.com/analysts/Jay-Olson/,14 Aug 2026
Jaeson Schmidt,268,https://stockanalysis.com/analysts/Jaeson-Schmidt/,14 Aug 2026
Melissa Fairbanks,271,https://stockanalysis.com/analysts/Melissa-Fairbanks/,07 Aug 2026
Kyle Menges,272,https://stockanalysis.com/analysts/Kyle-Menges/,06 Aug 2026
Brian Drab,273,https://stockanalysis.com/analysts/Brian-Drab/,14 Aug 2026
Raj Ray,276,https://stockanalysis.com/analysts/Raj-Ray/,10 Aug 2026
John Eade,277,https://stockanalysis.com/analysts/John-Eade/,10 Aug 2026
Scott Gruber,280,https://stockanalysis.com/analysts/Scott-Gruber/,11 Aug 2026
Leonid Timashev,281,https://stockanalysis.com/analysts/Leonid-Timashev/,14 Aug 2026
Erik Woodring,282,https://stockanalysis.com/analysts/Erik-Woodring/,13 Aug 2026
Lloyd Byrne,283,https://stockanalysis.com/analysts/Lloyd-Byrne/,12 Aug 2026
Derek Archila,285,https://stockanalysis.com/analysts/Derek-Archila/,14 Aug 2026
Mike Crawford,287,https://stockanalysis.com/analysts/Mike-Crawford/,13 Aug 2026
Gus Richard,288,https://stockanalysis.com/analysts/Gus-Richard/,13 Aug 2026
Jonathan Wolleben,290,https://stockanalysis.com/analysts/Jonathan-Wolleben/,10 Aug 2026
Joseph Pantginis,291,https://stockanalysis.com/analysts/Joseph-Pantginis/,14 Aug 2026
Andrew Fein,292,https://stockanalysis.com/analysts/Andrew-Fein/,14 Aug 2026
Robert Burns,293,https://stockanalysis.com/analysts/Robert-Burns/,10 Aug 2026
Trevor Allred,294,https://stockanalysis.com/analysts/Trevor-Allred/,05 Aug 2026
Scott Deuschle,301,https://stockanalysis.com/analysts/Scott-Deuschle/,12 Aug 2026
Andre Madrid,302,https://stockanalysis.com/analysts/Andre-Madrid/,13 Aug 2026
Stephen Biggar,303,https://stockanalysis.com/analysts/Stephen-Biggar/,10 Aug 2026
Charles Zhu,304,https://stockanalysis.com/analysts/Charles-Zhu/,13 Aug 2026
Nathan Race,306,https://stockanalysis.com/analysts/Nathan-Race/,11 Aug 2026
David Manthey,309,https://stockanalysis.com/analysts/David-Manthey/,11 Aug 2026
Peter Benedict,310,https://stockanalysis.com/analysts/Peter-Benedict/,07 Aug 2026
James Schneider,311,https://stockanalysis.com/analysts/James-Schneider/,14 Aug 2026
Mark Devries,312,https://stockanalysis.com/analysts/Mark-Devries/,15 Aug 2026
Mark DeVries,312,https://stockanalysis.com/analysts/Mark-DeVries/,15 Aug 2026
Brandon Couillard,313,https://stockanalysis.com/analysts/Brandon-Couillard/,14 Aug 2026
Craig Hutchison,314,https://stockanalysis.com/analysts/Craig-Hutchison/,07 Aug 2026
Kevin Steinke,315,https://stockanalysis.com/analysts/Kevin-Steinke/,14 Aug 2026
Naved Khan,316,https://stockanalysis.com/analysts/Naved-Khan/,10 Aug 2026
Mike Cikos,317,https://stockanalysis.com/analysts/Mike-Cikos/,14 Aug 2026
Ananda Baruah,318,https://stockanalysis.com/analysts/Ananda-Baruah/,02 Jun 2026
Anupam Rama,319,https://stockanalysis.com/analysts/Anupam-Rama/,13 Aug 2026
Graig Suvannavejh,320,https://stockanalysis.com/analysts/Graig-Suvannavejh/,14 Aug 2026
Brian Meredith,326,https://stockanalysis.com/analysts/Brian-Meredith/,13 Aug 2026
Robert Dodd,328,https://stockanalysis.com/analysts/Robert-Dodd/,09 Jul 2026
David Feaster,329,https://stockanalysis.com/analysts/David-Feaster/,17 Jul 2026
Joseph Quatrochi,332,https://stockanalysis.com/analysts/Joseph-Quatrochi/,14 Aug 2026
Corey Tarlowe,333,https://stockanalysis.com/analysts/Corey-Tarlowe/,14 Aug 2026
Ross Sandler,334,https://stockanalysis.com/analysts/Ross-Sandler/,12 Aug 2026
Thomas Diffely,335,https://stockanalysis.com/analysts/Thomas-Diffely/,11 Dec 2025
Jon Arfstrom,336,https://stockanalysis.com/analysts/Jon-Arfstrom/,14 Aug 2026
Mark Kelley,337,https://stockanalysis.com/analysts/Mark-Kelley/,16 Jun 2026
Keith Hughes,341,https://stockanalysis.com/analysts/Keith-Hughes/,11 Aug 2026
Andrew Mikitchook,342,https://stockanalysis.com/analysts/Andrew-Mikitchook/,14 Aug 2026
William Power,343,https://stockanalysis.com/analysts/William-Power/,13 Aug 2026
Cosmos Chiu,344,https://stockanalysis.com/analysts/Cosmos-Chiu/,14 Aug 2026
Rami Katkhuda,345,https://stockanalysis.com/analysts/Rami-Katkhuda/,14 Aug 2026
Catherine Mealor,352,https://stockanalysis.com/analysts/Catherine-Mealor/,06 Aug 2026
David Karnovsky,354,https://stockanalysis.com/analysts/David-Karnovsky/,14 Aug 2026
Andrew Wittmann,355,https://stockanalysis.com/analysts/Andrew-Wittmann/,11 Aug 2026
George Notter,356,https://stockanalysis.com/analysts/George-Notter/,12 Aug 2026
Jeffrey Hammond,358,https://stockanalysis.com/analysts/Jeffrey-Hammond/,14 Aug 2026
Erin Wright,359,https://stockanalysis.com/analysts/Erin-Wright/,12 Aug 2026
David Amsellem,360,https://stockanalysis.com/analysts/David-Amsellem/,14 Aug 2026
Alex Zukin,362,https://stockanalysis.com/analysts/Alex-Zukin/,11 Aug 2026
Jacob Stephan,365,https://stockanalysis.com/analysts/Jacob-Stephan/,11 Aug 2026
Daniel Ives,366,https://stockanalysis.com/analysts/Daniel-Ives/,30 Jun 2026
Ovais Habib,367,https://stockanalysis.com/analysts/Ovais-Habib/,10 Aug 2026
David Nierengarten,368,https://stockanalysis.com/analysts/David-Nierengarten/,14 Aug 2026
Andrew Berens,369,https://stockanalysis.com/analysts/Andrew-Berens/,07 Aug 2026
Joseph Stringer,370,https://stockanalysis.com/analysts/Joseph-Stringer/,12 Aug 2026
Jeff Rulis,374,https://stockanalysis.com/analysts/Jeff-Rulis/,11 Aug 2026
Stephen Scouten,376,https://stockanalysis.com/analysts/Stephen-Scouten/,30 Jul 2026
Daniel Major,378,https://stockanalysis.com/analysts/Daniel-Major/,14 Aug 2026
Andrew Tsai,382,https://stockanalysis.com/analysts/Andrew-Tsai/,14 Aug 2026
Nick Giles,384,https://stockanalysis.com/analysts/Nick-Giles/,10 Aug 2026
Vamil Divan,387,https://stockanalysis.com/analysts/Vamil-Divan/,14 Aug 2026
Brian Nagel,388,https://stockanalysis.com/analysts/Brian-Nagel/,26 Jun 2026
Tara Bancroft,389,https://stockanalysis.com/analysts/Tara-Bancroft/,12 Aug 2026
Gregory Renza,390,https://stockanalysis.com/analysts/Gregory-Renza/,12 Aug 2026
Marc Goodman,391,https://stockanalysis.com/analysts/Marc-Goodman/,13 Jul 2026
Joseph Thome,392,https://stockanalysis.com/analysts/Joseph-Thome/,11 Aug 2026
Katja Jancic,396,https://stockanalysis.com/analysts/Katja-Jancic/,07 Aug 2026
Eric Heath,397,https://stockanalysis.com/analysts/Eric-Heath/,06 Aug 2026
Subbu Nambi,400,https://stockanalysis.com/analysts/Subbu-Nambi/,11 Aug 2026
Eric Handler,403,https://stockanalysis.com/analysts/Eric-Handler/,12 Aug 2026
James Thalacker,404,https://stockanalysis.com/analysts/James-Thalacker/,14 Aug 2026
Daniela Costa,405,https://stockanalysis.com/analysts/Daniela-Costa/,13 Aug 2026
Brian Gesuale,406,https://stockanalysis.com/analysts/Brian-Gesuale/,29 Jul 2026
Matthew Carletti,407,https://stockanalysis.com/analysts/Matthew-Carletti/,07 Aug 2026
Randy Binner,408,https://stockanalysis.com/analysts/Randy-Binner/,13 Jul 2026
Christian Wetherbee,409,https://stockanalysis.com/analysts/Christian-Wetherbee/,14 Aug 2026
Ryan Todd,410,https://stockanalysis.com/analysts/Ryan-Todd/,23 Jul 2026
Craig Siegenthaler,411,https://stockanalysis.com/analysts/Craig-Siegenthaler/,14 Aug 2026
Geoff Meacham,412,https://stockanalysis.com/analysts/Geoff-Meacham/,14 Aug 2026
Erik Suppiger,413,https://stockanalysis.com/analysts/Erik-Suppiger/,04 Aug 2026
Alex Rygiel,415,https://stockanalysis.com/analysts/Alex-Rygiel/,11 Aug 2026
Katie Lachapelle,416,https://stockanalysis.com/analysts/Katie-Lachapelle/,19 May 2026
Swayampakula Ramakanth,417,https://stockanalysis.com/analysts/Swayampakula-Ramakanth/,14 Aug 2026
Michael Grondahl,419,https://stockanalysis.com/analysts/Michael-Grondahl/,14 Aug 2026
Ed Arce,420,https://stockanalysis.com/analysts/Ed-Arce/,30 Apr 2026
Laura Prendergast,423,https://stockanalysis.com/analysts/Laura-Prendergast/,07 Aug 2026
Andrew Brackmann,424,https://stockanalysis.com/analysts/Andrew-Brackmann/,02 Jul 2026
Derek Podhaizer,426,https://stockanalysis.com/analysts/Derek-Podhaizer/,07 Aug 2026
Arren Cyganovich,427,https://stockanalysis.com/analysts/Arren-Cyganovich/,12 Aug 2026
Karl Keirstead,432,https://stockanalysis.com/analysts/Karl-Keirstead/,14 Aug 2026
Stephanie Moore,433,https://stockanalysis.com/analysts/Stephanie-Moore/,07 Aug 2026
Anthony Pettinari,435,https://stockanalysis.com/analysts/Anthony-Pettinari/,13 Aug 2026
James Lee,436,https://stockanalysis.com/analysts/James-Lee/,27 Feb 2026
Anita Soni,437,https://stockanalysis.com/analysts/Anita-Soni/,14 Aug 2026
Mark Mahaney,438,https://stockanalysis.com/analysts/Mark-Mahaney/,13 Aug 2026
Deepak Mathivanan,439,https://stockanalysis.com/analysts/Deepak-Mathivanan/,12 Aug 2026
Gary Mobley,441,https://stockanalysis.com/analysts/Gary-Mobley/,10 Aug 2026
Lawson Winder,443,https://stockanalysis.com/analysts/Lawson-Winder/,13 Aug 2026
David Scharf,444,https://stockanalysis.com/analysts/David-Scharf/,11 Aug 2026
Mircea Dobre,445,https://stockanalysis.com/analysts/Mircea-Dobre/,07 Aug 2026
Hamed Khorsand,446,https://stockanalysis.com/analysts/Hamed-Khorsand/,14 Aug 2026
Justin Crowley,447,https://stockanalysis.com/analysts/Justin-Crowley/,10 Aug 2026
Yaron Kinar,451,https://stockanalysis.com/analysts/Yaron-Kinar/,11 Aug 2026
Adam Borg,453,https://stockanalysis.com/analysts/Adam-Borg/,11 Aug 2026
Gregory Peters,457,https://stockanalysis.com/analysts/Gregory-Peters/,13 Aug 2026
Edward Kelly,458,https://stockanalysis.com/analysts/Edward-Kelly/,13 Aug 2026
Kenneth Lee,459,https://stockanalysis.com/analysts/Kenneth-Lee/,14 Aug 2026
Benjamin Budish,461,https://stockanalysis.com/analysts/Benjamin-Budish/,14 Aug 2026
Colin Canfield,462,https://stockanalysis.com/analysts/Colin-Canfield/,10 Aug 2026
John Hecht,464,https://stockanalysis.com/analysts/John-Hecht/,22 Jul 2026
Jason Bazinet,465,https://stockanalysis.com/analysts/Jason-Bazinet/,13 Aug 2026
Patrick Jones,466,https://stockanalysis.com/analysts/Patrick-Jones/,14 Aug 2026
Ittai Kidron,467,https://stockanalysis.com/analysts/Ittai-Kidron/,14 Aug 2026
Brendan Smith,468,https://stockanalysis.com/analysts/Brendan-Smith/,13 Aug 2026
Chris LaFemina,469,https://stockanalysis.com/analysts/Chris-LaFemina/,06 Aug 2026
Annabel Samimy,471,https://stockanalysis.com/analysts/Annabel-Samimy/,14 Aug 2026
Jason Butler,472,https://stockanalysis.com/analysts/Jason-Butler/,07 Aug 2026
Manuel Navas,475,https://stockanalysis.com/analysts/Manuel-Navas/,11 Aug 2026
Trung Huynh,476,https://stockanalysis.com/analysts/Trung-Huynh/,05 Aug 2026
Michael Leshock,478,https://stockanalysis.com/analysts/Michael-Leshock/,12 Aug 2026
Myles Allsop,479,https://stockanalysis.com/analysts/Myles-Allsop/,14 Aug 2026
Robert Hope,480,https://stockanalysis.com/analysts/Robert-Hope/,10 Aug 2026
Jason Gabelman,481,https://stockanalysis.com/analysts/Jason-Gabelman/,12 Aug 2026
Richard Shane,483,https://stockanalysis.com/analysts/Richard-Shane/,14 Aug 2026
Brian Pitz,484,https://stockanalysis.com/analysts/Brian-Pitz/,14 Aug 2026
Ryan MacWilliams,485,https://stockanalysis.com/analysts/Ryan-MacWilliams/,11 Aug 2026
Ryan Macwilliams,485,https://stockanalysis.com/analysts/Ryan-Macwilliams/,11 Aug 2026
Neil Mehta,486,https://stockanalysis.com/analysts/Neil-Mehta/,12 Aug 2026
Jason Zemansky,487,https://stockanalysis.com/analysts/Jason-Zemansky/,13 Aug 2026
Deane Dray,489,https://stockanalysis.com/analysts/Deane-Dray/,04 Aug 2026
Bobby Griffin,490,https://stockanalysis.com/analysts/Bobby-Griffin/,10 Aug 2026
Hal Goetsch,491,https://stockanalysis.com/analysts/Hal-Goetsch/,07 Aug 2026
Andrew Nowinski,494,https://stockanalysis.com/analysts/Andrew-Nowinski/,02 Apr 2026
Stephen Gengaro,495,https://stockanalysis.com/analysts/Stephen-Gengaro/,13 Aug 2026
Jed Dorsheimer,497,https://stockanalysis.com/analysts/Jed-Dorsheimer/,12 Aug 2026
Kristen Kluska,498,https://stockanalysis.com/analysts/Kristen-Kluska/,14 Aug 2026
Richard Ramsden,503,https://stockanalysis.com/analysts/Richard-Ramsden/,16 Jul 2026
Miller Jump,504,https://stockanalysis.com/analysts/Miller-Jump/,14 Aug 2026
Jeet Mukherjee,505,https://stockanalysis.com/analysts/Jeet-Mukherjee/,12 Aug 2026
Joseph Gallo,506,https://stockanalysis.com/analysts/Joseph-Gallo/,10 Aug 2026
Matthew Clark,507,https://stockanalysis.com/analysts/Matthew-Clark/,03 Aug 2026
Sean Laaman,509,https://stockanalysis.com/analysts/Sean-Laaman/,13 Aug 2026
Tanya Jakusconek,511,https://stockanalysis.com/analysts/Tanya-Jakusconek/,12 Aug 2026
Jay McCanless,512,https://stockanalysis.com/analysts/Jay-McCanless/,09 Apr 2026
Douglas Harter,513,https://stockanalysis.com/analysts/Douglas-Harter/,14 Aug 2026
Konark Gupta,515,https://stockanalysis.com/analysts/Konark-Gupta/,11 Aug 2026
David Arcaro,517,https://stockanalysis.com/analysts/David-Arcaro/,14 Aug 2026
Hamir Patel,518,https://stockanalysis.com/analysts/Hamir-Patel/,14 Aug 2026
Brian Abrahams,520,https://stockanalysis.com/analysts/Brian-Abrahams/,12 Aug 2026
Laura Chico,521,https://stockanalysis.com/analysts/Laura-Chico/,14 Aug 2026
Paul Matteis,522,https://stockanalysis.com/analysts/Paul-Matteis/,14 Aug 2026
Ryan Krueger,525,https://stockanalysis.com/analysts/Ryan-Krueger/,11 Aug 2026
Nathan Martin,527,https://stockanalysis.com/analysts/Nathan-Martin/,06 Aug 2026
Devin Dodge,529,https://stockanalysis.com/analysts/Devin-Dodge/,14 Aug 2026
Jade Rahmani,530,https://stockanalysis.com/analysts/Jade-Rahmani/,12 Aug 2026
Scott Siefers,531,https://stockanalysis.com/analysts/Scott-Siefers/,14 May 2026
Levi Spry,532,https://stockanalysis.com/analysts/Levi-Spry/,13 Aug 2026
Brennan Hawken,534,https://stockanalysis.com/analysts/Brennan-Hawken/,06 Aug 2026
Myles Walton,536,https://stockanalysis.com/analysts/Myles-Walton/,05 Aug 2026
Josh Silverstein,537,https://stockanalysis.com/analysts/Josh-Silverstein/,13 Aug 2026
Bradley Thomas,538,https://stockanalysis.com/analysts/Bradley-Thomas/,14 Aug 2026
Gray Powell,540,https://stockanalysis.com/analysts/Gray-Powell/,10 Aug 2026
Sandeep Deshpande,541,https://stockanalysis.com/analysts/Sandeep-Deshpande/,13 Aug 2026
Ted Jackson,543,https://stockanalysis.com/analysts/Ted-Jackson/,14 Aug 2026
Liam Burke,545,https://stockanalysis.com/analysts/Liam-Burke/,10 Aug 2026
Debjit Chattopadhyay,546,https://stockanalysis.com/analysts/Debjit-Chattopadhyay/,11 Aug 2026
Maria Ripps,547,https://stockanalysis.com/analysts/Maria-Ripps/,13 Aug 2026
Jake Sekelsky,548,https://stockanalysis.com/analysts/Jake-Sekelsky/,14 Aug 2026
Ben Gerlinger,550,https://stockanalysis.com/analysts/Ben-Gerlinger/,31 Jul 2026
Maxwell Skor,551,https://stockanalysis.com/analysts/Maxwell-Skor/,14 Aug 2026
David Hoang,554,https://stockanalysis.com/analysts/David-Hoang/,13 Aug 2026
Mark Moerdler,555,https://stockanalysis.com/analysts/Mark-Moerdler/,12 Aug 2026
Lee Horowitz,556,https://stockanalysis.com/analysts/Lee-Horowitz/,13 Mar 2026
John Mackay,557,https://stockanalysis.com/analysts/John-Mackay/,11 Aug 2026
Mihir Bhatia,558,https://stockanalysis.com/analysts/Mihir-Bhatia/,13 Aug 2026
Joseph Dickerson,559,https://stockanalysis.com/analysts/Joseph-Dickerson/,04 Aug 2026
Anthony Chukumba,560,https://stockanalysis.com/analysts/Anthony-Chukumba/,10 Aug 2026
Alexander Hacking,561,https://stockanalysis.com/analysts/Alexander-Hacking/,03 Aug 2026
Brad Zelnick,562,https://stockanalysis.com/analysts/Brad-Zelnick/,07 Aug 2026
Rupesh Parikh,564,https://stockanalysis.com/analysts/Rupesh-Parikh/,11 Aug 2026
Nicole Deblase,565,https://stockanalysis.com/analysts/Nicole-Deblase/,06 Aug 2026
Rob Sanderson,567,https://stockanalysis.com/analysts/Rob-Sanderson/,15 Jun 2026
Sami Corwin,568,https://stockanalysis.com/analysts/Sami-Corwin/,13 Aug 2026
David Koning,569,https://stockanalysis.com/analysts/David-Koning/,07 Aug 2026
Josh Beck,570,https://stockanalysis.com/analysts/Josh-Beck/,07 Aug 2026
Robert Young,571,https://stockanalysis.com/analysts/Robert-Young/,15 May 2026
Justin Walsh,572,https://stockanalysis.com/analysts/Justin-Walsh/,14 Aug 2026
John Massocca,575,https://stockanalysis.com/analysts/John-Massocca/,22 Jul 2026
Patrick Kenny,576,https://stockanalysis.com/analysts/Patrick-Kenny/,15 Jun 2026
Harry Fong,577,https://stockanalysis.com/analysts/Harry-Fong/,10 Aug 2026
Stephen Richardson,580,https://stockanalysis.com/analysts/Stephen-Richardson/,12 Aug 2026
Donald Fandetti,582,https://stockanalysis.com/analysts/Donald-Fandetti/,06 Aug 2026
Tim Huff,584,https://stockanalysis.com/analysts/Tim-Huff/,11 Aug 2026
Joseph Bonner,585,https://stockanalysis.com/analysts/Joseph-Bonner/,14 Aug 2026
Michael Doumet,586,https://stockanalysis.com/analysts/Michael-Doumet/,23 Feb 2026
Steven Chubak,587,https://stockanalysis.com/analysts/Steven-Chubak/,12 Aug 2026
Joe Ritchie,589,https://stockanalysis.com/analysts/Joe-Ritchie/,10 Aug 2026
Keith Weiss,591,https://stockanalysis.com/analysts/Keith-Weiss/,01 Jun 2026
Saket Kalia,593,https://stockanalysis.com/analysts/Saket-Kalia/,11 Aug 2026
Gary Prestopino,594,https://stockanalysis.com/analysts/Gary-Prestopino/,14 Aug 2026
Steven Lichtman,596,https://stockanalysis.com/analysts/Steven-Lichtman/,14 Aug 2026
Whitney Ijem,597,https://stockanalysis.com/analysts/Whitney-Ijem/,12 Aug 2026
Lucas Servera,602,https://stockanalysis.com/analysts/Lucas-Servera/,11 Aug 2026
Ryan Deschner,603,https://stockanalysis.com/analysts/Ryan-Deschner/,13 Aug 2026
Peter Weed,604,https://stockanalysis.com/analysts/Peter-Weed/,11 Aug 2026
Daniel Tamayo,605,https://stockanalysis.com/analysts/Daniel-Tamayo/,31 Jul 2026
Allen Lutz,606,https://stockanalysis.com/analysts/Allen-Lutz/,12 Aug 2026
Paul Golding,608,https://stockanalysis.com/analysts/Paul-Golding/,04 Aug 2026
Nicholas Campanella,610,https://stockanalysis.com/analysts/Nicholas-Campanella/,13 Aug 2026
Michael Lewis,611,https://stockanalysis.com/analysts/Michael-Lewis/,14 Aug 2026
Kristine Liwag,613,https://stockanalysis.com/analysts/Kristine-Liwag/,14 Aug 2026
Michael Rollins,614,https://stockanalysis.com/analysts/Michael-Rollins/,14 Aug 2026
Blair Abernethy,615,https://stockanalysis.com/analysts/Blair-Abernethy/,10 Aug 2026
Mitch Kummetz,617,https://stockanalysis.com/analysts/Mitch-Kummetz/,20 Jul 2026
Philip Ng,618,https://stockanalysis.com/analysts/Philip-Ng/,11 Aug 2026
Omar Dessouky,619,https://stockanalysis.com/analysts/Omar-Dessouky/,14 Aug 2026
Andrew Boone,622,https://stockanalysis.com/analysts/Andrew-Boone/,11 Aug 2026
Ryan Pfingst,623,https://stockanalysis.com/analysts/Ryan-Pfingst/,13 Aug 2026
Conor Fitzpatrick,624,https://stockanalysis.com/analysts/Conor-Fitzpatrick/,10 Aug 2026
Stephen Bersey,630,https://stockanalysis.com/analysts/Stephen-Bersey/,10 Aug 2026
Pierre Ferragu,632,https://stockanalysis.com/analysts/Pierre-Ferragu/,30 Jul 2026
David George,633,https://stockanalysis.com/analysts/David-George/,24 Jul 2026
Stephen Kim,639,https://stockanalysis.com/analysts/Stephen-Kim/,07 Aug 2026
Gregg Moskowitz,640,https://stockanalysis.com/analysts/Gregg-Moskowitz/,12 Aug 2026
Akash Tewari,641,https://stockanalysis.com/analysts/Akash-Tewari/,11 Aug 2026
Rohit Kulkarni,643,https://stockanalysis.com/analysts/Rohit-Kulkarni/,13 Aug 2026
Richard Baldry,644,https://stockanalysis.com/analysts/Richard-Baldry/,14 Aug 2026
Laura Martin,646,https://stockanalysis.com/analysts/Laura-Martin/,13 Aug 2026
Jonathan Komp,647,https://stockanalysis.com/analysts/Jonathan-Komp/,07 Aug 2026
Brett Knoblauch,648,https://stockanalysis.com/analysts/Brett-Knoblauch/,14 Aug 2026
Dean Wilkinson,654,https://stockanalysis.com/analysts/Dean-Wilkinson/,14 Aug 2026
Mark Jarvi,655,https://stockanalysis.com/analysts/Mark-Jarvi/,14 Aug 2026
Suneet Kamath,656,https://stockanalysis.com/analysts/Suneet-Kamath/,13 Jul 2026
David Joyce,658,https://stockanalysis.com/analysts/David-Joyce/,07 Aug 2026
Brian McKenna,660,https://stockanalysis.com/analysts/Brian-McKenna/,07 Aug 2026
John Barnidge,661,https://stockanalysis.com/analysts/John-Barnidge/,06 Mar 2026
John Ivankoe,662,https://stockanalysis.com/analysts/John-Ivankoe/,12 Aug 2026
Jonathan Atkin,663,https://stockanalysis.com/analysts/Jonathan-Atkin/,12 Aug 2026
Michael Tupholme,664,https://stockanalysis.com/analysts/Michael-Tupholme/,11 Aug 2026
Bascome Majors,665,https://stockanalysis.com/analysts/Bascome-Majors/,06 Aug 2026
Justin Clare,668,https://stockanalysis.com/analysts/Justin-Clare/,13 Aug 2026
Michael Wiederhorn,669,https://stockanalysis.com/analysts/Michael-Wiederhorn/,10 Aug 2026
Matt Summerville,670,https://stockanalysis.com/analysts/Matt-Summerville/,11 Aug 2026
Anthony Stoss,672,https://stockanalysis.com/analysts/Anthony-Stoss/,13 Aug 2026
Brandon Bingham,674,https://stockanalysis.com/analysts/Brandon-Bingham/,12 Aug 2026
Matthew Prisco,679,https://stockanalysis.com/analysts/Matthew-Prisco/,07 Aug 2026
Daley Li,686,https://stockanalysis.com/analysts/Daley-Li/,14 Aug 2026
Adam Seiden,687,https://stockanalysis.com/analysts/Adam-Seiden/,14 Aug 2026
John Ransom,688,https://stockanalysis.com/analysts/John-Ransom/,31 Jul 2026
Kingsley Crane,689,https://stockanalysis.com/analysts/Kingsley-Crane/,13 Aug 2026
Steve Moss,691,https://stockanalysis.com/analysts/Steve-Moss/,31 Jul 2026
Koji Ikeda,692,https://stockanalysis.com/analysts/Koji-Ikeda/,14 Aug 2026
David Westenberg,694,https://stockanalysis.com/analysts/David-Westenberg/,12 Aug 2026
Lance Vitanza,695,https://stockanalysis.com/analysts/Lance-Vitanza/,14 Aug 2026
Clark Lampen,696,https://stockanalysis.com/analysts/Clark-Lampen/,14 Aug 2026
Joseph Vafi,697,https://stockanalysis.com/analysts/Joseph-Vafi/,07 Aug 2026
Dave Rochester,704,https://stockanalysis.com/analysts/Dave-Rochester/,06 Aug 2026
Sam Burwell,706,https://stockanalysis.com/analysts/Sam-Burwell/,06 Aug 2026
Christopher Kuhn,707,https://stockanalysis.com/analysts/Christopher-Kuhn/,16 Jul 2026
Angie Storozynski,708,https://stockanalysis.com/analysts/Angie-Storozynski/,15 Jun 2026
Scott Graham,712,https://stockanalysis.com/analysts/Scott-Graham/,09 Aug 2026
Bryan Kraft,714,https://stockanalysis.com/analysts/Bryan-Kraft/,14 Aug 2026
Andrew Jeffrey,715,https://stockanalysis.com/analysts/Andrew-Jeffrey/,06 Aug 2026
Tal Liani,716,https://stockanalysis.com/analysts/Tal-Liani/,13 Aug 2026
Alexander Duval,718,https://stockanalysis.com/analysts/Alexander-Duval/,10 Aug 2026
Brian Morrison,719,https://stockanalysis.com/analysts/Brian-Morrison/,05 Aug 2026
Brad Heffern,720,https://stockanalysis.com/analysts/Brad-Heffern/,07 Aug 2026
Yigal Nochomovitz,722,https://stockanalysis.com/analysts/Yigal-Nochomovitz/,14 Aug 2026
Susan Anderson,723,https://stockanalysis.com/analysts/Susan-Anderson/,12 Aug 2026
Chris Baker,725,https://stockanalysis.com/analysts/Chris-Baker/,10 Aug 2026
Peter Peng,728,https://stockanalysis.com/analysts/Peter-Peng/,08 May 2026
Mark Shmulik,729,https://stockanalysis.com/analysts/Mark-Shmulik/,31 Jul 2026
Garik Shmois,730,https://stockanalysis.com/analysts/Garik-Shmois/,28 Jan 2026
Darrin Peller,735,https://stockanalysis.com/analysts/Darrin-Peller/,10 Aug 2026
Dan Leonard,736,https://stockanalysis.com/analysts/Dan-Leonard/,12 Aug 2026
Peter Saleh,737,https://stockanalysis.com/analysts/Peter-Saleh/,14 Aug 2026
James Fish,738,https://stockanalysis.com/analysts/James-Fish/,13 Aug 2026
Patrick Sholl,739,https://stockanalysis.com/analysts/Patrick-Sholl/,13 Aug 2026
Cameron Doerksen,741,https://stockanalysis.com/analysts/Cameron-Doerksen/,07 Jul 2026
Aaron Bilkoski,744,https://stockanalysis.com/analysts/Aaron-Bilkoski/,12 Aug 2026
Steven Wieczynski,745,https://stockanalysis.com/analysts/Steven-Wieczynski/,13 Aug 2026
Chris Brendler,746,https://stockanalysis.com/analysts/Chris-Brendler/,14 Aug 2026
Scott Searle,747,https://stockanalysis.com/analysts/Scott-Searle/,14 Aug 2026
Gil Blum,748,https://stockanalysis.com/analysts/Gil-Blum/,14 Aug 2026
Chris Graja,754,https://stockanalysis.com/analysts/Chris-Graja/,07 Aug 2026
Daniel Imbro,757,https://stockanalysis.com/analysts/Daniel-Imbro/,16 Jan 2026
Christopher Carril,759,https://stockanalysis.com/analysts/Christopher-Carril/,13 Aug 2026
Darko Mihelic,760,https://stockanalysis.com/analysts/Darko-Mihelic/,14 Aug 2026
Rudy Kessinger,761,https://stockanalysis.com/analysts/Rudy-Kessinger/,11 Aug 2026
Michael Halloran,763,https://stockanalysis.com/analysts/Michael-Halloran/,07 Aug 2026
Evan Seigerman,764,https://stockanalysis.com/analysts/Evan-Seigerman/,12 Aug 2026
Drew Crum,765,https://stockanalysis.com/analysts/Drew-Crum/,10 Aug 2026
Shyam Patil,766,https://stockanalysis.com/analysts/Shyam-Patil/,10 Aug 2026
Serge Belanger,767,https://stockanalysis.com/analysts/Serge-Belanger/,13 Aug 2026
Andrew Kligerman,769,https://stockanalysis.com/analysts/Andrew-Kligerman/,11 Aug 2026
Nick Doyle,770,https://stockanalysis.com/analysts/Nick-Doyle/,10 Nov 2025
Robert Catellier,771,https://stockanalysis.com/analysts/Robert-Catellier/,10 Aug 2026
John Heinbockel,772,https://stockanalysis.com/analysts/John-Heinbockel/,14 Aug 2026
Ananda Ghosh,774,https://stockanalysis.com/analysts/Ananda-Ghosh/,14 Aug 2026
Mohit Bansal,776,https://stockanalysis.com/analysts/Mohit-Bansal/,13 Aug 2026
Vincent Colicchio,778,https://stockanalysis.com/analysts/Vincent-Colicchio/,13 Aug 2026
Joseph Osha,779,https://stockanalysis.com/analysts/Joseph-Osha/,11 Aug 2026
Fawne Jiang,781,https://stockanalysis.com/analysts/Fawne-Jiang/,06 Aug 2026
Sumant Kulkarni,782,https://stockanalysis.com/analysts/Sumant-Kulkarni/,13 Aug 2026
Gregory Miller,785,https://stockanalysis.com/analysts/Gregory-Miller/,13 Aug 2026
Chris Dankert,786,https://stockanalysis.com/analysts/Chris-Dankert/,11 Aug 2026
Durgesh Chopra,787,https://stockanalysis.com/analysts/Durgesh-Chopra/,07 Aug 2026
Mark Fitzgibbon,788,https://stockanalysis.com/analysts/Mark-Fitzgibbon/,27 Feb 2026
Cherilyn Radbourne,789,https://stockanalysis.com/analysts/Cherilyn-Radbourne/,10 Aug 2026
Alicia Reese,791,https://stockanalysis.com/analysts/Alicia-Reese/,12 Aug 2026
Alex Kramm,793,https://stockanalysis.com/analysts/Alex-Kramm/,13 Aug 2026
Brian Essex,794,https://stockanalysis.com/analysts/Brian-Essex/,11 Aug 2026
Adam Maeder,795,https://stockanalysis.com/analysts/Adam-Maeder/,13 Aug 2026
Jeremy Hamblin,798,https://stockanalysis.com/analysts/Jeremy-Hamblin/,13 Aug 2026
Alexander Potter,801,https://stockanalysis.com/analysts/Alexander-Potter/,11 Aug 2026
Silvan Tuerkcan,802,https://stockanalysis.com/analysts/Silvan-Tuerkcan/,10 Aug 2026
Jay Huang,807,https://stockanalysis.com/analysts/Jay-Huang/,20 Jul 2026
Fahad Tariq,808,https://stockanalysis.com/analysts/Fahad-Tariq/,11 Aug 2026
Sohrab Movahedi,809,https://stockanalysis.com/analysts/Sohrab-Movahedi/,01 Jun 2026
Jack Meehan,810,https://stockanalysis.com/analysts/Jack-Meehan/,26 Mar 2026
Gokul Hariharan,813,https://stockanalysis.com/analysts/Gokul-Hariharan/,04 Aug 2026
Arun Jayaram,814,https://stockanalysis.com/analysts/Arun-Jayaram/,12 Aug 2026
Simon Yarmak,815,https://stockanalysis.com/analysts/Simon-Yarmak/,11 Aug 2026
Terence Flynn,817,https://stockanalysis.com/analysts/Terence-Flynn/,14 Aug 2026
Tessa Romero,818,https://stockanalysis.com/analysts/Tessa-Romero/,14 Aug 2026
David Windley,819,https://stockanalysis.com/analysts/David-Windley/,03 Aug 2026
Devin McDermott,820,https://stockanalysis.com/analysts/Devin-McDermott/,12 Aug 2026
Michael Morris,821,https://stockanalysis.com/analysts/Michael-Morris/,07 Aug 2026
Jeff Jones,824,https://stockanalysis.com/analysts/Jeff-Jones/,14 Aug 2026
David Paige,825,https://stockanalysis.com/analysts/David-Paige/,11 Aug 2026
Brian Foran,826,https://stockanalysis.com/analysts/Brian-Foran/,04 Aug 2026
Richard Anderson,830,https://stockanalysis.com/analysts/Richard-Anderson/,14 Aug 2026
Ryan Nash,832,https://stockanalysis.com/analysts/Ryan-Nash/,10 Aug 2026
David Vernon,833,https://stockanalysis.com/analysts/David-Vernon/,11 Aug 2026
Ben Reitzes,834,https://stockanalysis.com/analysts/Ben-Reitzes/,29 Jun 2026
Doug Creutz,835,https://stockanalysis.com/analysts/Doug-Creutz/,07 Aug 2026
Doug Anmuth,837,https://stockanalysis.com/analysts/Doug-Anmuth/,14 Aug 2026
Jake Bartlett,838,https://stockanalysis.com/analysts/Jake-Bartlett/,18 Mar 2026
Eric Martinuzzi,841,https://stockanalysis.com/analysts/Eric-Martinuzzi/,14 Aug 2026
Lisa Lewandowski,843,https://stockanalysis.com/analysts/Lisa-Lewandowski/,07 Aug 2026
Sean McLoughlin,846,https://stockanalysis.com/analysts/Sean-McLoughlin/,08 May 2026
Glenn Schorr,851,https://stockanalysis.com/analysts/Glenn-Schorr/,10 Aug 2026
Jayson Bedford,852,https://stockanalysis.com/analysts/Jayson-Bedford/,07 Aug 2026
David Tarantino,853,https://stockanalysis.com/analysts/David-Tarantino/,23 Jul 2026
Gabriela Borges,854,https://stockanalysis.com/analysts/Gabriela-Borges/,07 Aug 2026
Matthew Bouley,855,https://stockanalysis.com/analysts/Matthew-Bouley/,11 Aug 2026
Scott Devitt,858,https://stockanalysis.com/analysts/Scott-Devitt/,03 Aug 2026
Craig Irwin,859,https://stockanalysis.com/analysts/Craig-Irwin/,13 Aug 2026
Kevin Heal,862,https://stockanalysis.com/analysts/Kevin-Heal/,14 Aug 2026
Howard Ma,863,https://stockanalysis.com/analysts/Howard-Ma/,12 Aug 2026
Casey Alexander,865,https://stockanalysis.com/analysts/Casey-Alexander/,10 Mar 2026
Kelly Bania,866,https://stockanalysis.com/analysts/Kelly-Bania/,14 Aug 2026
Michael Brown,867,https://stockanalysis.com/analysts/Michael-Brown/,14 Aug 2026
Victoria McCulloch,868,https://stockanalysis.com/analysts/Victoria-McCulloch/,31 Jul 2026
Christopher Horvers,871,https://stockanalysis.com/analysts/Christopher-Horvers/,10 Aug 2026
John Staszak,872,https://stockanalysis.com/analysts/John-Staszak/,10 Aug 2026
Curry Baker,874,https://stockanalysis.com/analysts/Curry-Baker/,14 Aug 2026
Timothy Horan,875,https://stockanalysis.com/analysts/Timothy-Horan/,14 Aug 2026
Doug Leggate,876,https://stockanalysis.com/analysts/Doug-Leggate/,03 Aug 2026
Benjamin Swinburne,877,https://stockanalysis.com/analysts/Benjamin-Swinburne/,16 Mar 2026
John Kernan,878,https://stockanalysis.com/analysts/John-Kernan/,04 Dec 2025
Catherine Novack,879,https://stockanalysis.com/analysts/Catherine-Novack/,31 Jul 2026
Mario Saric,884,https://stockanalysis.com/analysts/Mario-Saric/,11 Aug 2026
Liam Fitzpatrick,885,https://stockanalysis.com/analysts/Liam-Fitzpatrick/,14 Aug 2026
Ann Hynes,888,https://stockanalysis.com/analysts/Ann-Hynes/,11 Aug 2026
Jeremy Tonet,889,https://stockanalysis.com/analysts/Jeremy-Tonet/,04 Aug 2026
Matthew Hedberg,891,https://stockanalysis.com/analysts/Matthew-Hedberg/,14 Aug 2026
Youssef Squali,892,https://stockanalysis.com/analysts/Youssef-Squali/,14 Aug 2026
Shweta Khajuria,893,https://stockanalysis.com/analysts/Shweta-Khajuria/,03 Aug 2026
Martin Yang,894,https://stockanalysis.com/analysts/Martin-Yang/,11 Aug 2026
Oliver Wintermantel,896,https://stockanalysis.com/analysts/Oliver-Wintermantel/,07 Aug 2026
Andrew Sherman,898,https://stockanalysis.com/analysts/Andrew-Sherman/,10 Aug 2026
Kenneth Zener,899,https://stockanalysis.com/analysts/Kenneth-Zener/,06 Apr 2026
Peter Levine,900,https://stockanalysis.com/analysts/Peter-Levine/,07 Aug 2026
Jonathan Petersen,901,https://stockanalysis.com/analysts/Jonathan-Petersen/,10 Aug 2026
Ivan Feinseth,902,https://stockanalysis.com/analysts/Ivan-Feinseth/,14 Aug 2026
Edison Lee,903,https://stockanalysis.com/analysts/Edison-Lee/,13 Aug 2026
Scott Schneeberger,904,https://stockanalysis.com/analysts/Scott-Schneeberger/,14 Aug 2026
Jeff Martin,905,https://stockanalysis.com/analysts/Jeff-Martin/,14 Aug 2026
Mark Argento,907,https://stockanalysis.com/analysts/Mark-Argento/,07 Aug 2026
Zach Cummins,908,https://stockanalysis.com/analysts/Zach-Cummins/,14 Aug 2026
Anthony Crowdell,912,https://stockanalysis.com/analysts/Anthony-Crowdell/,11 Aug 2026
Lauren Silberman,913,https://stockanalysis.com/analysts/Lauren-Silberman/,13 Aug 2026
Louis Miscioscia,914,https://stockanalysis.com/analysts/Louis-Miscioscia/,12 May 2026
Mohammed Khallouf,915,https://stockanalysis.com/analysts/Mohammed-Khallouf/,10 Aug 2026
Michael Carroll,917,https://stockanalysis.com/analysts/Michael-Carroll/,14 Aug 2026
Matt Larew,918,https://stockanalysis.com/analysts/Matt-Larew/,14 Aug 2026
Joseph Stauff,920,https://stockanalysis.com/analysts/Joseph-Stauff/,13 Aug 2026
Yun Kim,921,https://stockanalysis.com/analysts/Yun-Kim/,04 Aug 2026
Jonathan Ho,922,https://stockanalysis.com/analysts/Jonathan-Ho/,13 Aug 2026
Patrick Scholes,923,https://stockanalysis.com/analysts/Patrick-Scholes/,11 Aug 2026
Salveen Richter,924,https://stockanalysis.com/analysts/Salveen-Richter/,11 Aug 2026
Eddie Hickman,927,https://stockanalysis.com/analysts/Eddie-Hickman/,14 Aug 2026
Paul Treiber,933,https://stockanalysis.com/analysts/Paul-Treiber/,14 Aug 2026
David Anderson,934,https://stockanalysis.com/analysts/David-Anderson/,13 Aug 2026
Philippe Houchois,935,https://stockanalysis.com/analysts/Philippe-Houchois/,10 Aug 2026
Joseph Catanzaro,937,https://stockanalysis.com/analysts/Joseph-Catanzaro/,13 Aug 2026
Yanan Zhu,940,https://stockanalysis.com/analysts/Yanan-Zhu/,14 Aug 2026
Andy Chen,944,https://stockanalysis.com/analysts/Andy-Chen/,04 Aug 2026
Vivek Juneja,948,https://stockanalysis.com/analysts/Vivek-Juneja/,04 Aug 2026
Elyse Greenspan,949,https://stockanalysis.com/analysts/Elyse-Greenspan/,10 Aug 2026
Kunal Madhukar,951,https://stockanalysis.com/analysts/Kunal-Madhukar/,12 Aug 2026
Paul Lejuez,952,https://stockanalysis.com/analysts/Paul-Lejuez/,14 Aug 2026
Gil Luria,953,https://stockanalysis.com/analysts/Gil-Luria/,14 Aug 2026
John Blackledge,954,https://stockanalysis.com/analysts/John-Blackledge/,14 Aug 2026
Asad Haider,956,https://stockanalysis.com/analysts/Asad-Haider/,06 Aug 2026
Nicolai Kempf,958,https://stockanalysis.com/analysts/Nicolai-Kempf/,14 Aug 2026
Stephen Laszczyk,959,https://stockanalysis.com/analysts/Stephen-Laszczyk/,11 Aug 2026
Marcio Farid,961,https://stockanalysis.com/analysts/Marcio-Farid/,31 Jul 2026
Christopher Snyder,965,https://stockanalysis.com/analysts/Christopher-Snyder/,10 Aug 2026
Joshua Shanker,966,https://stockanalysis.com/analysts/Joshua-Shanker/,12 Aug 2026
Joel Jackson,967,https://stockanalysis.com/analysts/Joel-Jackson/,14 Aug 2026
Steven Cahall,968,https://stockanalysis.com/analysts/Steven-Cahall/,14 Aug 2026
Brad Reback,971,https://stockanalysis.com/analysts/Brad-Reback/,11 Aug 2026
Richard Close,972,https://stockanalysis.com/analysts/Richard-Close/,11 Aug 2026
Adam Vogel,974,https://stockanalysis.com/analysts/Adam-Vogel/,12 Aug 2026
Brian Bittner,977,https://stockanalysis.com/analysts/Brian-Bittner/,13 Aug 2026
Brandon Oglenski,980,https://stockanalysis.com/analysts/Brandon-Oglenski/,07 Aug 2026
Bernie McTernan,981,https://stockanalysis.com/analysts/Bernie-McTernan/,13 Aug 2026
Stephen Ju,982,https://stockanalysis.com/analysts/Stephen-Ju/,13 Aug 2026
Crispin Love,988,https://stockanalysis.com/analysts/Crispin-Love/,11 Aug 2026
David Toung,989,https://stockanalysis.com/analysts/David-Toung/,07 Aug 2026
RJ Milligan,991,https://stockanalysis.com/analysts/RJ-Milligan/,28 Jul 2026
Dara Mohsenian,992,https://stockanalysis.com/analysts/Dara-Mohsenian/,13 Aug 2026
Andrew Liesch,994,https://stockanalysis.com/analysts/Andrew-Liesch/,08 Jul 2026
Josh Nichols,995,https://stockanalysis.com/analysts/Josh-Nichols/,07 Aug 2026
Ross Sparenblek,999,https://stockanalysis.com/analysts/Ross-Sparenblek/,11 Aug 2026
Mark Murphy,1008,https://stockanalysis.com/analysts/Mark-Murphy/,14 Jul 2026
Peter Heckmann,1009,https://stockanalysis.com/analysts/Peter-Heckmann/,11 Aug 2026
Keith Bachman,1010,https://stockanalysis.com/analysts/Keith-Bachman/,14 Aug 2026
Stephen Willey,1011,https://stockanalysis.com/analysts/Stephen-Willey/,14 Aug 2026
Steven Seedhouse,1013,https://stockanalysis.com/analysts/Steven-Seedhouse/,14 Aug 2026
Mitchell Kapoor,1014,https://stockanalysis.com/analysts/Mitchell-Kapoor/,14 Aug 2026
Darren Aftahi,1015,https://stockanalysis.com/analysts/Darren-Aftahi/,11 Aug 2026
Katherine Lei,1018,https://stockanalysis.com/analysts/Katherine-Lei/,11 Aug 2026
Peter Winter,1022,https://stockanalysis.com/analysts/Peter-Winter/,03 Aug 2026
Alex Scott,1024,https://stockanalysis.com/analysts/Alex-Scott/,13 Aug 2026
Craig Hettenbach,1026,https://stockanalysis.com/analysts/Craig-Hettenbach/,14 Aug 2026
Phillip Jungwirth,1027,https://stockanalysis.com/analysts/Phillip-Jungwirth/,28 Jul 2026
Martin Auster,1028,https://stockanalysis.com/analysts/Martin-Auster/,11 Aug 2026
Yuan Zhi,1030,https://stockanalysis.com/analysts/Yuan-Zhi/,10 Aug 2026
Gautam Chhugani,1031,https://stockanalysis.com/analysts/Gautam-Chhugani/,13 Aug 2026
Brian Kinstlinger,1032,https://stockanalysis.com/analysts/Brian-Kinstlinger/,13 Aug 2026
Alexandra Yates,1033,https://stockanalysis.com/analysts/Alexandra-Yates/,31 Jul 2026
Janet Lee,1035,https://stockanalysis.com/analysts/Janet-Lee/,03 Aug 2026
Owen Lau,1038,https://stockanalysis.com/analysts/Owen-Lau/,14 Aug 2026
Erika Najarian,1039,https://stockanalysis.com/analysts/Erika-Najarian/,05 Aug 2026
Tami Zakaria,1041,https://stockanalysis.com/analysts/Tami-Zakaria/,14 Aug 2026
Michael Diana,1042,https://stockanalysis.com/analysts/Michael-Diana/,14 Aug 2026
Tycho Peterson,1045,https://stockanalysis.com/analysts/Tycho-Peterson/,07 Aug 2026
Michael Baker,1046,https://stockanalysis.com/analysts/Michael-Baker/,11 Aug 2026
Brian Cheng,1047,https://stockanalysis.com/analysts/Brian-Cheng/,12 Aug 2026
Todd Coupland,1048,https://stockanalysis.com/analysts/Todd-Coupland/,14 Aug 2026
Ian Zaffino,1049,https://stockanalysis.com/analysts/Ian-Zaffino/,12 Aug 2026
Bennett Moore,1050,https://stockanalysis.com/analysts/Bennett-Moore/,14 Aug 2026
Ronald Kamdem,1054,https://stockanalysis.com/analysts/Ronald-Kamdem/,14 Aug 2026
Brian Mullan,1055,https://stockanalysis.com/analysts/Brian-Mullan/,12 Aug 2026
Omotayo Okusanya,1057,https://stockanalysis.com/analysts/Omotayo-Okusanya/,22 Jul 2026
Kevin Chiang,1058,https://stockanalysis.com/analysts/Kevin-Chiang/,14 Aug 2026
Raimo Lenschow,1059,https://stockanalysis.com/analysts/Raimo-Lenschow/,14 Aug 2026
Jeff Johnson,1060,https://stockanalysis.com/analysts/Jeff-Johnson/,07 Aug 2026
Subash Chandra,1061,https://stockanalysis.com/analysts/Subash-Chandra/,11 Aug 2026
Chad Dillard,1066,https://stockanalysis.com/analysts/Chad-Dillard/,13 Aug 2026
Robert Stallard,1068,https://stockanalysis.com/analysts/Robert-Stallard/,01 Jul 2026
Douglas Harned,1071,https://stockanalysis.com/analysts/Douglas-Harned/,06 Aug 2026
Eric Coldwell,1074,https://stockanalysis.com/analysts/Eric-Coldwell/,11 Aug 2026
Rafe Jadrosich,1075,https://stockanalysis.com/analysts/Rafe-Jadrosich/,07 Aug 2026
Jeff Cantwell,1076,https://stockanalysis.com/analysts/Jeff-Cantwell/,24 May 2026
Anthony Petrone,1077,https://stockanalysis.com/analysts/Anthony-Petrone/,13 Aug 2026
Mark Zgutowicz,1078,https://stockanalysis.com/analysts/Mark-Zgutowicz/,11 Aug 2026
Michael Zaremski,1082,https://stockanalysis.com/analysts/Michael-Zaremski/,13 Aug 2026
Alexander Pearce,1083,https://stockanalysis.com/analysts/Alexander-Pearce/,22 Jul 2026
Tobey Sommer,1084,https://stockanalysis.com/analysts/Tobey-Sommer/,13 Aug 2026
Jessica Fye,1086,https://stockanalysis.com/analysts/Jessica-Fye/,14 Aug 2026
Andy Barish,1088,https://stockanalysis.com/analysts/Andy-Barish/,05 Aug 2026
Michael Rose,1089,https://stockanalysis.com/analysts/Michael-Rose/,23 Jul 2026
Troy Jensen,1090,https://stockanalysis.com/analysts/Troy-Jensen/,11 Aug 2026
Nelson Ng,1095,https://stockanalysis.com/analysts/Nelson-Ng/,14 Aug 2026
Lisa Gill,1096,https://stockanalysis.com/analysts/Lisa-Gill/,14 Aug 2026
Barton Crockett,1097,https://stockanalysis.com/analysts/Barton-Crockett/,13 Aug 2026
George Hill,1098,https://stockanalysis.com/analysts/George-Hill/,13 Aug 2026
Eric Sheridan,1099,https://stockanalysis.com/analysts/Eric-Sheridan/,11 Aug 2026
Colin Sebastian,1100,https://stockanalysis.com/analysts/Colin-Sebastian/,10 Aug 2026
Michael Latimore,1102,https://stockanalysis.com/analysts/Michael-Latimore/,14 Aug 2026
Matthew Galinko,1103,https://stockanalysis.com/analysts/Matthew-Galinko/,14 Aug 2026
Tim Anderson,1110,https://stockanalysis.com/analysts/Tim-Anderson/,18 Dec 2025
Christopher Marinac,1111,https://stockanalysis.com/analysts/Christopher-Marinac/,12 Jun 2026
Ralph Schackart,1113,https://stockanalysis.com/analysts/Ralph-Schackart/,13 Aug 2026
Michael Elias,1114,https://stockanalysis.com/analysts/Michael-Elias/,14 Aug 2026
Steven Forbes,1115,https://stockanalysis.com/analysts/Steven-Forbes/,06 Aug 2026
Thomas Wadewitz,1117,https://stockanalysis.com/analysts/Thomas-Wadewitz/,07 Aug 2026
Dan Dolev,1118,https://stockanalysis.com/analysts/Dan-Dolev/,12 Aug 2026
Thomas Chong,1120,https://stockanalysis.com/analysts/Thomas-Chong/,04 Aug 2026
Michael Kupinski,1121,https://stockanalysis.com/analysts/Michael-Kupinski/,14 Aug 2026
Joshua Chan,1129,https://stockanalysis.com/analysts/Joshua-Chan/,14 Aug 2026
Mark Lear,1131,https://stockanalysis.com/analysts/Mark-Lear/,10 Apr 2026
Matthew Boss,1133,https://stockanalysis.com/analysts/Matthew-Boss/,13 Aug 2026
Thomas Flaten,1134,https://stockanalysis.com/analysts/Thomas-Flaten/,11 Aug 2026
Tiago Fauth,1135,https://stockanalysis.com/analysts/Tiago-Fauth/,13 Aug 2026
Greg Gibas,1136,https://stockanalysis.com/analysts/Greg-Gibas/,11 Aug 2026
Matthew Martino,1137,https://stockanalysis.com/analysts/Matthew-Martino/,12 Aug 2026
Terry McEvoy,1143,https://stockanalysis.com/analysts/Terry-McEvoy/,16 Jul 2026
Michael Feniger,1145,https://stockanalysis.com/analysts/Michael-Feniger/,11 Aug 2026
Jon Tower,1147,https://stockanalysis.com/analysts/Jon-Tower/,13 Aug 2026
Trey Grooms,1149,https://stockanalysis.com/analysts/Trey-Grooms/,07 Aug 2026
Reuben Garner,1150,https://stockanalysis.com/analysts/Reuben-Garner/,14 Aug 2026
Ingo Wermann,1154,https://stockanalysis.com/analysts/Ingo-Wermann/,13 Aug 2026
Ashwani Verma,1155,https://stockanalysis.com/analysts/Ashwani-Verma/,13 Aug 2026
Eric Luebchow,1157,https://stockanalysis.com/analysts/Eric-Luebchow/,10 Aug 2026
Matthew Taylor,1158,https://stockanalysis.com/analysts/Matthew-Taylor/,06 Aug 2026
Timothy Wojs,1160,https://stockanalysis.com/analysts/Timothy-Wojs/,11 Aug 2026
Sean McCutcheon,1161,https://stockanalysis.com/analysts/Sean-McCutcheon/,06 Aug 2026
Joseph Altobello,1162,https://stockanalysis.com/analysts/Joseph-Altobello/,07 Aug 2026
Robert Driscoll,1163,https://stockanalysis.com/analysts/Robert-Driscoll/,14 Aug 2026
Maury Raycroft,1164,https://stockanalysis.com/analysts/Maury-Raycroft/,06 Aug 2026
Guy Hardwick,1167,https://stockanalysis.com/analysts/Guy-Hardwick/,13 Aug 2026
Gavin Parsons,1168,https://stockanalysis.com/analysts/Gavin-Parsons/,07 Aug 2026
Ross Fowler,1170,https://stockanalysis.com/analysts/Ross-Fowler/,13 Aug 2026
Zach Parham,1171,https://stockanalysis.com/analysts/Zach-Parham/,06 May 2026
Kurt Yinger,1172,https://stockanalysis.com/analysts/Kurt-Yinger/,10 Aug 2026
Kirk Materne,1174,https://stockanalysis.com/analysts/Kirk-Materne/,13 Aug 2026
Amit Mehrotra,1176,https://stockanalysis.com/analysts/Amit-Mehrotra/,07 Aug 2026
Ben Hendrix,1177,https://stockanalysis.com/analysts/Ben-Hendrix/,11 Aug 2026
Bradley Canino,1178,https://stockanalysis.com/analysts/Bradley-Canino/,06 Aug 2026
Luke Sergott,1179,https://stockanalysis.com/analysts/Luke-Sergott/,10 Aug 2026
Mark Smith,1180,https://stockanalysis.com/analysts/Mark-Smith/,07 Aug 2026
Timothy Coffey,1182,https://stockanalysis.com/analysts/Timothy-Coffey/,30 Jul 2026
Jeff Schmitt,1186,https://stockanalysis.com/analysts/Jeff-Schmitt/,14 Aug 2026
Duane Pfennigwerth,1188,https://stockanalysis.com/analysts/Duane-Pfennigwerth/,07 Aug 2026
Sanjit Singh,1189,https://stockanalysis.com/analysts/Sanjit-Singh/,10 Aug 2026
Patrick Colville,1191,https://stockanalysis.com/analysts/Patrick-Colville/,14 Aug 2026
Alex Markgraff,1192,https://stockanalysis.com/analysts/Alex-Markgraff/,10 Aug 2026
Kelly Motta,1195,https://stockanalysis.com/analysts/Kelly-Motta/,03 Aug 2026
Daniel Cardenas,1196,https://stockanalysis.com/analysts/Daniel-Cardenas/,12 Mar 2026
Timur Braziler,1200,https://stockanalysis.com/analysts/Timur-Braziler/,10 Aug 2026
Pito Chickering,1201,https://stockanalysis.com/analysts/Pito-Chickering/,06 Aug 2026
Derick Ma,1203,https://stockanalysis.com/analysts/Derick-Ma/,24 Jul 2026
Kannan Venkateshwar,1204,https://stockanalysis.com/analysts/Kannan-Venkateshwar/,07 Aug 2026
Ketan Mamtora,1214,https://stockanalysis.com/analysts/Ketan-Mamtora/,13 Aug 2026
Todd Thomas,1215,https://stockanalysis.com/analysts/Todd-Thomas/,12 Aug 2026
Bill Selesky,1218,https://stockanalysis.com/analysts/Bill-Selesky/,14 Aug 2026
Bryan Keane,1219,https://stockanalysis.com/analysts/Bryan-Keane/,10 Aug 2026
Jonathan Goldman,1220,https://stockanalysis.com/analysts/Jonathan-Goldman/,11 Aug 2026
Brandt Montour,1222,https://stockanalysis.com/analysts/Brandt-Montour/,11 Aug 2026
Thomas Shrader,1223,https://stockanalysis.com/analysts/Thomas-Shrader/,13 Aug 2026
Andrew Steinerman,1229,https://stockanalysis.com/analysts/Andrew-Steinerman/,13 Aug 2026
Bret Jordan,1231,https://stockanalysis.com/analysts/Bret-Jordan/,13 Aug 2026
Eugene Hsiao,1232,https://stockanalysis.com/analysts/Eugene-Hsiao/,29 May 2026
Daryl Young,1233,https://stockanalysis.com/analysts/Daryl-Young/,13 Aug 2026
Duffy Fischer,1236,https://stockanalysis.com/analysts/Duffy-Fischer/,09 Aug 2026
Adam Berlin,1237,https://stockanalysis.com/analysts/Adam-Berlin/,07 Aug 2026
Jon Windham,1238,https://stockanalysis.com/analysts/Jon-Windham/,14 Aug 2026
Biren Amin,1240,https://stockanalysis.com/analysts/Biren-Amin/,13 Aug 2026
Mark Cash,1241,https://stockanalysis.com/analysts/Mark-Cash/,07 Aug 2026
David Bishop,1245,https://stockanalysis.com/analysts/David-Bishop/,27 Jul 2026
Jimmy Shan,1249,https://stockanalysis.com/analysts/Jimmy-Shan/,12 Aug 2026
Mauricio Serna,1252,https://stockanalysis.com/analysts/Mauricio-Serna/,14 Aug 2026
Manan Gosalia,1253,https://stockanalysis.com/analysts/Manan-Gosalia/,05 Aug 2026
Aleksey Yefremov,1255,https://stockanalysis.com/analysts/Aleksey-Yefremov/,04 Mar 2026
Christopher Nolan,1260,https://stockanalysis.com/analysts/Christopher-Nolan/,07 Aug 2026
Kristina Ruggeri,1261,https://stockanalysis.com/analysts/Kristina-Ruggeri/,10 Aug 2026
John Hodulik,1263,https://stockanalysis.com/analysts/John-Hodulik/,14 Aug 2026
Greg Melich,1265,https://stockanalysis.com/analysts/Greg-Melich/,07 Aug 2026
Meta Marshall,1267,https://stockanalysis.com/analysts/Meta-Marshall/,14 Aug 2026
Thomas Blakey,1269,https://stockanalysis.com/analysts/Thomas-Blakey/,10 Aug 2026
Sabahat Khan,1270,https://stockanalysis.com/analysts/Sabahat-Khan/,14 Aug 2026
Eric Joseph,1271,https://stockanalysis.com/analysts/Eric-Joseph/,14 Aug 2026
Suraj Kalia,1272,https://stockanalysis.com/analysts/Suraj-Kalia/,12 Aug 2026
Alexander Slagle,1276,https://stockanalysis.com/analysts/Alexander-Slagle/,14 May 2026
John Lovallo,1281,https://stockanalysis.com/analysts/John-Lovallo/,11 Aug 2026
Christopher Stathoulopoulos,1282,https://stockanalysis.com/analysts/Christopher-Stathoulopoulos/,11 Aug 2026
Alan Gould,1283,https://stockanalysis.com/analysts/Alan-Gould/,04 Jun 2026
Noah Poponak,1285,https://stockanalysis.com/analysts/Noah-Poponak/,11 Aug 2026
Michael Linenberg,1286,https://stockanalysis.com/analysts/Michael-Linenberg/,31 Jul 2026
Michael Swartz,1287,https://stockanalysis.com/analysts/Michael-Swartz/,21 Apr 2026
Kalpit Patel,1288,https://stockanalysis.com/analysts/Kalpit-Patel/,11 Aug 2026
Mark Carden,1291,https://stockanalysis.com/analysts/Mark-Carden/,13 Aug 2026
David Raso,1293,https://stockanalysis.com/analysts/David-Raso/,02 Aug 2026
Rajesh Kumar,1295,https://stockanalysis.com/analysts/Rajesh-Kumar/,13 Jul 2026
Richard Newitter,1298,https://stockanalysis.com/analysts/Richard-Newitter/,11 Aug 2026
Philip Shen,1299,https://stockanalysis.com/analysts/Philip-Shen/,14 Aug 2026
Richard Choe,1301,https://stockanalysis.com/analysts/Richard-Choe/,10 Aug 2026
Kelsey Chia,1303,https://stockanalysis.com/analysts/Kelsey-Chia/,31 Jul 2026
Tazeen Ahmad,1312,https://stockanalysis.com/analysts/Tazeen-Ahmad/,14 Aug 2026
Corinne Johnson,1313,https://stockanalysis.com/analysts/Corinne-Johnson/,16 Jul 2026
David Stanton,1314,https://stockanalysis.com/analysts/David-Stanton/,13 Aug 2026
Tate Sullivan,1316,https://stockanalysis.com/analysts/Tate-Sullivan/,14 Aug 2026
David Long,1317,https://stockanalysis.com/analysts/David-Long/,01 Jul 2026
Mike Kratky,1318,https://stockanalysis.com/analysts/Mike-Kratky/,06 Aug 2026
Scott Group,1324,https://stockanalysis.com/analysts/Scott-Group/,11 Aug 2026
Jake Fuller,1327,https://stockanalysis.com/analysts/Jake-Fuller/,12 Aug 2026
Sangita Jain,1329,https://stockanalysis.com/analysts/Sangita-Jain/,14 Aug 2026
Gerry Sweeney,1330,https://stockanalysis.com/analysts/Gerry-Sweeney/,07 Aug 2026
Alec Stranahan,1331,https://stockanalysis.com/analysts/Alec-Stranahan/,14 Aug 2026
Connor Murphy,1333,https://stockanalysis.com/analysts/Connor-Murphy/,10 Aug 2026
Rustam Kanga,1334,https://stockanalysis.com/analysts/Rustam-Kanga/,04 Aug 2026
Lance Wilkes,1337,https://stockanalysis.com/analysts/Lance-Wilkes/,14 Aug 2026
Jimmy Bhullar,1338,https://stockanalysis.com/analysts/Jimmy-Bhullar/,20 Apr 2026
Paul Choi,1340,https://stockanalysis.com/analysts/Paul-Choi/,11 Aug 2026
Brian Tanquilut,1341,https://stockanalysis.com/analysts/Brian-Tanquilut/,31 Jul 2026
Rick Patel,1342,https://stockanalysis.com/analysts/Rick-Patel/,12 Aug 2026
Tavy Rosner,1349,https://stockanalysis.com/analysts/Tavy-Rosner/,18 Mar 2026
Brian Nowak,1350,https://stockanalysis.com/analysts/Brian-Nowak/,07 Aug 2026
Robbie Marcus,1352,https://stockanalysis.com/analysts/Robbie-Marcus/,14 Aug 2026
Stephen Byrd,1354,https://stockanalysis.com/analysts/Stephen-Byrd/,13 Aug 2026
David Deckelbaum,1355,https://stockanalysis.com/analysts/David-Deckelbaum/,26 Mar 2026
David Dai,1357,https://stockanalysis.com/analysts/David-Dai/,05 Aug 2026
Chiara Battistini,1358,https://stockanalysis.com/analysts/Chiara-Battistini/,13 Aug 2026
Robert Kad,1360,https://stockanalysis.com/analysts/Robert-Kad/,12 Aug 2026
Chris Parkinson,1361,https://stockanalysis.com/analysts/Chris-Parkinson/,10 Aug 2026
John Royall,1362,https://stockanalysis.com/analysts/John-Royall/,10 Aug 2026
Jordan Alliger,1363,https://stockanalysis.com/analysts/Jordan-Alliger/,04 Aug 2026
Joe Feldman,1364,https://stockanalysis.com/analysts/Joe-Feldman/,14 Aug 2026
Justin Kim,1365,https://stockanalysis.com/analysts/Justin-Kim/,08 Jun 2026
Peter Keith,1366,https://stockanalysis.com/analysts/Peter-Keith/,14 Aug 2026
Andreas Argyrides,1367,https://stockanalysis.com/analysts/Andreas-Argyrides/,06 Jul 2026
Vikram Gandhi,1371,https://stockanalysis.com/analysts/Vikram-Gandhi/,20 Jul 2026
Sudan Loganathan,1373,https://stockanalysis.com/analysts/Sudan-Loganathan/,04 Jun 2026
Ghansham Panjabi,1380,https://stockanalysis.com/analysts/Ghansham-Panjabi/,13 Aug 2026
Stephanie Price,1381,https://stockanalysis.com/analysts/Stephanie-Price/,14 Aug 2026
Anne Ling,1384,https://stockanalysis.com/analysts/Anne-Ling/,13 Aug 2026
Justin Lake,1388,https://stockanalysis.com/analysts/Justin-Lake/,05 May 2026
David Vogt,1391,https://stockanalysis.com/analysts/David-Vogt/,13 Aug 2026
Steven Fisher,1393,https://stockanalysis.com/analysts/Steven-Fisher/,10 Aug 2026
Sean Steuart,1394,https://stockanalysis.com/analysts/Sean-Steuart/,10 Aug 2026
Savanthi Syth,1397,https://stockanalysis.com/analysts/Savanthi-Syth/,11 Aug 2026
David Katz,1399,https://stockanalysis.com/analysts/David-Katz/,13 Aug 2026
Rowland Mayor,1400,https://stockanalysis.com/analysts/Rowland-Mayor/,07 Aug 2026
Damian Karas,1402,https://stockanalysis.com/analysts/Damian-Karas/,05 Aug 2026
Kyle Joseph,1405,https://stockanalysis.com/analysts/Kyle-Joseph/,11 Aug 2026
Steven Alexopoulos,1406,https://stockanalysis.com/analysts/Steven-Alexopoulos/,27 Jul 2026
John Babcock,1407,https://stockanalysis.com/analysts/John-Babcock/,11 Aug 2026
John Colantuoni,1409,https://stockanalysis.com/analysts/John-Colantuoni/,10 Aug 2026
Chris Schott,1410,https://stockanalysis.com/analysts/Chris-Schott/,11 Aug 2026
Nigel Coe,1411,https://stockanalysis.com/analysts/Nigel-Coe/,21 Jul 2026
Austin Bohlig,1412,https://stockanalysis.com/analysts/Austin-Bohlig/,13 Aug 2026
Richard Garchitorena,1417,https://stockanalysis.com/analysts/Richard-Garchitorena/,13 Aug 2026
David Motemaden,1419,https://stockanalysis.com/analysts/David-Motemaden/,13 Aug 2026
Peter Supino,1420,https://stockanalysis.com/analysts/Peter-Supino/,09 Aug 2026
Jared Shaw,1421,https://stockanalysis.com/analysts/Jared-Shaw/,10 Aug 2026
Andrei Stadnik,1423,https://stockanalysis.com/analysts/Andrei-Stadnik/,27 Apr 2026
Bonnie Herzog,1426,https://stockanalysis.com/analysts/Bonnie-Herzog/,10 Aug 2026
Louie DiPalma,1427,https://stockanalysis.com/analysts/Louie-DiPalma/,14 Aug 2026
Josh Baer,1428,https://stockanalysis.com/analysts/Josh-Baer/,16 Jul 2026
James Hardiman,1429,https://stockanalysis.com/analysts/James-Hardiman/,11 Aug 2026
Prakhar Agrawal,1430,https://stockanalysis.com/analysts/Prakhar-Agrawal/,17 Jul 2026
Adithya Metuku,1436,https://stockanalysis.com/analysts/Adithya-Metuku/,27 Jul 2026
Jeffrey Spector,1437,https://stockanalysis.com/analysts/Jeffrey-Spector/,13 Aug 2026
Pablo Monsivais,1439,https://stockanalysis.com/analysts/Pablo-Monsivais/,15 May 2026
Buck Horne,1441,https://stockanalysis.com/analysts/Buck-Horne/,10 Jul 2026
Brian Ossenbeck,1442,https://stockanalysis.com/analysts/Brian-Ossenbeck/,10 Aug 2026
Uy Ear,1446,https://stockanalysis.com/analysts/Uy-Ear/,11 Aug 2026
Matthew Weston,1451,https://stockanalysis.com/analysts/Matthew-Weston/,07 Aug 2026
Vijay Kumar,1457,https://stockanalysis.com/analysts/Vijay-Kumar/,07 Aug 2026
Mathew Blackman,1459,https://stockanalysis.com/analysts/Mathew-Blackman/,06 Aug 2026
Jeffrey Silber,1460,https://stockanalysis.com/analysts/Jeffrey-Silber/,14 Aug 2026
Matthew Caufield,1461,https://stockanalysis.com/analysts/Matthew-Caufield/,14 Aug 2026
Bhavesh Lodaya,1464,https://stockanalysis.com/analysts/Bhavesh-Lodaya/,07 Aug 2026
Barry Sine,1467,https://stockanalysis.com/analysts/Barry-Sine/,04 Aug 2026
William Janela,1470,https://stockanalysis.com/analysts/William-Janela/,04 Aug 2026
Andrew Charles,1471,https://stockanalysis.com/analysts/Andrew-Charles/,13 Aug 2026
Justin Patterson,1472,https://stockanalysis.com/analysts/Justin-Patterson/,10 Aug 2026
Luke Hannan,1473,https://stockanalysis.com/analysts/Luke-Hannan/,06 Aug 2026
Leland Gershell,1474,https://stockanalysis.com/analysts/Leland-Gershell/,14 Aug 2026
Geulah Livshits,1475,https://stockanalysis.com/analysts/Geulah-Livshits/,07 Jul 2026
Joseph Cardoso,1479,https://stockanalysis.com/analysts/Joseph-Cardoso/,12 Aug 2026
Harshita Rawat,1480,https://stockanalysis.com/analysts/Harshita-Rawat/,12 Aug 2026
Andrew Terrell,1481,https://stockanalysis.com/analysts/Andrew-Terrell/,06 Aug 2026
Daniel Stauder,1485,https://stockanalysis.com/analysts/Daniel-Stauder/,08 May 2026
Marcelo Santos,1486,https://stockanalysis.com/analysts/Marcelo-Santos/,11 Aug 2026
Bill Peterson,1489,https://stockanalysis.com/analysts/Bill-Peterson/,10 Aug 2026
Daniel Kurnos,1490,https://stockanalysis.com/analysts/Daniel-Kurnos/,10 Aug 2026
Steve Fleishman,1497,https://stockanalysis.com/analysts/Steve-Fleishman/,11 Aug 2026
Michael Rehaut,1498,https://stockanalysis.com/analysts/Michael-Rehaut/,16 Jun 2026
Mark Altschwager,1501,https://stockanalysis.com/analysts/Mark-Altschwager/,07 Aug 2026
Dennis Ip,1502,https://stockanalysis.com/analysts/Dennis-Ip/,22 May 2026
Robert Wasserman,1505,https://stockanalysis.com/analysts/Robert-Wasserman/,10 Aug 2026
Daniil Gataulin,1506,https://stockanalysis.com/analysts/Daniil-Gataulin/,25 Jun 2026
Ari Klein,1511,https://stockanalysis.com/analysts/Ari-Klein/,10 Aug 2026
Adam Klauber,1512,https://stockanalysis.com/analysts/Adam-Klauber/,15 Aug 2026
Alexei Gogolev,1513,https://stockanalysis.com/analysts/Alexei-Gogolev/,12 Aug 2026
Mathieu Robilliard,1514,https://stockanalysis.com/analysts/Mathieu-Robilliard/,10 Aug 2026
Cameron Bean,1515,https://stockanalysis.com/analysts/Cameron-Bean/,01 Apr 2026
Steven Delaney,1516,https://stockanalysis.com/analysts/Steven-Delaney/,04 Aug 2026
Mark Strouse,1517,https://stockanalysis.com/analysts/Mark-Strouse/,10 Aug 2026
Stephen Grambling,1525,https://stockanalysis.com/analysts/Stephen-Grambling/,12 Aug 2026
Amos Fletcher,1526,https://stockanalysis.com/analysts/Amos-Fletcher/,04 Aug 2026
Daniel Politzer,1528,https://stockanalysis.com/analysts/Daniel-Politzer/,12 Aug 2026
Daniel Osley,1531,https://stockanalysis.com/analysts/Daniel-Osley/,05 Aug 2026
Alex Irving,1538,https://stockanalysis.com/analysts/Alex-Irving/,11 Aug 2026
Kevin Garrigan,1539,https://stockanalysis.com/analysts/Kevin-Garrigan/,14 Aug 2026
Jonathan Matuszewski,1540,https://stockanalysis.com/analysts/Jonathan-Matuszewski/,05 Aug 2026
Thomas Champion,1541,https://stockanalysis.com/analysts/Thomas-Champion/,13 Aug 2026
Michael Shlisky,1542,https://stockanalysis.com/analysts/Michael-Shlisky/,10 Aug 2026
Brian Martin,1544,https://stockanalysis.com/analysts/Brian-Martin/,07 Aug 2026
Paul Fremont,1548,https://stockanalysis.com/analysts/Paul-Fremont/,05 Aug 2026
Caitlin Roberts,1549,https://stockanalysis.com/analysts/Caitlin-Roberts/,12 Aug 2026
Bruno Amorim,1551,https://stockanalysis.com/analysts/Bruno-Amorim/,05 Aug 2026
Kevin Grundy,1552,https://stockanalysis.com/analysts/Kevin-Grundy/,08 Jul 2026
Michael Roxland,1553,https://stockanalysis.com/analysts/Michael-Roxland/,13 Aug 2026
Charles Rhyee,1556,https://stockanalysis.com/analysts/Charles-Rhyee/,13 Aug 2026
Michael Binetti,1557,https://stockanalysis.com/analysts/Michael-Binetti/,13 Aug 2026
Robert Ohmes,1558,https://stockanalysis.com/analysts/Robert-Ohmes/,12 Aug 2026
Marc Bianchi,1559,https://stockanalysis.com/analysts/Marc-Bianchi/,12 Aug 2026
Jeff Grampp,1560,https://stockanalysis.com/analysts/Jeff-Grampp/,14 Aug 2026
Radi Sultan,1561,https://stockanalysis.com/analysts/Radi-Sultan/,07 Aug 2026
Ben Mohr,1563,https://stockanalysis.com/analysts/Ben-Mohr/,14 Aug 2026
Hanwen Chang,1564,https://stockanalysis.com/analysts/Hanwen-Chang/,13 Aug 2026
Anthony Codling,1566,https://stockanalysis.com/analysts/Anthony-Codling/,11 Aug 2026
Michael Ryskin,1567,https://stockanalysis.com/analysts/Michael-Ryskin/,14 Aug 2026
Simeon Gutman,1568,https://stockanalysis.com/analysts/Simeon-Gutman/,14 Aug 2026
Robert Drbul,1570,https://stockanalysis.com/analysts/Robert-Drbul/,14 Aug 2026
Brian Vaccaro,1571,https://stockanalysis.com/analysts/Brian-Vaccaro/,12 Aug 2026
Daniel Arias,1572,https://stockanalysis.com/analysts/Daniel-Arias/,13 Aug 2026
Steven Etoch,1573,https://stockanalysis.com/analysts/Steven-Etoch/,27 Jul 2026
Ruplu Bhattacharya,1577,https://stockanalysis.com/analysts/Ruplu-Bhattacharya/,12 Aug 2026
Simon Coles,1579,https://stockanalysis.com/analysts/Simon-Coles/,05 Aug 2026
Emma Xu,1580,https://stockanalysis.com/analysts/Emma-Xu/,10 Aug 2026
Jed Kelly,1583,https://stockanalysis.com/analysts/Jed-Kelly/,13 Aug 2026
Thomas Stephan,1584,https://stockanalysis.com/analysts/Thomas-Stephan/,13 Aug 2026
Robert Jamieson,1586,https://stockanalysis.com/analysts/Robert-Jamieson/,27 May 2026
Karen Holthouse,1588,https://stockanalysis.com/analysts/Karen-Holthouse/,13 Aug 2026
Shlomo Rosenbaum,1593,https://stockanalysis.com/analysts/Shlomo-Rosenbaum/,14 Aug 2026
Kash Rangan,1595,https://stockanalysis.com/analysts/Kash-Rangan/,02 Feb 2026
Thomas Gallagher,1600,https://stockanalysis.com/analysts/Thomas-Gallagher/,07 Aug 2026
Michael Cherny,1604,https://stockanalysis.com/analysts/Michael-Cherny/,11 Aug 2026
Reginald Smith,1605,https://stockanalysis.com/analysts/Reginald-Smith/,08 Jul 2026
Carter Gould,1607,https://stockanalysis.com/analysts/Carter-Gould/,06 Aug 2026
Brian Peterson,1611,https://stockanalysis.com/analysts/Brian-Peterson/,07 Aug 2026
Patrick Walravens,1612,https://stockanalysis.com/analysts/Patrick-Walravens/,07 Aug 2026
Venugopal Garre,1618,https://stockanalysis.com/analysts/Venugopal-Garre/,04 Aug 2026
Tommy Moll,1619,https://stockanalysis.com/analysts/Tommy-Moll/,07 Aug 2026
Roger Boyd,1622,https://stockanalysis.com/analysts/Roger-Boyd/,11 Aug 2026
Lauren Lieberman,1623,https://stockanalysis.com/analysts/Lauren-Lieberman/,10 Aug 2026
Sarah James,1624,https://stockanalysis.com/analysts/Sarah-James/,10 Aug 2026
Tyler Radke,1626,https://stockanalysis.com/analysts/Tyler-Radke/,14 Aug 2026
Christopher Nardone,1628,https://stockanalysis.com/analysts/Christopher-Nardone/,12 Aug 2026
William Plovanic,1629,https://stockanalysis.com/analysts/William-Plovanic/,13 Aug 2026
Russell Gunther,1633,https://stockanalysis.com/analysts/Russell-Gunther/,12 Aug 2026
Dan Bergstrom,1634,https://stockanalysis.com/analysts/Dan-Bergstrom/,30 Jul 2026
Jasper Bibb,1635,https://stockanalysis.com/analysts/Jasper-Bibb/,12 Aug 2026
Sebastiano Petti,1639,https://stockanalysis.com/analysts/Sebastiano-Petti/,13 Aug 2026
Benjamin Theurer,1640,https://stockanalysis.com/analysts/Benjamin-Theurer/,12 Aug 2026
Adam Jonas,1641,https://stockanalysis.com/analysts/Adam-Jonas/,14 Aug 2026
Adam Tindle,1642,https://stockanalysis.com/analysts/Adam-Tindle/,11 Aug 2026
Pete Stavropoulos,1644,https://stockanalysis.com/analysts/Pete-Stavropoulos/,10 Aug 2026
Emily Bodnar,1645,https://stockanalysis.com/analysts/Emily-Bodnar/,14 Aug 2026
Sergey Glinyanov,1647,https://stockanalysis.com/analysts/Sergey-Glinyanov/,10 Aug 2026
Anthony Hau,1651,https://stockanalysis.com/analysts/Anthony-Hau/,28 Jul 2026
Tom Narayan,1655,https://stockanalysis.com/analysts/Tom-Narayan/,14 Aug 2026
Brian Schwartz,1656,https://stockanalysis.com/analysts/Brian-Schwartz/,07 Aug 2026
Jon Hickman,1657,https://stockanalysis.com/analysts/Jon-Hickman/,11 Aug 2026
Jason Bandel,1661,https://stockanalysis.com/analysts/Jason-Bandel/,07 Aug 2026
Ben Kallo,1670,https://stockanalysis.com/analysts/Ben-Kallo/,11 Aug 2026
Anthony Bonadio,1671,https://stockanalysis.com/analysts/Anthony-Bonadio/,07 Aug 2026
Andrew Weisel,1673,https://stockanalysis.com/analysts/Andrew-Weisel/,10 Aug 2026
Owen Rickert,1674,https://stockanalysis.com/analysts/Owen-Rickert/,13 Aug 2026
Laurie Havener,1676,https://stockanalysis.com/analysts/Laurie-Havener/,29 Jul 2026
Merrill Ross,1677,https://stockanalysis.com/analysts/Merrill-Ross/,13 May 2026
Dennis Ding,1678,https://stockanalysis.com/analysts/Dennis-Ding/,13 Jul 2026
Phillip Blee,1679,https://stockanalysis.com/analysts/Phillip-Blee/,13 Aug 2026
Gaurav Jain,1681,https://stockanalysis.com/analysts/Gaurav-Jain/,11 Aug 2026
Tyler Batory,1682,https://stockanalysis.com/analysts/Tyler-Batory/,11 Aug 2026
Robert Stein,1683,https://stockanalysis.com/analysts/Robert-Stein/,12 Aug 2026
Michael Bellisario,1684,https://stockanalysis.com/analysts/Michael-Bellisario/,06 Aug 2026
Jay Sole,1686,https://stockanalysis.com/analysts/Jay-Sole/,14 Aug 2026
Matt Phipps,1688,https://stockanalysis.com/analysts/Matt-Phipps/,14 Aug 2026
Elizabeth Sun,1691,https://stockanalysis.com/analysts/Elizabeth-Sun/,10 Aug 2026
Sam Darkatsh,1695,https://stockanalysis.com/analysts/Sam-Darkatsh/,31 Jul 2026
Allen Gong,1697,https://stockanalysis.com/analysts/Allen-Gong/,10 Aug 2026
Michael Morton,1703,https://stockanalysis.com/analysts/Michael-Morton/,10 Jun 2026
John Dunn,1704,https://stockanalysis.com/analysts/John-Dunn/,10 Aug 2026
Mickey Schleien,1705,https://stockanalysis.com/analysts/Mickey-Schleien/,03 Mar 2026
Polo Tang,1706,https://stockanalysis.com/analysts/Polo-Tang/,13 Aug 2026
James Rollyson,1707,https://stockanalysis.com/analysts/James-Rollyson/,06 Aug 2026
David Palmer,1708,https://stockanalysis.com/analysts/David-Palmer/,13 Aug 2026
John Baumgartner,1710,https://stockanalysis.com/analysts/John-Baumgartner/,20 May 2026
Vincent Caintic,1711,https://stockanalysis.com/analysts/Vincent-Caintic/,07 Aug 2026
Mark Schappel,1712,https://stockanalysis.com/analysts/Mark-Schappel/,29 Jul 2026
Andres Sheppard,1713,https://stockanalysis.com/analysts/Andres-Sheppard/,14 Aug 2026
Nicholas Holowko,1714,https://stockanalysis.com/analysts/Nicholas-Holowko/,03 Aug 2026
Biraj Borkhataria,1720,https://stockanalysis.com/analysts/Biraj-Borkhataria/,04 Aug 2026
Barry Oxford,1721,https://stockanalysis.com/analysts/Barry-Oxford/,14 Aug 2026
Matt Olney,1723,https://stockanalysis.com/analysts/Matt-Olney/,06 Aug 2026
Brad Erickson,1726,https://stockanalysis.com/analysts/Brad-Erickson/,12 Aug 2026
Austin Moeller,1727,https://stockanalysis.com/analysts/Austin-Moeller/,12 Aug 2026
Tyler DiMatteo,1728,https://stockanalysis.com/analysts/Tyler-DiMatteo/,14 Aug 2026
Joshua Reilly,1734,https://stockanalysis.com/analysts/Joshua-Reilly/,14 Aug 2026
Amit Dayal,1735,https://stockanalysis.com/analysts/Amit-Dayal/,14 Aug 2026
Kevin Fisk,1741,https://stockanalysis.com/analysts/Kevin-Fisk/,31 Jul 2026
Jasper Hellweg,1743,https://stockanalysis.com/analysts/Jasper-Hellweg/,10 Aug 2026
Jonathan Block,1746,https://stockanalysis.com/analysts/Jonathan-Block/,14 Aug 2026
Jonathan Chang,1750,https://stockanalysis.com/analysts/Jonathan-Chang/,13 Jul 2026
Christine Dooley,1754,https://stockanalysis.com/analysts/Christine-Dooley/,29 Jul 2026
Anderson Schock,1756,https://stockanalysis.com/analysts/Anderson-Schock/,10 Aug 2026
John McNulty,1761,https://stockanalysis.com/analysts/John-McNulty/,13 Aug 2026
Adrian Huerta,1762,https://stockanalysis.com/analysts/Adrian-Huerta/,10 Aug 2026
Richa Harnain,1764,https://stockanalysis.com/analysts/Richa-Harnain/,24 Jul 2026
Jack Slevin,1767,https://stockanalysis.com/analysts/Jack-Slevin/,21 Jul 2026
Scott Davis,1769,https://stockanalysis.com/analysts/Scott-Davis/,27 Jan 2026
Kevin Kopelman,1770,https://stockanalysis.com/analysts/Kevin-Kopelman/,07 Aug 2026
Ronald Josey,1771,https://stockanalysis.com/analysts/Ronald-Josey/,14 Aug 2026
Robert Stevenson,1776,https://stockanalysis.com/analysts/Robert-Stevenson/,13 Jan 2026
Gregory Francfort,1777,https://stockanalysis.com/analysts/Gregory-Francfort/,12 Aug 2026
Brent Thill,1780,https://stockanalysis.com/analysts/Brent-Thill/,16 Aug 2026
Alex Terentiew,1781,https://stockanalysis.com/analysts/Alex-Terentiew/,08 Jun 2026
Michael Lavery,1782,https://stockanalysis.com/analysts/Michael-Lavery/,14 Aug 2026
Edison Yu,1783,https://stockanalysis.com/analysts/Edison-Yu/,10 Aug 2026
Mark Massaro,1784,https://stockanalysis.com/analysts/Mark-Massaro/,14 Aug 2026
Caitlin Cronin,1793,https://stockanalysis.com/analysts/Caitlin-Cronin/,17 Dec 2025
Larry Biegelsen,1805,https://stockanalysis.com/analysts/Larry-Biegelsen/,14 Aug 2026
Judah Frommer,1807,https://stockanalysis.com/analysts/Judah-Frommer/,14 Aug 2026
Drew McReynolds,1810,https://stockanalysis.com/analysts/Drew-McReynolds/,11 Aug 2026
Matthew Harrigan,1811,https://stockanalysis.com/analysts/Matthew-Harrigan/,06 Aug 2026
Chris Woronka,1814,https://stockanalysis.com/analysts/Chris-Woronka/,14 Aug 2026
George Gianarikas,1816,https://stockanalysis.com/analysts/George-Gianarikas/,11 Aug 2026
Clark Wright,1825,https://stockanalysis.com/analysts/Clark-Wright/,13 Aug 2026
Kevin Caliendo,1826,https://stockanalysis.com/analysts/Kevin-Caliendo/,14 Aug 2026
Ben Isaacson,1827,https://stockanalysis.com/analysts/Ben-Isaacson/,12 Aug 2026
Stephen Powers,1830,https://stockanalysis.com/analysts/Stephen-Powers/,14 Aug 2026
Peter Steyn,1834,https://stockanalysis.com/analysts/Peter-Steyn/,20 May 2026
Jason Celino,1836,https://stockanalysis.com/analysts/Jason-Celino/,07 Aug 2026
Benjamin Rossi,1842,https://stockanalysis.com/analysts/Benjamin-Rossi/,10 Aug 2026
Joe Laetsch,1845,https://stockanalysis.com/analysts/Joe-Laetsch/,07 Aug 2026
Lee Simpson,1846,https://stockanalysis.com/analysts/Lee-Simpson/,06 Aug 2026
Mayank Mamtani,1850,https://stockanalysis.com/analysts/Mayank-Mamtani/,13 Aug 2026
Richard Safran,1854,https://stockanalysis.com/analysts/Richard-Safran/,26 May 2026
Mark Weintraub,1855,https://stockanalysis.com/analysts/Mark-Weintraub/,03 May 2026
Tim Mulrooney,1858,https://stockanalysis.com/analysts/Tim-Mulrooney/,11 Aug 2026
Sophie Karp,1859,https://stockanalysis.com/analysts/Sophie-Karp/,13 Aug 2026
Tom Nikic,1863,https://stockanalysis.com/analysts/Tom-Nikic/,13 Aug 2026
Simon Toyne,1865,https://stockanalysis.com/analysts/Simon-Toyne/,31 Mar 2026
Wilma Burdis,1867,https://stockanalysis.com/analysts/Wilma-Burdis/,02 Jul 2026
Vijit Jain,1870,https://stockanalysis.com/analysts/Vijit-Jain/,19 May 2026
James Yaro,1871,https://stockanalysis.com/analysts/James-Yaro/,11 Aug 2026
Douglas Miehm,1873,https://stockanalysis.com/analysts/Douglas-Miehm/,12 Aug 2026
Tom Forte,1874,https://stockanalysis.com/analysts/Tom-Forte/,07 Aug 2026
Saree Boroditsky,1877,https://stockanalysis.com/analysts/Saree-Boroditsky/,09 Feb 2026
Nikhil Devnani,1879,https://stockanalysis.com/analysts/Nikhil-Devnani/,14 Aug 2026
Kristen Owen,1881,https://stockanalysis.com/analysts/Kristen-Owen/,07 Aug 2026
Stacy Ku,1882,https://stockanalysis.com/analysts/Stacy-Ku/,12 Aug 2026
Matthew DeYoe,1889,https://stockanalysis.com/analysts/Matthew-DeYoe/,07 Aug 2026
Axel Herlinghaus,1893,https://stockanalysis.com/analysts/Axel-Herlinghaus/,13 Aug 2026
Steve Hansen,1894,https://stockanalysis.com/analysts/Steve-Hansen/,04 Aug 2026
Sam Eiber,1900,https://stockanalysis.com/analysts/Sam-Eiber/,14 Aug 2026
Michael Goldsmith,1901,https://stockanalysis.com/analysts/Michael-Goldsmith/,14 Aug 2026
Nicholas Yulico,1903,https://stockanalysis.com/analysts/Nicholas-Yulico/,07 Aug 2026
Michael Ward,1906,https://stockanalysis.com/analysts/Michael-Ward/,12 Aug 2026
Piyush Choudhary,1907,https://stockanalysis.com/analysts/Piyush-Choudhary/,16 Jan 2026
Eric Gonzalez,1908,https://stockanalysis.com/analysts/Eric-Gonzalez/,05 Aug 2026
Matthew Condon,1912,https://stockanalysis.com/analysts/Matthew-Condon/,07 Aug 2026
Charles Meade,1914,https://stockanalysis.com/analysts/Charles-Meade/,03 Aug 2026
Chad Beynon,1915,https://stockanalysis.com/analysts/Chad-Beynon/,06 Aug 2026
Mitchel Penn,1916,https://stockanalysis.com/analysts/Mitchel-Penn/,10 Aug 2026
Austin Wurschmidt,1917,https://stockanalysis.com/analysts/Austin-Wurschmidt/,04 Aug 2026
Maher Yaghi,1918,https://stockanalysis.com/analysts/Maher-Yaghi/,11 Aug 2026
Namita Samtani,1920,https://stockanalysis.com/analysts/Namita-Samtani/,12 Aug 2026
Kalei Akamine,1921,https://stockanalysis.com/analysts/Kalei-Akamine/,27 Apr 2026
Andrew Strelzik,1922,https://stockanalysis.com/analysts/Andrew-Strelzik/,13 Aug 2026
Matt Miksic,1923,https://stockanalysis.com/analysts/Matt-Miksic/,28 May 2026
Emmanuel Papadakis,1924,https://stockanalysis.com/analysts/Emmanuel-Papadakis/,06 Aug 2026
Francois Brisebois,1928,https://stockanalysis.com/analysts/Francois-Brisebois/,14 Aug 2026
Thiago Batista,1932,https://stockanalysis.com/analysts/Thiago-Batista/,03 Jun 2026
Brendan Nosal,1934,https://stockanalysis.com/analysts/Brendan-Nosal/,30 Jul 2026
Kallum Titchmarsh,1936,https://stockanalysis.com/analysts/Kallum-Titchmarsh/,14 Aug 2026
Ryan Merkel,1937,https://stockanalysis.com/analysts/Ryan-Merkel/,14 Aug 2026
David Rescott,1938,https://stockanalysis.com/analysts/David-Rescott/,07 Aug 2026
Ryan Zimmerman,1939,https://stockanalysis.com/analysts/Ryan-Zimmerman/,11 Aug 2026
James Faucette,1948,https://stockanalysis.com/analysts/James-Faucette/,14 Aug 2026
Richard Clarke,1949,https://stockanalysis.com/analysts/Richard-Clarke/,12 Aug 2026
Pablo Singzon,1950,https://stockanalysis.com/analysts/Pablo-Singzon/,12 Aug 2026
Robert Ottenstein,1951,https://stockanalysis.com/analysts/Robert-Ottenstein/,12 Aug 2026
Michael Gorman,1952,https://stockanalysis.com/analysts/Michael-Gorman/,29 Jul 2026
Saul Martinez,1957,https://stockanalysis.com/analysts/Saul-Martinez/,20 Jul 2026
George Tong,1960,https://stockanalysis.com/analysts/George-Tong/,12 Aug 2026
Ygal Arounian,1963,https://stockanalysis.com/analysts/Ygal-Arounian/,07 Aug 2026
Puneet Souda,1965,https://stockanalysis.com/analysts/Puneet-Souda/,07 Aug 2026
Christopher Liu,1966,https://stockanalysis.com/analysts/Christopher-Liu/,05 Aug 2026
Adam Baumgarten,1972,https://stockanalysis.com/analysts/Adam-Baumgarten/,27 Feb 2026
Jeffrey Zekauskas,1976,https://stockanalysis.com/analysts/Jeffrey-Zekauskas/,13 Aug 2026
Taylor Conrad,1983,https://stockanalysis.com/analysts/Taylor-Conrad/,12 Aug 2026
Kerry Holford,1985,https://stockanalysis.com/analysts/Kerry-Holford/,12 Aug 2026
Kate McShane,1987,https://stockanalysis.com/analysts/Kate-McShane/,11 Aug 2026
Brandon Nispel,1989,https://stockanalysis.com/analysts/Brandon-Nispel/,14 Aug 2026
Matthew Smith,1990,https://stockanalysis.com/analysts/Matthew-Smith/,13 May 2026
Joe Dickstein,1991,https://stockanalysis.com/analysts/Joe-Dickstein/,01 Jun 2026
Bruno Montanari,1993,https://stockanalysis.com/analysts/Bruno-Montanari/,16 Jul 2026
John Pancari,1994,https://stockanalysis.com/analysts/John-Pancari/,05 Aug 2026
Simon Hales,1995,https://stockanalysis.com/analysts/Simon-Hales/,30 Jul 2026
Timna Tanners,1997,https://stockanalysis.com/analysts/Timna-Tanners/,07 Aug 2026
Glen Santangelo,1999,https://stockanalysis.com/analysts/Glen-Santangelo/,14 Aug 2026
Jonna Kim,2001,https://stockanalysis.com/analysts/Jonna-Kim/,13 Aug 2026
Stephen Baxter,2002,https://stockanalysis.com/analysts/Stephen-Baxter/,14 Aug 2026
Daniel Magder,2007,https://stockanalysis.com/analysts/Daniel-Magder/,16 Jul 2026
Kevin Mcveigh,2009,https://stockanalysis.com/analysts/Kevin-Mcveigh/,13 Aug 2026
Kevin McVeigh,2009,https://stockanalysis.com/analysts/Kevin-McVeigh/,13 Aug 2026
Jeffrey Kiang,2017,https://stockanalysis.com/analysts/Jeffrey-Kiang/,05 Aug 2026
Ric Prentiss,2019,https://stockanalysis.com/analysts/Ric-Prentiss/,17 Jul 2026
Sachin Salgaonkar,2022,https://stockanalysis.com/analysts/Sachin-Salgaonkar/,11 Aug 2026
Sathish Kasinathan,2025,https://stockanalysis.com/analysts/Sathish-Kasinathan/,10 Aug 2026
Jason Cassorla,2027,https://stockanalysis.com/analysts/Jason-Cassorla/,07 Aug 2026
Robert Mollins,2035,https://stockanalysis.com/analysts/Robert-Mollins/,10 Jun 2026
Ken Gawrelski,2038,https://stockanalysis.com/analysts/Ken-Gawrelski/,07 Aug 2026
Pooran Sharma,2041,https://stockanalysis.com/analysts/Pooran-Sharma/,28 Jul 2026
Lisa Walter,2047,https://stockanalysis.com/analysts/Lisa-Walter/,14 Aug 2026
Janine Stichter,2051,https://stockanalysis.com/analysts/Janine-Stichter/,14 Aug 2026
Jiong Shao,2052,https://stockanalysis.com/analysts/Jiong-Shao/,13 Aug 2026
Edward Tenthoff,2054,https://stockanalysis.com/analysts/Edward-Tenthoff/,14 Aug 2026
Casey Woodring,2059,https://stockanalysis.com/analysts/Casey-Woodring/,10 Aug 2026
Arjun Bhatia,2063,https://stockanalysis.com/analysts/Arjun-Bhatia/,12 Aug 2026
Cristina Fernandez,2064,https://stockanalysis.com/analysts/Cristina-Fernandez/,07 Aug 2026
Olivia Tong,2072,https://stockanalysis.com/analysts/Olivia-Tong/,14 Jul 2026
Faiza Alwy,2078,https://stockanalysis.com/analysts/Faiza-Alwy/,14 Aug 2026
Conor Cunningham,2079,https://stockanalysis.com/analysts/Conor-Cunningham/,07 Jul 2026
Scott Stember,2081,https://stockanalysis.com/analysts/Scott-Stember/,14 Aug 2026
Joshua Spector,2082,https://stockanalysis.com/analysts/Joshua-Spector/,13 Aug 2026
Andrea Alfonso,2088,https://stockanalysis.com/analysts/Andrea-Alfonso/,07 Aug 2026
David Grossman,2093,https://stockanalysis.com/analysts/David-Grossman/,13 Aug 2026
William Appicelli,2096,https://stockanalysis.com/analysts/William-Appicelli/,28 Jul 2026
Nicholas Lorusso,2097,https://stockanalysis.com/analysts/Nicholas-Lorusso/,04 Aug 2026
Brian McNamara,2101,https://stockanalysis.com/analysts/Brian-McNamara/,12 Aug 2026
Danielle Antalffy,2102,https://stockanalysis.com/analysts/Danielle-Antalffy/,07 Aug 2026
Paul Gong,2103,https://stockanalysis.com/analysts/Paul-Gong/,17 Jun 2026
Jairam Nathan,2109,https://stockanalysis.com/analysts/Jairam-Nathan/,29 Jun 2026
Aaron Hecht,2114,https://stockanalysis.com/analysts/Aaron-Hecht/,10 Aug 2026
Whit Mayo,2115,https://stockanalysis.com/analysts/Whit-Mayo/,30 Jul 2026
Hector Maya,2118,https://stockanalysis.com/analysts/Hector-Maya/,13 Aug 2026
Steven Pizzella,2121,https://stockanalysis.com/analysts/Steven-Pizzella/,13 Aug 2026
Jonathan Yong,2122,https://stockanalysis.com/analysts/Jonathan-Yong/,07 Aug 2026
Sam Reid,2125,https://stockanalysis.com/analysts/Sam-Reid/,14 Aug 2026
Jordan Lyonnais,2126,https://stockanalysis.com/analysts/Jordan-Lyonnais/,07 May 2026
Sharon Zackfia,2128,https://stockanalysis.com/analysts/Sharon-Zackfia/,13 Aug 2026
George Kelly,2129,https://stockanalysis.com/analysts/George-Kelly/,14 Aug 2026
Sameer Joshi,2131,https://stockanalysis.com/analysts/Sameer-Joshi/,10 Aug 2026
Anja Soderstrom,2137,https://stockanalysis.com/analysts/Anja-Soderstrom/,31 Jul 2026
Marie Ferguson,2145,https://stockanalysis.com/analysts/Marie-Ferguson/,10 Aug 2026
Hassan Ahmed,2149,https://stockanalysis.com/analysts/Hassan-Ahmed/,05 Aug 2026
Edlain Rodriguez,2151,https://stockanalysis.com/analysts/Edlain-Rodriguez/,05 Aug 2026
Jenny Ping,2152,https://stockanalysis.com/analysts/Jenny-Ping/,24 Jul 2026
James Feldman,2153,https://stockanalysis.com/analysts/James-Feldman/,10 Aug 2026
Catharine Trebnick,2156,https://stockanalysis.com/analysts/Catharine-Trebnick/,07 Aug 2026
George Choi,2158,https://stockanalysis.com/analysts/George-Choi/,05 Aug 2026
Joseph Yanchunis,2159,https://stockanalysis.com/analysts/Joseph-Yanchunis/,11 Aug 2026
Ryan Levine,2162,https://stockanalysis.com/analysts/Ryan-Levine/,09 Aug 2026
Max Rakhlenko,2164,https://stockanalysis.com/analysts/Max-Rakhlenko/,10 Aug 2026
Leah Jordan,2167,https://stockanalysis.com/analysts/Leah-Jordan/,11 Aug 2026
Matthew Erdner,2170,https://stockanalysis.com/analysts/Matthew-Erdner/,06 Aug 2026
Betty Jiang,2177,https://stockanalysis.com/analysts/Betty-Jiang/,11 Aug 2026
Adam Bubes,2185,https://stockanalysis.com/analysts/Adam-Bubes/,06 Aug 2026
Omar Mejias,2186,https://stockanalysis.com/analysts/Omar-Mejias/,06 Aug 2026
Derek Hewett,2189,https://stockanalysis.com/analysts/Derek-Hewett/,10 Aug 2026
Joshua Tilton,2192,https://stockanalysis.com/analysts/Joshua-Tilton/,09 Jun 2026
Bill Sutherland,2194,https://stockanalysis.com/analysts/Bill-Sutherland/,14 Aug 2026
Kyle Boucher,2195,https://stockanalysis.com/analysts/Kyle-Boucher/,11 Aug 2026
Michael Nathanson,2198,https://stockanalysis.com/analysts/Michael-Nathanson/,07 Aug 2026
John Kilichowski,2199,https://stockanalysis.com/analysts/John-Kilichowski/,11 Aug 2026
Timothy Chiodo,2203,https://stockanalysis.com/analysts/Timothy-Chiodo/,14 Aug 2026
Ken Hoexter,2204,https://stockanalysis.com/analysts/Ken-Hoexter/,04 Aug 2026
Timothy Hoff,2205,https://stockanalysis.com/analysts/Timothy-Hoff/,02 Aug 2026
Nat Schindler,2206,https://stockanalysis.com/analysts/Nat-Schindler/,13 Aug 2026
Andres Cardona,2207,https://stockanalysis.com/analysts/Andres-Cardona/,13 Aug 2026
Rodolfo Angele,2212,https://stockanalysis.com/analysts/Rodolfo-Angele/,06 Aug 2026
Joshua Dennerlein,2214,https://stockanalysis.com/analysts/Joshua-Dennerlein/,04 Aug 2025
Adam Frisch,2216,https://stockanalysis.com/analysts/Adam-Frisch/,06 Aug 2026
George Staphos,2222,https://stockanalysis.com/analysts/George-Staphos/,13 Aug 2026
Adrienne Yih,2223,https://stockanalysis.com/analysts/Adrienne-Yih/,14 Aug 2026
Judith Elliott,2225,https://stockanalysis.com/analysts/Judith-Elliott/,07 Aug 2026
David Roman,2234,https://stockanalysis.com/analysts/David-Roman/,15 Jul 2026
Patrick Creuset,2238,https://stockanalysis.com/analysts/Patrick-Creuset/,10 Aug 2026
Dae Lee,2242,https://stockanalysis.com/analysts/Dae-Lee/,11 Aug 2026
Jackson Ader,2249,https://stockanalysis.com/analysts/Jackson-Ader/,07 Aug 2026
Pradeep Ramani,2253,https://stockanalysis.com/analysts/Pradeep-Ramani/,02 Feb 2026
Manav Patnaik,2257,https://stockanalysis.com/analysts/Manav-Patnaik/,14 Aug 2026
Jamie Baker,2258,https://stockanalysis.com/analysts/Jamie-Baker/,30 Jul 2026
Joyce Ju,2260,https://stockanalysis.com/analysts/Joyce-Ju/,13 Aug 2026
Ellie Jiang,2261,https://stockanalysis.com/analysts/Ellie-Jiang/,25 Jun 2026
Barry Jonas,2262,https://stockanalysis.com/analysts/Barry-Jonas/,14 Aug 2026
Melissa Wedel,2264,https://stockanalysis.com/analysts/Melissa-Wedel/,24 Jul 2026
Jason Weaver,2265,https://stockanalysis.com/analysts/Jason-Weaver/,14 Aug 2026
Brian Wilczynski,2270,https://stockanalysis.com/analysts/Brian-Wilczynski/,30 Jul 2026
Arthur Truslove,2273,https://stockanalysis.com/analysts/Arthur-Truslove/,07 Aug 2026
Steve Frankel,2277,https://stockanalysis.com/analysts/Steve-Frankel/,13 Aug 2026
Justin Kleber,2278,https://stockanalysis.com/analysts/Justin-Kleber/,31 Jul 2026
Patrick Cunningham,2285,https://stockanalysis.com/analysts/Patrick-Cunningham/,07 Aug 2026
Luisa Hector,2286,https://stockanalysis.com/analysts/Luisa-Hector/,05 Aug 2026
Oliver Chen,2290,https://stockanalysis.com/analysts/Oliver-Chen/,13 Aug 2026
Eliana Merle,2291,https://stockanalysis.com/analysts/Eliana-Merle/,14 Aug 2026
Piyush Avasthy,2294,https://stockanalysis.com/analysts/Piyush-Avasthy/,10 Aug 2026
Priya Sachdeva,2295,https://stockanalysis.com/analysts/Priya-Sachdeva/,28 Jul 2026
Chris McNally,2298,https://stockanalysis.com/analysts/Chris-McNally/,10 Aug 2026
Anthony Paolone,2299,https://stockanalysis.com/analysts/Anthony-Paolone/,14 Aug 2026
Alexander Goldfarb,2301,https://stockanalysis.com/analysts/Alexander-Goldfarb/,13 Aug 2026
Nicholas Amicucci,2302,https://stockanalysis.com/analysts/Nicholas-Amicucci/,12 Aug 2026
Daniel Jester,2312,https://stockanalysis.com/analysts/Daniel-Jester/,14 Aug 2026
Dominick Gabriele,2313,https://stockanalysis.com/analysts/Dominick-Gabriele/,15 Jul 2026
Caleb Stein,2315,https://stockanalysis.com/analysts/Caleb-Stein/,30 Jul 2026
Wesley Brooks,2317,https://stockanalysis.com/analysts/Wesley-Brooks/,07 May 2026
Andrew DeGasperi,2326,https://stockanalysis.com/analysts/Andrew-DeGasperi/,13 Jul 2026
Luke Junk,2331,https://stockanalysis.com/analysts/Luke-Junk/,06 Aug 2026
Asthika Goonewardene,2332,https://stockanalysis.com/analysts/Asthika-Goonewardene/,22 Jun 2026
Jim Sanderson,2341,https://stockanalysis.com/analysts/Jim-Sanderson/,13 Aug 2026
Andrew Didora,2343,https://stockanalysis.com/analysts/Andrew-Didora/,14 Aug 2026
Linda Huang,2348,https://stockanalysis.com/analysts/Linda-Huang/,30 Jul 2026
Jeff Lick,2349,https://stockanalysis.com/analysts/Jeff-Lick/,11 Aug 2026
Daniel Grosslight,2350,https://stockanalysis.com/analysts/Daniel-Grosslight/,12 Aug 2026
James Kammert,2353,https://stockanalysis.com/analysts/James-Kammert/,12 Aug 2026
Paul Johnson,2354,https://stockanalysis.com/analysts/Paul-Johnson/,14 Aug 2026
Sebastian Sandler,2358,https://stockanalysis.com/analysts/Sebastian-Sandler/,30 Jul 2026
Kim Fustier,2362,https://stockanalysis.com/analysts/Kim-Fustier/,03 Aug 2026
Simeon Siegel,2367,https://stockanalysis.com/analysts/Simeon-Siegel/,10 Aug 2026
Michael Petusky,2369,https://stockanalysis.com/analysts/Michael-Petusky/,10 Aug 2026
Bryan Burgmeier,2372,https://stockanalysis.com/analysts/Bryan-Burgmeier/,30 Jul 2026
Omar Sheikh,2376,https://stockanalysis.com/analysts/Omar-Sheikh/,10 Mar 2026
Thibault Boutherin,2377,https://stockanalysis.com/analysts/Thibault-Boutherin/,25 Jun 2026
Samantha Semenkow,2380,https://stockanalysis.com/analysts/Samantha-Semenkow/,14 Aug 2026
Ranjan Sharma,2387,https://stockanalysis.com/analysts/Ranjan-Sharma/,04 Aug 2026
Paul Knight,2388,https://stockanalysis.com/analysts/Paul-Knight/,06 Aug 2026
Craig Mailman,2395,https://stockanalysis.com/analysts/Craig-Mailman/,05 Mar 2026
Michael Cyprys,2396,https://stockanalysis.com/analysts/Michael-Cyprys/,07 Aug 2026
Vincent Andrews,2399,https://stockanalysis.com/analysts/Vincent-Andrews/,13 Aug 2026
Robert Fishman,2400,https://stockanalysis.com/analysts/Robert-Fishman/,30 Jul 2026
Detlef Winckelmann,2402,https://stockanalysis.com/analysts/Detlef-Winckelmann/,06 Aug 2026
Jakob Bluestone,2406,https://stockanalysis.com/analysts/Jakob-Bluestone/,02 Feb 2026
Benjamin Soff,2407,https://stockanalysis.com/analysts/Benjamin-Soff/,10 Aug 2026
Steve Sakwa,2408,https://stockanalysis.com/analysts/Steve-Sakwa/,12 Aug 2026
Brandon Folkes,2409,https://stockanalysis.com/analysts/Brandon-Folkes/,14 Aug 2026
Firoz Valliji,2414,https://stockanalysis.com/analysts/Firoz-Valliji/,06 Aug 2026
Michael Sarcone,2416,https://stockanalysis.com/analysts/Michael-Sarcone/,31 Jul 2026
Brett Rabatin,2417,https://stockanalysis.com/analysts/Brett-Rabatin/,05 Aug 2026
Michael Legg,2418,https://stockanalysis.com/analysts/Michael-Legg/,03 Mar 2026
Nicholas Thillman,2420,https://stockanalysis.com/analysts/Nicholas-Thillman/,06 Aug 2026
Peter Galbo,2423,https://stockanalysis.com/analysts/Peter-Galbo/,14 Aug 2026
Shaun Kelley,2426,https://stockanalysis.com/analysts/Shaun-Kelley/,10 Aug 2026
Wyatt Swanson,2433,https://stockanalysis.com/analysts/Wyatt-Swanson/,11 Aug 2026
Laurent Vasilescu,2438,https://stockanalysis.com/analysts/Laurent-Vasilescu/,22 Jul 2026
Michael Cho,2446,https://stockanalysis.com/analysts/Michael-Cho/,10 Aug 2026
Matthew Heimermann,2448,https://stockanalysis.com/analysts/Matthew-Heimermann/,12 Aug 2026
Daniel Clark,2449,https://stockanalysis.com/analysts/Daniel-Clark/,24 Feb 2026
Mike Hickey,2450,https://stockanalysis.com/analysts/Mike-Hickey/,10 Aug 2026
Rayna Kumar,2457,https://stockanalysis.com/analysts/Rayna-Kumar/,14 Aug 2026
Jeffrey Stevenson,2458,https://stockanalysis.com/analysts/Jeffrey-Stevenson/,28 Apr 2026
Andrea Newkirk,2463,https://stockanalysis.com/analysts/Andrea-Newkirk/,11 Feb 2026
Gena Wang,2465,https://stockanalysis.com/analysts/Gena-Wang/,28 May 2026
Matthew Biegler,2466,https://stockanalysis.com/analysts/Matthew-Biegler/,14 Aug 2026
John Newman,2475,https://stockanalysis.com/analysts/John-Newman/,13 Aug 2026
Keay Nakae,2477,https://stockanalysis.com/analysts/Keay-Nakae/,13 Aug 2026
James Condulis,2482,https://stockanalysis.com/analysts/James-Condulis/,13 Aug 2026
Zhihan Ma,2483,https://stockanalysis.com/analysts/Zhihan-Ma/,12 Aug 2026
Alejandro Demichelis,2484,https://stockanalysis.com/analysts/Alejandro-Demichelis/,11 Aug 2026
Praneeth Satish,2498,https://stockanalysis.com/analysts/Praneeth-Satish/,14 Aug 2026
Will Kirkness,2501,https://stockanalysis.com/analysts/Will-Kirkness/,29 Jun 2026
Keith Stanley,2509,https://stockanalysis.com/analysts/Keith-Stanley/,11 Aug 2026
Lorraine Hutchinson,2516,https://stockanalysis.com/analysts/Lorraine-Hutchinson/,14 Aug 2026
Natalya Davies,2517,https://stockanalysis.com/analysts/Natalya-Davies/,17 Apr 2026
Blaine Heck,2524,https://stockanalysis.com/analysts/Blaine-Heck/,10 Aug 2026
David Lantz,2525,https://stockanalysis.com/analysts/David-Lantz/,06 Aug 2026
Dan Levy,2527,https://stockanalysis.com/analysts/Dan-Levy/,14 Aug 2026
Julien Blouin,2530,https://stockanalysis.com/analysts/Julien-Blouin/,05 Aug 2026
Nicholas Joseph,2531,https://stockanalysis.com/analysts/Nicholas-Joseph/,13 Aug 2026
Vitaly Umansky,2534,https://stockanalysis.com/analysts/Vitaly-Umansky/,07 Jun 2026
Yuri Fernandes,2535,https://stockanalysis.com/analysts/Yuri-Fernandes/,11 Aug 2026
Joanne Wuensch,2536,https://stockanalysis.com/analysts/Joanne-Wuensch/,14 Aug 2026
Dana Telsey,2539,https://stockanalysis.com/analysts/Dana-Telsey/,14 Aug 2026
Rodrigo Alcantara,2541,https://stockanalysis.com/analysts/Rodrigo-Alcantara/,11 Aug 2026
Ashish Sabadra,2544,https://stockanalysis.com/analysts/Ashish-Sabadra/,10 Aug 2026
Eli Jossen,2546,https://stockanalysis.com/analysts/Eli-Jossen/,22 Jul 2026
Roger Song,2547,https://stockanalysis.com/analysts/Roger-Song/,14 Aug 2026
Aravinda Galappatthige,2555,https://stockanalysis.com/analysts/Aravinda-Galappatthige/,13 Aug 2026
Justin Zelin,2566,https://stockanalysis.com/analysts/Justin-Zelin/,02 Feb 2026
Bart Dziarski,2569,https://stockanalysis.com/analysts/Bart-Dziarski/,14 Aug 2026
David Begleiter,2570,https://stockanalysis.com/analysts/David-Begleiter/,12 Aug 2026
Alicia Yap,2572,https://stockanalysis.com/analysts/Alicia-Yap/,13 Aug 2026
Upal Rana,2574,https://stockanalysis.com/analysts/Upal-Rana/,06 Aug 2026
Alexander Hess,2575,https://stockanalysis.com/analysts/Alexander-Hess/,12 Aug 2026
Richard Sunderland,2579,https://stockanalysis.com/analysts/Richard-Sunderland/,13 Aug 2026
Eddie Kim,2580,https://stockanalysis.com/analysts/Eddie-Kim/,12 Aug 2026
Michael Ulz,2581,https://stockanalysis.com/analysts/Michael-Ulz/,14 Aug 2026
Scott Buck,2582,https://stockanalysis.com/analysts/Scott-Buck/,31 Mar 2026
Peyton Dorne,2584,https://stockanalysis.com/analysts/Peyton-Dorne/,10 Aug 2026
Jeffrey Meuler,2587,https://stockanalysis.com/analysts/Jeffrey-Meuler/,10 Aug 2026
Arun Viswanathan,2595,https://stockanalysis.com/analysts/Arun-Viswanathan/,12 Aug 2026
Aaron Kimson,2597,https://stockanalysis.com/analysts/Aaron-Kimson/,07 Aug 2026
Helena Wang,2599,https://stockanalysis.com/analysts/Helena-Wang/,11 Aug 2026
Robert Labick,2601,https://stockanalysis.com/analysts/Robert-Labick/,10 Dec 2025
Andrew Spinola,2602,https://stockanalysis.com/analysts/Andrew-Spinola/,06 Aug 2026
Guilherme Mendes,2607,https://stockanalysis.com/analysts/Guilherme-Mendes/,15 Jun 2026
Glenn Chin,2610,https://stockanalysis.com/analysts/Glenn-Chin/,02 Aug 2026
William Pickering,2613,https://stockanalysis.com/analysts/William-Pickering/,11 Aug 2026
Terry Ma,2616,https://stockanalysis.com/analysts/Terry-Ma/,13 Aug 2026
James Gordon,2618,https://stockanalysis.com/analysts/James-Gordon/,11 Mar 2026
Christopher Raymond,2619,https://stockanalysis.com/analysts/Christopher-Raymond/,14 Aug 2026
Karl Shepard,2626,https://stockanalysis.com/analysts/Karl-Shepard/,30 Jul 2026
Keegan Cox,2631,https://stockanalysis.com/analysts/Keegan-Cox/,07 Aug 2026
Ryan Gravett,2633,https://stockanalysis.com/analysts/Ryan-Gravett/,07 Aug 2026
Ty Collin,2634,https://stockanalysis.com/analysts/Ty-Collin/,14 Aug 2026
Luke Horton,2646,https://stockanalysis.com/analysts/Luke-Horton/,13 Aug 2026
Lilyanna Yang,2647,https://stockanalysis.com/analysts/Lilyanna-Yang/,26 May 2026
Ken Worthington,2649,https://stockanalysis.com/analysts/Ken-Worthington/,14 Aug 2026
Robin Zhu,2650,https://stockanalysis.com/analysts/Robin-Zhu/,04 Aug 2026
Matthew Hershenhorn,2652,https://stockanalysis.com/analysts/Matthew-Hershenhorn/,05 Aug 2026
Ed Vyvyan,2654,https://stockanalysis.com/analysts/Ed-Vyvyan/,27 Feb 2026
Jonathan Keypour,2657,https://stockanalysis.com/analysts/Jonathan-Keypour/,12 Aug 2026
Chris Muller,2658,https://stockanalysis.com/analysts/Chris-Muller/,05 Aug 2026
Patrick Baumann,2662,https://stockanalysis.com/analysts/Patrick-Baumann/,18 May 2026
Vikram Malhotra,2664,https://stockanalysis.com/analysts/Vikram-Malhotra/,10 Aug 2026
Martijn Rats,2666,https://stockanalysis.com/analysts/Martijn-Rats/,10 Jul 2026
Nik Modi,2670,https://stockanalysis.com/analysts/Nik-Modi/,12 Aug 2026
Alex Yao,2673,https://stockanalysis.com/analysts/Alex-Yao/,04 Aug 2026
Gregg Orrill,2680,https://stockanalysis.com/analysts/Gregg-Orrill/,06 Jul 2026
Daniel Mckenzie,2683,https://stockanalysis.com/analysts/Daniel-Mckenzie/,21 Jun 2026
Trevor Romeo,2699,https://stockanalysis.com/analysts/Trevor-Romeo/,07 Aug 2026
Richard Vosser,2708,https://stockanalysis.com/analysts/Richard-Vosser/,10 Aug 2026
Yi Chen,2709,https://stockanalysis.com/analysts/Yi-Chen/,14 Aug 2026
Ilya Zubkov,2713,https://stockanalysis.com/analysts/Ilya-Zubkov/,11 Aug 2026
Emily Field,2718,https://stockanalysis.com/analysts/Emily-Field/,14 Aug 2026
Mikhail Goberman,2723,https://stockanalysis.com/analysts/Mikhail-Goberman/,11 Aug 2026
Avinatan Jaroslawicz,2729,https://stockanalysis.com/analysts/Avinatan-Jaroslawicz/,31 Jul 2026
Michael Goldie,2730,https://stockanalysis.com/analysts/Michael-Goldie/,10 Aug 2026
Bradley Sills,2739,https://stockanalysis.com/analysts/Bradley-Sills/,12 Mar 2026
Alec Brondolo,2744,https://stockanalysis.com/analysts/Alec-Brondolo/,14 Aug 2026
David Saxon,2746,https://stockanalysis.com/analysts/David-Saxon/,13 Aug 2026
James Shin,2760,https://stockanalysis.com/analysts/James-Shin/,07 May 2026
Gaurav Mehta,2781,https://stockanalysis.com/analysts/Gaurav-Mehta/,14 Aug 2026
Ryland Conrad,2786,https://stockanalysis.com/analysts/Ryland-Conrad/,11 Aug 2026
Mark Palmer,2795,https://stockanalysis.com/analysts/Mark-Palmer/,10 Aug 2026
Brooke Roach,2798,https://stockanalysis.com/analysts/Brooke-Roach/,10 Aug 2026
Aneesha Sherman,2800,https://stockanalysis.com/analysts/Aneesha-Sherman/,14 Aug 2026
Alfonso Salazar,2804,https://stockanalysis.com/analysts/Alfonso-Salazar/,07 Aug 2026
Anthony Elian,2805,https://stockanalysis.com/analysts/Anthony-Elian/,04 Aug 2026
James Sidoti,2808,https://stockanalysis.com/analysts/James-Sidoti/,10 Aug 2026
Greg McGinniss,2813,https://stockanalysis.com/analysts/Greg-McGinniss/,11 Aug 2026
Joanna Gajuk,2819,https://stockanalysis.com/analysts/Joanna-Gajuk/,13 Aug 2026
Emily Ericksen,2822,https://stockanalysis.com/analysts/Emily-Ericksen/,20 Feb 2026
Emma Schwartz,2824,https://stockanalysis.com/analysts/Emma-Schwartz/,10 Aug 2026
Filippo Falorni,2826,https://stockanalysis.com/analysts/Filippo-Falorni/,12 Aug 2026
Michael Gaugler,2834,https://stockanalysis.com/analysts/Michael-Gaugler/,24 Nov 2025
Randal Konik,2839,https://stockanalysis.com/analysts/Randal-Konik/,13 Aug 2026
Jared Levine,2841,https://stockanalysis.com/analysts/Jared-Levine/,13 Aug 2026
Laura Sutcliffe,2845,https://stockanalysis.com/analysts/Laura-Sutcliffe/,09 Aug 2026
Tina Hou,2847,https://stockanalysis.com/analysts/Tina-Hou/,03 Aug 2026
David Bellinger,2850,https://stockanalysis.com/analysts/David-Bellinger/,11 Aug 2026
Ernesto Gabilondo,2860,https://stockanalysis.com/analysts/Ernesto-Gabilondo/,14 Aug 2026
Angel Castillo,2861,https://stockanalysis.com/analysts/Angel-Castillo/,13 Aug 2026
John Kim,2862,https://stockanalysis.com/analysts/John-Kim/,13 Aug 2026
Ike Boruchow,2863,https://stockanalysis.com/analysts/Ike-Boruchow/,14 Aug 2026
Cooper Clark,2865,https://stockanalysis.com/analysts/Cooper-Clark/,24 Jun 2026
Narumi Nakagiri,2874,https://stockanalysis.com/analysts/Narumi-Nakagiri/,14 May 2026
Toni Kaplan,2877,https://stockanalysis.com/analysts/Toni-Kaplan/,14 Aug 2026
Laurence Alexander,2878,https://stockanalysis.com/analysts/Laurence-Alexander/,03 Aug 2026
Surinder Thind,2879,https://stockanalysis.com/analysts/Surinder-Thind/,13 Aug 2026
Maheep Mandloi,2880,https://stockanalysis.com/analysts/Maheep-Mandloi/,11 Aug 2026
Austin Wang,2884,https://stockanalysis.com/analysts/Austin-Wang/,07 Aug 2026
Eric Boyes,2890,https://stockanalysis.com/analysts/Eric-Boyes/,07 Aug 2026
Andrew Lazar,2892,https://stockanalysis.com/analysts/Andrew-Lazar/,13 Aug 2026
Dina Ramadane,2898,https://stockanalysis.com/analysts/Dina-Ramadane/,10 Aug 2026
Tasso Vasconcellos,2899,https://stockanalysis.com/analysts/Tasso-Vasconcellos/,27 May 2026
Carly Davenport,2903,https://stockanalysis.com/analysts/Carly-Davenport/,11 Aug 2026
Paul Rossington,2914,https://stockanalysis.com/analysts/Paul-Rossington/,02 Jun 2026
Ross MacDonald,2919,https://stockanalysis.com/analysts/Ross-MacDonald/,11 Aug 2026
Samad Samana,2921,https://stockanalysis.com/analysts/Samad-Samana/,13 Aug 2026
Peter McGoldrick,2926,https://stockanalysis.com/analysts/Peter-McGoldrick/,14 Aug 2026
Kendall Toscano,2932,https://stockanalysis.com/analysts/Kendall-Toscano/,07 Aug 2026
Timothy Zhao,2936,https://stockanalysis.com/analysts/Timothy-Zhao/,05 Aug 2026
Ricardo Alves,2938,https://stockanalysis.com/analysts/Ricardo-Alves/,25 May 2026
Vik Chopra,2940,https://stockanalysis.com/analysts/Vik-Chopra/,12 Aug 2026
Michael Montani,2946,https://stockanalysis.com/analysts/Michael-Montani/,30 Jul 2026
Frank Takkinen,2953,https://stockanalysis.com/analysts/Frank-Takkinen/,14 Aug 2026
Wei Fang,2964,https://stockanalysis.com/analysts/Wei-Fang/,13 Aug 2026
Eunice Lee,2965,https://stockanalysis.com/analysts/Eunice-Lee/,13 Jul 2026
Samantha Hoh,2970,https://stockanalysis.com/analysts/Samantha-Hoh/,22 Apr 2026
Samir Khanal,2975,https://stockanalysis.com/analysts/Samir-Khanal/,13 Aug 2026
John Davis,2982,https://stockanalysis.com/analysts/John-Davis/,31 Jul 2026
Susan Maklari,2983,https://stockanalysis.com/analysts/Susan-Maklari/,10 Aug 2026
Lucas Ferreira,2984,https://stockanalysis.com/analysts/Lucas-Ferreira/,12 Aug 2026
Alex Kania,2990,https://stockanalysis.com/analysts/Alex-Kania/,07 Aug 2026
Rick Wise,2991,https://stockanalysis.com/analysts/Rick-Wise/,14 Aug 2026
Benjamin Burnett,2993,https://stockanalysis.com/analysts/Benjamin-Burnett/,13 Aug 2026
Mikhail Paramonov,3007,https://stockanalysis.com/analysts/Mikhail-Paramonov/,07 Aug 2026
Neal Burk,3023,https://stockanalysis.com/analysts/Neal-Burk/,11 Aug 2026
Taylor Manley,3027,https://stockanalysis.com/analysts/Taylor-Manley/,07 Aug 2026
Leo Carrington,3040,https://stockanalysis.com/analysts/Leo-Carrington/,13 Aug 2026
Kelly Crago,3041,https://stockanalysis.com/analysts/Kelly-Crago/,12 May 2026
James Friedman,3044,https://stockanalysis.com/analysts/James-Friedman/,14 Aug 2026
Andrew Marok,3045,https://stockanalysis.com/analysts/Andrew-Marok/,11 Aug 2026
Vikram Kesavabhotla,3054,https://stockanalysis.com/analysts/Vikram-Kesavabhotla/,07 Aug 2026
Andre Salles,3057,https://stockanalysis.com/analysts/Andre-Salles/,01 May 2026
Noah Hungness,3059,https://stockanalysis.com/analysts/Noah-Hungness/,27 Apr 2026
Derrick Wood,3063,https://stockanalysis.com/analysts/Derrick-Wood/,11 Aug 2026
Farzin Haque,3066,https://stockanalysis.com/analysts/Farzin-Haque/,29 Mar 2026
Adam Hotchkiss,3072,https://stockanalysis.com/analysts/Adam-Hotchkiss/,31 Jul 2026
Phani Kanumuri,3076,https://stockanalysis.com/analysts/Phani-Kanumuri/,14 Aug 2026
Alexander Perry,3103,https://stockanalysis.com/analysts/Alexander-Perry/,10 Aug 2026
Lizzie Dove,3106,https://stockanalysis.com/analysts/Lizzie-Dove/,13 Aug 2026
Stephen Glagola,3107,https://stockanalysis.com/analysts/Stephen-Glagola/,14 Aug 2026
Marvin Fong,3109,https://stockanalysis.com/analysts/Marvin-Fong/,14 Aug 2026
Griffin Bryan,3110,https://stockanalysis.com/analysts/Griffin-Bryan/,06 Jul 2026
Anna Lizzul,3112,https://stockanalysis.com/analysts/Anna-Lizzul/,14 Aug 2026
Max Gumport,3119,https://stockanalysis.com/analysts/Max-Gumport/,09 Apr 2026
Christine Cho,3123,https://stockanalysis.com/analysts/Christine-Cho/,14 May 2026
Eric Hagen,3126,https://stockanalysis.com/analysts/Eric-Hagen/,30 Apr 2026
John Zamparo,3132,https://stockanalysis.com/analysts/John-Zamparo/,10 Aug 2026
Trevor Allinson,3137,https://stockanalysis.com/analysts/Trevor-Allinson/,29 Jul 2026
Nathan Feather,3139,https://stockanalysis.com/analysts/Nathan-Feather/,07 Aug 2026
Gary Nachman,3141,https://stockanalysis.com/analysts/Gary-Nachman/,12 Aug 2026
Ashley Wallace,3155,https://stockanalysis.com/analysts/Ashley-Wallace/,22 May 2026
Abhishek Shukla,3160,https://stockanalysis.com/analysts/Abhishek-Shukla/,14 Aug 2026
Jamie Clark,3162,https://stockanalysis.com/analysts/Jamie-Clark/,17 Feb 2026
Matt Koranda,3165,https://stockanalysis.com/analysts/Matt-Koranda/,14 Aug 2026
Scott Fletcher,3170,https://stockanalysis.com/analysts/Scott-Fletcher/,14 Aug 2026
Joseph Giordano,3172,https://stockanalysis.com/analysts/Joseph-Giordano/,21 Jul 2026
Louis Raffetto,3174,https://stockanalysis.com/analysts/Louis-Raffetto/,29 Jan 2026
Chris Luyckx,3176,https://stockanalysis.com/analysts/Chris-Luyckx/,23 Apr 2026
Andrew Andersen,3178,https://stockanalysis.com/analysts/Andrew-Andersen/,11 Aug 2026
Matthew Swanson,3183,https://stockanalysis.com/analysts/Matthew-Swanson/,13 Aug 2026
John Stansel,3188,https://stockanalysis.com/analysts/John-Stansel/,06 Aug 2026
Ravi Shanker,3189,https://stockanalysis.com/analysts/Ravi-Shanker/,11 Aug 2026
Nafeesa Gupta,3195,https://stockanalysis.com/analysts/Nafeesa-Gupta/,06 Aug 2026
Dennis Geiger,3197,https://stockanalysis.com/analysts/Dennis-Geiger/,13 Aug 2026
Pujarini Ghosh,3199,https://stockanalysis.com/analysts/Pujarini-Ghosh/,14 Jul 2026
Kevin Fischbeck,3203,https://stockanalysis.com/analysts/Kevin-Fischbeck/,10 Aug 2026
Leonardo Olmos,3204,https://stockanalysis.com/analysts/Leonardo-Olmos/,14 Aug 2026
Jason Helfstein,3206,https://stockanalysis.com/analysts/Jason-Helfstein/,13 Aug 2026
John Choi,3207,https://stockanalysis.com/analysts/John-Choi/,24 Jun 2026
Winnie Dong,3211,https://stockanalysis.com/analysts/Winnie-Dong/,12 Aug 2026
Ben Haynor,3213,https://stockanalysis.com/analysts/Ben-Haynor/,14 Aug 2026
Michael Ng,3215,https://stockanalysis.com/analysts/Michael-Ng/,10 Aug 2026
Rock Hoffman,3220,https://stockanalysis.com/analysts/Rock-Hoffman/,02 Apr 2026
Duksan Jang,3221,https://stockanalysis.com/analysts/Duksan-Jang/,07 Aug 2026
Ella Smith,3227,https://stockanalysis.com/analysts/Ella-Smith/,10 Aug 2026
Steven Zaccone,3237,https://stockanalysis.com/analysts/Steven-Zaccone/,14 Aug 2026
Dushyant Ailani,3246,https://stockanalysis.com/analysts/Dushyant-Ailani/,10 Jun 2026
Bob Huang,3250,https://stockanalysis.com/analysts/Bob-Huang/,12 Aug 2026
Harry Bartlett,3255,https://stockanalysis.com/analysts/Harry-Bartlett/,28 Jan 2026
Daria Nasledysheva,3258,https://stockanalysis.com/analysts/Daria-Nasledysheva/,24 Jul 2026
Matthew Coad,3261,https://stockanalysis.com/analysts/Matthew-Coad/,14 Aug 2026
Scott Wurtzel,3269,https://stockanalysis.com/analysts/Scott-Wurtzel/,10 Aug 2026
Lu Li,3271,https://stockanalysis.com/analysts/Lu-Li/,07 May 2026
Vijay Jayant,3282,https://stockanalysis.com/analysts/Vijay-Jayant/,12 Nov 2024
Julien Roch,3293,https://stockanalysis.com/analysts/Julien-Roch/,13 Aug 2026
Bhavin Shah,3306,https://stockanalysis.com/analysts/Bhavin-Shah/,06 Aug 2026
Steven Shemesh,3307,https://stockanalysis.com/analysts/Steven-Shemesh/,14 Aug 2026
Steve Byrne,3308,https://stockanalysis.com/analysts/Steve-Byrne/,08 Jan 2026
Niall Alexander,3317,https://stockanalysis.com/analysts/Niall-Alexander/,22 Jun 2026
Vince Valentini,3319,https://stockanalysis.com/analysts/Vince-Valentini/,07 Aug 2026
Martin Jungfleisch,3337,https://stockanalysis.com/analysts/Martin-Jungfleisch/,09 Jul 2026
James Kirby,3345,https://stockanalysis.com/analysts/James-Kirby/,07 Aug 2026
Spencer Hanus,3346,https://stockanalysis.com/analysts/Spencer-Hanus/,29 Jul 2026
Seyon Park,3351,https://stockanalysis.com/analysts/Seyon-Park/,05 Aug 2026
Kemp Dolliver,3362,https://stockanalysis.com/analysts/Kemp-Dolliver/,28 Jul 2026
Daniela Haigian,3364,https://stockanalysis.com/analysts/Daniela-Haigian/,07 Aug 2026
Arpine Kocharyan,3368,https://stockanalysis.com/analysts/Arpine-Kocharyan/,05 Aug 2026
Seth Bergey,3402,https://stockanalysis.com/analysts/Seth-Bergey/,03 Aug 2026
Ryan Langston,3406,https://stockanalysis.com/analysts/Ryan-Langston/,13 Aug 2026
Robert Moskow,3415,https://stockanalysis.com/analysts/Robert-Moskow/,14 Aug 2026
Steven Valiquette,3427,https://stockanalysis.com/analysts/Steven-Valiquette/,13 Aug 2026
Matthew Cost,3436,https://stockanalysis.com/analysts/Matthew-Cost/,13 Aug 2026
Faham Baig,3447,https://stockanalysis.com/analysts/Faham-Baig/,03 Aug 2026
Trevor Williams,3454,https://stockanalysis.com/analysts/Trevor-Williams/,09 Feb 2026
Hong Zhang,3461,https://stockanalysis.com/analysts/Hong-Zhang/,29 Jun 2026
Justin Bowers,3464,https://stockanalysis.com/analysts/Justin-Bowers/,10 Aug 2026
Aidan Kelly,3479,https://stockanalysis.com/analysts/Aidan-Kelly/,11 Aug 2026
Jordan Bender,3484,https://stockanalysis.com/analysts/Jordan-Bender/,07 Aug 2026
Sara Senatore,3498,https://stockanalysis.com/analysts/Sara-Senatore/,14 Aug 2026
David Mak,3517,https://stockanalysis.com/analysts/David-Mak/,29 Jun 2026
Parker Snure,3528,https://stockanalysis.com/analysts/Parker-Snure/,07 Aug 2026
Judy Zhang,3544,https://stockanalysis.com/analysts/Judy-Zhang/,03 Jun 2026
Edward Lewis,3565,https://stockanalysis.com/analysts/Edward-Lewis/,16 Jun 2026
Anne Samuel,3583,https://stockanalysis.com/analysts/Anne-Samuel/,06 Feb 2026
Hoang Nguyen,3590,https://stockanalysis.com/analysts/Hoang-Nguyen/,10 Aug 2026
Ami Probandt,3622,https://stockanalysis.com/analysts/Ami-Probandt/,13 Aug 2026
Simon Clinch,3632,https://stockanalysis.com/analysts/Simon-Clinch/,11 Jun 2026
Brett Fishbin,3636,https://stockanalysis.com/analysts/Brett-Fishbin/,07 Aug 2026
Nitin Bansal,3642,https://stockanalysis.com/analysts/Nitin-Bansal/,07 Aug 2026
Tomohiko Sano,3644,https://stockanalysis.com/analysts/Tomohiko-Sano/,14 Aug 2026
Filipe Nielsen,3656,https://stockanalysis.com/analysts/Filipe-Nielsen/,17 Mar 2026
Warren Ackerman,3660,https://stockanalysis.com/analysts/Warren-Ackerman/,07 Aug 2026
Alberto Valerio,3663,https://stockanalysis.com/analysts/Alberto-Valerio/,11 Aug 2026
Nathan Stein,3673,https://stockanalysis.com/analysts/Nathan-Stein/,19 Dec 2025
Zachary Fadem,3676,https://stockanalysis.com/analysts/Zachary-Fadem/,13 Aug 2026
Anojja Shah,3680,https://stockanalysis.com/analysts/Anojja-Shah/,13 Aug 2026
Chad Larkin,3689,https://stockanalysis.com/analysts/Chad-Larkin/,07 Aug 2026
Matt Roberts,3695,https://stockanalysis.com/analysts/Matt-Roberts/,22 Jul 2026
Ryan Brinkman,3698,https://stockanalysis.com/analysts/Ryan-Brinkman/,04 Aug 2026
Edward DeArias,3701,https://stockanalysis.com/analysts/Edward-DeArias/,10 Aug 2026
Richard Hightower,3703,https://stockanalysis.com/analysts/Richard-Hightower/,22 Jul 2026
Clarke Jeffries,3705,https://stockanalysis.com/analysts/Clarke-Jeffries/,14 Aug 2026
Kostas Biliouris,3711,https://stockanalysis.com/analysts/Kostas-Biliouris/,14 Aug 2026
Charlie Lederer,3716,https://stockanalysis.com/analysts/Charlie-Lederer/,06 Aug 2026
Amy Li,3719,https://stockanalysis.com/analysts/Amy-Li/,11 May 2026
Thiago Bortoluci,3728,https://stockanalysis.com/analysts/Thiago-Bortoluci/,13 Aug 2026
Cory Carpenter,3729,https://stockanalysis.com/analysts/Cory-Carpenter/,22 Jun 2026
Andrew Schmitt,3733,https://stockanalysis.com/analysts/Andrew-Schmitt/,14 Aug 2026
Martin Malloy,3736,https://stockanalysis.com/analysts/Martin-Malloy/,05 Jan 2026
Luke Morison,3740,https://stockanalysis.com/analysts/Luke-Morison/,12 Aug 2026
Atul Maheswari,3745,https://stockanalysis.com/analysts/Atul-Maheswari/,05 Aug 2026
Adam Kramer,3747,https://stockanalysis.com/analysts/Adam-Kramer/,13 Aug 2026
Kevin Dede,3749,https://stockanalysis.com/analysts/Kevin-Dede/,09 Apr 2026
Jorge Kuri,3754,https://stockanalysis.com/analysts/Jorge-Kuri/,14 Aug 2026
Frank Louthan,3757,https://stockanalysis.com/analysts/Frank-Louthan/,28 May 2026
Mayank Tandon,3759,https://stockanalysis.com/analysts/Mayank-Tandon/,14 Aug 2026
Chris Quintero,3773,https://stockanalysis.com/analysts/Chris-Quintero/,05 Aug 2026
Renata Cabral,3776,https://stockanalysis.com/analysts/Renata-Cabral/,31 Jul 2026
Gregory Williams,3777,https://stockanalysis.com/analysts/Gregory-Williams/,07 Aug 2026
Laurent Yoon,3782,https://stockanalysis.com/analysts/Laurent-Yoon/,14 Aug 2026
Romain Gourvil,3792,https://stockanalysis.com/analysts/Romain-Gourvil/,29 Jul 2026
Carlos Peyrelongue,3815,https://stockanalysis.com/analysts/Carlos-Peyrelongue/,10 Aug 2026
Martin Englert,3820,https://stockanalysis.com/analysts/Martin-Englert/,28 Apr 2026
Derek Soderberg,3823,https://stockanalysis.com/analysts/Derek-Soderberg/,14 Aug 2026
Gustavo Schroden,3824,https://stockanalysis.com/analysts/Gustavo-Schroden/,12 Jun 2026
Roanna Ruiz,3828,https://stockanalysis.com/analysts/Roanna-Ruiz/,07 Aug 2026
Chad Messer,3830,https://stockanalysis.com/analysts/Chad-Messer/,21 Jul 2026
Sergio Segura,3845,https://stockanalysis.com/analysts/Sergio-Segura/,10 Aug 2026
Rashad Kawan,3847,https://stockanalysis.com/analysts/Rashad-Kawan/,24 Apr 2026
Nadine Sarwat,3856,https://stockanalysis.com/analysts/Nadine-Sarwat/,03 Aug 2026
Robert Oliver,3861,https://stockanalysis.com/analysts/Robert-Oliver/,07 Aug 2026
Alexandria Hammond,3862,https://stockanalysis.com/analysts/Alexandria-Hammond/,13 Aug 2026
Paul Jeng,3867,https://stockanalysis.com/analysts/Paul-Jeng/,12 Aug 2026
Stan Berenshteyn,3868,https://stockanalysis.com/analysts/Stan-Berenshteyn/,13 Aug 2026
Jamie Rollo,3869,https://stockanalysis.com/analysts/Jamie-Rollo/,12 Aug 2026
Yiwen Zhang,3889,https://stockanalysis.com/analysts/Yiwen-Zhang/,06 May 2026
Javier Escalante,3894,https://stockanalysis.com/analysts/Javier-Escalante/,06 Aug 2026
Andrea Pistacchi,3897,https://stockanalysis.com/analysts/Andrea-Pistacchi/,06 Aug 2026
Michael Toomey,3923,https://stockanalysis.com/analysts/Michael-Toomey/,16 Jul 2026
Alex Bond,3927,https://stockanalysis.com/analysts/Alex-Bond/,10 Aug 2026
Kenneth Fong,3928,https://stockanalysis.com/analysts/Kenneth-Fong/,18 Mar 2026
Thomas Yeh,3935,https://stockanalysis.com/analysts/Thomas-Yeh/,07 May 2026
Kyle Peterson,3940,https://stockanalysis.com/analysts/Kyle-Peterson/,14 Aug 2026
Julian Radlinger,3943,https://stockanalysis.com/analysts/Julian-Radlinger/,23 Jul 2026
Graham Doyle,3945,https://stockanalysis.com/analysts/Graham-Doyle/,14 Aug 2026
Fulvio Cazzol,3952,https://stockanalysis.com/analysts/Fulvio-Cazzol/,05 Aug 2026
Michael Fairbanks,3953,https://stockanalysis.com/analysts/Michael-Fairbanks/,03 Aug 2026
Michael Mueller,3956,https://stockanalysis.com/analysts/Michael-Mueller/,04 Aug 2026
Neal Dingmann,3958,https://stockanalysis.com/analysts/Neal-Dingmann/,13 Aug 2026
Neha Agarwala,3967,https://stockanalysis.com/analysts/Neha-Agarwala/,04 Mar 2026
Siti Panigrahi,3970,https://stockanalysis.com/analysts/Siti-Panigrahi/,11 Aug 2026
Chasen Bender,3973,https://stockanalysis.com/analysts/Chasen-Bender/,14 Aug 2026
Lucy Yu,3974,https://stockanalysis.com/analysts/Lucy-Yu/,23 Apr 2026
Wahid Amin,3975,https://stockanalysis.com/analysts/Wahid-Amin/,05 Aug 2026
Caitlin Burrows,3977,https://stockanalysis.com/analysts/Caitlin-Burrows/,13 Aug 2026
Ryan Tunis,3980,https://stockanalysis.com/analysts/Ryan-Tunis/,06 Aug 2026
Jack Lin,3989,https://stockanalysis.com/analysts/Jack-Lin/,28 May 2026
Matthew Lofting,3990,https://stockanalysis.com/analysts/Matthew-Lofting/,04 Aug 2026
Kaumil Gajrawala,3991,https://stockanalysis.com/analysts/Kaumil-Gajrawala/,07 Aug 2026
Lee Hambright,3992,https://stockanalysis.com/analysts/Lee-Hambright/,11 Aug 2026
Thomas Palmer,3995,https://stockanalysis.com/analysts/Thomas-Palmer/,14 Aug 2026
Ben Klieve,3996,https://stockanalysis.com/analysts/Ben-Klieve/,06 Aug 2026
Olivia Brayer,4004,https://stockanalysis.com/analysts/Olivia-Brayer/,06 Aug 2026
Luca Issi,4005,https://stockanalysis.com/analysts/Luca-Issi/,14 Aug 2026
Daniel Moore,4009,https://stockanalysis.com/analysts/Daniel-Moore/,27 May 2026
Michael Nedelcovych,4016,https://stockanalysis.com/analysts/Michael-Nedelcovych/,13 Jul 2026
Andrew Harte,4020,https://stockanalysis.com/analysts/Andrew-Harte/,07 Aug 2026
Eric Serotta,4025,https://stockanalysis.com/analysts/Eric-Serotta/,11 Aug 2026
Brendan Lynch,4027,https://stockanalysis.com/analysts/Brendan-Lynch/,07 Aug 2026
Michael Turrin,4036,https://stockanalysis.com/analysts/Michael-Turrin/,12 Aug 2026
Patrick Wood,4060,https://stockanalysis.com/analysts/Patrick-Wood/,12 Aug 2026
David Chiaverini,4061,https://stockanalysis.com/analysts/David-Chiaverini/,03 Aug 2026
Cameron McVeigh,4068,https://stockanalysis.com/analysts/Cameron-McVeigh/,10 Aug 2026
Megan Alexander,4073,https://stockanalysis.com/analysts/Megan-Alexander/,24 Jun 2026
Peter Grom,4079,https://stockanalysis.com/analysts/Peter-Grom/,14 Aug 2026
Danilo Gargiulo,4080,https://stockanalysis.com/analysts/Danilo-Gargiulo/,13 Aug 2026
Carlos Laboy,4081,https://stockanalysis.com/analysts/Carlos-Laboy/,28 Jul 2026
Craig Kennison,4082,https://stockanalysis.com/analysts/Craig-Kennison/,06 Aug 2026
Ryan Kenny,4083,https://stockanalysis.com/analysts/Ryan-Kenny/,07 Aug 2026
Peter Christiansen,4086,https://stockanalysis.com/analysts/Peter-Christiansen/,14 Aug 2026
Matthew Johnson,4090,https://stockanalysis.com/analysts/Matthew-Johnson/,30 Jul 2026
Ned Baramov,4091,https://stockanalysis.com/analysts/Ned-Baramov/,07 Aug 2026
Estelle Weingrod,4098,https://stockanalysis.com/analysts/Estelle-Weingrod/,29 Jul 2026
Fan Tso,4107,https://stockanalysis.com/analysts/Fan-Tso/,26 May 2026
Alexander Sklar,4110,https://stockanalysis.com/analysts/Alexander-Sklar/,13 Aug 2026
Lincoln Kong,4116,https://stockanalysis.com/analysts/Lincoln-Kong/,12 Aug 2026
Todd Brooks,4124,https://stockanalysis.com/analysts/Todd-Brooks/,07 Aug 2026
Nathan Treybeck,4127,https://stockanalysis.com/analysts/Nathan-Treybeck/,07 Aug 2026
Tito Labarta,4134,https://stockanalysis.com/analysts/Tito-Labarta/,12 Aug 2026
Michael DiFiore,4135,https://stockanalysis.com/analysts/Michael-DiFiore/,07 May 2026
Michael Okunewitch,4136,https://stockanalysis.com/analysts/Michael-Okunewitch/,14 Aug 2026
Michael Ha,4140,https://stockanalysis.com/analysts/Michael-Ha/,07 Aug 2026
Stephanie Piazzola,4153,https://stockanalysis.com/analysts/Stephanie-Piazzola/,05 Aug 2026
Batya Levi,4159,https://stockanalysis.com/analysts/Batya-Levi/,04 Aug 2026
Andrew Cooper,4163,https://stockanalysis.com/analysts/Andrew-Cooper/,07 Aug 2026
Brian Holland,4167,https://stockanalysis.com/analysts/Brian-Holland/,10 Aug 2026
Nate Svensson,4182,https://stockanalysis.com/analysts/Nate-Svensson/,06 Aug 2026
Mason Carrico,4188,https://stockanalysis.com/analysts/Mason-Carrico/,04 Aug 2026
Wei Xiong,4190,https://stockanalysis.com/analysts/Wei-Xiong/,12 Aug 2026
Ameet Thakkar,4191,https://stockanalysis.com/analysts/Ameet-Thakkar/,10 Aug 2026
Jessica Tassan,4192,https://stockanalysis.com/analysts/Jessica-Tassan/,07 Aug 2026
Matheus Enfeldt,4196,https://stockanalysis.com/analysts/Matheus-Enfeldt/,07 Aug 2026
Alton Stump,4198,https://stockanalysis.com/analysts/Alton-Stump/,10 Aug 2026
Mani Foroohar,4200,https://stockanalysis.com/analysts/Mani-Foroohar/,04 Jun 2026
Kevin Krishnaratne,4201,https://stockanalysis.com/analysts/Kevin-Krishnaratne/,11 Aug 2026
Ekaterina Knyazkova,4204,https://stockanalysis.com/analysts/Ekaterina-Knyazkova/,10 Aug 2026
Mario Pierry,4210,https://stockanalysis.com/analysts/Mario-Pierry/,14 Aug 2026
Brian Harbour,4213,https://stockanalysis.com/analysts/Brian-Harbour/,13 Aug 2026
Craig Moffett,4223,https://stockanalysis.com/analysts/Craig-Moffett/,08 Apr 2026
Paul Kearney,4224,https://stockanalysis.com/analysts/Paul-Kearney/,04 Nov 2025
Andrew Polkowitz,4226,https://stockanalysis.com/analysts/Andrew-Polkowitz/,01 May 2026
Salvator Tiano,4232,https://stockanalysis.com/analysts/Salvator-Tiano/,21 Apr 2026
Jason Stewart,4234,https://stockanalysis.com/analysts/Jason-Stewart/,17 Jul 2026
Boobalan Pachaiyappan,4237,https://stockanalysis.com/analysts/Boobalan-Pachaiyappan/,14 Aug 2026
Lucky Schreiner,4238,https://stockanalysis.com/analysts/Lucky-Schreiner/,11 Aug 2026
Christian Carlino,4252,https://stockanalysis.com/analysts/Christian-Carlino/,12 Nov 2025
Matt Ma,4253,https://stockanalysis.com/analysts/Matt-Ma/,13 May 2026
Brandon Vazquez,4256,https://stockanalysis.com/analysts/Brandon-Vazquez/,14 Aug 2026
Thomas Wendler,4260,https://stockanalysis.com/analysts/Thomas-Wendler/,30 Jul 2026
Trevor Young,4268,https://stockanalysis.com/analysts/Trevor-Young/,11 Jun 2026
Tom White,4269,https://stockanalysis.com/analysts/Tom-White/,11 Aug 2026
Akshay Gupta,4275,https://stockanalysis.com/analysts/Akshay-Gupta/,13 Apr 2026
Brendan Sproules,4287,https://stockanalysis.com/analysts/Brendan-Sproules/,03 Jul 2026
Anthony Valentini,4292,https://stockanalysis.com/analysts/Anthony-Valentini/,14 Jul 2026
Greg Parrish,4299,https://stockanalysis.com/analysts/Greg-Parrish/,12 Aug 2026
Nick Lai,4309,https://stockanalysis.com/analysts/Nick-Lai/,14 Jul 2026
George Kurosawa,4311,https://stockanalysis.com/analysts/George-Kurosawa/,29 Jul 2026
James West,4319,https://stockanalysis.com/analysts/James-West/,16 Jun 2026
Samuel Nielsen,4323,https://stockanalysis.com/analysts/Samuel-Nielsen/,04 Aug 2026
Jason Bednar,4326,https://stockanalysis.com/analysts/Jason-Bednar/,14 Aug 2026
Noah Zatzkin,4327,https://stockanalysis.com/analysts/Noah-Zatzkin/,14 Aug 2026
Zachary Silverberg,4330,https://stockanalysis.com/analysts/Zachary-Silverberg/,30 Jul 2026
Vasundhara Govil,4333,https://stockanalysis.com/analysts/Vasundhara-Govil/,07 Aug 2026
Gerald Pascarelli,4337,https://stockanalysis.com/analysts/Gerald-Pascarelli/,11 Aug 2026
Charles Nabhan,4340,https://stockanalysis.com/analysts/Charles-Nabhan/,08 May 2026
Michael Sison,4344,https://stockanalysis.com/analysts/Michael-Sison/,03 Aug 2026
Nik Cremo,4346,https://stockanalysis.com/analysts/Nik-Cremo/,11 Aug 2026
Anthony Trainor,4348,https://stockanalysis.com/analysts/Anthony-Trainor/,06 Aug 2026
Scott Berg,4351,https://stockanalysis.com/analysts/Scott-Berg/,14 Aug 2026
Stephen Sheldon,4356,https://stockanalysis.com/analysts/Stephen-Sheldon/,13 Aug 2026
Ed Engel,4357,https://stockanalysis.com/analysts/Ed-Engel/,02 Aug 2026
Sean McGowan,4359,https://stockanalysis.com/analysts/Sean-McGowan/,14 Aug 2026
Jack Matten,4367,https://stockanalysis.com/analysts/Jack-Matten/,12 Aug 2026
Casey Ryan,4369,https://stockanalysis.com/analysts/Casey-Ryan/,08 Jan 2026
Greg Konrad,4372,https://stockanalysis.com/analysts/Greg-Konrad/,17 May 2026
Jason Tilchen,4380,https://stockanalysis.com/analysts/Jason-Tilchen/,12 Aug 2026
Matthew Hurwit,4388,https://stockanalysis.com/analysts/Matthew-Hurwit/,25 Mar 2026
Sean Milligan,4389,https://stockanalysis.com/analysts/Sean-Milligan/,12 Aug 2026
Taylor McGinnis,4390,https://stockanalysis.com/analysts/Taylor-McGinnis/,11 Aug 2026
Robert Farnam,4391,https://stockanalysis.com/analysts/Robert-Farnam/,25 Mar 2026
Marco Limite,4402,https://stockanalysis.com/analysts/Marco-Limite/,10 Aug 2026
Elizabeth Porter,4403,https://stockanalysis.com/analysts/Elizabeth-Porter/,13 Aug 2026
Carl Byrnes,4404,https://stockanalysis.com/analysts/Carl-Byrnes/,24 Apr 2026
Tim Rezvan,4409,https://stockanalysis.com/analysts/Tim-Rezvan/,13 Aug 2026
Richard Kramer,4414,https://stockanalysis.com/analysts/Richard-Kramer/,30 Jun 2026
Rishi Jaluria,4415,https://stockanalysis.com/analysts/Rishi-Jaluria/,14 Aug 2026
Bryan Bergin,4420,https://stockanalysis.com/analysts/Bryan-Bergin/,14 Aug 2026
Jeff Chung,4424,https://stockanalysis.com/analysts/Jeff-Chung/,13 Aug 2026
Ashley Owens,4425,https://stockanalysis.com/analysts/Ashley-Owens/,07 Aug 2026
Andrea Tan,4428,https://stockanalysis.com/analysts/Andrea-Tan/,05 Feb 2026
Tracy Benguigui,4433,https://stockanalysis.com/analysts/Tracy-Benguigui/,03 Aug 2026
Li Watsek,4434,https://stockanalysis.com/analysts/Li-Watsek/,14 Aug 2026
Bryan Smilek,4435,https://stockanalysis.com/analysts/Bryan-Smilek/,11 Aug 2026
Anna Glaessgen,4436,https://stockanalysis.com/analysts/Anna-Glaessgen/,10 Aug 2026
Ben Shelley,4437,https://stockanalysis.com/analysts/Ben-Shelley/,06 Aug 2026
Madeline Brooks,4439,https://stockanalysis.com/analysts/Madeline-Brooks/,27 Feb 2026
Leo Chiang,4442,https://stockanalysis.com/analysts/Leo-Chiang/,28 Jul 2026
Will Nance,4444,https://stockanalysis.com/analysts/Will-Nance/,07 Aug 2026
David Turkaly,4446,https://stockanalysis.com/analysts/David-Turkaly/,03 Aug 2026
Ryan Meyers,4447,https://stockanalysis.com/analysts/Ryan-Meyers/,11 Aug 2026
Gordon Johnson,4454,https://stockanalysis.com/analysts/Gordon-Johnson/,04 Aug 2026
Jeffrey Adelson,4456,https://stockanalysis.com/analysts/Jeffrey-Adelson/,10 Aug 2026
Bill Kerr,4465,https://stockanalysis.com/analysts/Bill-Kerr/,11 Dec 2025
Logan Reich,4466,https://stockanalysis.com/analysts/Logan-Reich/,13 Aug 2026
Chris Pierce,4468,https://stockanalysis.com/analysts/Chris-Pierce/,12 Aug 2026
Rahul Krotthapalli,4469,https://stockanalysis.com/analysts/Rahul-Krotthapalli/,12 Aug 2026
Cheng Li,4473,https://stockanalysis.com/analysts/Cheng-Li/,27 Feb 2026
Jeffrey Stantial,4479,https://stockanalysis.com/analysts/Jeffrey-Stantial/,14 Aug 2026
Kumaraguru Raja,4480,https://stockanalysis.com/analysts/Kumaraguru-Raja/,27 Jul 2026
Terry Tillman,4485,https://stockanalysis.com/analysts/Terry-Tillman/,14 Aug 2026
Matthew VanVliet,4486,https://stockanalysis.com/analysts/Matthew-VanVliet/,08 Aug 2026
Michael Funk,4487,https://stockanalysis.com/analysts/Michael-Funk/,11 Aug 2026
Jim Salera,4489,https://stockanalysis.com/analysts/Jim-Salera/,12 Aug 2026
Benjamin Mayhew,4493,https://stockanalysis.com/analysts/Benjamin-Mayhew/,07 Aug 2026
Kai Klose,4496,https://stockanalysis.com/analysts/Kai-Klose/,14 Aug 2026
David Larsen,4498,https://stockanalysis.com/analysts/David-Larsen/,11 Aug 2026
Aaron Grey,4500,https://stockanalysis.com/analysts/Aaron-Grey/,12 Aug 2026
Mickey Legg,4501,https://stockanalysis.com/analysts/Mickey-Legg/,31 Jul 2026
James Quigley,4508,https://stockanalysis.com/analysts/James-Quigley/,06 Aug 2026
Jake Roberge,4512,https://stockanalysis.com/analysts/Jake-Roberge/,18 Mar 2026
Corinne Blanchard,4515,https://stockanalysis.com/analysts/Corinne-Blanchard/,10 Aug 2026
Michael Pachter,4518,https://stockanalysis.com/analysts/Michael-Pachter/,12 Aug 2026
Joseph Civello,4527,https://stockanalysis.com/analysts/Joseph-Civello/,14 Aug 2026
Marc Torrente,4529,https://stockanalysis.com/analysts/Marc-Torrente/,06 Aug 2026
Nora Min,4533,https://stockanalysis.com/analysts/Nora-Min/,31 Jul 2026
David Adlington,4536,https://stockanalysis.com/analysts/David-Adlington/,12 Aug 2026
Yun Zhong,4537,https://stockanalysis.com/analysts/Yun-Zhong/,14 Aug 2026
Priyanka Grover,4540,https://stockanalysis.com/analysts/Priyanka-Grover/,14 Aug 2026
Tim Hsiao,4544,https://stockanalysis.com/analysts/Tim-Hsiao/,11 Aug 2026
Colin Langan,4549,https://stockanalysis.com/analysts/Colin-Langan/,12 Aug 2026
William Grippin,4553,https://stockanalysis.com/analysts/William-Grippin/,10 Aug 2026
Isabella Simonato,4554,https://stockanalysis.com/analysts/Isabella-Simonato/,12 Aug 2026
Seth Sigman,4556,https://stockanalysis.com/analysts/Seth-Sigman/,14 Aug 2026
Curtis Nagle,4557,https://stockanalysis.com/analysts/Curtis-Nagle/,12 Aug 2026
Jailendra Singh,4558,https://stockanalysis.com/analysts/Jailendra-Singh/,14 Aug 2026
Scott Schoenhaus,4562,https://stockanalysis.com/analysts/Scott-Schoenhaus/,07 Aug 2026
Shilan Modi,4564,https://stockanalysis.com/analysts/Shilan-Modi/,14 Apr 2026
Tom Curran,4570,https://stockanalysis.com/analysts/Tom-Curran/,08 Jan 2026
Ryan Tomasello,4572,https://stockanalysis.com/analysts/Ryan-Tomasello/,14 Aug 2026
Brian Skorney,4574,https://stockanalysis.com/analysts/Brian-Skorney/,07 Aug 2026
Anna Andreeva,4585,https://stockanalysis.com/analysts/Anna-Andreeva/,14 Aug 2026
Daniel Perlin,4589,https://stockanalysis.com/analysts/Daniel-Perlin/,14 Aug 2026
Alexia Dogani,4590,https://stockanalysis.com/analysts/Alexia-Dogani/,13 Aug 2026
Michael Albanese,4591,https://stockanalysis.com/analysts/Michael-Albanese/,10 Aug 2026
Constantine Davides,4593,https://stockanalysis.com/analysts/Constantine-Davides/,29 Jul 2026
Sean Kennedy,4594,https://stockanalysis.com/analysts/Sean-Kennedy/,11 Aug 2026
Fedor Shabalin,4596,https://stockanalysis.com/analysts/Fedor-Shabalin/,13 Aug 2026
Jason Kupferberg,4597,https://stockanalysis.com/analysts/Jason-Kupferberg/,14 Aug 2026
Bill Kirk,4598,https://stockanalysis.com/analysts/Bill-Kirk/,12 Aug 2026
Naz Rahman,4599,https://stockanalysis.com/analysts/Naz-Rahman/,14 Aug 2026
Caroline Palomeque,4602,https://stockanalysis.com/analysts/Caroline-Palomeque/,16 Jun 2026
Puneet Jain,4603,https://stockanalysis.com/analysts/Puneet-Jain/,12 Aug 2026
David Hynes,4604,https://stockanalysis.com/analysts/David-Hynes/,11 Aug 2026
Daina Graybosch,4605,https://stockanalysis.com/analysts/Daina-Graybosch/,11 Aug 2026
Bruce Jackson,4606,https://stockanalysis.com/analysts/Bruce-Jackson/,06 Aug 2026
Young Li,4611,https://stockanalysis.com/analysts/Young-Li/,07 Jul 2026
Sara Nik,4612,https://stockanalysis.com/analysts/Sara-Nik/,14 Aug 2026
Piral Dadhania,4615,https://stockanalysis.com/analysts/Piral-Dadhania/,13 Aug 2026
Matthew Keller,4619,https://stockanalysis.com/analysts/Matthew-Keller/,14 Aug 2026
Sarang Vora,4620,https://stockanalysis.com/analysts/Sarang-Vora/,12 Aug 2026
Joseph Spak,4621,https://stockanalysis.com/analysts/Joseph-Spak/,12 Aug 2026
Marie Thibault,4626,https://stockanalysis.com/analysts/Marie-Thibault/,11 Aug 2026
Reni Benjamin,4627,https://stockanalysis.com/analysts/Reni-Benjamin/,07 Aug 2026
Jason Kolbert,4629,https://stockanalysis.com/analysts/Jason-Kolbert/,13 May 2026
Vikram Bagri,4633,https://stockanalysis.com/analysts/Vikram-Bagri/,14 Aug 2026
Ryan MacDonald,4634,https://stockanalysis.com/analysts/Ryan-MacDonald/,13 Aug 2026
Kyle Bauser,4635,https://stockanalysis.com/analysts/Kyle-Bauser/,17 Apr 2026
Christopher Souther,4637,https://stockanalysis.com/analysts/Christopher-Souther/,13 Aug 2026
Itay Michaeli,4640,https://stockanalysis.com/analysts/Itay-Michaeli/,11 Aug 2026
Eric Wold,4641,https://stockanalysis.com/analysts/Eric-Wold/,15 Jul 2026
Jason McCarthy,4642,https://stockanalysis.com/analysts/Jason-McCarthy/,14 Aug 2026
Jack Allen,4643,https://stockanalysis.com/analysts/Jack-Allen/,30 Jun 2026
James Molloy,4644,https://stockanalysis.com/analysts/James-Molloy/,13 Aug 2026
Allen Klee,4646,https://stockanalysis.com/analysts/Allen-Klee/,14 Aug 2026
Edward Woo,4647,https://stockanalysis.com/analysts/Edward-Woo/,10 Jun 2026
Anthony Vendetti,4649,https://stockanalysis.com/analysts/Anthony-Vendetti/,14 Aug 2026
James McIlree,4650,https://stockanalysis.com/analysts/James-McIlree/,13 Aug 2026
Lucas Ward,4651,https://stockanalysis.com/analysts/Lucas-Ward/,04 Jun 2026
Jonathan Lee,9930,https://stockanalysis.com/analysts/Jonathan-Lee/,Not found
Jonathan Hughes,9930,https://stockanalysis.com/analysts/Jonathan-Hughes/,Not found
Jonathan Brandt,9930,https://stockanalysis.com/analysts/Jonathan-Brandt/,Not found
Jonathan Bock,9930,https://stockanalysis.com/analysts/Jonathan-Bock/,Not found
Joseph Grabowski,9930,https://stockanalysis.com/analysts/Joseph-Grabowski/,Not found
Vladimir Bystricky,9930,https://stockanalysis.com/analysts/Vladimir-Bystricky/,Not found
Vivien Azer,9930,https://stockanalysis.com/analysts/Vivien-Azer/,Not found
Vitor Tomita,9930,https://stockanalysis.com/analysts/Vitor-Tomita/,Not found
Vincent Sinisi,9930,https://stockanalysis.com/analysts/Vincent-Sinisi/,Not found
William Kirk,9930,https://stockanalysis.com/analysts/William-Kirk/,Not found
William Jellison,9930,https://stockanalysis.com/analysts/William-Jellison/,Not found
William Crow,9930,https://stockanalysis.com/analysts/William-Crow/,Not found
Weston Bloomer,9930,https://stockanalysis.com/analysts/Weston-Bloomer/,Not found
Alex Potter,9930,https://stockanalysis.com/analysts/Alex-Potter/,Not found
Alex Perry,9930,https://stockanalysis.com/analysts/Alex-Perry/,Not found
De Bruin,9930,https://stockanalysis.com/analysts/De-Bruin/,Not found
David Togut,9930,https://stockanalysis.com/analysts/David-Togut/,Not found
Noah Herman,9930,https://stockanalysis.com/analysts/Noah-Herman/,Not found
Nitin Kumar,9930,https://stockanalysis.com/analysts/Nitin-Kumar/,Not found
Zachary Warring,9930,https://stockanalysis.com/analysts/Zachary-Warring/,Not found
Abhi Agarwal,9930,https://stockanalysis.com/analysts/Abhi-Agarwal/,Not found
Aaron Kessler,9930,https://stockanalysis.com/analysts/Aaron-Kessler/,Not found
del Valle,9930,https://stockanalysis.com/analysts/del-Valle/,Not found
Alex Nowark,9930,https://stockanalysis.com/analysts/Alex-Nowark/,Not found
Alex Haissl,9930,https://stockanalysis.com/analysts/Alex-Haissl/,Not found
Alex Goldfarb,9930,https://stockanalysis.com/analysts/Alex-Goldfarb/,Not found
Yi Fu,9930,https://stockanalysis.com/analysts/Yi-Fu/,Not found
Yessica Sanchez,9930,https://stockanalysis.com/analysts/Yessica-Sanchez/,Not found
Xavier Bouvignies,9930,https://stockanalysis.com/analysts/Xavier-Bouvignies/,Not found
Jonathan Reeder,9930,https://stockanalysis.com/analysts/Jonathan-Reeder/,Not found
Nathan Janes,9930,https://stockanalysis.com/analysts/Nathan-Janes/,Not found
Doug Harter,9930,https://stockanalysis.com/analysts/Doug-Harter/,Not found
Dori Kesten,9930,https://stockanalysis.com/analysts/Dori-Kesten/,Not found
Paul Adams,9930,https://stockanalysis.com/analysts/Paul-Adams/,Not found
Patty Kanada,9930,https://stockanalysis.com/analysts/Patty-Kanada/,Not found
Patrick Tyler,9930,https://stockanalysis.com/analysts/Patrick-Tyler/,Not found
Patrick R. Trucchio,9930,https://stockanalysis.com/analysts/Patrick-R.-Trucchio/,Not found
Darren Leung,9930,https://stockanalysis.com/analysts/Darren-Leung/,Not found
Danielle Brill,9930,https://stockanalysis.com/analysts/Danielle-Brill/,13 Aug 2026
Pete Skibitski,9930,https://stockanalysis.com/analysts/Pete-Skibitski/,Not found
Perez Mora,9930,https://stockanalysis.com/analysts/Perez-Mora/,Not found
Paul Zimbardo,9930,https://stockanalysis.com/analysts/Paul-Zimbardo/,Not found
Paul Steep,9930,https://stockanalysis.com/analysts/Paul-Steep/,Not found
Parker Lane,9930,https://stockanalysis.com/analysts/Parker-Lane/,Not found
Papa Sylla,9930,https://stockanalysis.com/analysts/Papa-Sylla/,Not found
Pablo Zuanic,9930,https://stockanalysis.com/analysts/Pablo-Zuanic/,Not found
Drew Chamberlain,9930,https://stockanalysis.com/analysts/Drew-Chamberlain/,Not found
Douglas Irwin,9930,https://stockanalysis.com/analysts/Douglas-Irwin/,Not found
Mitch Germain,9930,https://stockanalysis.com/analysts/Mitch-Germain/,Not found
Ming Hsun,9930,https://stockanalysis.com/analysts/Ming-Hsun/,Not found
Paul Obrecht,9930,https://stockanalysis.com/analysts/Paul-Obrecht/,Not found
Paul McTaggart,9930,https://stockanalysis.com/analysts/Paul-McTaggart/,Not found
Daniel Roeska,9930,https://stockanalysis.com/analysts/Daniel-Roeska/,Not found
Daniel Markowitz,9930,https://stockanalysis.com/analysts/Daniel-Markowitz/,Not found
Daniel Kutz,9930,https://stockanalysis.com/analysts/Daniel-Kutz/,Not found
Peter Osterland,9930,https://stockanalysis.com/analysts/Peter-Osterland/,Not found
Peter Lawson,9930,https://stockanalysis.com/analysts/Peter-Lawson/,Not found
Mike Scialla,9930,https://stockanalysis.com/analysts/Mike-Scialla/,Not found
Mike Polark,9930,https://stockanalysis.com/analysts/Mike-Polark/,Not found
Mike Morris,9930,https://stockanalysis.com/analysts/Mike-Morris/,Not found
Mike Matson,9930,https://stockanalysis.com/analysts/Mike-Matson/,Not found
Mike Burton,9930,https://stockanalysis.com/analysts/Mike-Burton/,Not found
Mike Albanese,9930,https://stockanalysis.com/analysts/Mike-Albanese/,Not found
Peter Costa,9930,https://stockanalysis.com/analysts/Peter-Costa/,Not found
Daniel Hibshman,9930,https://stockanalysis.com/analysts/Daniel-Hibshman/,Not found
Daniel Ford,9930,https://stockanalysis.com/analysts/Daniel-Ford/,Not found
Daniel Chen,9930,https://stockanalysis.com/analysts/Daniel-Chen/,Not found
Daniel Chan,9930,https://stockanalysis.com/analysts/Daniel-Chan/,Not found
Dane Leone,9930,https://stockanalysis.com/analysts/Dane-Leone/,Not found
Dan Silverstein,9930,https://stockanalysis.com/analysts/Dan-Silverstein/,Not found
Pinjalim Bora,9930,https://stockanalysis.com/analysts/Pinjalim-Bora/,Not found
Philipp Häßler,9930,empty,Not found
Eddie Leung,9930,https://stockanalysis.com/analysts/Eddie-Leung/,Not found
Ed Yang,9930,https://stockanalysis.com/analysts/Ed-Yang/,Not found
Duane Pfenningwerth,9930,https://stockanalysis.com/analysts/Duane-Pfenningwerth/,Not found
Drew Ranieri,9930,https://stockanalysis.com/analysts/Drew-Ranieri/,Not found
Philip Gibbs,9930,https://stockanalysis.com/analysts/Philip-Gibbs/,Not found
Philip Cusick,9930,https://stockanalysis.com/analysts/Philip-Cusick/,Not found
Pérez Mora,9930,empty,Not found
Prashant Rao,9930,https://stockanalysis.com/analysts/Prashant-Rao/,Not found
Dan Ives,9930,https://stockanalysis.com/analysts/Dan-Ives/,Not found
Dan Brennan,9930,https://stockanalysis.com/analysts/Dan-Brennan/,Not found
Michael Walkley,9930,https://stockanalysis.com/analysts/Michael-Walkley/,Not found
Michael Tyndall,9930,https://stockanalysis.com/analysts/Michael-Tyndall/,Not found
Mike Lavery,9930,https://stockanalysis.com/analysts/Mike-Lavery/,Not found
Mike Harris,9930,https://stockanalysis.com/analysts/Mike-Harris/,Not found
Mike Grondahl,9930,https://stockanalysis.com/analysts/Mike-Grondahl/,Not found
Mike Genovese,9930,https://stockanalysis.com/analysts/Mike-Genovese/,Not found
Mike Dahl,9930,https://stockanalysis.com/analysts/Mike-Dahl/,Not found
Mike Cyprys,9930,https://stockanalysis.com/analysts/Mike-Cyprys/,Not found
Micheal Bellisario,9930,https://stockanalysis.com/analysts/Micheal-Bellisario/,Not found
Michael Weinstein,9930,https://stockanalysis.com/analysts/Michael-Weinstein/,Not found
Dailey Fairbanks,9930,https://stockanalysis.com/analysts/Dailey-Fairbanks/,Not found
Dae Gon,9930,https://stockanalysis.com/analysts/Dae-Gon/,Not found
Da Wei,9930,https://stockanalysis.com/analysts/Da-Wei/,Not found
Curtis Shauger,9930,https://stockanalysis.com/analysts/Curtis-Shauger/,Not found
Curt Woodworth,9930,https://stockanalysis.com/analysts/Curt-Woodworth/,Not found
Ralph Profiti,9930,https://stockanalysis.com/analysts/Ralph-Profiti/,Not found
Rajat Gupta,9930,https://stockanalysis.com/analysts/Rajat-Gupta/,Not found
Raj Sharma,9930,https://stockanalysis.com/analysts/Raj-Sharma/,Not found
Raj Kumar,9930,https://stockanalysis.com/analysts/Raj-Kumar/,Not found
Raghuram Selvaraju,9930,https://stockanalysis.com/analysts/Raghuram-Selvaraju/,Not found
Rachel Vatnsdal,9930,https://stockanalysis.com/analysts/Rachel-Vatnsdal/,Not found
Q3 Marketplace,9930,https://stockanalysis.com/analysts/Q3-Marketplace/,Not found
Cristopher Kennedy,9930,https://stockanalysis.com/analysts/Cristopher-Kennedy/,Not found
Cristina Fernández,9930,empty,Not found
Ricardo Rezende,9930,https://stockanalysis.com/analysts/Ricardo-Rezende/,Not found
Reif Ehrlich,9930,https://stockanalysis.com/analysts/Reif-Ehrlich/,Not found
Michael Jalonen,9930,https://stockanalysis.com/analysts/Michael-Jalonen/,Not found
Eric Schmidt,9930,https://stockanalysis.com/analysts/Eric-Schmidt/,Not found
Eric Des,9930,https://stockanalysis.com/analysts/Eric-Des/,Not found
Eric Beaumont,9930,https://stockanalysis.com/analysts/Eric-Beaumont/,Not found
Michael Schmitz,9930,https://stockanalysis.com/analysts/Michael-Schmitz/,Not found
Michael Phillips,9930,https://stockanalysis.com/analysts/Michael-Phillips/,Not found
Michael Perito,9930,https://stockanalysis.com/analysts/Michael-Perito/,Not found
Elizabeth Suzuki,9930,https://stockanalysis.com/analysts/Elizabeth-Suzuki/,Not found
Elizabeth Garcia,9930,https://stockanalysis.com/analysts/Elizabeth-Garcia/,Not found
Elizabeth Anderson,9930,https://stockanalysis.com/analysts/Elizabeth-Anderson/,Not found
Michelle Fang,9930,https://stockanalysis.com/analysts/Michelle-Fang/,Not found
Michael Minchak,9930,https://stockanalysis.com/analysts/Michael-Minchak/,Not found
Michael McGovern,9930,https://stockanalysis.com/analysts/Michael-McGovern/,Not found
Michael Kaye,9930,https://stockanalysis.com/analysts/Michael-Kaye/,Not found
Corinne Jenkins,9930,https://stockanalysis.com/analysts/Corinne-Jenkins/,Not found
Conor McNamara,9930,https://stockanalysis.com/analysts/Conor-McNamara/,Not found
Conor Fitzgerald,9930,https://stockanalysis.com/analysts/Conor-Fitzgerald/,Not found
Connor Siversky,9930,https://stockanalysis.com/analysts/Connor-Siversky/,Not found
Connor Lynagh,9930,https://stockanalysis.com/analysts/Connor-Lynagh/,Not found
Connor Chamberlain,9930,https://stockanalysis.com/analysts/Connor-Chamberlain/,Not found
Colleen Kusy,9930,https://stockanalysis.com/analysts/Colleen-Kusy/,Not found
Richard Law,9930,https://stockanalysis.com/analysts/Richard-Law/,Not found
Richard Hill,9930,https://stockanalysis.com/analysts/Richard-Hill/,Not found
Richard Eastman,9930,https://stockanalysis.com/analysts/Richard-Eastman/,Not found
Q3 EPS,9930,https://stockanalysis.com/analysts/Q3-EPS/,Not found
Rich Hilliker,9930,https://stockanalysis.com/analysts/Rich-Hilliker/,Not found
Rich Hightower,9930,https://stockanalysis.com/analysts/Rich-Hightower/,Not found
Colin Isaac,9930,https://stockanalysis.com/analysts/Colin-Isaac/,Not found
Colin Bristow,9930,https://stockanalysis.com/analysts/Colin-Bristow/,Not found
Cody Ross,9930,https://stockanalysis.com/analysts/Cody-Ross/,Not found
Cleveland Rueckert,9930,https://stockanalysis.com/analysts/Cleveland-Rueckert/,Not found
Chuck Grom,9930,https://stockanalysis.com/analysts/Chuck-Grom/,Not found
Christyne McGarvey,9930,https://stockanalysis.com/analysts/Christyne-McGarvey/,Not found
Ricky Goldwasser,9930,https://stockanalysis.com/analysts/Ricky-Goldwasser/,Not found
Rick Paterson,9930,https://stockanalysis.com/analysts/Rick-Paterson/,Not found
Eun Yang,9930,https://stockanalysis.com/analysts/Eun-Yang/,Not found
Esther Rajavelu,9930,https://stockanalysis.com/analysts/Esther-Rajavelu/,Not found
Esme Pau,9930,https://stockanalysis.com/analysts/Esme-Pau/,Not found
Erwan Rambourg,9930,https://stockanalysis.com/analysts/Erwan-Rambourg/,Not found
Erin Wilson,9930,https://stockanalysis.com/analysts/Erin-Wilson/,Not found
Christopher Parkinson,9930,https://stockanalysis.com/analysts/Christopher-Parkinson/,Not found
Christopher Moore,9930,https://stockanalysis.com/analysts/Christopher-Moore/,Not found
Christopher Merwin,9930,https://stockanalysis.com/analysts/Christopher-Merwin/,Not found
Christopher Mandeville,9930,https://stockanalysis.com/analysts/Christopher-Mandeville/,Not found
Christopher LeFemina,9930,https://stockanalysis.com/analysts/Christopher-LeFemina/,Not found
Christopher LaFemina,9930,https://stockanalysis.com/analysts/Christopher-LaFemina/,Not found
Robert Cox,9930,https://stockanalysis.com/analysts/Robert-Cox/,Not found
Robert Bek,9930,https://stockanalysis.com/analysts/Robert-Bek/,Not found
Rob Wertheimer,9930,https://stockanalysis.com/analysts/Rob-Wertheimer/,Not found
Meyer Sheilds,9930,https://stockanalysis.com/analysts/Meyer-Sheilds/,Not found
Federico Merendi,9930,https://stockanalysis.com/analysts/Federico-Merendi/,Not found
Farooq Hamed,9930,https://stockanalysis.com/analysts/Farooq-Hamed/,Not found
Evan David,9930,https://stockanalysis.com/analysts/Evan-David/,Not found
Eva Fortea,9930,https://stockanalysis.com/analysts/Eva-Fortea/,Not found
Michael Harrison,9930,https://stockanalysis.com/analysts/Michael-Harrison/,Not found
David Hicks,9930,https://stockanalysis.com/analysts/David-Hicks/,Not found
David Bouchey,9930,https://stockanalysis.com/analysts/David-Bouchey/,Not found
David Belinger,9930,https://stockanalysis.com/analysts/David-Belinger/,Not found
Paul Diamond,9930,https://stockanalysis.com/analysts/Paul-Diamond/,Not found
Paul Coster,9930,https://stockanalysis.com/analysts/Paul-Coster/,Not found
Paul Chung,9930,https://stockanalysis.com/analysts/Paul-Chung/,Not found
Paul Cheng,9930,https://stockanalysis.com/analysts/Paul-Cheng/,Not found
Don Carducci,9930,https://stockanalysis.com/analysts/Don-Carducci/,Not found
Domingos Falavina,9930,https://stockanalysis.com/analysts/Domingos-Falavina/,Not found
Divya Goyal,9930,https://stockanalysis.com/analysts/Divya-Goyal/,Not found
Dimple Gosai,9930,https://stockanalysis.com/analysts/Dimple-Gosai/,Not found
Dimple Gosa,9930,https://stockanalysis.com/analysts/Dimple-Gosa/,Not found
Dillon Cumming,9930,https://stockanalysis.com/analysts/Dillon-Cumming/,Not found
Nichola Holowko,9930,https://stockanalysis.com/analysts/Nichola-Holowko/,Not found
Neil Kalton,9930,https://stockanalysis.com/analysts/Neil-Kalton/,Not found
Rob Oliver,9930,https://stockanalysis.com/analysts/Rob-Oliver/,Not found
Rob Dickerson,9930,https://stockanalysis.com/analysts/Rob-Dickerson/,Not found
Rob Brown,9930,https://stockanalysis.com/analysts/Rob-Brown/,Not found
Christopher Graja,9930,https://stockanalysis.com/analysts/Christopher-Graja/,Not found
Christopher Dendrinos,9930,https://stockanalysis.com/analysts/Christopher-Dendrinos/,Not found
Christopher Danely,9930,https://stockanalysis.com/analysts/Christopher-Danely/,Not found
Chris Zhang,9930,https://stockanalysis.com/analysts/Chris-Zhang/,Not found
Chris Snyder,9930,https://stockanalysis.com/analysts/Chris-Snyder/,Not found
Chris Senyek,9930,https://stockanalysis.com/analysts/Chris-Senyek/,Not found
Robert Napoli,9930,https://stockanalysis.com/analysts/Robert-Napoli/,Not found
Robert Mosca,9930,https://stockanalysis.com/analysts/Robert-Mosca/,Not found
Robert Mason,9930,https://stockanalysis.com/analysts/Robert-Mason/,Not found
Richard Repetto,9930,https://stockanalysis.com/analysts/Richard-Repetto/,Not found
Richard Radbourne,9930,https://stockanalysis.com/analysts/Richard-Radbourne/,Not found
Christopher Schoell,9930,https://stockanalysis.com/analysts/Christopher-Schoell/,Not found
Gabe Hajde,9930,https://stockanalysis.com/analysts/Gabe-Hajde/,Not found
Ronald J,9930,https://stockanalysis.com/analysts/Ronald-J/,Not found
Rohin Patel,9930,https://stockanalysis.com/analysts/Rohin-Patel/,Not found
Roger Read,9930,https://stockanalysis.com/analysts/Roger-Read/,Not found
Robyn Karnauskas,9930,https://stockanalysis.com/analysts/Robyn-Karnauskas/,Not found
Robin Farley,9930,https://stockanalysis.com/analysts/Robin-Farley/,Not found
Chris Robertson,9930,https://stockanalysis.com/analysts/Chris-Robertson/,Not found
Chris Raymond,9930,https://stockanalysis.com/analysts/Chris-Raymond/,Not found
Fu Lee,9930,https://stockanalysis.com/analysts/Fu-Lee/,Not found
Frank Lee,9930,https://stockanalysis.com/analysts/Frank-Lee/,Not found
Francisco Suarez,9930,https://stockanalysis.com/analysts/Francisco-Suarez/,Not found
Floris Van,9930,https://stockanalysis.com/analysts/Floris-Van/,Not found
Fernando Abdalla,9930,https://stockanalysis.com/analysts/Fernando-Abdalla/,Not found
Felicia Hendrix,9930,https://stockanalysis.com/analysts/Felicia-Hendrix/,Not found
Michael Carrier,9930,https://stockanalysis.com/analysts/Michael-Carrier/,Not found
Michael Albanses,9930,https://stockanalysis.com/analysts/Michael-Albanses/,Not found
Chris Kuntarich,9930,https://stockanalysis.com/analysts/Chris-Kuntarich/,Not found
Chris Carey,9930,https://stockanalysis.com/analysts/Chris-Carey/,Not found
Chi Fong,9930,https://stockanalysis.com/analysts/Chi-Fong/,Not found
Charles Zhou,9930,https://stockanalysis.com/analysts/Charles-Zhou/,Not found
Roy Buchanan,9930,https://stockanalysis.com/analysts/Roy-Buchanan/,Not found
Ross Smotrich,9930,https://stockanalysis.com/analysts/Ross-Smotrich/,Not found
Ross Osborn,9930,https://stockanalysis.com/analysts/Ross-Osborn/,Not found
Matthew Murphy,9930,https://stockanalysis.com/analysts/Matthew-Murphy/,Not found
Matthew McKellar,9930,https://stockanalysis.com/analysts/Matthew-McKellar/,Not found
Matthew McClintock,9930,https://stockanalysis.com/analysts/Matthew-McClintock/,Not found
Matthew Krueger,9930,https://stockanalysis.com/analysts/Matthew-Krueger/,Not found
Melanie Nunez,9930,https://stockanalysis.com/analysts/Melanie-Nunez/,Not found
Medhi Hosseini,9930,https://stockanalysis.com/analysts/Medhi-Hosseini/,Not found
Max Hopkins,9930,https://stockanalysis.com/analysts/Max-Hopkins/,Not found
Gabriel Moreen,9930,https://stockanalysis.com/analysts/Gabriel-Moreen/,Not found
Charles Duncan,9930,https://stockanalysis.com/analysts/Charles-Duncan/,Not found
Chad Bennett,9930,https://stockanalysis.com/analysts/Chad-Bennett/,Not found
Cerena Chen,9930,https://stockanalysis.com/analysts/Cerena-Chen/,Not found
Cecilia Furlong,9930,https://stockanalysis.com/analysts/Cecilia-Furlong/,Not found
Catherine Schulte,9930,https://stockanalysis.com/analysts/Catherine-Schulte/,Not found
Catherine Ramsey,9930,https://stockanalysis.com/analysts/Catherine-Ramsey/,Not found
Ryan Krieger,9930,https://stockanalysis.com/analysts/Ryan-Krieger/,Not found
Matthew Harrison,9930,https://stockanalysis.com/analysts/Matthew-Harrison/,Not found
Matthew Gillmor,9930,https://stockanalysis.com/analysts/Matthew-Gillmor/,Not found
George Bose,9930,https://stockanalysis.com/analysts/George-Bose/,Not found
Geoff Lowery,9930,https://stockanalysis.com/analysts/Geoff-Lowery/,Not found
Matthew Summerville,9930,https://stockanalysis.com/analysts/Matthew-Summerville/,Not found
Matthew Stanton,9930,https://stockanalysis.com/analysts/Matthew-Stanton/,Not found
Matthew Sheerin,9930,https://stockanalysis.com/analysts/Matthew-Sheerin/,Not found
Chris Merwin,9930,https://stockanalysis.com/analysts/Chris-Merwin/,Not found
Chris Mcgratty,9930,https://stockanalysis.com/analysts/Chris-Mcgratty/,Not found
George Galliers,9930,https://stockanalysis.com/analysts/George-Galliers/,Not found
George Farmer,9930,https://stockanalysis.com/analysts/George-Farmer/,Not found
Matthew Hewitt,9930,https://stockanalysis.com/analysts/Matthew-Hewitt/,Not found
Matthew Herrmann,9930,https://stockanalysis.com/analysts/Matthew-Herrmann/,Not found
Ryan Griffin,9930,https://stockanalysis.com/analysts/Ryan-Griffin/,Not found
Ryan Cooke,9930,https://stockanalysis.com/analysts/Ryan-Cooke/,Not found
Russell Quelch,9930,https://stockanalysis.com/analysts/Russell-Quelch/,Not found
Ryan McKeveny,9930,https://stockanalysis.com/analysts/Ryan-McKeveny/,Not found
Ryan Lynch,9930,https://stockanalysis.com/analysts/Ryan-Lynch/,Not found
Carly Kenselaar,9930,https://stockanalysis.com/analysts/Carly-Kenselaar/,Not found
Ross Muken,9930,https://stockanalysis.com/analysts/Ross-Muken/,Not found
Ross Gilardi,9930,https://stockanalysis.com/analysts/Ross-Gilardi/,Not found
Ronald Jewsikow,9930,https://stockanalysis.com/analysts/Ronald-Jewsikow/,Not found
Carlos De,9930,https://stockanalysis.com/analysts/Carlos-De/,Not found
Camille Bonnel,9930,https://stockanalysis.com/analysts/Camille-Bonnel/,Not found
Cameron Mansson,9930,https://stockanalysis.com/analysts/Cameron-Mansson/,Not found
C J,9930,https://stockanalysis.com/analysts/C-J/,Not found
Burrows Szczupak,9930,https://stockanalysis.com/analysts/Burrows-Szczupak/,Not found
Bryce Rowe,9930,https://stockanalysis.com/analysts/Bryce-Rowe/,Not found
Bryan Spillane,9930,https://stockanalysis.com/analysts/Bryan-Spillane/,Not found
Bryan Maher,9930,https://stockanalysis.com/analysts/Bryan-Maher/,Not found
Greg Lewis,9930,https://stockanalysis.com/analysts/Greg-Lewis/,Not found
Greg Harrison,9930,https://stockanalysis.com/analysts/Greg-Harrison/,Not found
Glenn Mattson,9930,https://stockanalysis.com/analysts/Glenn-Mattson/,Not found
Matt Venezia,9930,https://stockanalysis.com/analysts/Matt-Venezia/,Not found
Matt OBrien,9930,https://stockanalysis.com/analysts/Matt-OBrien/,Not found
Matt Niknam,9930,https://stockanalysis.com/analysts/Matt-Niknam/,Not found
Matt McGinley,9930,https://stockanalysis.com/analysts/Matt-McGinley/,Not found
George Wang,9930,https://stockanalysis.com/analysts/George-Wang/,Not found
Sabrina Abrams,9930,https://stockanalysis.com/analysts/Sabrina-Abrams/,Not found
Bryan Adams,9930,https://stockanalysis.com/analysts/Bryan-Adams/,Not found
Bruce Chan,9930,https://stockanalysis.com/analysts/Bruce-Chan/,Not found
Brock Vandervliet,9930,https://stockanalysis.com/analysts/Brock-Vandervliet/,Not found
Market Perform,9930,https://stockanalysis.com/analysts/Market-Perform/,Not found
Mark Purcell,9930,https://stockanalysis.com/analysts/Mark-Purcell/,Not found
Griffin Boss,9930,https://stockanalysis.com/analysts/Griffin-Boss/,Not found
Gregory Fraser,9930,https://stockanalysis.com/analysts/Gregory-Fraser/,Not found
Greg Pardy,9930,https://stockanalysis.com/analysts/Greg-Pardy/,Not found
Greg Miller,9930,https://stockanalysis.com/analysts/Greg-Miller/,Not found
Matt Howlett,9930,https://stockanalysis.com/analysts/Matt-Howlett/,Not found
Matt Farrell,9930,https://stockanalysis.com/analysts/Matt-Farrell/,Not found
Matt Breese,9930,https://stockanalysis.com/analysts/Matt-Breese/,Not found
Hartaj Singh,9930,https://stockanalysis.com/analysts/Hartaj-Singh/,Not found
Harry Read,9930,https://stockanalysis.com/analysts/Harry-Read/,Not found
Harold Goetsch,9930,https://stockanalysis.com/analysts/Harold-Goetsch/,Not found
Harmen Puri,9930,https://stockanalysis.com/analysts/Harmen-Puri/,Not found
Hans Mosesmann,9930,https://stockanalysis.com/analysts/Hans-Mosesmann/,Not found
Hamza Fodderwala,9930,https://stockanalysis.com/analysts/Hamza-Fodderwala/,Not found
Sanjeev Rana,9930,https://stockanalysis.com/analysts/Sanjeev-Rana/,Not found
Samuel Eisner,9930,https://stockanalysis.com/analysts/Samuel-Eisner/,Not found
Brian Lee,9930,https://stockanalysis.com/analysts/Brian-Lee/,Not found
Brian Flores,9930,https://stockanalysis.com/analysts/Brian-Flores/,Not found
Brian Fitzgerald,9930,https://stockanalysis.com/analysts/Brian-Fitzgerald/,Not found
Brian Butler,9930,https://stockanalysis.com/analysts/Brian-Butler/,Not found
Brian Brungardt,9930,https://stockanalysis.com/analysts/Brian-Brungardt/,Not found
Brett Simpson,9930,https://stockanalysis.com/analysts/Brett-Simpson/,Not found
Scott Marks,9930,https://stockanalysis.com/analysts/Scott-Marks/,Not found
Ian Moore,9930,https://stockanalysis.com/analysts/Ian-Moore/,Not found
Ian Macpherson,9930,https://stockanalysis.com/analysts/Ian-Macpherson/,Not found
Scott Fidel,9930,https://stockanalysis.com/analysts/Scott-Fidel/,Not found
Scott Ciccarelli,9930,https://stockanalysis.com/analysts/Scott-Ciccarelli/,Not found
Brett Feldman,9930,https://stockanalysis.com/analysts/Brett-Feldman/,Not found
Brent Navon,9930,https://stockanalysis.com/analysts/Brent-Navon/,Not found
Brent Dilts,9930,https://stockanalysis.com/analysts/Brent-Dilts/,Not found
Brent Bracelin,9930,https://stockanalysis.com/analysts/Brent-Bracelin/,Not found
Sean Meakim,9930,https://stockanalysis.com/analysts/Sean-Meakim/,Not found
Sean Lee,9930,https://stockanalysis.com/analysts/Sean-Lee/,Not found
Sean King,9930,https://stockanalysis.com/analysts/Sean-King/,Not found
Holly Stewart,9930,https://stockanalysis.com/analysts/Holly-Stewart/,Not found
Himanshu Gupta,9930,https://stockanalysis.com/analysts/Himanshu-Gupta/,Not found
Henry Meyer,9930,https://stockanalysis.com/analysts/Henry-Meyer/,Not found
Helfey Hannah,9930,https://stockanalysis.com/analysts/Helfey-Hannah/,Not found
Heather Balsky,9930,https://stockanalysis.com/analysts/Heather-Balsky/,Not found
Shiwen Li,9930,https://stockanalysis.com/analysts/Shiwen-Li/,Not found
Brandon King,9930,https://stockanalysis.com/analysts/Brandon-King/,Not found
Brady Gailey,9930,https://stockanalysis.com/analysts/Brady-Gailey/,Not found
Bradley Berning,9930,https://stockanalysis.com/analysts/Bradley-Berning/,Not found
Brad Sills,9930,https://stockanalysis.com/analysts/Brad-Sills/,Not found
Shane Brett,9930,https://stockanalysis.com/analysts/Shane-Brett/,Not found
Shagun Singh,9930,https://stockanalysis.com/analysts/Shagun-Singh/,Not found
Seth Gilbert,9930,https://stockanalysis.com/analysts/Seth-Gilbert/,Not found
MarK Shutley,9930,https://stockanalysis.com/analysts/MarK-Shutley/,Not found
Jack Cummins,9930,https://stockanalysis.com/analysts/Jack-Cummins/,Not found
JESALYN Wong,9930,https://stockanalysis.com/analysts/JESALYN-Wong/,Not found
Mario Lu,9930,https://stockanalysis.com/analysts/Mario-Lu/,Not found
Mariana Taddeo,9930,https://stockanalysis.com/analysts/Mariana-Taddeo/,Not found
Mariana Perez,9930,https://stockanalysis.com/analysts/Mariana-Perez/,Not found
Maria Thibault,9930,https://stockanalysis.com/analysts/Maria-Thibault/,Not found
Marcus Cole,9930,https://stockanalysis.com/analysts/Marcus-Cole/,Not found
Sean Wieland,9930,https://stockanalysis.com/analysts/Sean-Wieland/,Not found
Brad Capuzzi,9930,https://stockanalysis.com/analysts/Brad-Capuzzi/,Not found
Brad Canino,9930,https://stockanalysis.com/analysts/Brad-Canino/,Not found
Boris Van,9930,https://stockanalysis.com/analysts/Boris-Van/,Not found
Boonie Herzog,9930,https://stockanalysis.com/analysts/Boonie-Herzog/,Not found
Bobby Zolper,9930,https://stockanalysis.com/analysts/Bobby-Zolper/,Not found
Bob Jian,9930,https://stockanalysis.com/analysts/Bob-Jian/,Not found
Bob Drbul,9930,https://stockanalysis.com/analysts/Bob-Drbul/,Not found
Sidney Ho,9930,https://stockanalysis.com/analysts/Sidney-Ho/,Not found
Shneur Gershuni,9930,https://stockanalysis.com/analysts/Shneur-Gershuni/,Not found
Neel Kumar,9930,https://stockanalysis.com/analysts/Neel-Kumar/,Not found
Ole Slorer,9930,https://stockanalysis.com/analysts/Ole-Slorer/,Not found
David MacDonald,9930,https://stockanalysis.com/analysts/David-MacDonald/,Not found
David Lewis,9930,https://stockanalysis.com/analysts/David-Lewis/,Not found
David Leiker,9930,https://stockanalysis.com/analysts/David-Leiker/,Not found
David Lebowitz,9930,https://stockanalysis.com/analysts/David-Lebowitz/,Not found
David Lebovitz,9930,https://stockanalysis.com/analysts/David-Lebovitz/,Not found
David Kang,9930,https://stockanalysis.com/analysts/David-Kang/,Not found
Patrick Donnelly,9930,https://stockanalysis.com/analysts/Patrick-Donnelly/,Not found
Nathan Rice,9930,https://stockanalysis.com/analysts/Nathan-Rice/,Not found
Diego Aragao,9930,https://stockanalysis.com/analysts/Diego-Aragao/,Not found
Destiny Hance,9930,https://stockanalysis.com/analysts/Destiny-Hance/,Not found
Derik De,9930,https://stockanalysis.com/analysts/Derik-De/,Not found
Nick Joseph,9930,https://stockanalysis.com/analysts/Nick-Joseph/,Not found
Nick Housden,9930,https://stockanalysis.com/analysts/Nick-Housden/,Not found
Luke Lemoine,9930,https://stockanalysis.com/analysts/Luke-Lemoine/,Not found
Sheila McGrath,9930,https://stockanalysis.com/analysts/Sheila-McGrath/,Not found
Spiro Dounis,9930,https://stockanalysis.com/analysts/Spiro-Dounis/,Not found
Soumit Roy,9930,https://stockanalysis.com/analysts/Soumit-Roy/,Not found
Sorabh Daga,9930,https://stockanalysis.com/analysts/Sorabh-Daga/,Not found
Soe Naing,9930,https://stockanalysis.com/analysts/Soe-Naing/,Not found
Smedes Rose,9930,https://stockanalysis.com/analysts/Smedes-Rose/,Not found
Simon Flannery,9930,https://stockanalysis.com/analysts/Simon-Flannery/,Not found
Bin Kim,9930,https://stockanalysis.com/analysts/Bin-Kim/,Not found
Bill Maughan,9930,https://stockanalysis.com/analysts/Bill-Maughan/,Not found
Luiz Carvalho,9930,https://stockanalysis.com/analysts/Luiz-Carvalho/,Not found
James Callahan,9930,https://stockanalysis.com/analysts/James-Callahan/,Not found
Jacob Smith,9930,https://stockanalysis.com/analysts/Jacob-Smith/,Not found
Jack Vander,9930,https://stockanalysis.com/analysts/Jack-Vander/,Not found
Bill Katz,9930,https://stockanalysis.com/analysts/Bill-Katz/,Not found
Bill Chappell,9930,https://stockanalysis.com/analysts/Bill-Chappell/,Not found
Biju Perincheril,9930,https://stockanalysis.com/analysts/Biju-Perincheril/,Not found
Bhumi Kanabar,9930,https://stockanalysis.com/analysts/Bhumi-Kanabar/,Not found
Stephanie Grambling,9930,https://stockanalysis.com/analysts/Stephanie-Grambling/,Not found
Stephanie Davis,9930,https://stockanalysis.com/analysts/Stephanie-Davis/,Not found
Stanley Elliott,9930,https://stockanalysis.com/analysts/Stanley-Elliott/,Not found
Stan Zlotsky,9930,https://stockanalysis.com/analysts/Stan-Zlotsky/,Not found
Srini Pajjuir,9930,https://stockanalysis.com/analysts/Srini-Pajjuir/,Not found
Betty Jing,9930,https://stockanalysis.com/analysts/Betty-Jing/,Not found
James Heaney,9930,https://stockanalysis.com/analysts/James-Heaney/,Not found
James Goss,9930,https://stockanalysis.com/analysts/James-Goss/,Not found
James Fotheringham,9930,https://stockanalysis.com/analysts/James-Fotheringham/,Not found
Madhu Kumar,9930,https://stockanalysis.com/analysts/Madhu-Kumar/,Not found
Lili Nsongo,9930,https://stockanalysis.com/analysts/Lili-Nsongo/,Not found
Liisa Bayko,9930,https://stockanalysis.com/analysts/Liisa-Bayko/,Not found
Betsy Graseck,9930,https://stockanalysis.com/analysts/Betsy-Graseck/,Not found
Bert Subin,9930,https://stockanalysis.com/analysts/Bert-Subin/,Not found
Benjamin Miller,9930,https://stockanalysis.com/analysts/Benjamin-Miller/,Not found
Benjamin Haynor,9930,https://stockanalysis.com/analysts/Benjamin-Haynor/,Not found
Benjamin Gerlinger,9930,https://stockanalysis.com/analysts/Benjamin-Gerlinger/,Not found
Benjamin Black,9930,https://stockanalysis.com/analysts/Benjamin-Black/,Not found
Ben Miller,9930,https://stockanalysis.com/analysts/Ben-Miller/,Not found
Ben Chaiken,9930,https://stockanalysis.com/analysts/Ben-Chaiken/,Not found
Stephen Trent,9930,https://stockanalysis.com/analysts/Stephen-Trent/,Not found
Lucas Pipes,9930,https://stockanalysis.com/analysts/Lucas-Pipes/,Not found
Louthan IV,9930,https://stockanalysis.com/analysts/Louthan-IV/,Not found
Louise Singlehurst,9930,https://stockanalysis.com/analysts/Louise-Singlehurst/,Not found
Steve Wieczynski,9930,https://stockanalysis.com/analysts/Steve-Wieczynski/,Not found
Steve Valiquette,9930,https://stockanalysis.com/analysts/Steve-Valiquette/,Not found
Steve Silver,9930,https://stockanalysis.com/analysts/Steve-Silver/,Not found
Steve Seedhouse,9930,https://stockanalysis.com/analysts/Steve-Seedhouse/,Not found
Larry Solow,9930,https://stockanalysis.com/analysts/Larry-Solow/,Not found
Landon Park,9930,https://stockanalysis.com/analysts/Landon-Park/,Not found
Kyle Voigt,9930,https://stockanalysis.com/analysts/Kyle-Voigt/,Not found
Kyle Mikson,9930,https://stockanalysis.com/analysts/Kyle-Mikson/,Not found
Lee Krowl,9930,https://stockanalysis.com/analysts/Lee-Krowl/,Not found
Leandro Bastos,9930,https://stockanalysis.com/analysts/Leandro-Bastos/,Not found
Lawrence Biegelsen,9930,https://stockanalysis.com/analysts/Lawrence-Biegelsen/,Not found
Jared Dinges,9930,https://stockanalysis.com/analysts/Jared-Dinges/,Not found
Janice Quek,9930,https://stockanalysis.com/analysts/Janice-Quek/,Not found
Janco Venter,9930,https://stockanalysis.com/analysts/Janco-Venter/,Not found
James Sheehan,9930,https://stockanalysis.com/analysts/James-Sheehan/,Not found
Lisa Clive,9930,https://stockanalysis.com/analysts/Lisa-Clive/,Not found
Jason English,9930,https://stockanalysis.com/analysts/Jason-English/,Not found
Jason Bouvier,9930,https://stockanalysis.com/analysts/Jason-Bouvier/,Not found
Lauren Schenk,9930,https://stockanalysis.com/analysts/Lauren-Schenk/,Not found
Steve Powers,9930,https://stockanalysis.com/analysts/Steve-Powers/,Not found
Steve Koenig,9930,https://stockanalysis.com/analysts/Steve-Koenig/,Not found
Steve Brozak,9930,https://stockanalysis.com/analysts/Steve-Brozak/,Not found
Steven Sheeckutz,9930,https://stockanalysis.com/analysts/Steven-Sheeckutz/,Not found
Steven Madden,9930,https://stockanalysis.com/analysts/Steven-Madden/,Not found
Steven Frankel,9930,https://stockanalysis.com/analysts/Steven-Frankel/,Not found
Steven Enders,9930,https://stockanalysis.com/analysts/Steven-Enders/,Not found
Steven Cahill,9930,https://stockanalysis.com/analysts/Steven-Cahill/,Not found
Ashwin Shirvaikar,9930,https://stockanalysis.com/analysts/Ashwin-Shirvaikar/,Not found
Ashley Helgans,9930,https://stockanalysis.com/analysts/Ashley-Helgans/,Not found
Austin Dietz,9930,https://stockanalysis.com/analysts/Austin-Dietz/,Not found
Ati Modak,9930,https://stockanalysis.com/analysts/Ati-Modak/,Not found
Steven Alexoloulos,9930,https://stockanalysis.com/analysts/Steven-Alexoloulos/,Not found
Jason Mills,9930,https://stockanalysis.com/analysts/Jason-Mills/,Not found
Arthur Lai,9930,https://stockanalysis.com/analysts/Arthur-Lai/,Not found
Arthur He,9930,https://stockanalysis.com/analysts/Arthur-He/,Not found
Arnon Shirazi,9930,https://stockanalysis.com/analysts/Arnon-Shirazi/,Not found
Anthony Powell,9930,https://stockanalysis.com/analysts/Anthony-Powell/,Not found
Anthony Linton,9930,https://stockanalysis.com/analysts/Anthony-Linton/,Not found
Susy Tibaldi,9930,https://stockanalysis.com/analysts/Susy-Tibaldi/,Not found
Kosta Tasoulis,9930,https://stockanalysis.com/analysts/Kosta-Tasoulis/,Not found
Korinne Wolfmeyer,9930,https://stockanalysis.com/analysts/Korinne-Wolfmeyer/,Not found
Jason Haas,9930,https://stockanalysis.com/analysts/Jason-Haas/,Not found
Jason Gursky,9930,https://stockanalysis.com/analysts/Jason-Gursky/,Not found
Thomas Catherwood,9930,https://stockanalysis.com/analysts/Thomas-Catherwood/,Not found
Thomas Burlton,9930,https://stockanalysis.com/analysts/Thomas-Burlton/,Not found
Sung Ji,9930,https://stockanalysis.com/analysts/Sung-Ji/,Not found
Suji Desilva,9930,https://stockanalysis.com/analysts/Suji-Desilva/,Not found
Strong Buy,9930,https://stockanalysis.com/analysts/Strong-Buy/,Not found
Anne Meisner,9930,https://stockanalysis.com/analysts/Anne-Meisner/,Not found
Tejas Savant,9930,https://stockanalysis.com/analysts/Tejas-Savant/,Not found
Taz Koujalgi,9930,https://stockanalysis.com/analysts/Taz-Koujalgi/,Not found
Taylor Morrison,9930,https://stockanalysis.com/analysts/Taylor-Morrison/,Not found
Kimberly Greenberger,9930,https://stockanalysis.com/analysts/Kimberly-Greenberger/,Not found
Kieran De,9930,https://stockanalysis.com/analysts/Kieran-De/,Not found
Ki Bin,9930,https://stockanalysis.com/analysts/Ki-Bin/,Not found
Kevin Liu,9930,https://stockanalysis.com/analysts/Kevin-Liu/,Not found
Javier Martinez,9930,https://stockanalysis.com/analysts/Javier-Martinez/,Not found
Jason Wittes,9930,https://stockanalysis.com/analysts/Jason-Wittes/,Not found
Jefferson Harralson,9930,https://stockanalysis.com/analysts/Jefferson-Harralson/,Not found
Jefferey Hammond,9930,https://stockanalysis.com/analysts/Jefferey-Hammond/,Not found
Jeff Van,9930,https://stockanalysis.com/analysts/Jeff-Van/,Not found
Jeff Kessler,9930,https://stockanalysis.com/analysts/Jeff-Kessler/,Not found
Jeff Hickey,9930,https://stockanalysis.com/analysts/Jeff-Hickey/,Not found
Jeff Garro,9930,https://stockanalysis.com/analysts/Jeff-Garro/,Not found
Jeff Cohen,9930,https://stockanalysis.com/analysts/Jeff-Cohen/,Not found
Jeff Adelson,9930,https://stockanalysis.com/analysts/Jeff-Adelson/,Not found
Jean Ann,9930,https://stockanalysis.com/analysts/Jean-Ann/,Not found
Tao Qiu,9930,https://stockanalysis.com/analysts/Tao-Qiu/,Not found
Andy Yu,9930,https://stockanalysis.com/analysts/Andy-Yu/,Not found
Andy Terrell,9930,https://stockanalysis.com/analysts/Andy-Terrell/,Not found
Andy Marok,9930,https://stockanalysis.com/analysts/Andy-Marok/,Not found
André Uggedal,9930,empty,Not found
Andrew Wong,9930,https://stockanalysis.com/analysts/Andrew-Wong/,Not found
Andrew Uerkwitz,9930,https://stockanalysis.com/analysts/Andrew-Uerkwitz/,Not found
Jeffrey Osborne,9930,https://stockanalysis.com/analysts/Jeffrey-Osborne/,Not found
Kevin Fitzsimmons,9930,https://stockanalysis.com/analysts/Kevin-Fitzsimmons/,Not found
Kevin Barker,9930,https://stockanalysis.com/analysts/Kevin-Barker/,Not found
Kenneth Worthington,9930,https://stockanalysis.com/analysts/Kenneth-Worthington/,Not found
Kenneth Shiu,9930,https://stockanalysis.com/analysts/Kenneth-Shiu/,Not found
Terence Malone,9930,https://stockanalysis.com/analysts/Terence-Malone/,Not found
Andrew Schmidt,9930,https://stockanalysis.com/analysts/Andrew-Schmidt/,Not found
Andrew Rosivach,9930,https://stockanalysis.com/analysts/Andrew-Rosivach/,Not found
Andrew Mok,9930,https://stockanalysis.com/analysts/Andrew-Mok/,Not found
Andrew Madrid,9930,https://stockanalysis.com/analysts/Andrew-Madrid/,Not found
Tim Perz,9930,https://stockanalysis.com/analysts/Tim-Perz/,Not found
Tim Chiodo,9930,https://stockanalysis.com/analysts/Tim-Chiodo/,Not found
Jeffrey Lick,9930,https://stockanalysis.com/analysts/Jeffrey-Lick/,Not found
Jeffrey Hung,9930,https://stockanalysis.com/analysts/Jeffrey-Hung/,Not found
Jeffrey Bernstein,9930,https://stockanalysis.com/analysts/Jeffrey-Bernstein/,Not found
Jeffery Harte,9930,https://stockanalysis.com/analysts/Jeffery-Harte/,Not found
Andrew Baum,9930,https://stockanalysis.com/analysts/Andrew-Baum/,Not found
Timothy Switzer,9930,https://stockanalysis.com/analysts/Timothy-Switzer/,Not found
Keegan Carl,9930,https://stockanalysis.com/analysts/Keegan-Carl/,Not found
Katie Fleischer,9930,https://stockanalysis.com/analysts/Katie-Fleischer/,Not found
Katherine Griffin,9930,https://stockanalysis.com/analysts/Katherine-Griffin/,Not found
Ken Wong,9930,https://stockanalysis.com/analysts/Ken-Wong/,Not found
Ken Newman,9930,https://stockanalysis.com/analysts/Ken-Newman/,Not found
Ken Herbert,9930,https://stockanalysis.com/analysts/Ken-Herbert/,Not found
Ken Goldman,9930,https://stockanalysis.com/analysts/Ken-Goldman/,Not found
Kelly Shi,9930,https://stockanalysis.com/analysts/Kelly-Shi/,Not found
Jesse Sobelson,9930,https://stockanalysis.com/analysts/Jesse-Sobelson/,Not found
Jennifer Swanson,9930,https://stockanalysis.com/analysts/Jennifer-Swanson/,Not found
Jennifer Demba,9930,https://stockanalysis.com/analysts/Jennifer-Demba/,Not found
Jeffrey Zekaukas,9930,https://stockanalysis.com/analysts/Jeffrey-Zekaukas/,Not found
Jeffrey Rulis,9930,https://stockanalysis.com/analysts/Jeffrey-Rulis/,Not found
Jeffrey Reive,9930,https://stockanalysis.com/analysts/Jeffrey-Reive/,Not found
Andrea Teixeira,9930,https://stockanalysis.com/analysts/Andrea-Teixeira/,Not found
Andre Uggedal,9930,https://stockanalysis.com/analysts/Andre-Uggedal/,Not found
Tommy McJoynt,9930,https://stockanalysis.com/analysts/Tommy-McJoynt/,Not found
Tom Stephan,9930,https://stockanalysis.com/analysts/Tom-Stephan/,Not found
Tom O Malley,9930,https://stockanalysis.com/analysts/Tom-O-Malley/,Not found
Tom McGovern,9930,https://stockanalysis.com/analysts/Tom-McGovern/,Not found
Kaio Prato,9930,https://stockanalysis.com/analysts/Kaio-Prato/,Not found
Joao Pedro,9930,https://stockanalysis.com/analysts/Joao-Pedro/,Not found
Jin Yoon,9930,https://stockanalysis.com/analysts/Jin-Yoon/,Not found
Jimmy Yoon,9930,https://stockanalysis.com/analysts/Jimmy-Yoon/,Not found
Jim Duffy,9930,https://stockanalysis.com/analysts/Jim-Duffy/,Not found
Jessica Reif,9930,https://stockanalysis.com/analysts/Jessica-Reif/,Not found
Jessica Ehrlich,9930,https://stockanalysis.com/analysts/Jessica-Ehrlich/,Not found
Andrew Jones,9930,https://stockanalysis.com/analysts/Andrew-Jones/,Not found
Andrew Carter,9930,https://stockanalysis.com/analysts/Andrew-Carter/,Not found
Andrew Bowler,9930,https://stockanalysis.com/analysts/Andrew-Bowler/,Not found
Joe Meares,9930,https://stockanalysis.com/analysts/Joe-Meares/,Not found
Joe Goodwin,9930,https://stockanalysis.com/analysts/Joe-Goodwin/,Not found
Joe Giordano,9930,https://stockanalysis.com/analysts/Joe-Giordano/,Not found
Kartik Mehta,9930,https://stockanalysis.com/analysts/Kartik-Mehta/,Not found
Karol Chmiel,9930,https://stockanalysis.com/analysts/Karol-Chmiel/,Not found
Tom Hayes,9930,https://stockanalysis.com/analysts/Tom-Hayes/,Not found
Tom Fitzgerald,9930,https://stockanalysis.com/analysts/Tom-Fitzgerald/,Not found
Todd Weller,9930,https://stockanalysis.com/analysts/Todd-Weller/,Not found
Trevor Walsh,9930,https://stockanalysis.com/analysts/Trevor-Walsh/,Not found
Toshiya Hari,9930,https://stockanalysis.com/analysts/Toshiya-Hari/,Not found
Tony DiMatteo,9930,https://stockanalysis.com/analysts/Tony-DiMatteo/,Not found
Toni Sacconaghi,9930,https://stockanalysis.com/analysts/Toni-Sacconaghi/,Not found
Tim Thein,9930,https://stockanalysis.com/analysts/Tim-Thein/,Not found
Andres Maldonado,9930,https://stockanalysis.com/analysts/Andres-Maldonado/,Not found
Andreas Sheppard,9930,https://stockanalysis.com/analysts/Andreas-Sheppard/,Not found
John Egbert,9930,https://stockanalysis.com/analysts/John-Egbert/,Not found
John Edelman,9930,https://stockanalysis.com/analysts/John-Edelman/,Not found
Amanda Sweitzer,9930,https://stockanalysis.com/analysts/Amanda-Sweitzer/,Not found
Ally Yseen,9930,https://stockanalysis.com/analysts/Ally-Yseen/,Not found
Van Sinderen,9930,https://stockanalysis.com/analysts/Van-Sinderen/,Not found
Tyler Brown,9930,https://stockanalysis.com/analysts/Tyler-Brown/,Not found
Tsin Huang,9930,https://stockanalysis.com/analysts/Tsin-Huang/,Not found
Alice Xiao,9930,https://stockanalysis.com/analysts/Alice-Xiao/,Not found
Juan Sanabria,9930,https://stockanalysis.com/analysts/Juan-Sanabria/,Not found
Joel Lederman,9930,https://stockanalysis.com/analysts/Joel-Lederman/,Not found
Joel Fishbein,9930,https://stockanalysis.com/analysts/Joel-Fishbein/,Not found
Joel Beatty,9930,https://stockanalysis.com/analysts/Joel-Beatty/,Not found
Joe Vruwink,9930,https://stockanalysis.com/analysts/Joe-Vruwink/,Not found
Joe Reagor,9930,https://stockanalysis.com/analysts/Joe-Reagor/,Not found
Joe Quatrochi,9930,https://stockanalysis.com/analysts/Joe-Quatrochi/,Not found
John Nadel,9930,https://stockanalysis.com/analysts/John-Nadel/,Not found
John Murphy,9930,https://stockanalysis.com/analysts/John-Murphy/,Not found
John McDonald,9930,https://stockanalysis.com/analysts/John-McDonald/,Not found
Ali Faghri,9930,https://stockanalysis.com/analysts/Ali-Faghri/,Not found
Alexia Howard,9930,https://stockanalysis.com/analysts/Alexia-Howard/,Not found
Alexandra Steiger,9930,https://stockanalysis.com/analysts/Alexandra-Steiger/,Not found
Alexander Waters,9930,https://stockanalysis.com/analysts/Alexander-Waters/,Not found
Vincent Ciantic,9930,https://stockanalysis.com/analysts/Vincent-Ciantic/,Not found
Vilas Abraham,9930,https://stockanalysis.com/analysts/Vilas-Abraham/,Not found
Vikram Purohit,9930,https://stockanalysis.com/analysts/Vikram-Purohit/,Not found
Vikram Malhorta,9930,https://stockanalysis.com/analysts/Vikram-Malhorta/,Not found
Joshua Jennings,9930,https://stockanalysis.com/analysts/Joshua-Jennings/,Not found
Josh Schimmer,9930,https://stockanalysis.com/analysts/Josh-Schimmer/,Not found
John Glass,9930,https://stockanalysis.com/analysts/John-Glass/,Not found
John Gibson,9930,https://stockanalysis.com/analysts/John-Gibson/,Not found
Alexander Platt,9930,https://stockanalysis.com/analysts/Alexander-Platt/,Not found
Alex Thompson,9930,https://stockanalysis.com/analysts/Alex-Thompson/,Not found
Alex Straton,9930,https://stockanalysis.com/analysts/Alex-Straton/,Not found
Alex Stranahan,9930,https://stockanalysis.com/analysts/Alex-Stranahan/,Not found
Wesley Golladay,9930,https://stockanalysis.com/analysts/Wesley-Golladay/,Not found
Weng Chen,9930,https://stockanalysis.com/analysts/Weng-Chen/,Not found
Joseph Feldman,9930,https://stockanalysis.com/analysts/Joseph-Feldman/,Not found
Jon Young,9930,https://stockanalysis.com/analysts/Jon-Young/,Not found
John Young,9930,https://stockanalysis.com/analysts/John-Young/,Not found
John Wilkin,9930,https://stockanalysis.com/analysts/John-Wilkin/,Not found
John Te,9930,https://stockanalysis.com/analysts/John-Te/,Not found
John Sourbeer,9930,https://stockanalysis.com/analysts/John-Sourbeer/,Not found
John Rowan,9930,https://stockanalysis.com/analysts/John-Rowan/,Not found
John Rogers,9930,https://stockanalysis.com/analysts/John-Rogers/,Not found
John Roberts,9930,https://stockanalysis.com/analysts/John-Roberts/,Not found
Nick Del,9930,https://stockanalysis.com/analysts/Nick-Del/,Not found
Nick Abbott,9930,https://stockanalysis.com/analysts/Nick-Abbott/,Not found
Nigel Dally,9930,https://stockanalysis.com/analysts/Nigel-Dally/,Not found
Nicole Miller,9930,https://stockanalysis.com/analysts/Nicole-Miller/,Not found
Nicole Germino,9930,https://stockanalysis.com/analysts/Nicole-Germino/,Not found
Nick Pope,9930,https://stockanalysis.com/analysts/Nick-Pope/,Not found
David Strauss,9930,https://stockanalysis.com/analysts/David-Strauss/,Not found
David Smith,9930,https://stockanalysis.com/analysts/David-Smith/,Not found
David Seigerman,9930,https://stockanalysis.com/analysts/David-Seigerman/,Not found
David Rodgers,9930,https://stockanalysis.com/analysts/David-Rodgers/,Not found
David Motemeden,9930,https://stockanalysis.com/analysts/David-Motemeden/,Not found
Omar Nokta,9930,https://stockanalysis.com/analysts/Omar-Nokta/,Not found
Nicholas Watts,9930,https://stockanalysis.com/analysts/Nicholas-Watts/,Not found
Nicholas Thomas,9930,https://stockanalysis.com/analysts/Nicholas-Thomas/,Not found
Nicholas Jones,9930,https://stockanalysis.com/analysts/Nicholas-Jones/,Not found
Deborah Ciervo,9930,https://stockanalysis.com/analysts/Deborah-Ciervo/,Not found
Jonathan Siegmann,9930,https://stockanalysis.com/analysts/Jonathan-Siegmann/,Not found
Jordan Boretz,9930,https://stockanalysis.com/analysts/Jordan-Boretz/,Not found
Jorg Friedemann,9930,https://stockanalysis.com/analysts/Jorg-Friedemann/,Not found
Air Ma,9930,https://stockanalysis.com/analysts/Air-Ma/,Not found
Zhijing Liu,9930,https://stockanalysis.com/analysts/Zhijing-Liu/,Not found
Aidan Hall,9930,https://stockanalysis.com/analysts/Aidan-Hall/,Not found
Agnieszka Pustula,9930,https://stockanalysis.com/analysts/Agnieszka-Pustula/,Not found
Zijie Yang,9930,https://stockanalysis.com/analysts/Zijie-Yang/,Not found
Adam Samuelson,9930,https://stockanalysis.com/analysts/Adam-Samuelson/,Not found
lvan Tuerkcan,9930,https://stockanalysis.com/analysts/lvan-Tuerkcan/,Not found
Zixiao Yang,9930,https://stockanalysis.com/analysts/Zixiao-Yang/,Not found
de Angele,9930,https://stockanalysis.com/analysts/de-Angele/,Not found
Woody Lay,9930,https://stockanalysis.com/analysts/Woody-Lay/,Not found
