Analyst name,Ranking,URL,Last update
Asiya Merchant,1,https://stockanalysis.com/analysts/Asiya-Merchant/,06 Aug 2026
Timothy Arcuri,2,https://stockanalysis.com/analysts/Timothy-Arcuri/,07 Aug 2026
Atif Malik,4,https://stockanalysis.com/analysts/Atif-Malik/,07 Aug 2026
Samik Chatterjee,6,https://stockanalysis.com/analysts/Samik-Chatterjee/,06 Aug 2026
William Stein,7,https://stockanalysis.com/analysts/William-Stein/,07 Aug 2026
Richard Shannon,8,https://stockanalysis.com/analysts/Richard-Shannon/,07 Aug 2026
Aaron Rakers,9,https://stockanalysis.com/analysts/Aaron-Rakers/,06 Aug 2026
Harsh Kumar,10,https://stockanalysis.com/analysts/Harsh-Kumar/,26 Feb 2026
Vijay Rakesh,11,https://stockanalysis.com/analysts/Vijay-Rakesh/,06 Aug 2026
Krish Sankar,12,https://stockanalysis.com/analysts/Krish-Sankar/,07 Aug 2026
Matt Bryson,13,https://stockanalysis.com/analysts/Matt-Bryson/,06 Aug 2026
Chris Hallam,15,https://stockanalysis.com/analysts/Chris-Hallam/,07 Aug 2026
Justin Jenkins,17,https://stockanalysis.com/analysts/Justin-Jenkins/,13 Jul 2026
Michael Siperco,18,https://stockanalysis.com/analysts/Michael-Siperco/,10 Dec 2025
Ebrahim Poonawala,19,https://stockanalysis.com/analysts/Ebrahim-Poonawala/,31 Jul 2026
Ruben Roy,20,https://stockanalysis.com/analysts/Ruben-Roy/,06 Aug 2026
Harlan Sur,21,https://stockanalysis.com/analysts/Harlan-Sur/,06 Aug 2026
Rick Schafer,22,https://stockanalysis.com/analysts/Rick-Schafer/,05 Aug 2026
Mark Lipacis,23,https://stockanalysis.com/analysts/Mark-Lipacis/,07 Aug 2026
Josh Sullivan,24,https://stockanalysis.com/analysts/Josh-Sullivan/,15 Jul 2026
Quinn Bolton,26,https://stockanalysis.com/analysts/Quinn-Bolton/,07 Aug 2026
Dan Payne,27,https://stockanalysis.com/analysts/Dan-Payne/,07 Aug 2026
Amit Daryanani,28,https://stockanalysis.com/analysts/Amit-Daryanani/,07 Aug 2026
Jim Kelleher,29,https://stockanalysis.com/analysts/Jim-Kelleher/,06 Aug 2026
Blayne Curtis,30,https://stockanalysis.com/analysts/Blayne-Curtis/,07 Aug 2026
Brent Thielman,31,https://stockanalysis.com/analysts/Brent-Thielman/,06 Aug 2026
Christopher Rolland,32,https://stockanalysis.com/analysts/Christopher-Rolland/,07 Aug 2026
Wamsi Mohan,33,https://stockanalysis.com/analysts/Wamsi-Mohan/,06 Aug 2026
Heiko Ihle,35,https://stockanalysis.com/analysts/Heiko-Ihle/,07 Aug 2026
Mark Miller,37,https://stockanalysis.com/analysts/Mark-Miller/,15 Jan 2026
Ritu Baral,39,https://stockanalysis.com/analysts/Ritu-Baral/,06 Aug 2026
Sam Slutsky,40,https://stockanalysis.com/analysts/Sam-Slutsky/,08 Aug 2026
Jeremy Hoy,42,https://stockanalysis.com/analysts/Jeremy-Hoy/,20 Jul 2026
Faisal Khurshid,45,https://stockanalysis.com/analysts/Faisal-Khurshid/,06 Aug 2026
Mark Hughes,48,https://stockanalysis.com/analysts/Mark-Hughes/,07 Aug 2026
Gautam Khanna,49,https://stockanalysis.com/analysts/Gautam-Khanna/,07 Aug 2026
Cody Acree,51,https://stockanalysis.com/analysts/Cody-Acree/,05 Aug 2026
Andrew Kaplowitz,52,https://stockanalysis.com/analysts/Andrew-Kaplowitz/,07 Aug 2026
Brian MacArthur,54,https://stockanalysis.com/analysts/Brian-MacArthur/,23 Jul 2026
Michael Ciarmoli,56,https://stockanalysis.com/analysts/Michael-Ciarmoli/,29 Jul 2026
John Freeman,57,https://stockanalysis.com/analysts/John-Freeman/,31 Jul 2026
Devin Ryan,58,https://stockanalysis.com/analysts/Devin-Ryan/,06 Aug 2026
David Risinger,59,https://stockanalysis.com/analysts/David-Risinger/,07 Aug 2026
Christian Schwab,62,https://stockanalysis.com/analysts/Christian-Schwab/,07 Aug 2026
Kevin Cassidy,63,https://stockanalysis.com/analysts/Kevin-Cassidy/,07 Aug 2026
Julian Harrison,64,https://stockanalysis.com/analysts/Julian-Harrison/,06 Aug 2026
Tim Savageaux,65,https://stockanalysis.com/analysts/Tim-Savageaux/,07 Aug 2026
Thomas Smith,66,https://stockanalysis.com/analysts/Thomas-Smith/,04 Aug 2026
Gary Tenner,69,https://stockanalysis.com/analysts/Gary-Tenner/,31 Jul 2026
Kian Abouhossein,71,https://stockanalysis.com/analysts/Kian-Abouhossein/,06 Aug 2026
Eric Winmill,72,https://stockanalysis.com/analysts/Eric-Winmill/,07 Aug 2026
Meyer Shields,73,https://stockanalysis.com/analysts/Meyer-Shields/,07 Aug 2026
Theresa Chen,74,https://stockanalysis.com/analysts/Theresa-Chen/,07 Aug 2026
Mike Mayo,75,https://stockanalysis.com/analysts/Mike-Mayo/,04 Aug 2026
Ross Seymore,76,https://stockanalysis.com/analysts/Ross-Seymore/,29 Jun 2026
Brian Chin,77,https://stockanalysis.com/analysts/Brian-Chin/,07 Aug 2026
Stacy Rasgon,78,https://stockanalysis.com/analysts/Stacy-Rasgon/,05 Aug 2026
Moshe Orenbuch,79,https://stockanalysis.com/analysts/Moshe-Orenbuch/,07 Aug 2026
Jason Seidl,80,https://stockanalysis.com/analysts/Jason-Seidl/,07 Aug 2026
Carey Macrury,82,https://stockanalysis.com/analysts/Carey-Macrury/,06 Jul 2026
John Vinh,83,https://stockanalysis.com/analysts/John-Vinh/,07 Aug 2026
Tore Svanberg,84,https://stockanalysis.com/analysts/Tore-Svanberg/,07 Aug 2026
John Todaro,85,https://stockanalysis.com/analysts/John-Todaro/,07 Aug 2026
Joon Lee,86,https://stockanalysis.com/analysts/Joon-Lee/,17 Mar 2026
Chase Knickerbocker,87,https://stockanalysis.com/analysts/Chase-Knickerbocker/,07 Aug 2026
Ami Fadia,88,https://stockanalysis.com/analysts/Ami-Fadia/,07 Aug 2026
Patrick Trucchio,89,https://stockanalysis.com/analysts/Patrick-Trucchio/,07 Aug 2026
Craig Ellis,90,https://stockanalysis.com/analysts/Craig-Ellis/,07 Aug 2026
Bill Papanastasiou,91,https://stockanalysis.com/analysts/Bill-Papanastasiou/,27 Jul 2026
Brian Brophy,92,https://stockanalysis.com/analysts/Brian-Brophy/,05 Aug 2026
Srini Pajjuri,93,https://stockanalysis.com/analysts/Srini-Pajjuri/,05 Aug 2026
Phil Hardie,94,https://stockanalysis.com/analysts/Phil-Hardie/,07 Aug 2026
Debanjana Chatterjee,95,https://stockanalysis.com/analysts/Debanjana-Chatterjee/,05 Aug 2026
Bose George,96,https://stockanalysis.com/analysts/Bose-George/,07 Aug 2026
Gerard Cassidy,97,https://stockanalysis.com/analysts/Gerard-Cassidy/,03 Aug 2026
Nathan Jones,98,https://stockanalysis.com/analysts/Nathan-Jones/,07 Aug 2026
Joshua Buchalter,99,https://stockanalysis.com/analysts/Joshua-Buchalter/,07 Aug 2026
Charles Minervino,100,https://stockanalysis.com/analysts/Charles-Minervino/,07 Aug 2026
Ronald Epstein,101,https://stockanalysis.com/analysts/Ronald-Epstein/,06 Aug 2026
Seamus Fernandez,102,https://stockanalysis.com/analysts/Seamus-Fernandez/,06 Aug 2026
Josh Wolfson,103,https://stockanalysis.com/analysts/Josh-Wolfson/,03 Aug 2026
Leo Mariani,104,https://stockanalysis.com/analysts/Leo-Mariani/,07 Aug 2026
Chris Caso,106,https://stockanalysis.com/analysts/Chris-Caso/,04 Aug 2026
Myles Minter,107,https://stockanalysis.com/analysts/Myles-Minter/,07 Aug 2026
Mehdi Hosseini,108,https://stockanalysis.com/analysts/Mehdi-Hosseini/,31 Jul 2026
James Ricchiuti,109,https://stockanalysis.com/analysts/James-Ricchiuti/,07 Aug 2026
Yaron Werber,110,https://stockanalysis.com/analysts/Yaron-Werber/,07 Aug 2026
Yatin Suneja,111,https://stockanalysis.com/analysts/Yatin-Suneja/,07 Aug 2026
David Williams,112,https://stockanalysis.com/analysts/David-Williams/,06 Aug 2026
Tristan Gerra,113,https://stockanalysis.com/analysts/Tristan-Gerra/,06 Aug 2026
Robert Brown,114,https://stockanalysis.com/analysts/Robert-Brown/,07 Aug 2026
Andres Coello,119,https://stockanalysis.com/analysts/Andres-Coello/,07 Aug 2026
Shrenik Kothari,123,https://stockanalysis.com/analysts/Shrenik-Kothari/,06 Aug 2026
Selman Akyol,124,https://stockanalysis.com/analysts/Selman-Akyol/,07 Aug 2026
Alexander Blostein,125,https://stockanalysis.com/analysts/Alexander-Blostein/,07 Aug 2026
Sanjay Sakhrani,126,https://stockanalysis.com/analysts/Sanjay-Sakhrani/,07 Aug 2026
Daniel Fannon,128,https://stockanalysis.com/analysts/Daniel-Fannon/,05 Aug 2026
Andrew Obin,129,https://stockanalysis.com/analysts/Andrew-Obin/,07 Aug 2026
Jamie Cook,130,https://stockanalysis.com/analysts/Jamie-Cook/,07 Aug 2026
Walter Spracklin,131,https://stockanalysis.com/analysts/Walter-Spracklin/,05 Aug 2026
Patrick Brown,132,https://stockanalysis.com/analysts/Patrick-Brown/,31 Jul 2026
Steve Barger,133,https://stockanalysis.com/analysts/Steve-Barger/,07 Aug 2026
Justin Post,134,https://stockanalysis.com/analysts/Justin-Post/,07 Aug 2026
Dave Kang,135,https://stockanalysis.com/analysts/Dave-Kang/,07 Aug 2026
Keith Mackey,136,https://stockanalysis.com/analysts/Keith-Mackey/,07 Aug 2026
Jonathan Ruykhaver,137,https://stockanalysis.com/analysts/Jonathan-Ruykhaver/,03 Aug 2026
Etzer Darout,138,https://stockanalysis.com/analysts/Etzer-Darout/,07 Aug 2026
Simon Leopold,139,https://stockanalysis.com/analysts/Simon-Leopold/,07 Aug 2026
Michael Schmidt,140,https://stockanalysis.com/analysts/Michael-Schmidt/,06 Aug 2026
Mike Colonnese,141,https://stockanalysis.com/analysts/Mike-Colonnese/,07 Aug 2026
Damon Delmonte,144,https://stockanalysis.com/analysts/Damon-Delmonte/,03 Aug 2026
David Konrad,145,https://stockanalysis.com/analysts/David-Konrad/,04 Aug 2026
Ariel Rosa,148,https://stockanalysis.com/analysts/Ariel-Rosa/,07 Aug 2026
Paul Newsome,149,https://stockanalysis.com/analysts/Paul-Newsome/,07 Aug 2026
Jason Goldberg,151,https://stockanalysis.com/analysts/Jason-Goldberg/,07 Aug 2026
Alexander Paris,154,https://stockanalysis.com/analysts/Alexander-Paris/,07 Aug 2026
Craig Stanley,155,https://stockanalysis.com/analysts/Craig-Stanley/,14 May 2026
Sam Crittenden,158,https://stockanalysis.com/analysts/Sam-Crittenden/,06 Aug 2026
Richard Hatch,159,https://stockanalysis.com/analysts/Richard-Hatch/,31 Jul 2026
Joseph Moore,160,https://stockanalysis.com/analysts/Joseph-Moore/,07 Aug 2026
Vivek Arya,161,https://stockanalysis.com/analysts/Vivek-Arya/,07 Aug 2026
Joseph Schwartz,164,https://stockanalysis.com/analysts/Joseph-Schwartz/,27 Jul 2026
Yasmeen Rahimi,165,https://stockanalysis.com/analysts/Yasmeen-Rahimi/,07 Aug 2026
Colin Rusch,166,https://stockanalysis.com/analysts/Colin-Rusch/,07 Aug 2026
Martin Fan,167,https://stockanalysis.com/analysts/Martin-Fan/,06 Aug 2026
Sebastien Naji,168,https://stockanalysis.com/analysts/Sebastien-Naji/,08 Aug 2026
Mark Newman,169,https://stockanalysis.com/analysts/Mark-Newman/,06 Aug 2026
Erik Rasmussen,170,https://stockanalysis.com/analysts/Erik-Rasmussen/,03 Aug 2026
Chris Kotowski,176,https://stockanalysis.com/analysts/Chris-Kotowski/,07 Aug 2026
Stephen Volkmann,177,https://stockanalysis.com/analysts/Stephen-Volkmann/,29 Jul 2026
Jonathan Chappell,178,https://stockanalysis.com/analysts/Jonathan-Chappell/,30 Jul 2026
Peter Arment,179,https://stockanalysis.com/analysts/Peter-Arment/,07 Aug 2026
Michael Lasser,180,https://stockanalysis.com/analysts/Michael-Lasser/,07 Aug 2026
Mark Delaney,181,https://stockanalysis.com/analysts/Mark-Delaney/,06 Aug 2026
Christopher Glynn,182,https://stockanalysis.com/analysts/Christopher-Glynn/,05 Aug 2026
Lloyd Walmsley,183,https://stockanalysis.com/analysts/Lloyd-Walmsley/,06 Aug 2026
Jason Gerberry,184,https://stockanalysis.com/analysts/Jason-Gerberry/,05 Aug 2026
Charles Shi,185,https://stockanalysis.com/analysts/Charles-Shi/,07 Aug 2026
Brian Quast,186,https://stockanalysis.com/analysts/Brian-Quast/,07 Aug 2026
Nehal Chokshi,187,https://stockanalysis.com/analysts/Nehal-Chokshi/,07 Aug 2026
Edward Nash,189,https://stockanalysis.com/analysts/Edward-Nash/,07 Aug 2026
George Sutton,190,https://stockanalysis.com/analysts/George-Sutton/,07 Aug 2026
Wood Lay,191,https://stockanalysis.com/analysts/Wood-Lay/,05 Aug 2026
Keith Horowitz,193,https://stockanalysis.com/analysts/Keith-Horowitz/,08 May 2026
Brian Meredith,196,https://stockanalysis.com/analysts/Brian-Meredith/,03 Aug 2026
Christopher McGratty,197,https://stockanalysis.com/analysts/Christopher-McGratty/,05 Aug 2026
Bobby Brooks,199,https://stockanalysis.com/analysts/Bobby-Brooks/,07 Aug 2026
Allison Bratzel,200,https://stockanalysis.com/analysts/Allison-Bratzel/,07 Aug 2026
Patrick Moley,201,https://stockanalysis.com/analysts/Patrick-Moley/,06 Aug 2026
Scot Ciccarelli,204,https://stockanalysis.com/analysts/Scot-Ciccarelli/,31 Jul 2026
Fadi Chamoun,205,https://stockanalysis.com/analysts/Fadi-Chamoun/,06 Aug 2026
Doug Schenkel,206,https://stockanalysis.com/analysts/Doug-Schenkel/,10 Dec 2025
Julian Mitchell,207,https://stockanalysis.com/analysts/Julian-Mitchell/,12 Jun 2026
Noah Kaye,210,https://stockanalysis.com/analysts/Noah-Kaye/,07 Aug 2026
Srikripa Devarakonda,211,https://stockanalysis.com/analysts/Srikripa-Devarakonda/,07 Aug 2026
Rob Owens,212,https://stockanalysis.com/analysts/Rob-Owens/,07 Aug 2026
Orest Wowkodaw,213,https://stockanalysis.com/analysts/Orest-Wowkodaw/,07 Aug 2026
Chris Dendrinos,214,https://stockanalysis.com/analysts/Chris-Dendrinos/,07 Aug 2026
Gregory Lewis,215,https://stockanalysis.com/analysts/Gregory-Lewis/,06 Aug 2026
Douglas Tsao,216,https://stockanalysis.com/analysts/Douglas-Tsao/,07 Aug 2026
Edward Yang,218,https://stockanalysis.com/analysts/Edward-Yang/,07 Aug 2026
Kyle Menges,219,https://stockanalysis.com/analysts/Kyle-Menges/,06 Aug 2026
Andrew Coombs,222,https://stockanalysis.com/analysts/Andrew-Coombs/,04 Aug 2026
Kelsey Goodwin,223,https://stockanalysis.com/analysts/Kelsey-Goodwin/,07 Aug 2026
Rudy Li,224,https://stockanalysis.com/analysts/Rudy-Li/,03 Aug 2026
Seth Seifman,227,https://stockanalysis.com/analysts/Seth-Seifman/,06 Aug 2026
Stephen Tusa,228,https://stockanalysis.com/analysts/Stephen-Tusa/,11 Jun 2026
Elvira Scotto,230,https://stockanalysis.com/analysts/Elvira-Scotto/,05 Aug 2026
Andrew Percoco,231,https://stockanalysis.com/analysts/Andrew-Percoco/,06 Aug 2026
Bryan Blair,233,https://stockanalysis.com/analysts/Bryan-Blair/,07 Aug 2026
Leonid Timashev,234,https://stockanalysis.com/analysts/Leonid-Timashev/,07 Aug 2026
Shaul Eyal,236,https://stockanalysis.com/analysts/Shaul-Eyal/,07 Aug 2026
Tim Long,237,https://stockanalysis.com/analysts/Tim-Long/,07 Aug 2026
Chip Moore,238,https://stockanalysis.com/analysts/Chip-Moore/,07 Aug 2026
Derek Archila,239,https://stockanalysis.com/analysts/Derek-Archila/,06 Aug 2026
Gus Richard,240,https://stockanalysis.com/analysts/Gus-Richard/,07 Aug 2026
Anupam Rama,241,https://stockanalysis.com/analysts/Anupam-Rama/,06 Aug 2026
Alex Platt,243,https://stockanalysis.com/analysts/Alex-Platt/,18 May 2026
Melissa Weathers,244,https://stockanalysis.com/analysts/Melissa-Weathers/,05 Aug 2026
Junaid Siddiqui,245,https://stockanalysis.com/analysts/Junaid-Siddiqui/,07 Aug 2026
Brett Huff,246,https://stockanalysis.com/analysts/Brett-Huff/,06 Aug 2026
Brett Linzey,250,https://stockanalysis.com/analysts/Brett-Linzey/,05 Aug 2026
Frederic Bastien,255,https://stockanalysis.com/analysts/Frederic-Bastien/,02 Jul 2026
Manav Gupta,256,https://stockanalysis.com/analysts/Manav-Gupta/,04 Aug 2026
Sheila Kahyaoglu,258,https://stockanalysis.com/analysts/Sheila-Kahyaoglu/,09 Aug 2026
Cory Kasimov,260,https://stockanalysis.com/analysts/Cory-Kasimov/,07 Aug 2026
Greg Palm,261,https://stockanalysis.com/analysts/Greg-Palm/,07 Aug 2026
Rami Katkhuda,262,https://stockanalysis.com/analysts/Rami-Katkhuda/,06 Aug 2026
Andrew Fein,263,https://stockanalysis.com/analysts/Andrew-Fein/,07 Aug 2026
Jay Olson,264,https://stockanalysis.com/analysts/Jay-Olson/,07 Aug 2026
Jaeson Schmidt,265,https://stockanalysis.com/analysts/Jaeson-Schmidt/,07 Aug 2026
Ryan Koontz,266,https://stockanalysis.com/analysts/Ryan-Koontz/,07 Aug 2026
Trevor Allred,268,https://stockanalysis.com/analysts/Trevor-Allred/,05 Aug 2026
Andre Madrid,272,https://stockanalysis.com/analysts/Andre-Madrid/,07 Aug 2026
Fatima Boolani,275,https://stockanalysis.com/analysts/Fatima-Boolani/,06 Aug 2026
Peter Benedict,276,https://stockanalysis.com/analysts/Peter-Benedict/,07 Aug 2026
John Eade,277,https://stockanalysis.com/analysts/John-Eade/,06 Aug 2026
Scott Hanold,280,https://stockanalysis.com/analysts/Scott-Hanold/,24 Jul 2026
Brandon Couillard,281,https://stockanalysis.com/analysts/Brandon-Couillard/,07 Aug 2026
John DiFucci,282,https://stockanalysis.com/analysts/John-DiFucci/,07 Aug 2026
Craig Hutchison,283,https://stockanalysis.com/analysts/Craig-Hutchison/,07 Aug 2026
Brian Bedell,284,https://stockanalysis.com/analysts/Brian-Bedell/,06 Aug 2026
Cosmos Chiu,285,https://stockanalysis.com/analysts/Cosmos-Chiu/,09 Aug 2026
Mike Crawford,289,https://stockanalysis.com/analysts/Mike-Crawford/,07 Aug 2026
David Nierengarten,291,https://stockanalysis.com/analysts/David-Nierengarten/,06 Aug 2026
Jonathan Wolleben,292,https://stockanalysis.com/analysts/Jonathan-Wolleben/,07 Aug 2026
Robert Burns,294,https://stockanalysis.com/analysts/Robert-Burns/,07 Aug 2026
Scott Deuschle,298,https://stockanalysis.com/analysts/Scott-Deuschle/,06 Aug 2026
Christopher Allen,299,https://stockanalysis.com/analysts/Christopher-Allen/,07 Aug 2026
David Manthey,306,https://stockanalysis.com/analysts/David-Manthey/,07 Aug 2026
Mark Devries,308,https://stockanalysis.com/analysts/Mark-Devries/,30 Jul 2026
Mark DeVries,308,https://stockanalysis.com/analysts/Mark-DeVries/,30 Jul 2026
Jeffrey Hammond,310,https://stockanalysis.com/analysts/Jeffrey-Hammond/,07 Aug 2026
Ross Sandler,311,https://stockanalysis.com/analysts/Ross-Sandler/,07 Aug 2026
Kevin Steinke,313,https://stockanalysis.com/analysts/Kevin-Steinke/,06 Aug 2026
Keith Hughes,314,https://stockanalysis.com/analysts/Keith-Hughes/,07 Aug 2026
Erik Woodring,315,https://stockanalysis.com/analysts/Erik-Woodring/,06 Aug 2026
Andrew Mikitchook,316,https://stockanalysis.com/analysts/Andrew-Mikitchook/,20 Jul 2026
Melissa Fairbanks,325,https://stockanalysis.com/analysts/Melissa-Fairbanks/,07 Aug 2026
Brian Drab,326,https://stockanalysis.com/analysts/Brian-Drab/,07 Aug 2026
Subbu Nambi,327,https://stockanalysis.com/analysts/Subbu-Nambi/,06 Aug 2026
Robert Dodd,328,https://stockanalysis.com/analysts/Robert-Dodd/,09 Jul 2026
David Feaster,329,https://stockanalysis.com/analysts/David-Feaster/,17 Jul 2026
Raj Ray,330,https://stockanalysis.com/analysts/Raj-Ray/,07 Aug 2026
Joseph Quatrochi,331,https://stockanalysis.com/analysts/Joseph-Quatrochi/,07 Aug 2026
George Notter,332,https://stockanalysis.com/analysts/George-Notter/,28 Jul 2026
Andrew Tsai,333,https://stockanalysis.com/analysts/Andrew-Tsai/,07 Aug 2026
Corey Tarlowe,334,https://stockanalysis.com/analysts/Corey-Tarlowe/,31 Jul 2026
Thomas Diffely,335,https://stockanalysis.com/analysts/Thomas-Diffely/,11 Dec 2025
Mark Kelley,337,https://stockanalysis.com/analysts/Mark-Kelley/,16 Jun 2026
Mike Cikos,338,https://stockanalysis.com/analysts/Mike-Cikos/,07 Aug 2026
Naved Khan,339,https://stockanalysis.com/analysts/Naved-Khan/,07 Aug 2026
William Power,340,https://stockanalysis.com/analysts/William-Power/,07 Aug 2026
Joseph Thome,341,https://stockanalysis.com/analysts/Joseph-Thome/,06 Aug 2026
Ananda Baruah,342,https://stockanalysis.com/analysts/Ananda-Baruah/,02 Jun 2026
Joseph Pantginis,343,https://stockanalysis.com/analysts/Joseph-Pantginis/,07 Aug 2026
Graig Suvannavejh,344,https://stockanalysis.com/analysts/Graig-Suvannavejh/,07 Aug 2026
Andrew Berens,345,https://stockanalysis.com/analysts/Andrew-Berens/,07 Aug 2026
Joseph Stringer,346,https://stockanalysis.com/analysts/Joseph-Stringer/,06 Aug 2026
Laura Prendergast,347,https://stockanalysis.com/analysts/Laura-Prendergast/,07 Aug 2026
Stephen Biggar,348,https://stockanalysis.com/analysts/Stephen-Biggar/,07 Aug 2026
Michael Blum,352,https://stockanalysis.com/analysts/Michael-Blum/,04 Aug 2026
Nathan Race,353,https://stockanalysis.com/analysts/Nathan-Race/,05 Aug 2026
Charles Zhu,354,https://stockanalysis.com/analysts/Charles-Zhu/,08 Aug 2026
Erin Wright,356,https://stockanalysis.com/analysts/Erin-Wright/,07 Aug 2026
James Schneider,357,https://stockanalysis.com/analysts/James-Schneider/,06 Aug 2026
Jon Arfstrom,358,https://stockanalysis.com/analysts/Jon-Arfstrom/,30 Jul 2026
David Amsellem,360,https://stockanalysis.com/analysts/David-Amsellem/,07 Aug 2026
Alex Zukin,363,https://stockanalysis.com/analysts/Alex-Zukin/,06 Aug 2026
Brian Nagel,364,https://stockanalysis.com/analysts/Brian-Nagel/,26 Jun 2026
Daniel Ives,365,https://stockanalysis.com/analysts/Daniel-Ives/,30 Jun 2026
Tara Bancroft,368,https://stockanalysis.com/analysts/Tara-Bancroft/,06 Aug 2026
Marc Goodman,369,https://stockanalysis.com/analysts/Marc-Goodman/,13 Jul 2026
Catherine Mealor,376,https://stockanalysis.com/analysts/Catherine-Mealor/,06 Aug 2026
Daniel Major,379,https://stockanalysis.com/analysts/Daniel-Major/,07 Aug 2026
Max Michaelis,381,https://stockanalysis.com/analysts/Max-Michaelis/,07 Aug 2026
Daniela Costa,382,https://stockanalysis.com/analysts/Daniela-Costa/,05 Aug 2026
Andrew Wittmann,383,https://stockanalysis.com/analysts/Andrew-Wittmann/,07 Aug 2026
Brian Gesuale,385,https://stockanalysis.com/analysts/Brian-Gesuale/,29 Jul 2026
Nick Giles,386,https://stockanalysis.com/analysts/Nick-Giles/,05 Aug 2026
Scott Gruber,388,https://stockanalysis.com/analysts/Scott-Gruber/,03 Aug 2026
Erik Suppiger,389,https://stockanalysis.com/analysts/Erik-Suppiger/,04 Aug 2026
Lloyd Byrne,390,https://stockanalysis.com/analysts/Lloyd-Byrne/,09 Aug 2026
Gregory Renza,391,https://stockanalysis.com/analysts/Gregory-Renza/,07 Aug 2026
Ovais Habib,392,https://stockanalysis.com/analysts/Ovais-Habib/,07 Aug 2026
Katie Lachapelle,393,https://stockanalysis.com/analysts/Katie-Lachapelle/,19 May 2026
Ed Arce,394,https://stockanalysis.com/analysts/Ed-Arce/,30 Apr 2026
Katja Jancic,398,https://stockanalysis.com/analysts/Katja-Jancic/,07 Aug 2026
Andrew Brackmann,399,https://stockanalysis.com/analysts/Andrew-Brackmann/,02 Jul 2026
Yaron Kinar,400,https://stockanalysis.com/analysts/Yaron-Kinar/,05 Aug 2026
David Karnovsky,401,https://stockanalysis.com/analysts/David-Karnovsky/,06 Aug 2026
Stephen Scouten,402,https://stockanalysis.com/analysts/Stephen-Scouten/,30 Jul 2026
Arren Cyganovich,403,https://stockanalysis.com/analysts/Arren-Cyganovich/,07 Aug 2026
Anthony Pettinari,408,https://stockanalysis.com/analysts/Anthony-Pettinari/,07 Aug 2026
Randy Binner,410,https://stockanalysis.com/analysts/Randy-Binner/,13 Jul 2026
Matthew Carletti,411,https://stockanalysis.com/analysts/Matthew-Carletti/,07 Aug 2026
Christian Wetherbee,412,https://stockanalysis.com/analysts/Christian-Wetherbee/,07 Aug 2026
Anita Soni,414,https://stockanalysis.com/analysts/Anita-Soni/,05 Aug 2026
Deepak Mathivanan,415,https://stockanalysis.com/analysts/Deepak-Mathivanan/,07 Aug 2026
Jacob Stephan,416,https://stockanalysis.com/analysts/Jacob-Stephan/,07 Aug 2026
Mircea Dobre,417,https://stockanalysis.com/analysts/Mircea-Dobre/,07 Aug 2026
Alex Rygiel,418,https://stockanalysis.com/analysts/Alex-Rygiel/,21 Jul 2026
Michael Grondahl,419,https://stockanalysis.com/analysts/Michael-Grondahl/,07 Aug 2026
Jeff Rulis,420,https://stockanalysis.com/analysts/Jeff-Rulis/,03 Aug 2026
Kenneth Lee,427,https://stockanalysis.com/analysts/Kenneth-Lee/,07 Aug 2026
Edward Kelly,428,https://stockanalysis.com/analysts/Edward-Kelly/,05 Aug 2026
Brian Pitz,429,https://stockanalysis.com/analysts/Brian-Pitz/,07 Aug 2026
Colin Canfield,430,https://stockanalysis.com/analysts/Colin-Canfield/,06 Aug 2026
James Lee,431,https://stockanalysis.com/analysts/James-Lee/,27 Feb 2026
Vamil Divan,432,https://stockanalysis.com/analysts/Vamil-Divan/,06 Aug 2026
Mark Mahaney,434,https://stockanalysis.com/analysts/Mark-Mahaney/,07 Aug 2026
Patrick Jones,435,https://stockanalysis.com/analysts/Patrick-Jones/,05 Aug 2026
Gary Mobley,436,https://stockanalysis.com/analysts/Gary-Mobley/,06 Aug 2026
Chris LaFemina,437,https://stockanalysis.com/analysts/Chris-LaFemina/,06 Aug 2026
Lawson Winder,438,https://stockanalysis.com/analysts/Lawson-Winder/,07 Aug 2026
David Scharf,440,https://stockanalysis.com/analysts/David-Scharf/,06 Aug 2026
Hamed Khorsand,441,https://stockanalysis.com/analysts/Hamed-Khorsand/,07 Aug 2026
Annabel Samimy,443,https://stockanalysis.com/analysts/Annabel-Samimy/,07 Aug 2026
Jason Butler,444,https://stockanalysis.com/analysts/Jason-Butler/,07 Aug 2026
Eric Heath,453,https://stockanalysis.com/analysts/Eric-Heath/,06 Aug 2026
Gregory Peters,456,https://stockanalysis.com/analysts/Gregory-Peters/,06 Jul 2026
Eric Handler,458,https://stockanalysis.com/analysts/Eric-Handler/,07 Aug 2026
James Thalacker,459,https://stockanalysis.com/analysts/James-Thalacker/,07 Aug 2026
Karl Keirstead,460,https://stockanalysis.com/analysts/Karl-Keirstead/,07 Aug 2026
Stephanie Moore,461,https://stockanalysis.com/analysts/Stephanie-Moore/,07 Aug 2026
Ryan Todd,462,https://stockanalysis.com/analysts/Ryan-Todd/,23 Jul 2026
John Hecht,463,https://stockanalysis.com/analysts/John-Hecht/,22 Jul 2026
Geoff Meacham,464,https://stockanalysis.com/analysts/Geoff-Meacham/,07 Aug 2026
Jason Bazinet,465,https://stockanalysis.com/analysts/Jason-Bazinet/,07 Aug 2026
Andrew Nowinski,466,https://stockanalysis.com/analysts/Andrew-Nowinski/,02 Apr 2026
Paul Matteis,467,https://stockanalysis.com/analysts/Paul-Matteis/,09 Aug 2026
Maria Ripps,469,https://stockanalysis.com/analysts/Maria-Ripps/,07 Aug 2026
Kristen Kluska,470,https://stockanalysis.com/analysts/Kristen-Kluska/,06 Aug 2026
Swayampakula Ramakanth,471,https://stockanalysis.com/analysts/Swayampakula-Ramakanth/,07 Aug 2026
Maxwell Skor,473,https://stockanalysis.com/analysts/Maxwell-Skor/,06 Aug 2026
Trung Huynh,474,https://stockanalysis.com/analysts/Trung-Huynh/,05 Aug 2026
Jeet Mukherjee,476,https://stockanalysis.com/analysts/Jeet-Mukherjee/,06 Aug 2026
David Hoang,477,https://stockanalysis.com/analysts/David-Hoang/,05 Aug 2026
Harry Fong,478,https://stockanalysis.com/analysts/Harry-Fong/,07 Aug 2026
Myles Allsop,479,https://stockanalysis.com/analysts/Myles-Allsop/,06 Aug 2026
Sam Margolin,481,https://stockanalysis.com/analysts/Sam-Margolin/,07 Aug 2026
Adam Borg,482,https://stockanalysis.com/analysts/Adam-Borg/,07 Aug 2026
Sean Laaman,483,https://stockanalysis.com/analysts/Sean-Laaman/,07 Aug 2026
Jay McCanless,485,https://stockanalysis.com/analysts/Jay-McCanless/,09 Apr 2026
Douglas Harter,487,https://stockanalysis.com/analysts/Douglas-Harter/,07 Aug 2026
Richard Shane,488,https://stockanalysis.com/analysts/Richard-Shane/,04 Aug 2026
Deane Dray,489,https://stockanalysis.com/analysts/Deane-Dray/,04 Aug 2026
Bobby Griffin,491,https://stockanalysis.com/analysts/Bobby-Griffin/,07 Aug 2026
Ted Jackson,496,https://stockanalysis.com/analysts/Ted-Jackson/,07 Aug 2026
Jed Dorsheimer,498,https://stockanalysis.com/analysts/Jed-Dorsheimer/,07 Aug 2026
Nathan Martin,500,https://stockanalysis.com/analysts/Nathan-Martin/,06 Aug 2026
Robert Hope,502,https://stockanalysis.com/analysts/Robert-Hope/,07 Aug 2026
Devin Dodge,503,https://stockanalysis.com/analysts/Devin-Dodge/,07 Aug 2026
Michael Leshock,504,https://stockanalysis.com/analysts/Michael-Leshock/,07 Aug 2026
Scott Siefers,505,https://stockanalysis.com/analysts/Scott-Siefers/,14 May 2026
Alexander Hacking,506,https://stockanalysis.com/analysts/Alexander-Hacking/,03 Aug 2026
Levi Spry,508,https://stockanalysis.com/analysts/Levi-Spry/,07 Aug 2026
Tanya Jakusconek,509,https://stockanalysis.com/analysts/Tanya-Jakusconek/,07 Aug 2026
Michael Lewis,510,https://stockanalysis.com/analysts/Michael-Lewis/,07 Aug 2026
Myles Walton,511,https://stockanalysis.com/analysts/Myles-Walton/,05 Aug 2026
Rupesh Parikh,514,https://stockanalysis.com/analysts/Rupesh-Parikh/,07 Aug 2026
Jason Zemansky,516,https://stockanalysis.com/analysts/Jason-Zemansky/,07 Aug 2026
Hamir Patel,517,https://stockanalysis.com/analysts/Hamir-Patel/,31 Jul 2026
Craig Siegenthaler,518,https://stockanalysis.com/analysts/Craig-Siegenthaler/,07 Aug 2026
Rob Sanderson,519,https://stockanalysis.com/analysts/Rob-Sanderson/,15 Jun 2026
Laura Chico,521,https://stockanalysis.com/analysts/Laura-Chico/,06 Aug 2026
Liam Burke,522,https://stockanalysis.com/analysts/Liam-Burke/,07 Aug 2026
Jake Sekelsky,523,https://stockanalysis.com/analysts/Jake-Sekelsky/,05 Aug 2026
Debjit Chattopadhyay,524,https://stockanalysis.com/analysts/Debjit-Chattopadhyay/,03 Aug 2026
Richard Ramsden,526,https://stockanalysis.com/analysts/Richard-Ramsden/,16 Jul 2026
Ryan Krueger,527,https://stockanalysis.com/analysts/Ryan-Krueger/,05 Aug 2026
Mark Moerdler,528,https://stockanalysis.com/analysts/Mark-Moerdler/,30 Jul 2026
Lee Horowitz,529,https://stockanalysis.com/analysts/Lee-Horowitz/,13 Mar 2026
Joseph Dickerson,530,https://stockanalysis.com/analysts/Joseph-Dickerson/,04 Aug 2026
Jade Rahmani,531,https://stockanalysis.com/analysts/Jade-Rahmani/,07 Aug 2026
Anthony Chukumba,532,https://stockanalysis.com/analysts/Anthony-Chukumba/,13 Jul 2026
Tim Huff,533,https://stockanalysis.com/analysts/Tim-Huff/,13 May 2026
Bradley Thomas,535,https://stockanalysis.com/analysts/Bradley-Thomas/,07 Aug 2026
Konark Gupta,536,https://stockanalysis.com/analysts/Konark-Gupta/,07 Aug 2026
Nicole Deblase,537,https://stockanalysis.com/analysts/Nicole-Deblase/,06 Aug 2026
David Arcaro,538,https://stockanalysis.com/analysts/David-Arcaro/,07 Aug 2026
David Koning,540,https://stockanalysis.com/analysts/David-Koning/,07 Aug 2026
Josh Beck,541,https://stockanalysis.com/analysts/Josh-Beck/,07 Aug 2026
Hal Goetsch,542,https://stockanalysis.com/analysts/Hal-Goetsch/,07 Aug 2026
Brian Abrahams,544,https://stockanalysis.com/analysts/Brian-Abrahams/,06 Aug 2026
Robert Young,545,https://stockanalysis.com/analysts/Robert-Young/,15 May 2026
Whitney Ijem,546,https://stockanalysis.com/analysts/Whitney-Ijem/,07 Aug 2026
Justin Crowley,548,https://stockanalysis.com/analysts/Justin-Crowley/,04 Aug 2026
Manuel Navas,550,https://stockanalysis.com/analysts/Manuel-Navas/,06 Aug 2026
John Massocca,551,https://stockanalysis.com/analysts/John-Massocca/,22 Jul 2026
Brad Zelnick,554,https://stockanalysis.com/analysts/Brad-Zelnick/,07 Aug 2026
Joseph Bonner,556,https://stockanalysis.com/analysts/Joseph-Bonner/,06 Aug 2026
Michael Doumet,557,https://stockanalysis.com/analysts/Michael-Doumet/,23 Feb 2026
Kristine Liwag,558,https://stockanalysis.com/analysts/Kristine-Liwag/,07 Aug 2026
Joe Ritchie,559,https://stockanalysis.com/analysts/Joe-Ritchie/,07 Aug 2026
Omar Dessouky,562,https://stockanalysis.com/analysts/Omar-Dessouky/,07 Aug 2026
Sami Corwin,563,https://stockanalysis.com/analysts/Sami-Corwin/,06 Aug 2026
Brendan Smith,564,https://stockanalysis.com/analysts/Brendan-Smith/,07 Aug 2026
Gary Prestopino,565,https://stockanalysis.com/analysts/Gary-Prestopino/,07 Aug 2026
Ittai Kidron,566,https://stockanalysis.com/analysts/Ittai-Kidron/,07 Aug 2026
Steven Lichtman,567,https://stockanalysis.com/analysts/Steven-Lichtman/,07 Aug 2026
Anthony Stoss,568,https://stockanalysis.com/analysts/Anthony-Stoss/,07 Aug 2026
Ryan Pfingst,569,https://stockanalysis.com/analysts/Ryan-Pfingst/,07 Aug 2026
Justin Walsh,571,https://stockanalysis.com/analysts/Justin-Walsh/,07 Aug 2026
Ryan Deschner,577,https://stockanalysis.com/analysts/Ryan-Deschner/,07 Aug 2026
Patrick Kenny,578,https://stockanalysis.com/analysts/Patrick-Kenny/,15 Jun 2026
Joseph Gallo,580,https://stockanalysis.com/analysts/Joseph-Gallo/,07 Aug 2026
Matthew Clark,581,https://stockanalysis.com/analysts/Matthew-Clark/,03 Aug 2026
Steven Chubak,584,https://stockanalysis.com/analysts/Steven-Chubak/,15 Jun 2026
Adam Seiden,587,https://stockanalysis.com/analysts/Adam-Seiden/,07 Aug 2026
Mitch Kummetz,589,https://stockanalysis.com/analysts/Mitch-Kummetz/,20 Jul 2026
Philip Ng,590,https://stockanalysis.com/analysts/Philip-Ng/,31 Jul 2026
Paul Lejuez,591,https://stockanalysis.com/analysts/Paul-Lejuez/,07 Aug 2026
Gray Powell,592,https://stockanalysis.com/analysts/Gray-Powell/,07 Aug 2026
Danielle Brill,594,https://stockanalysis.com/analysts/Danielle-Brill/,07 Aug 2026
Jonathan Komp,595,https://stockanalysis.com/analysts/Jonathan-Komp/,07 Aug 2026
Susan Anderson,596,https://stockanalysis.com/analysts/Susan-Anderson/,07 Aug 2026
Stephen Bersey,602,https://stockanalysis.com/analysts/Stephen-Bersey/,02 Jul 2026
Dean Wilkinson,604,https://stockanalysis.com/analysts/Dean-Wilkinson/,30 Jul 2026
Pierre Ferragu,605,https://stockanalysis.com/analysts/Pierre-Ferragu/,30 Jul 2026
Daniel Tamayo,606,https://stockanalysis.com/analysts/Daniel-Tamayo/,31 Jul 2026
Paul Golding,610,https://stockanalysis.com/analysts/Paul-Golding/,04 Aug 2026
Donald Fandetti,611,https://stockanalysis.com/analysts/Donald-Fandetti/,06 Aug 2026
Brennan Hawken,613,https://stockanalysis.com/analysts/Brennan-Hawken/,06 Aug 2026
Stephen Kim,614,https://stockanalysis.com/analysts/Stephen-Kim/,07 Aug 2026
Keith Weiss,616,https://stockanalysis.com/analysts/Keith-Weiss/,01 Jun 2026
Ryan MacWilliams,617,https://stockanalysis.com/analysts/Ryan-MacWilliams/,07 Aug 2026
Ryan Macwilliams,617,https://stockanalysis.com/analysts/Ryan-Macwilliams/,07 Aug 2026
Michael Wiederhorn,619,https://stockanalysis.com/analysts/Michael-Wiederhorn/,07 Aug 2026
Sandeep Deshpande,620,https://stockanalysis.com/analysts/Sandeep-Deshpande/,05 Aug 2026
Rohit Kulkarni,621,https://stockanalysis.com/analysts/Rohit-Kulkarni/,06 Aug 2026
Stephen Gengaro,623,https://stockanalysis.com/analysts/Stephen-Gengaro/,07 Aug 2026
Ben Gerlinger,624,https://stockanalysis.com/analysts/Ben-Gerlinger/,31 Jul 2026
Patrick Sholl,635,https://stockanalysis.com/analysts/Patrick-Sholl/,07 Aug 2026
Daley Li,636,https://stockanalysis.com/analysts/Daley-Li/,03 Aug 2026
Benjamin Budish,637,https://stockanalysis.com/analysts/Benjamin-Budish/,07 Aug 2026
Akash Tewari,639,https://stockanalysis.com/analysts/Akash-Tewari/,07 Aug 2026
Saket Kalia,640,https://stockanalysis.com/analysts/Saket-Kalia/,07 Aug 2026
Richard Baldry,642,https://stockanalysis.com/analysts/Richard-Baldry/,07 Aug 2026
David Westenberg,643,https://stockanalysis.com/analysts/David-Westenberg/,07 Aug 2026
Andrew Boone,644,https://stockanalysis.com/analysts/Andrew-Boone/,07 Aug 2026
Yigal Nochomovitz,645,https://stockanalysis.com/analysts/Yigal-Nochomovitz/,06 Aug 2026
Serge Belanger,646,https://stockanalysis.com/analysts/Serge-Belanger/,07 Aug 2026
Brett Knoblauch,647,https://stockanalysis.com/analysts/Brett-Knoblauch/,06 Aug 2026
Joseph Vafi,648,https://stockanalysis.com/analysts/Joseph-Vafi/,07 Aug 2026
Peter Weed,653,https://stockanalysis.com/analysts/Peter-Weed/,31 Jul 2026
Suneet Kamath,654,https://stockanalysis.com/analysts/Suneet-Kamath/,13 Jul 2026
Mihir Bhatia,655,https://stockanalysis.com/analysts/Mihir-Bhatia/,06 Aug 2026
David George,656,https://stockanalysis.com/analysts/David-George/,24 Jul 2026
David Joyce,657,https://stockanalysis.com/analysts/David-Joyce/,07 Aug 2026
Brian McKenna,659,https://stockanalysis.com/analysts/Brian-McKenna/,07 Aug 2026
John Ivankoe,660,https://stockanalysis.com/analysts/John-Ivankoe/,05 Aug 2026
Michael Tupholme,661,https://stockanalysis.com/analysts/Michael-Tupholme/,04 Aug 2026
Bascome Majors,662,https://stockanalysis.com/analysts/Bascome-Majors/,06 Aug 2026
Dan Leonard,663,https://stockanalysis.com/analysts/Dan-Leonard/,06 Aug 2026
Blair Abernethy,666,https://stockanalysis.com/analysts/Blair-Abernethy/,07 Aug 2026
Michael Rollins,667,https://stockanalysis.com/analysts/Michael-Rollins/,06 Aug 2026
Steve Moss,668,https://stockanalysis.com/analysts/Steve-Moss/,31 Jul 2026
Matt Summerville,670,https://stockanalysis.com/analysts/Matt-Summerville/,07 Aug 2026
Scott Searle,673,https://stockanalysis.com/analysts/Scott-Searle/,07 Aug 2026
Jay Huang,678,https://stockanalysis.com/analysts/Jay-Huang/,20 Jul 2026
Lucas Servera,681,https://stockanalysis.com/analysts/Lucas-Servera/,07 Aug 2026
Mark Shmulik,682,https://stockanalysis.com/analysts/Mark-Shmulik/,31 Jul 2026
Mark Jarvi,683,https://stockanalysis.com/analysts/Mark-Jarvi/,30 Jul 2026
Allen Lutz,686,https://stockanalysis.com/analysts/Allen-Lutz/,07 Aug 2026
John Mackay,687,https://stockanalysis.com/analysts/John-Mackay/,05 Aug 2026
Angie Storozynski,688,https://stockanalysis.com/analysts/Angie-Storozynski/,15 Jun 2026
John Barnidge,689,https://stockanalysis.com/analysts/John-Barnidge/,06 Mar 2026
Scott Graham,690,https://stockanalysis.com/analysts/Scott-Graham/,09 Aug 2026
John Ransom,692,https://stockanalysis.com/analysts/John-Ransom/,31 Jul 2026
Brad Heffern,694,https://stockanalysis.com/analysts/Brad-Heffern/,07 Aug 2026
Eric Martinuzzi,695,https://stockanalysis.com/analysts/Eric-Martinuzzi/,07 Aug 2026
Sumant Kulkarni,696,https://stockanalysis.com/analysts/Sumant-Kulkarni/,07 Aug 2026
Clark Lampen,698,https://stockanalysis.com/analysts/Clark-Lampen/,06 Aug 2026
Fahad Tariq,702,https://stockanalysis.com/analysts/Fahad-Tariq/,04 Aug 2026
Chris Graja,703,https://stockanalysis.com/analysts/Chris-Graja/,07 Aug 2026
Alicia Reese,704,https://stockanalysis.com/analysts/Alicia-Reese/,03 Aug 2026
Christopher Kuhn,705,https://stockanalysis.com/analysts/Christopher-Kuhn/,16 Jul 2026
Garik Shmois,706,https://stockanalysis.com/analysts/Garik-Shmois/,28 Jan 2026
Miller Jump,707,https://stockanalysis.com/analysts/Miller-Jump/,07 Aug 2026
Ananda Ghosh,709,https://stockanalysis.com/analysts/Ananda-Ghosh/,07 Aug 2026
Nicholas Campanella,711,https://stockanalysis.com/analysts/Nicholas-Campanella/,07 Aug 2026
Peter Saleh,713,https://stockanalysis.com/analysts/Peter-Saleh/,07 Aug 2026
Gregg Moskowitz,714,https://stockanalysis.com/analysts/Gregg-Moskowitz/,04 Aug 2026
Cameron Doerksen,716,https://stockanalysis.com/analysts/Cameron-Doerksen/,07 Jul 2026
Bryan Kraft,717,https://stockanalysis.com/analysts/Bryan-Kraft/,06 Aug 2026
Brian Morrison,718,https://stockanalysis.com/analysts/Brian-Morrison/,05 Aug 2026
Lance Vitanza,719,https://stockanalysis.com/analysts/Lance-Vitanza/,07 Aug 2026
Fawne Jiang,720,https://stockanalysis.com/analysts/Fawne-Jiang/,06 Aug 2026
Chris Brendler,721,https://stockanalysis.com/analysts/Chris-Brendler/,07 Aug 2026
Gil Blum,722,https://stockanalysis.com/analysts/Gil-Blum/,07 Aug 2026
Matthew Prisco,726,https://stockanalysis.com/analysts/Matthew-Prisco/,07 Aug 2026
Peter Peng,727,https://stockanalysis.com/analysts/Peter-Peng/,08 May 2026
Daniel Imbro,728,https://stockanalysis.com/analysts/Daniel-Imbro/,16 Jan 2026
Christopher Carril,730,https://stockanalysis.com/analysts/Christopher-Carril/,15 Jul 2026
Josh Silverstein,734,https://stockanalysis.com/analysts/Josh-Silverstein/,07 Aug 2026
Michael Halloran,738,https://stockanalysis.com/analysts/Michael-Halloran/,07 Aug 2026
Drew Crum,739,https://stockanalysis.com/analysts/Drew-Crum/,07 Aug 2026
Koji Ikeda,742,https://stockanalysis.com/analysts/Koji-Ikeda/,07 Aug 2026
Steven Wieczynski,743,https://stockanalysis.com/analysts/Steven-Wieczynski/,07 Aug 2026
Jeff Jones,745,https://stockanalysis.com/analysts/Jeff-Jones/,31 Jul 2026
Silvan Tuerkcan,746,https://stockanalysis.com/analysts/Silvan-Tuerkcan/,23 Jun 2026
Andrew Kligerman,754,https://stockanalysis.com/analysts/Andrew-Kligerman/,28 Jul 2026
Cherilyn Radbourne,755,https://stockanalysis.com/analysts/Cherilyn-Radbourne/,03 Aug 2026
John Heinbockel,756,https://stockanalysis.com/analysts/John-Heinbockel/,07 Aug 2026
Darko Mihelic,758,https://stockanalysis.com/analysts/Darko-Mihelic/,07 Aug 2026
Jonathan Atkin,759,https://stockanalysis.com/analysts/Jonathan-Atkin/,05 Aug 2026
Mohit Bansal,760,https://stockanalysis.com/analysts/Mohit-Bansal/,07 Aug 2026
Andrew Jeffrey,761,https://stockanalysis.com/analysts/Andrew-Jeffrey/,06 Aug 2026
Justin Clare,762,https://stockanalysis.com/analysts/Justin-Clare/,07 Aug 2026
Shyam Patil,763,https://stockanalysis.com/analysts/Shyam-Patil/,07 Aug 2026
Laura Martin,767,https://stockanalysis.com/analysts/Laura-Martin/,07 Aug 2026
Chris Dankert,769,https://stockanalysis.com/analysts/Chris-Dankert/,07 Aug 2026
Richard Anderson,770,https://stockanalysis.com/analysts/Richard-Anderson/,06 Aug 2026
David Vernon,771,https://stockanalysis.com/analysts/David-Vernon/,28 Jul 2026
Durgesh Chopra,772,https://stockanalysis.com/analysts/Durgesh-Chopra/,07 Aug 2026
Nick Doyle,773,https://stockanalysis.com/analysts/Nick-Doyle/,10 Nov 2025
Jason Gabelman,778,https://stockanalysis.com/analysts/Jason-Gabelman/,07 Aug 2026
Stephen Richardson,779,https://stockanalysis.com/analysts/Stephen-Richardson/,07 Aug 2026
Darrin Peller,780,https://stockanalysis.com/analysts/Darrin-Peller/,06 Aug 2026
Neil Mehta,782,https://stockanalysis.com/analysts/Neil-Mehta/,06 Aug 2026
Doug Anmuth,783,https://stockanalysis.com/analysts/Doug-Anmuth/,07 Aug 2026
Vincent Colicchio,784,https://stockanalysis.com/analysts/Vincent-Colicchio/,07 Aug 2026
Joseph Osha,787,https://stockanalysis.com/analysts/Joseph-Osha/,05 Aug 2026
Alexander Potter,788,https://stockanalysis.com/analysts/Alexander-Potter/,05 Aug 2026
Lisa Lewandowski,789,https://stockanalysis.com/analysts/Lisa-Lewandowski/,07 Aug 2026
Sohrab Movahedi,793,https://stockanalysis.com/analysts/Sohrab-Movahedi/,01 Jun 2026
Dave Rochester,794,https://stockanalysis.com/analysts/Dave-Rochester/,06 Aug 2026
Jack Meehan,795,https://stockanalysis.com/analysts/Jack-Meehan/,26 Mar 2026
Robert Catellier,797,https://stockanalysis.com/analysts/Robert-Catellier/,05 Aug 2026
Mark Fitzgibbon,798,https://stockanalysis.com/analysts/Mark-Fitzgibbon/,27 Feb 2026
Christopher Horvers,800,https://stockanalysis.com/analysts/Christopher-Horvers/,05 Aug 2026
Derek Podhaizer,801,https://stockanalysis.com/analysts/Derek-Podhaizer/,07 Aug 2026
Simon Yarmak,803,https://stockanalysis.com/analysts/Simon-Yarmak/,06 Aug 2026
Tessa Romero,804,https://stockanalysis.com/analysts/Tessa-Romero/,30 Jul 2026
David Windley,805,https://stockanalysis.com/analysts/David-Windley/,03 Aug 2026
Tal Liani,806,https://stockanalysis.com/analysts/Tal-Liani/,07 Aug 2026
Jake Bartlett,807,https://stockanalysis.com/analysts/Jake-Bartlett/,18 Mar 2026
Aaron Bilkoski,808,https://stockanalysis.com/analysts/Aaron-Bilkoski/,07 Aug 2026
John Kernan,809,https://stockanalysis.com/analysts/John-Kernan/,04 Dec 2025
Gregory Miller,811,https://stockanalysis.com/analysts/Gregory-Miller/,07 Aug 2026
Alex Kramm,813,https://stockanalysis.com/analysts/Alex-Kramm/,31 Jul 2026
Rudy Kessinger,814,https://stockanalysis.com/analysts/Rudy-Kessinger/,07 Aug 2026
Terence Flynn,815,https://stockanalysis.com/analysts/Terence-Flynn/,06 Aug 2026
Paul Treiber,817,https://stockanalysis.com/analysts/Paul-Treiber/,07 Aug 2026
Matthew Hedberg,818,https://stockanalysis.com/analysts/Matthew-Hedberg/,07 Aug 2026
Michael Morris,819,https://stockanalysis.com/analysts/Michael-Morris/,07 Aug 2026
Sean McLoughlin,826,https://stockanalysis.com/analysts/Sean-McLoughlin/,08 May 2026
Ryan Nash,827,https://stockanalysis.com/analysts/Ryan-Nash/,05 Aug 2026
Casey Alexander,828,https://stockanalysis.com/analysts/Casey-Alexander/,10 Mar 2026
Sam Burwell,831,https://stockanalysis.com/analysts/Sam-Burwell/,06 Aug 2026
Gokul Hariharan,833,https://stockanalysis.com/analysts/Gokul-Hariharan/,04 Aug 2026
Matthew Bouley,834,https://stockanalysis.com/analysts/Matthew-Bouley/,07 Aug 2026
Evan Seigerman,835,https://stockanalysis.com/analysts/Evan-Seigerman/,07 Aug 2026
Ivan Feinseth,836,https://stockanalysis.com/analysts/Ivan-Feinseth/,06 Aug 2026
Youssef Squali,838,https://stockanalysis.com/analysts/Youssef-Squali/,07 Aug 2026
Jeremy Hamblin,840,https://stockanalysis.com/analysts/Jeremy-Hamblin/,07 Aug 2026
Shweta Khajuria,842,https://stockanalysis.com/analysts/Shweta-Khajuria/,03 Aug 2026
Scott Devitt,843,https://stockanalysis.com/analysts/Scott-Devitt/,03 Aug 2026
Kelly Bania,849,https://stockanalysis.com/analysts/Kelly-Bania/,07 Aug 2026
Michael Carroll,851,https://stockanalysis.com/analysts/Michael-Carroll/,07 Aug 2026
Doug Creutz,854,https://stockanalysis.com/analysts/Doug-Creutz/,07 Aug 2026
David Tarantino,856,https://stockanalysis.com/analysts/David-Tarantino/,23 Jul 2026
Martin Yang,858,https://stockanalysis.com/analysts/Martin-Yang/,07 Aug 2026
Catherine Novack,859,https://stockanalysis.com/analysts/Catherine-Novack/,31 Jul 2026
Michael Kupinski,861,https://stockanalysis.com/analysts/Michael-Kupinski/,07 Aug 2026
Andy Chen,863,https://stockanalysis.com/analysts/Andy-Chen/,04 Aug 2026
Liam Fitzpatrick,866,https://stockanalysis.com/analysts/Liam-Fitzpatrick/,06 Aug 2026
Jayson Bedford,867,https://stockanalysis.com/analysts/Jayson-Bedford/,07 Aug 2026
James Fish,868,https://stockanalysis.com/analysts/James-Fish/,09 Aug 2026
John Staszak,869,https://stockanalysis.com/analysts/John-Staszak/,05 Aug 2026
Brian Essex,870,https://stockanalysis.com/analysts/Brian-Essex/,06 Aug 2026
Kingsley Crane,871,https://stockanalysis.com/analysts/Kingsley-Crane/,07 Aug 2026
Doug Leggate,872,https://stockanalysis.com/analysts/Doug-Leggate/,03 Aug 2026
Scott Schneeberger,873,https://stockanalysis.com/analysts/Scott-Schneeberger/,07 Aug 2026
Edison Lee,874,https://stockanalysis.com/analysts/Edison-Lee/,31 Jul 2026
Adam Maeder,875,https://stockanalysis.com/analysts/Adam-Maeder/,07 Aug 2026
Zach Cummins,878,https://stockanalysis.com/analysts/Zach-Cummins/,13 May 2026
Conor Fitzpatrick,879,https://stockanalysis.com/analysts/Conor-Fitzpatrick/,31 Jul 2026
Chris Baker,880,https://stockanalysis.com/analysts/Chris-Baker/,07 Aug 2026
Oliver Wintermantel,881,https://stockanalysis.com/analysts/Oliver-Wintermantel/,05 Aug 2026
Kevin Heal,882,https://stockanalysis.com/analysts/Kevin-Heal/,31 Jul 2026
Nicolai Kempf,883,https://stockanalysis.com/analysts/Nicolai-Kempf/,07 Aug 2026
Mario Saric,886,https://stockanalysis.com/analysts/Mario-Saric/,07 Aug 2026
Ann Hynes,888,https://stockanalysis.com/analysts/Ann-Hynes/,06 Aug 2026
Gabriela Borges,889,https://stockanalysis.com/analysts/Gabriela-Borges/,07 Aug 2026
Timothy Horan,890,https://stockanalysis.com/analysts/Timothy-Horan/,06 Aug 2026
Patrick Scholes,891,https://stockanalysis.com/analysts/Patrick-Scholes/,07 Aug 2026
Alexander Duval,892,https://stockanalysis.com/analysts/Alexander-Duval/,07 Aug 2026
John Blackledge,893,https://stockanalysis.com/analysts/John-Blackledge/,07 Aug 2026
Benjamin Swinburne,894,https://stockanalysis.com/analysts/Benjamin-Swinburne/,16 Mar 2026
Mark Argento,895,https://stockanalysis.com/analysts/Mark-Argento/,07 Aug 2026
Craig Irwin,897,https://stockanalysis.com/analysts/Craig-Irwin/,07 Aug 2026
Ross Sparenblek,900,https://stockanalysis.com/analysts/Ross-Sparenblek/,06 Aug 2026
Mohammed Khallouf,901,https://stockanalysis.com/analysts/Mohammed-Khallouf/,07 Aug 2026
Jonathan Petersen,904,https://stockanalysis.com/analysts/Jonathan-Petersen/,06 Aug 2026
Yun Kim,906,https://stockanalysis.com/analysts/Yun-Kim/,04 Aug 2026
Jeff Martin,907,https://stockanalysis.com/analysts/Jeff-Martin/,07 Aug 2026
Louis Miscioscia,911,https://stockanalysis.com/analysts/Louis-Miscioscia/,12 May 2026
Kenneth Zener,912,https://stockanalysis.com/analysts/Kenneth-Zener/,06 Apr 2026
Philippe Houchois,919,https://stockanalysis.com/analysts/Philippe-Houchois/,07 Aug 2026
Yanan Zhu,921,https://stockanalysis.com/analysts/Yanan-Zhu/,06 Aug 2026
David Paige,923,https://stockanalysis.com/analysts/David-Paige/,06 Aug 2026
Eddie Hickman,926,https://stockanalysis.com/analysts/Eddie-Hickman/,06 Aug 2026
Lauren Silberman,928,https://stockanalysis.com/analysts/Lauren-Silberman/,06 Aug 2026
Ben Reitzes,929,https://stockanalysis.com/analysts/Ben-Reitzes/,29 Jun 2026
Elyse Greenspan,932,https://stockanalysis.com/analysts/Elyse-Greenspan/,07 Aug 2026
Kunal Madhukar,935,https://stockanalysis.com/analysts/Kunal-Madhukar/,05 Aug 2026
Salveen Richter,938,https://stockanalysis.com/analysts/Salveen-Richter/,07 Aug 2026
Stephen Ju,939,https://stockanalysis.com/analysts/Stephen-Ju/,07 Aug 2026
Joseph Catanzaro,940,https://stockanalysis.com/analysts/Joseph-Catanzaro/,05 Aug 2026
Bennett Moore,941,https://stockanalysis.com/analysts/Bennett-Moore/,04 Aug 2026
Marcio Farid,943,https://stockanalysis.com/analysts/Marcio-Farid/,31 Jul 2026
Glenn Schorr,944,https://stockanalysis.com/analysts/Glenn-Schorr/,06 Aug 2026
Joshua Shanker,946,https://stockanalysis.com/analysts/Joshua-Shanker/,07 Aug 2026
Curry Baker,948,https://stockanalysis.com/analysts/Curry-Baker/,06 Aug 2026
Devin McDermott,949,https://stockanalysis.com/analysts/Devin-McDermott/,07 Aug 2026
Thomas Chong,950,https://stockanalysis.com/analysts/Thomas-Chong/,04 Aug 2026
Josh Nichols,951,https://stockanalysis.com/analysts/Josh-Nichols/,07 Aug 2026
Katherine Lei,954,https://stockanalysis.com/analysts/Katherine-Lei/,02 Jun 2026
Christopher Snyder,959,https://stockanalysis.com/analysts/Christopher-Snyder/,04 Aug 2026
Vivek Juneja,961,https://stockanalysis.com/analysts/Vivek-Juneja/,04 Aug 2026
Jeremy Tonet,962,https://stockanalysis.com/analysts/Jeremy-Tonet/,04 Aug 2026
Steven Cahall,963,https://stockanalysis.com/analysts/Steven-Cahall/,07 Aug 2026
Brandon Oglenski,964,https://stockanalysis.com/analysts/Brandon-Oglenski/,07 Aug 2026
Gil Luria,965,https://stockanalysis.com/analysts/Gil-Luria/,07 Aug 2026
Brandon Bingham,967,https://stockanalysis.com/analysts/Brandon-Bingham/,07 Aug 2026
Guy Hardwick,968,https://stockanalysis.com/analysts/Guy-Hardwick/,07 Aug 2026
Michael Brown,971,https://stockanalysis.com/analysts/Michael-Brown/,07 Aug 2026
RJ Milligan,972,https://stockanalysis.com/analysts/RJ-Milligan/,28 Jul 2026
Matt Larew,973,https://stockanalysis.com/analysts/Matt-Larew/,07 Aug 2026
Victoria McCulloch,974,https://stockanalysis.com/analysts/Victoria-McCulloch/,31 Jul 2026
Andrew Liesch,976,https://stockanalysis.com/analysts/Andrew-Liesch/,08 Jul 2026
Richard Close,977,https://stockanalysis.com/analysts/Richard-Close/,07 Aug 2026
David Toung,983,https://stockanalysis.com/analysts/David-Toung/,05 Aug 2026
Dara Mohsenian,986,https://stockanalysis.com/analysts/Dara-Mohsenian/,07 Aug 2026
Peter Levine,988,https://stockanalysis.com/analysts/Peter-Levine/,07 Aug 2026
Tami Zakaria,989,https://stockanalysis.com/analysts/Tami-Zakaria/,05 Aug 2026
Joel Jackson,990,https://stockanalysis.com/analysts/Joel-Jackson/,07 Aug 2026
Michael Baker,992,https://stockanalysis.com/analysts/Michael-Baker/,07 Aug 2026
Joseph Stauff,993,https://stockanalysis.com/analysts/Joseph-Stauff/,31 Jul 2026
Matthew Boss,994,https://stockanalysis.com/analysts/Matthew-Boss/,07 Aug 2026
Bernie McTernan,995,https://stockanalysis.com/analysts/Bernie-McTernan/,07 Aug 2026
Mitchell Kapoor,998,https://stockanalysis.com/analysts/Mitchell-Kapoor/,07 Aug 2026
Brian Kinstlinger,999,https://stockanalysis.com/analysts/Brian-Kinstlinger/,07 Aug 2026
Alexandra Yates,1001,https://stockanalysis.com/analysts/Alexandra-Yates/,31 Jul 2026
Adam Vogel,1003,https://stockanalysis.com/analysts/Adam-Vogel/,06 Aug 2026
Ketan Mamtora,1005,https://stockanalysis.com/analysts/Ketan-Mamtora/,07 Aug 2026
Kurt Yinger,1007,https://stockanalysis.com/analysts/Kurt-Yinger/,06 Aug 2026
Alex Scott,1009,https://stockanalysis.com/analysts/Alex-Scott/,07 Aug 2026
Brian Bittner,1010,https://stockanalysis.com/analysts/Brian-Bittner/,07 Aug 2026
Tycho Peterson,1011,https://stockanalysis.com/analysts/Tycho-Peterson/,07 Aug 2026
Mark Murphy,1012,https://stockanalysis.com/analysts/Mark-Murphy/,14 Jul 2026
Peter Heckmann,1013,https://stockanalysis.com/analysts/Peter-Heckmann/,07 Aug 2026
Martin Auster,1015,https://stockanalysis.com/analysts/Martin-Auster/,04 Aug 2026
Yuan Zhi,1016,https://stockanalysis.com/analysts/Yuan-Zhi/,07 Aug 2026
Asad Haider,1019,https://stockanalysis.com/analysts/Asad-Haider/,06 Aug 2026
Omotayo Okusanya,1023,https://stockanalysis.com/analysts/Omotayo-Okusanya/,22 Jul 2026
Craig Hettenbach,1024,https://stockanalysis.com/analysts/Craig-Hettenbach/,07 Aug 2026
Ralph Schackart,1026,https://stockanalysis.com/analysts/Ralph-Schackart/,07 Aug 2026
Eric Coldwell,1027,https://stockanalysis.com/analysts/Eric-Coldwell/,06 Aug 2026
Rafe Jadrosich,1028,https://stockanalysis.com/analysts/Rafe-Jadrosich/,07 Aug 2026
Barton Crockett,1029,https://stockanalysis.com/analysts/Barton-Crockett/,07 Aug 2026
Ian Zaffino,1030,https://stockanalysis.com/analysts/Ian-Zaffino/,07 Aug 2026
Brad Reback,1031,https://stockanalysis.com/analysts/Brad-Reback/,07 Aug 2026
Darren Aftahi,1032,https://stockanalysis.com/analysts/Darren-Aftahi/,05 Aug 2026
Chad Dillard,1036,https://stockanalysis.com/analysts/Chad-Dillard/,03 Aug 2026
Tim Anderson,1040,https://stockanalysis.com/analysts/Tim-Anderson/,18 Dec 2025
Jessica Fye,1044,https://stockanalysis.com/analysts/Jessica-Fye/,06 Aug 2026
Brian Cheng,1045,https://stockanalysis.com/analysts/Brian-Cheng/,07 Aug 2026
Robert Stallard,1050,https://stockanalysis.com/analysts/Robert-Stallard/,01 Jul 2026
Anthony Crowdell,1052,https://stockanalysis.com/analysts/Anthony-Crowdell/,05 Aug 2026
Erika Najarian,1054,https://stockanalysis.com/analysts/Erika-Najarian/,05 Aug 2026
Alexander Pearce,1055,https://stockanalysis.com/analysts/Alexander-Pearce/,22 Jul 2026
Steven Forbes,1056,https://stockanalysis.com/analysts/Steven-Forbes/,06 Aug 2026
Jeff Cantwell,1057,https://stockanalysis.com/analysts/Jeff-Cantwell/,24 May 2026
Colin Sebastian,1058,https://stockanalysis.com/analysts/Colin-Sebastian/,07 Aug 2026
Jeff Johnson,1059,https://stockanalysis.com/analysts/Jeff-Johnson/,07 Aug 2026
Stephen Willey,1061,https://stockanalysis.com/analysts/Stephen-Willey/,07 Aug 2026
Gautam Chhugani,1062,https://stockanalysis.com/analysts/Gautam-Chhugani/,06 Aug 2026
Peter Winter,1065,https://stockanalysis.com/analysts/Peter-Winter/,03 Aug 2026
Ronald Kamdem,1066,https://stockanalysis.com/analysts/Ronald-Kamdem/,06 Aug 2026
Owen Lau,1067,https://stockanalysis.com/analysts/Owen-Lau/,06 Aug 2026
Douglas Harned,1068,https://stockanalysis.com/analysts/Douglas-Harned/,06 Aug 2026
Duane Pfennigwerth,1069,https://stockanalysis.com/analysts/Duane-Pfennigwerth/,07 Aug 2026
Lisa Gill,1070,https://stockanalysis.com/analysts/Lisa-Gill/,03 Aug 2026
Jonathan Ho,1071,https://stockanalysis.com/analysts/Jonathan-Ho/,07 Aug 2026
Kevin Chiang,1072,https://stockanalysis.com/analysts/Kevin-Chiang/,31 Jul 2026
Ben Hendrix,1073,https://stockanalysis.com/analysts/Ben-Hendrix/,06 Aug 2026
Tiago Fauth,1074,https://stockanalysis.com/analysts/Tiago-Fauth/,09 Jul 2026
Stephen Laszczyk,1080,https://stockanalysis.com/analysts/Stephen-Laszczyk/,07 Aug 2026
Michael Feniger,1081,https://stockanalysis.com/analysts/Michael-Feniger/,07 Aug 2026
Tobey Sommer,1082,https://stockanalysis.com/analysts/Tobey-Sommer/,07 Aug 2026
Andy Barish,1083,https://stockanalysis.com/analysts/Andy-Barish/,05 Aug 2026
George Hill,1084,https://stockanalysis.com/analysts/George-Hill/,06 Aug 2026
Todd Coupland,1085,https://stockanalysis.com/analysts/Todd-Coupland/,31 Jul 2026
Subash Chandra,1086,https://stockanalysis.com/analysts/Subash-Chandra/,06 Aug 2026
Steven Seedhouse,1087,https://stockanalysis.com/analysts/Steven-Seedhouse/,06 Aug 2026
Brian Foran,1088,https://stockanalysis.com/analysts/Brian-Foran/,04 Aug 2026
Christopher Marinac,1092,https://stockanalysis.com/analysts/Christopher-Marinac/,12 Jun 2026
Duffy Fischer,1094,https://stockanalysis.com/analysts/Duffy-Fischer/,05 Aug 2026
Trey Grooms,1097,https://stockanalysis.com/analysts/Trey-Grooms/,07 Aug 2026
Timothy Wojs,1098,https://stockanalysis.com/analysts/Timothy-Wojs/,07 Aug 2026
Michael Rose,1099,https://stockanalysis.com/analysts/Michael-Rose/,23 Jul 2026
Troy Jensen,1100,https://stockanalysis.com/analysts/Troy-Jensen/,06 Aug 2026
Michael Zaremski,1104,https://stockanalysis.com/analysts/Michael-Zaremski/,06 Aug 2026
Crispin Love,1107,https://stockanalysis.com/analysts/Crispin-Love/,07 Aug 2026
Ashwani Verma,1108,https://stockanalysis.com/analysts/Ashwani-Verma/,07 Aug 2026
Nelson Ng,1110,https://stockanalysis.com/analysts/Nelson-Ng/,06 Aug 2026
Eric Sheridan,1113,https://stockanalysis.com/analysts/Eric-Sheridan/,07 Aug 2026
Anthony Petrone,1114,https://stockanalysis.com/analysts/Anthony-Petrone/,04 Aug 2026
Keith Bachman,1115,https://stockanalysis.com/analysts/Keith-Bachman/,07 Aug 2026
David Anderson,1116,https://stockanalysis.com/analysts/David-Anderson/,05 Aug 2026
Brian Mullan,1124,https://stockanalysis.com/analysts/Brian-Mullan/,07 Aug 2026
Reuben Garner,1125,https://stockanalysis.com/analysts/Reuben-Garner/,06 Aug 2026
Thomas Wadewitz,1129,https://stockanalysis.com/analysts/Thomas-Wadewitz/,07 Aug 2026
Mark Zgutowicz,1132,https://stockanalysis.com/analysts/Mark-Zgutowicz/,07 Aug 2026
Ingo Wermann,1139,https://stockanalysis.com/analysts/Ingo-Wermann/,05 Aug 2026
Terry McEvoy,1143,https://stockanalysis.com/analysts/Terry-McEvoy/,16 Jul 2026
Christopher Stathoulopoulos,1145,https://stockanalysis.com/analysts/Christopher-Stathoulopoulos/,06 Aug 2026
Michael Diana,1147,https://stockanalysis.com/analysts/Michael-Diana/,07 Aug 2026
Joseph Altobello,1150,https://stockanalysis.com/analysts/Joseph-Altobello/,07 Aug 2026
Thomas Flaten,1151,https://stockanalysis.com/analysts/Thomas-Flaten/,07 Aug 2026
Maury Raycroft,1152,https://stockanalysis.com/analysts/Maury-Raycroft/,06 Aug 2026
Andrew Sherman,1157,https://stockanalysis.com/analysts/Andrew-Sherman/,07 Aug 2026
Arun Jayaram,1160,https://stockanalysis.com/analysts/Arun-Jayaram/,06 Aug 2026
Dan Dolev,1161,https://stockanalysis.com/analysts/Dan-Dolev/,07 Aug 2026
Bradley Canino,1162,https://stockanalysis.com/analysts/Bradley-Canino/,06 Aug 2026
Matthew Galinko,1163,https://stockanalysis.com/analysts/Matthew-Galinko/,07 Aug 2026
Timothy Coffey,1164,https://stockanalysis.com/analysts/Timothy-Coffey/,30 Jul 2026
Kristina Ruggeri,1168,https://stockanalysis.com/analysts/Kristina-Ruggeri/,06 Aug 2026
Howard Ma,1169,https://stockanalysis.com/analysts/Howard-Ma/,07 Aug 2026
John Lovallo,1170,https://stockanalysis.com/analysts/John-Lovallo/,07 Aug 2026
Joshua Chan,1171,https://stockanalysis.com/analysts/Joshua-Chan/,05 Aug 2026
Jonathan Goldman,1172,https://stockanalysis.com/analysts/Jonathan-Goldman/,05 Aug 2026
Derick Ma,1174,https://stockanalysis.com/analysts/Derick-Ma/,24 Jul 2026
Amit Mehrotra,1175,https://stockanalysis.com/analysts/Amit-Mehrotra/,07 Aug 2026
Matthew Taylor,1176,https://stockanalysis.com/analysts/Matthew-Taylor/,06 Aug 2026
Sean McCutcheon,1177,https://stockanalysis.com/analysts/Sean-McCutcheon/,06 Aug 2026
Robert Driscoll,1178,https://stockanalysis.com/analysts/Robert-Driscoll/,07 Aug 2026
Daniel Cardenas,1183,https://stockanalysis.com/analysts/Daniel-Cardenas/,12 Mar 2026
Eugene Hsiao,1185,https://stockanalysis.com/analysts/Eugene-Hsiao/,29 May 2026
Pito Chickering,1186,https://stockanalysis.com/analysts/Pito-Chickering/,06 Aug 2026
Kirk Materne,1188,https://stockanalysis.com/analysts/Kirk-Materne/,07 Aug 2026
Rick Patel,1191,https://stockanalysis.com/analysts/Rick-Patel/,07 Aug 2026
Luke Sergott,1192,https://stockanalysis.com/analysts/Luke-Sergott/,07 Aug 2026
Mark Carden,1193,https://stockanalysis.com/analysts/Mark-Carden/,07 Aug 2026
Bret Jordan,1199,https://stockanalysis.com/analysts/Bret-Jordan/,30 Jun 2026
Todd Thomas,1201,https://stockanalysis.com/analysts/Todd-Thomas/,04 Aug 2026
Jon Tower,1203,https://stockanalysis.com/analysts/Jon-Tower/,07 Aug 2026
Kannan Venkateshwar,1204,https://stockanalysis.com/analysts/Kannan-Venkateshwar/,07 Aug 2026
Jon Windham,1205,https://stockanalysis.com/analysts/Jon-Windham/,07 Aug 2026
Michael Elias,1206,https://stockanalysis.com/analysts/Michael-Elias/,07 Aug 2026
Alex Markgraff,1207,https://stockanalysis.com/analysts/Alex-Markgraff/,07 Aug 2026
Greg Gibas,1208,https://stockanalysis.com/analysts/Greg-Gibas/,07 Aug 2026
Jimmy Shan,1212,https://stockanalysis.com/analysts/Jimmy-Shan/,06 Aug 2026
Michael Linenberg,1218,https://stockanalysis.com/analysts/Michael-Linenberg/,31 Jul 2026
Eric Joseph,1219,https://stockanalysis.com/analysts/Eric-Joseph/,03 Aug 2026
Kalpit Patel,1220,https://stockanalysis.com/analysts/Kalpit-Patel/,29 Jul 2026
Michael Latimore,1221,https://stockanalysis.com/analysts/Michael-Latimore/,07 Aug 2026
Kelsey Chia,1224,https://stockanalysis.com/analysts/Kelsey-Chia/,31 Jul 2026
Matthew Weston,1227,https://stockanalysis.com/analysts/Matthew-Weston/,07 Aug 2026
Andrew Steinerman,1230,https://stockanalysis.com/analysts/Andrew-Steinerman/,06 Aug 2026
Manan Gosalia,1232,https://stockanalysis.com/analysts/Manan-Gosalia/,05 Aug 2026
Greg Melich,1233,https://stockanalysis.com/analysts/Greg-Melich/,07 Aug 2026
Mark Lear,1235,https://stockanalysis.com/analysts/Mark-Lear/,10 Apr 2026
Brandt Montour,1237,https://stockanalysis.com/analysts/Brandt-Montour/,07 Aug 2026
Biren Amin,1238,https://stockanalysis.com/analysts/Biren-Amin/,07 Aug 2026
David Bishop,1242,https://stockanalysis.com/analysts/David-Bishop/,27 Jul 2026
Gavin Parsons,1245,https://stockanalysis.com/analysts/Gavin-Parsons/,07 Aug 2026
Timur Braziler,1246,https://stockanalysis.com/analysts/Timur-Braziler/,28 Jul 2026
Adam Berlin,1249,https://stockanalysis.com/analysts/Adam-Berlin/,07 Aug 2026
Alan Gould,1250,https://stockanalysis.com/analysts/Alan-Gould/,04 Jun 2026
Eric Luebchow,1251,https://stockanalysis.com/analysts/Eric-Luebchow/,07 Aug 2026
Sabahat Khan,1252,https://stockanalysis.com/analysts/Sabahat-Khan/,07 Aug 2026
Alec Stranahan,1253,https://stockanalysis.com/analysts/Alec-Stranahan/,07 Aug 2026
Philip Shen,1254,https://stockanalysis.com/analysts/Philip-Shen/,07 Aug 2026
David Raso,1256,https://stockanalysis.com/analysts/David-Raso/,02 Aug 2026
Alexander Slagle,1257,https://stockanalysis.com/analysts/Alexander-Slagle/,14 May 2026
Jeff Schmitt,1258,https://stockanalysis.com/analysts/Jeff-Schmitt/,07 Aug 2026
Christopher Nolan,1260,https://stockanalysis.com/analysts/Christopher-Nolan/,07 Aug 2026
Tazeen Ahmad,1262,https://stockanalysis.com/analysts/Tazeen-Ahmad/,07 Aug 2026
Corinne Johnson,1264,https://stockanalysis.com/analysts/Corinne-Johnson/,16 Jul 2026
Paul Choi,1265,https://stockanalysis.com/analysts/Paul-Choi/,07 Aug 2026
Aleksey Yefremov,1266,https://stockanalysis.com/analysts/Aleksey-Yefremov/,04 Mar 2026
Peter Keith,1268,https://stockanalysis.com/analysts/Peter-Keith/,07 Aug 2026
Kelly Motta,1271,https://stockanalysis.com/analysts/Kelly-Motta/,03 Aug 2026
Daryl Young,1277,https://stockanalysis.com/analysts/Daryl-Young/,07 Aug 2026
Bill Selesky,1279,https://stockanalysis.com/analysts/Bill-Selesky/,24 Jul 2026
Meta Marshall,1280,https://stockanalysis.com/analysts/Meta-Marshall/,07 Aug 2026
Michael Swartz,1283,https://stockanalysis.com/analysts/Michael-Swartz/,21 Apr 2026
Rajesh Kumar,1289,https://stockanalysis.com/analysts/Rajesh-Kumar/,13 Jul 2026
David Vogt,1290,https://stockanalysis.com/analysts/David-Vogt/,05 Aug 2026
Jay Sole,1293,https://stockanalysis.com/analysts/Jay-Sole/,07 Aug 2026
David Long,1295,https://stockanalysis.com/analysts/David-Long/,01 Jul 2026
Bryan Keane,1300,https://stockanalysis.com/analysts/Bryan-Keane/,07 Aug 2026
Tavy Rosner,1301,https://stockanalysis.com/analysts/Tavy-Rosner/,18 Mar 2026
Brian Tanquilut,1305,https://stockanalysis.com/analysts/Brian-Tanquilut/,31 Jul 2026
Phillip Jungwirth,1307,https://stockanalysis.com/analysts/Phillip-Jungwirth/,28 Jul 2026
Mark Smith,1309,https://stockanalysis.com/analysts/Mark-Smith/,07 Aug 2026
Janet Lee,1311,https://stockanalysis.com/analysts/Janet-Lee/,03 Aug 2026
Pablo Monsivais,1314,https://stockanalysis.com/analysts/Pablo-Monsivais/,15 May 2026
John Babcock,1315,https://stockanalysis.com/analysts/John-Babcock/,06 Aug 2026
Jimmy Bhullar,1316,https://stockanalysis.com/analysts/Jimmy-Bhullar/,20 Apr 2026
Scott Group,1318,https://stockanalysis.com/analysts/Scott-Group/,04 Aug 2026
Brian Nowak,1319,https://stockanalysis.com/analysts/Brian-Nowak/,07 Aug 2026
Joe Feldman,1320,https://stockanalysis.com/analysts/Joe-Feldman/,07 Aug 2026
Noah Poponak,1321,https://stockanalysis.com/analysts/Noah-Poponak/,06 Aug 2026
Raimo Lenschow,1322,https://stockanalysis.com/analysts/Raimo-Lenschow/,07 Aug 2026
Gerry Sweeney,1323,https://stockanalysis.com/analysts/Gerry-Sweeney/,07 Aug 2026
Suraj Kalia,1324,https://stockanalysis.com/analysts/Suraj-Kalia/,07 Aug 2026
Chiara Battistini,1330,https://stockanalysis.com/analysts/Chiara-Battistini/,04 Aug 2026
Ross Fowler,1332,https://stockanalysis.com/analysts/Ross-Fowler/,07 Aug 2026
Stephanie Price,1333,https://stockanalysis.com/analysts/Stephanie-Price/,31 Jul 2026
Steven Fisher,1335,https://stockanalysis.com/analysts/Steven-Fisher/,06 Aug 2026
Louie DiPalma,1339,https://stockanalysis.com/analysts/Louie-DiPalma/,07 Aug 2026
Patrick Colville,1341,https://stockanalysis.com/analysts/Patrick-Colville/,07 Aug 2026
Stephen Byrd,1342,https://stockanalysis.com/analysts/Stephen-Byrd/,06 Aug 2026
Savanthi Syth,1343,https://stockanalysis.com/analysts/Savanthi-Syth/,14 Jul 2026
Mike Kratky,1344,https://stockanalysis.com/analysts/Mike-Kratky/,06 Aug 2026
Connor Murphy,1346,https://stockanalysis.com/analysts/Connor-Murphy/,06 Aug 2026
Damian Karas,1348,https://stockanalysis.com/analysts/Damian-Karas/,05 Aug 2026
Michael Roxland,1349,https://stockanalysis.com/analysts/Michael-Roxland/,07 Aug 2026
Chris Parkinson,1350,https://stockanalysis.com/analysts/Chris-Parkinson/,29 Jul 2026
John Hodulik,1351,https://stockanalysis.com/analysts/John-Hodulik/,07 Aug 2026
Mauricio Serna,1352,https://stockanalysis.com/analysts/Mauricio-Serna/,31 Jul 2026
Thomas Blakey,1354,https://stockanalysis.com/analysts/Thomas-Blakey/,06 Aug 2026
Sangita Jain,1355,https://stockanalysis.com/analysts/Sangita-Jain/,07 Aug 2026
Justin Kim,1356,https://stockanalysis.com/analysts/Justin-Kim/,08 Jun 2026
Thomas Shrader,1357,https://stockanalysis.com/analysts/Thomas-Shrader/,06 Aug 2026
Mark Cash,1358,https://stockanalysis.com/analysts/Mark-Cash/,07 Aug 2026
Zach Parham,1366,https://stockanalysis.com/analysts/Zach-Parham/,06 May 2026
Ghansham Panjabi,1368,https://stockanalysis.com/analysts/Ghansham-Panjabi/,07 Aug 2026
Sanjit Singh,1370,https://stockanalysis.com/analysts/Sanjit-Singh/,07 Aug 2026
Jeffrey Silber,1372,https://stockanalysis.com/analysts/Jeffrey-Silber/,05 Aug 2026
Mark Altschwager,1373,https://stockanalysis.com/analysts/Mark-Altschwager/,07 Aug 2026
Richard Newitter,1374,https://stockanalysis.com/analysts/Richard-Newitter/,07 Aug 2026
Andreas Argyrides,1375,https://stockanalysis.com/analysts/Andreas-Argyrides/,06 Jul 2026
Rustam Kanga,1378,https://stockanalysis.com/analysts/Rustam-Kanga/,04 Aug 2026
David Motemaden,1379,https://stockanalysis.com/analysts/David-Motemaden/,07 Aug 2026
Jeffrey Spector,1380,https://stockanalysis.com/analysts/Jeffrey-Spector/,07 Aug 2026
Lance Wilkes,1383,https://stockanalysis.com/analysts/Lance-Wilkes/,06 Aug 2026
Michael Binetti,1388,https://stockanalysis.com/analysts/Michael-Binetti/,07 Aug 2026
Jake Fuller,1389,https://stockanalysis.com/analysts/Jake-Fuller/,07 Aug 2026
David Stanton,1390,https://stockanalysis.com/analysts/David-Stanton/,05 Aug 2026
Justin Lake,1395,https://stockanalysis.com/analysts/Justin-Lake/,05 May 2026
Kyle Joseph,1397,https://stockanalysis.com/analysts/Kyle-Joseph/,07 Aug 2026
Nigel Coe,1399,https://stockanalysis.com/analysts/Nigel-Coe/,21 Jul 2026
Anne Ling,1405,https://stockanalysis.com/analysts/Anne-Ling/,31 Jul 2026
Vikram Gandhi,1407,https://stockanalysis.com/analysts/Vikram-Gandhi/,20 Jul 2026
Adithya Metuku,1410,https://stockanalysis.com/analysts/Adithya-Metuku/,27 Jul 2026
Buck Horne,1414,https://stockanalysis.com/analysts/Buck-Horne/,10 Jul 2026
David Deckelbaum,1416,https://stockanalysis.com/analysts/David-Deckelbaum/,26 Mar 2026
Prakhar Agrawal,1418,https://stockanalysis.com/analysts/Prakhar-Agrawal/,17 Jul 2026
John Royall,1425,https://stockanalysis.com/analysts/John-Royall/,07 Aug 2026
Bonnie Herzog,1426,https://stockanalysis.com/analysts/Bonnie-Herzog/,07 Aug 2026
Matthew Martino,1430,https://stockanalysis.com/analysts/Matthew-Martino/,05 Aug 2026
Sudan Loganathan,1431,https://stockanalysis.com/analysts/Sudan-Loganathan/,04 Jun 2026
Marcelo Santos,1434,https://stockanalysis.com/analysts/Marcelo-Santos/,03 Aug 2026
Andrei Stadnik,1435,https://stockanalysis.com/analysts/Andrei-Stadnik/,27 Apr 2026
Sean Steuart,1437,https://stockanalysis.com/analysts/Sean-Steuart/,06 Aug 2026
Jordan Alliger,1438,https://stockanalysis.com/analysts/Jordan-Alliger/,04 Aug 2026
Robert Ohmes,1439,https://stockanalysis.com/analysts/Robert-Ohmes/,07 Aug 2026
Robbie Marcus,1440,https://stockanalysis.com/analysts/Robbie-Marcus/,06 Aug 2026
David Katz,1441,https://stockanalysis.com/analysts/David-Katz/,09 Aug 2026
Matthew Caufield,1442,https://stockanalysis.com/analysts/Matthew-Caufield/,07 Aug 2026
Peter Supino,1450,https://stockanalysis.com/analysts/Peter-Supino/,23 Jul 2026
Phillip Blee,1451,https://stockanalysis.com/analysts/Phillip-Blee/,06 Aug 2026
Robert Kad,1452,https://stockanalysis.com/analysts/Robert-Kad/,04 Aug 2026
Jonathan Matuszewski,1454,https://stockanalysis.com/analysts/Jonathan-Matuszewski/,05 Aug 2026
Justin Patterson,1456,https://stockanalysis.com/analysts/Justin-Patterson/,07 Aug 2026
Richard Choe,1462,https://stockanalysis.com/analysts/Richard-Choe/,07 Aug 2026
Barry Sine,1470,https://stockanalysis.com/analysts/Barry-Sine/,04 Aug 2026
Josh Baer,1471,https://stockanalysis.com/analysts/Josh-Baer/,16 Jul 2026
Bill Peterson,1473,https://stockanalysis.com/analysts/Bill-Peterson/,30 Jul 2026
Owen Rickert,1477,https://stockanalysis.com/analysts/Owen-Rickert/,07 Aug 2026
John Colantuoni,1478,https://stockanalysis.com/analysts/John-Colantuoni/,30 Jul 2026
Chris Schott,1480,https://stockanalysis.com/analysts/Chris-Schott/,06 Aug 2026
Reginald Smith,1481,https://stockanalysis.com/analysts/Reginald-Smith/,08 Jul 2026
Michael Rehaut,1482,https://stockanalysis.com/analysts/Michael-Rehaut/,16 Jun 2026
Steven Delaney,1483,https://stockanalysis.com/analysts/Steven-Delaney/,04 Aug 2026
Brian Ossenbeck,1484,https://stockanalysis.com/analysts/Brian-Ossenbeck/,06 Aug 2026
Daniel Osley,1485,https://stockanalysis.com/analysts/Daniel-Osley/,05 Aug 2026
Karen Holthouse,1487,https://stockanalysis.com/analysts/Karen-Holthouse/,07 Aug 2026
Bruno Amorim,1489,https://stockanalysis.com/analysts/Bruno-Amorim/,05 Aug 2026
Daniel Stauder,1492,https://stockanalysis.com/analysts/Daniel-Stauder/,08 May 2026
Alex Irving,1495,https://stockanalysis.com/analysts/Alex-Irving/,05 Aug 2026
Mathieu Robilliard,1496,https://stockanalysis.com/analysts/Mathieu-Robilliard/,07 Aug 2026
Robert Drbul,1498,https://stockanalysis.com/analysts/Robert-Drbul/,07 Aug 2026
Dennis Ip,1499,https://stockanalysis.com/analysts/Dennis-Ip/,22 May 2026
Robert Wasserman,1500,https://stockanalysis.com/analysts/Robert-Wasserman/,20 Jul 2026
Luke Hannan,1501,https://stockanalysis.com/analysts/Luke-Hannan/,06 Aug 2026
Geulah Livshits,1502,https://stockanalysis.com/analysts/Geulah-Livshits/,07 Jul 2026
Richard Garchitorena,1504,https://stockanalysis.com/analysts/Richard-Garchitorena/,07 Aug 2026
Vijay Kumar,1509,https://stockanalysis.com/analysts/Vijay-Kumar/,07 Aug 2026
Thomas Champion,1512,https://stockanalysis.com/analysts/Thomas-Champion/,07 Aug 2026
Daniel Kurnos,1513,https://stockanalysis.com/analysts/Daniel-Kurnos/,07 Aug 2026
Michael Shlisky,1514,https://stockanalysis.com/analysts/Michael-Shlisky/,07 Aug 2026
Paul Fremont,1521,https://stockanalysis.com/analysts/Paul-Fremont/,05 Aug 2026
Simeon Gutman,1524,https://stockanalysis.com/analysts/Simeon-Gutman/,07 Aug 2026
Amos Fletcher,1525,https://stockanalysis.com/analysts/Amos-Fletcher/,04 Aug 2026
Charles Rhyee,1527,https://stockanalysis.com/analysts/Charles-Rhyee/,06 Aug 2026
James Hardiman,1529,https://stockanalysis.com/analysts/James-Hardiman/,07 Aug 2026
Jeff Grampp,1530,https://stockanalysis.com/analysts/Jeff-Grampp/,07 Aug 2026
Brian Martin,1533,https://stockanalysis.com/analysts/Brian-Martin/,07 Aug 2026
Harshita Rawat,1534,https://stockanalysis.com/analysts/Harshita-Rawat/,06 Aug 2026
Ruplu Bhattacharya,1538,https://stockanalysis.com/analysts/Ruplu-Bhattacharya/,04 Aug 2026
Emma Xu,1541,https://stockanalysis.com/analysts/Emma-Xu/,04 Jun 2026
Andrew Charles,1543,https://stockanalysis.com/analysts/Andrew-Charles/,07 Aug 2026
Jasper Bibb,1545,https://stockanalysis.com/analysts/Jasper-Bibb/,07 Aug 2026
Kevin Grundy,1548,https://stockanalysis.com/analysts/Kevin-Grundy/,08 Jul 2026
Steven Alexopoulos,1549,https://stockanalysis.com/analysts/Steven-Alexopoulos/,27 Jul 2026
Steve Fleishman,1551,https://stockanalysis.com/analysts/Steve-Fleishman/,03 Aug 2026
Mathew Blackman,1554,https://stockanalysis.com/analysts/Mathew-Blackman/,06 Aug 2026
Robert Jamieson,1555,https://stockanalysis.com/analysts/Robert-Jamieson/,27 May 2026
David Dai,1556,https://stockanalysis.com/analysts/David-Dai/,05 Aug 2026
Alexei Gogolev,1557,https://stockanalysis.com/analysts/Alexei-Gogolev/,04 Aug 2026
Christopher Nardone,1560,https://stockanalysis.com/analysts/Christopher-Nardone/,05 Aug 2026
Daniel Politzer,1561,https://stockanalysis.com/analysts/Daniel-Politzer/,06 Aug 2026
Matt Phipps,1562,https://stockanalysis.com/analysts/Matt-Phipps/,07 Aug 2026
Mark Strouse,1564,https://stockanalysis.com/analysts/Mark-Strouse/,06 Aug 2026
Daniil Gataulin,1565,https://stockanalysis.com/analysts/Daniil-Gataulin/,25 Jun 2026
Steven Etoch,1566,https://stockanalysis.com/analysts/Steven-Etoch/,27 Jul 2026
Andrew Terrell,1570,https://stockanalysis.com/analysts/Andrew-Terrell/,06 Aug 2026
Stephen Grambling,1571,https://stockanalysis.com/analysts/Stephen-Grambling/,07 Aug 2026
Michael Cherny,1572,https://stockanalysis.com/analysts/Michael-Cherny/,06 Aug 2026
Ari Klein,1573,https://stockanalysis.com/analysts/Ari-Klein/,04 Aug 2026
Kate McShane,1574,https://stockanalysis.com/analysts/Kate-McShane/,05 Aug 2026
Kevin Garrigan,1575,https://stockanalysis.com/analysts/Kevin-Garrigan/,07 Aug 2026
Brian Vaccaro,1577,https://stockanalysis.com/analysts/Brian-Vaccaro/,17 Jul 2026
Daniel Arias,1579,https://stockanalysis.com/analysts/Daniel-Arias/,07 Aug 2026
Tate Sullivan,1580,https://stockanalysis.com/analysts/Tate-Sullivan/,07 Aug 2026
Bhavesh Lodaya,1583,https://stockanalysis.com/analysts/Bhavesh-Lodaya/,07 Aug 2026
Dan Bergstrom,1584,https://stockanalysis.com/analysts/Dan-Bergstrom/,30 Jul 2026
Anthony Codling,1585,https://stockanalysis.com/analysts/Anthony-Codling/,06 Aug 2026
Michael Ryskin,1586,https://stockanalysis.com/analysts/Michael-Ryskin/,07 Aug 2026
Sarah James,1591,https://stockanalysis.com/analysts/Sarah-James/,06 Aug 2026
Kash Rangan,1594,https://stockanalysis.com/analysts/Kash-Rangan/,02 Feb 2026
Leland Gershell,1595,https://stockanalysis.com/analysts/Leland-Gershell/,07 Aug 2026
Emily Bodnar,1596,https://stockanalysis.com/analysts/Emily-Bodnar/,07 Aug 2026
Caitlin Roberts,1605,https://stockanalysis.com/analysts/Caitlin-Roberts/,07 Aug 2026
Tyler Batory,1609,https://stockanalysis.com/analysts/Tyler-Batory/,07 Aug 2026
Cameron Bean,1610,https://stockanalysis.com/analysts/Cameron-Bean/,01 Apr 2026
Adam Jonas,1612,https://stockanalysis.com/analysts/Adam-Jonas/,06 Aug 2026
Uy Ear,1613,https://stockanalysis.com/analysts/Uy-Ear/,07 Aug 2026
Mickey Schleien,1618,https://stockanalysis.com/analysts/Mickey-Schleien/,03 Mar 2026
Barry Oxford,1621,https://stockanalysis.com/analysts/Barry-Oxford/,07 Aug 2026
Brian Peterson,1623,https://stockanalysis.com/analysts/Brian-Peterson/,07 Aug 2026
Jon Hickman,1625,https://stockanalysis.com/analysts/Jon-Hickman/,30 Jul 2026
Luke Horton,1632,https://stockanalysis.com/analysts/Luke-Horton/,06 Aug 2026
Tommy Moll,1633,https://stockanalysis.com/analysts/Tommy-Moll/,07 Aug 2026
Jared Shaw,1634,https://stockanalysis.com/analysts/Jared-Shaw/,04 Aug 2026
Tom Nikic,1639,https://stockanalysis.com/analysts/Tom-Nikic/,07 Aug 2026
Carter Gould,1640,https://stockanalysis.com/analysts/Carter-Gould/,06 Aug 2026
William Janela,1643,https://stockanalysis.com/analysts/William-Janela/,04 Aug 2026
Pete Stavropoulos,1644,https://stockanalysis.com/analysts/Pete-Stavropoulos/,06 Aug 2026
Russell Gunther,1647,https://stockanalysis.com/analysts/Russell-Gunther/,30 Jul 2026
Dennis Ding,1650,https://stockanalysis.com/analysts/Dennis-Ding/,13 Jul 2026
Gaurav Jain,1651,https://stockanalysis.com/analysts/Gaurav-Jain/,06 Jan 2026
Robert Stein,1652,https://stockanalysis.com/analysts/Robert-Stein/,29 Jul 2026
Benjamin Theurer,1653,https://stockanalysis.com/analysts/Benjamin-Theurer/,06 Aug 2026
Sam Darkatsh,1654,https://stockanalysis.com/analysts/Sam-Darkatsh/,31 Jul 2026
Jonathan Block,1655,https://stockanalysis.com/analysts/Jonathan-Block/,07 Aug 2026
Venugopal Garre,1661,https://stockanalysis.com/analysts/Venugopal-Garre/,04 Aug 2026
Thomas Gallagher,1662,https://stockanalysis.com/analysts/Thomas-Gallagher/,07 Aug 2026
Polo Tang,1663,https://stockanalysis.com/analysts/Polo-Tang/,07 Aug 2026
Merrill Ross,1664,https://stockanalysis.com/analysts/Merrill-Ross/,13 May 2026
Adam Tindle,1666,https://stockanalysis.com/analysts/Adam-Tindle/,07 Aug 2026
Michael Morton,1668,https://stockanalysis.com/analysts/Michael-Morton/,10 Jun 2026
Sergey Glinyanov,1670,https://stockanalysis.com/analysts/Sergey-Glinyanov/,06 Aug 2026
Roger Boyd,1672,https://stockanalysis.com/analysts/Roger-Boyd/,07 Aug 2026
Laurie Havener,1673,https://stockanalysis.com/analysts/Laurie-Havener/,29 Jul 2026
John McNulty,1675,https://stockanalysis.com/analysts/John-McNulty/,07 Aug 2026
Michael Bellisario,1676,https://stockanalysis.com/analysts/Michael-Bellisario/,06 Aug 2026
Jed Kelly,1677,https://stockanalysis.com/analysts/Jed-Kelly/,07 Aug 2026
Anthony Bonadio,1683,https://stockanalysis.com/analysts/Anthony-Bonadio/,07 Aug 2026
Anthony Hau,1684,https://stockanalysis.com/analysts/Anthony-Hau/,28 Jul 2026
Jasper Hellweg,1686,https://stockanalysis.com/analysts/Jasper-Hellweg/,05 Aug 2026
Adam Klauber,1687,https://stockanalysis.com/analysts/Adam-Klauber/,07 Aug 2026
Mark Schappel,1689,https://stockanalysis.com/analysts/Mark-Schappel/,29 Jul 2026
Allen Gong,1692,https://stockanalysis.com/analysts/Allen-Gong/,06 Aug 2026
Sebastiano Petti,1695,https://stockanalysis.com/analysts/Sebastiano-Petti/,07 Aug 2026
John Baumgartner,1696,https://stockanalysis.com/analysts/John-Baumgartner/,20 May 2026
Adrian Huerta,1697,https://stockanalysis.com/analysts/Adrian-Huerta/,04 Aug 2026
Marc Bianchi,1698,https://stockanalysis.com/analysts/Marc-Bianchi/,07 Aug 2026
Brian Schwartz,1700,https://stockanalysis.com/analysts/Brian-Schwartz/,07 Aug 2026
Ben Kallo,1701,https://stockanalysis.com/analysts/Ben-Kallo/,07 Aug 2026
Lauren Lieberman,1707,https://stockanalysis.com/analysts/Lauren-Lieberman/,06 Aug 2026
Simon Coles,1708,https://stockanalysis.com/analysts/Simon-Coles/,05 Aug 2026
Caitlin Cronin,1711,https://stockanalysis.com/analysts/Caitlin-Cronin/,17 Dec 2025
Andres Sheppard,1712,https://stockanalysis.com/analysts/Andres-Sheppard/,07 Aug 2026
Ronald Josey,1719,https://stockanalysis.com/analysts/Ronald-Josey/,07 Aug 2026
Brad Erickson,1720,https://stockanalysis.com/analysts/Brad-Erickson/,07 Aug 2026
Thomas Stephan,1723,https://stockanalysis.com/analysts/Thomas-Stephan/,07 Aug 2026
Tom Narayan,1724,https://stockanalysis.com/analysts/Tom-Narayan/,06 Aug 2026
Scott Davis,1730,https://stockanalysis.com/analysts/Scott-Davis/,27 Jan 2026
Kevin Kopelman,1731,https://stockanalysis.com/analysts/Kevin-Kopelman/,07 Aug 2026
David Palmer,1732,https://stockanalysis.com/analysts/David-Palmer/,07 Aug 2026
Patrick Walravens,1734,https://stockanalysis.com/analysts/Patrick-Walravens/,07 Aug 2026
Jonathan Chang,1735,https://stockanalysis.com/analysts/Jonathan-Chang/,13 Jul 2026
Ben Mohr,1737,https://stockanalysis.com/analysts/Ben-Mohr/,03 Aug 2026
Christine Dooley,1739,https://stockanalysis.com/analysts/Christine-Dooley/,29 Jul 2026
Daniel Magder,1740,https://stockanalysis.com/analysts/Daniel-Magder/,16 Jul 2026
Robert Stevenson,1742,https://stockanalysis.com/analysts/Robert-Stevenson/,13 Jan 2026
Michael Goldsmith,1743,https://stockanalysis.com/analysts/Michael-Goldsmith/,28 Jul 2026
Ryan Merkel,1744,https://stockanalysis.com/analysts/Ryan-Merkel/,07 Aug 2026
Judah Frommer,1745,https://stockanalysis.com/analysts/Judah-Frommer/,07 Aug 2026
Matt Olney,1746,https://stockanalysis.com/analysts/Matt-Olney/,06 Aug 2026
Vincent Caintic,1747,https://stockanalysis.com/analysts/Vincent-Caintic/,07 Aug 2026
Alex Terentiew,1748,https://stockanalysis.com/analysts/Alex-Terentiew/,08 Jun 2026
Amit Dayal,1749,https://stockanalysis.com/analysts/Amit-Dayal/,07 Aug 2026
Joseph Cardoso,1754,https://stockanalysis.com/analysts/Joseph-Cardoso/,06 Aug 2026
Stacy Ku,1774,https://stockanalysis.com/analysts/Stacy-Ku/,07 Aug 2026
Chris Woronka,1776,https://stockanalysis.com/analysts/Chris-Woronka/,06 Aug 2026
Matthew DeYoe,1781,https://stockanalysis.com/analysts/Matthew-DeYoe/,07 Aug 2026
Mark Weintraub,1791,https://stockanalysis.com/analysts/Mark-Weintraub/,03 May 2026
Jack Slevin,1793,https://stockanalysis.com/analysts/Jack-Slevin/,21 Jul 2026
Shlomo Rosenbaum,1795,https://stockanalysis.com/analysts/Shlomo-Rosenbaum/,07 Aug 2026
Matthew Harrigan,1796,https://stockanalysis.com/analysts/Matthew-Harrigan/,06 Aug 2026
Joshua Reilly,1798,https://stockanalysis.com/analysts/Joshua-Reilly/,07 Aug 2026
Peter Steyn,1803,https://stockanalysis.com/analysts/Peter-Steyn/,20 May 2026
Vijit Jain,1804,https://stockanalysis.com/analysts/Vijit-Jain/,19 May 2026
Austin Wurschmidt,1812,https://stockanalysis.com/analysts/Austin-Wurschmidt/,04 Aug 2026
Andrew Weisel,1813,https://stockanalysis.com/analysts/Andrew-Weisel/,07 Aug 2026
John Dunn,1814,https://stockanalysis.com/analysts/John-Dunn/,07 Aug 2026
Biraj Borkhataria,1816,https://stockanalysis.com/analysts/Biraj-Borkhataria/,04 Aug 2026
Nikhil Devnani,1817,https://stockanalysis.com/analysts/Nikhil-Devnani/,06 Aug 2026
Stephen Powers,1820,https://stockanalysis.com/analysts/Stephen-Powers/,06 Aug 2026
Saree Boroditsky,1822,https://stockanalysis.com/analysts/Saree-Boroditsky/,09 Feb 2026
Francois Brisebois,1826,https://stockanalysis.com/analysts/Francois-Brisebois/,08 Aug 2026
Mayank Mamtani,1827,https://stockanalysis.com/analysts/Mayank-Mamtani/,07 Aug 2026
Nicholas Holowko,1831,https://stockanalysis.com/analysts/Nicholas-Holowko/,03 Aug 2026
Richa Harnain,1832,https://stockanalysis.com/analysts/Richa-Harnain/,24 Jul 2026
Axel Herlinghaus,1834,https://stockanalysis.com/analysts/Axel-Herlinghaus/,04 Aug 2026
Ben Isaacson,1837,https://stockanalysis.com/analysts/Ben-Isaacson/,05 Aug 2026
Austin Moeller,1838,https://stockanalysis.com/analysts/Austin-Moeller/,07 Aug 2026
George Gianarikas,1839,https://stockanalysis.com/analysts/George-Gianarikas/,07 Aug 2026
Richard Safran,1842,https://stockanalysis.com/analysts/Richard-Safran/,26 May 2026
Sam Reid,1844,https://stockanalysis.com/analysts/Sam-Reid/,06 Aug 2026
Nicholas Yulico,1846,https://stockanalysis.com/analysts/Nicholas-Yulico/,07 Aug 2026
Michael Ward,1847,https://stockanalysis.com/analysts/Michael-Ward/,04 Aug 2026
Jason Bandel,1849,https://stockanalysis.com/analysts/Jason-Bandel/,07 Aug 2026
Douglas Miehm,1850,https://stockanalysis.com/analysts/Douglas-Miehm/,07 Aug 2026
Jiong Shao,1851,https://stockanalysis.com/analysts/Jiong-Shao/,06 Aug 2026
Simon Hales,1856,https://stockanalysis.com/analysts/Simon-Hales/,30 Jul 2026
Timna Tanners,1859,https://stockanalysis.com/analysts/Timna-Tanners/,07 Aug 2026
James Rollyson,1860,https://stockanalysis.com/analysts/James-Rollyson/,06 Aug 2026
Michael Lavery,1861,https://stockanalysis.com/analysts/Michael-Lavery/,07 Aug 2026
Gregory Francfort,1866,https://stockanalysis.com/analysts/Gregory-Francfort/,07 Aug 2026
Robert Ottenstein,1870,https://stockanalysis.com/analysts/Robert-Ottenstein/,07 Aug 2026
Emmanuel Papadakis,1872,https://stockanalysis.com/analysts/Emmanuel-Papadakis/,06 Aug 2026
Drew McReynolds,1873,https://stockanalysis.com/analysts/Drew-McReynolds/,07 Aug 2026
Steve Hansen,1874,https://stockanalysis.com/analysts/Steve-Hansen/,04 Aug 2026
Adrienne Yih,1875,https://stockanalysis.com/analysts/Adrienne-Yih/,07 Aug 2026
Tom Forte,1876,https://stockanalysis.com/analysts/Tom-Forte/,07 Aug 2026
Mitchel Penn,1881,https://stockanalysis.com/analysts/Mitchel-Penn/,07 Aug 2026
Richard Clarke,1883,https://stockanalysis.com/analysts/Richard-Clarke/,03 Aug 2026
Piyush Choudhary,1884,https://stockanalysis.com/analysts/Piyush-Choudhary/,16 Jan 2026
Kristen Owen,1885,https://stockanalysis.com/analysts/Kristen-Owen/,07 Aug 2026
Mark Massaro,1888,https://stockanalysis.com/analysts/Mark-Massaro/,07 Aug 2026
Brent Thill,1896,https://stockanalysis.com/analysts/Brent-Thill/,07 Aug 2026
Tyler Radke,1898,https://stockanalysis.com/analysts/Tyler-Radke/,07 Aug 2026
Benjamin Rossi,1900,https://stockanalysis.com/analysts/Benjamin-Rossi/,22 Jun 2026
Wilma Burdis,1901,https://stockanalysis.com/analysts/Wilma-Burdis/,02 Jul 2026
Sathish Kasinathan,1902,https://stockanalysis.com/analysts/Sathish-Kasinathan/,07 Aug 2026
Lee Simpson,1904,https://stockanalysis.com/analysts/Lee-Simpson/,06 Aug 2026
Chad Beynon,1906,https://stockanalysis.com/analysts/Chad-Beynon/,06 Aug 2026
Taylor Conrad,1911,https://stockanalysis.com/analysts/Taylor-Conrad/,29 Jul 2026
Kerry Holford,1912,https://stockanalysis.com/analysts/Kerry-Holford/,05 Aug 2026
Kevin Caliendo,1913,https://stockanalysis.com/analysts/Kevin-Caliendo/,06 Aug 2026
Michael Gorman,1915,https://stockanalysis.com/analysts/Michael-Gorman/,29 Jul 2026
Eric Gonzalez,1916,https://stockanalysis.com/analysts/Eric-Gonzalez/,05 Aug 2026
Puneet Souda,1918,https://stockanalysis.com/analysts/Puneet-Souda/,07 Aug 2026
Brendan Nosal,1924,https://stockanalysis.com/analysts/Brendan-Nosal/,30 Jul 2026
Scott Stember,1927,https://stockanalysis.com/analysts/Scott-Stember/,07 Aug 2026
Sophie Karp,1928,https://stockanalysis.com/analysts/Sophie-Karp/,07 Aug 2026
Janine Stichter,1932,https://stockanalysis.com/analysts/Janine-Stichter/,06 Aug 2026
Edison Yu,1933,https://stockanalysis.com/analysts/Edison-Yu/,06 Aug 2026
Simon Toyne,1935,https://stockanalysis.com/analysts/Simon-Toyne/,31 Mar 2026
Adam Baumgarten,1937,https://stockanalysis.com/analysts/Adam-Baumgarten/,27 Feb 2026
Thiago Batista,1938,https://stockanalysis.com/analysts/Thiago-Batista/,03 Jun 2026
Casey Woodring,1940,https://stockanalysis.com/analysts/Casey-Woodring/,07 Aug 2026
Kallum Titchmarsh,1941,https://stockanalysis.com/analysts/Kallum-Titchmarsh/,07 Aug 2026
Namita Samtani,1942,https://stockanalysis.com/analysts/Namita-Samtani/,06 Aug 2026
Tim Mulrooney,1944,https://stockanalysis.com/analysts/Tim-Mulrooney/,07 Aug 2026
Olivia Tong,1945,https://stockanalysis.com/analysts/Olivia-Tong/,14 Jul 2026
Charles Meade,1946,https://stockanalysis.com/analysts/Charles-Meade/,03 Aug 2026
Joe Dickstein,1949,https://stockanalysis.com/analysts/Joe-Dickstein/,01 Jun 2026
Leah Jordan,1953,https://stockanalysis.com/analysts/Leah-Jordan/,07 Aug 2026
Jeffrey Zekauskas,1954,https://stockanalysis.com/analysts/Jeffrey-Zekauskas/,07 Aug 2026
Ygal Arounian,1956,https://stockanalysis.com/analysts/Ygal-Arounian/,07 Aug 2026
Rowland Mayor,1958,https://stockanalysis.com/analysts/Rowland-Mayor/,06 Aug 2026
Bruno Montanari,1961,https://stockanalysis.com/analysts/Bruno-Montanari/,16 Jul 2026
Brian McNamara,1964,https://stockanalysis.com/analysts/Brian-McNamara/,07 Aug 2026
Tyler DiMatteo,1971,https://stockanalysis.com/analysts/Tyler-DiMatteo/,06 Aug 2026
Jason Celino,1978,https://stockanalysis.com/analysts/Jason-Celino/,07 Aug 2026
Stephen Baxter,1979,https://stockanalysis.com/analysts/Stephen-Baxter/,05 Aug 2026
Pablo Singzon,1983,https://stockanalysis.com/analysts/Pablo-Singzon/,04 Aug 2026
Max Rakhlenko,1985,https://stockanalysis.com/analysts/Max-Rakhlenko/,07 Aug 2026
Ryan Zimmerman,1987,https://stockanalysis.com/analysts/Ryan-Zimmerman/,07 Aug 2026
Cristina Fernandez,1988,https://stockanalysis.com/analysts/Cristina-Fernandez/,07 Aug 2026
Saul Martinez,1993,https://stockanalysis.com/analysts/Saul-Martinez/,20 Jul 2026
Elizabeth Sun,1995,https://stockanalysis.com/analysts/Elizabeth-Sun/,07 Aug 2026
James Yaro,1997,https://stockanalysis.com/analysts/James-Yaro/,06 Aug 2026
Sachin Salgaonkar,1998,https://stockanalysis.com/analysts/Sachin-Salgaonkar/,04 Aug 2026
Matthew Smith,1999,https://stockanalysis.com/analysts/Matthew-Smith/,13 May 2026
Radi Sultan,2004,https://stockanalysis.com/analysts/Radi-Sultan/,07 Aug 2026
Matthew Condon,2008,https://stockanalysis.com/analysts/Matthew-Condon/,07 Aug 2026
James Faucette,2010,https://stockanalysis.com/analysts/James-Faucette/,07 Aug 2026
Ric Prentiss,2011,https://stockanalysis.com/analysts/Ric-Prentiss/,17 Jul 2026
Hanwen Chang,2013,https://stockanalysis.com/analysts/Hanwen-Chang/,05 Aug 2026
Maher Yaghi,2023,https://stockanalysis.com/analysts/Maher-Yaghi/,07 Aug 2026
Brandon Nispel,2025,https://stockanalysis.com/analysts/Brandon-Nispel/,07 Aug 2026
Matt Miksic,2034,https://stockanalysis.com/analysts/Matt-Miksic/,28 May 2026
Larry Biegelsen,2035,https://stockanalysis.com/analysts/Larry-Biegelsen/,07 Aug 2026
Glen Santangelo,2036,https://stockanalysis.com/analysts/Glen-Santangelo/,07 Aug 2026
Oliver Chen,2038,https://stockanalysis.com/analysts/Oliver-Chen/,06 Aug 2026
Jeffrey Kiang,2045,https://stockanalysis.com/analysts/Jeffrey-Kiang/,05 Aug 2026
Conor Cunningham,2047,https://stockanalysis.com/analysts/Conor-Cunningham/,07 Jul 2026
Andrew Strelzik,2050,https://stockanalysis.com/analysts/Andrew-Strelzik/,07 Aug 2026
Christopher Liu,2053,https://stockanalysis.com/analysts/Christopher-Liu/,05 Aug 2026
Nicholas Lorusso,2056,https://stockanalysis.com/analysts/Nicholas-Lorusso/,04 Aug 2026
Edlain Rodriguez,2057,https://stockanalysis.com/analysts/Edlain-Rodriguez/,05 Aug 2026
Omar Mejias,2058,https://stockanalysis.com/analysts/Omar-Mejias/,06 Aug 2026
Paul Gong,2062,https://stockanalysis.com/analysts/Paul-Gong/,17 Jun 2026
Robert Mollins,2065,https://stockanalysis.com/analysts/Robert-Mollins/,10 Jun 2026
Joshua Spector,2068,https://stockanalysis.com/analysts/Joshua-Spector/,07 Aug 2026
Joyce Ju,2069,https://stockanalysis.com/analysts/Joyce-Ju/,29 Jul 2026
Kevin Fisk,2070,https://stockanalysis.com/analysts/Kevin-Fisk/,31 Jul 2026
Whit Mayo,2071,https://stockanalysis.com/analysts/Whit-Mayo/,30 Jul 2026
Adam Bubes,2074,https://stockanalysis.com/analysts/Adam-Bubes/,06 Aug 2026
Jason Cassorla,2075,https://stockanalysis.com/analysts/Jason-Cassorla/,05 Aug 2026
David Rescott,2079,https://stockanalysis.com/analysts/David-Rescott/,07 Aug 2026
Aaron Hecht,2080,https://stockanalysis.com/analysts/Aaron-Hecht/,31 Jul 2026
Anderson Schock,2084,https://stockanalysis.com/analysts/Anderson-Schock/,06 Aug 2026
Jairam Nathan,2085,https://stockanalysis.com/analysts/Jairam-Nathan/,29 Jun 2026
George Tong,2089,https://stockanalysis.com/analysts/George-Tong/,05 Aug 2026
Steve Frankel,2090,https://stockanalysis.com/analysts/Steve-Frankel/,06 Aug 2026
Sameer Joshi,2091,https://stockanalysis.com/analysts/Sameer-Joshi/,07 Aug 2026
James Feldman,2094,https://stockanalysis.com/analysts/James-Feldman/,05 Aug 2026
Ken Gawrelski,2097,https://stockanalysis.com/analysts/Ken-Gawrelski/,07 Aug 2026
Jonna Kim,2099,https://stockanalysis.com/analysts/Jonna-Kim/,07 Aug 2026
Andres Cardona,2101,https://stockanalysis.com/analysts/Andres-Cardona/,02 Jul 2026
Jonathan Yong,2106,https://stockanalysis.com/analysts/Jonathan-Yong/,07 Aug 2026
Derek Hewett,2117,https://stockanalysis.com/analysts/Derek-Hewett/,04 Aug 2026
Kyle Boucher,2122,https://stockanalysis.com/analysts/Kyle-Boucher/,04 Aug 2026
Anja Soderstrom,2127,https://stockanalysis.com/analysts/Anja-Soderstrom/,31 Jul 2026
Joe Laetsch,2129,https://stockanalysis.com/analysts/Joe-Laetsch/,07 Aug 2026
Lisa Walter,2135,https://stockanalysis.com/analysts/Lisa-Walter/,06 Aug 2026
Kevin Mcveigh,2137,https://stockanalysis.com/analysts/Kevin-Mcveigh/,06 Aug 2026
Kevin McVeigh,2137,https://stockanalysis.com/analysts/Kevin-McVeigh/,06 Aug 2026
George Staphos,2139,https://stockanalysis.com/analysts/George-Staphos/,06 Aug 2026
George Kelly,2141,https://stockanalysis.com/analysts/George-Kelly/,07 Aug 2026
Timothy Hoff,2152,https://stockanalysis.com/analysts/Timothy-Hoff/,02 Aug 2026
Jenny Ping,2154,https://stockanalysis.com/analysts/Jenny-Ping/,24 Jul 2026
Faiza Alwy,2156,https://stockanalysis.com/analysts/Faiza-Alwy/,05 Aug 2026
John Kilichowski,2157,https://stockanalysis.com/analysts/John-Kilichowski/,28 Jul 2026
Jamie Baker,2158,https://stockanalysis.com/analysts/Jamie-Baker/,30 Jul 2026
Nat Schindler,2160,https://stockanalysis.com/analysts/Nat-Schindler/,07 Aug 2026
Judith Elliott,2163,https://stockanalysis.com/analysts/Judith-Elliott/,01 Apr 2026
John Pancari,2166,https://stockanalysis.com/analysts/John-Pancari/,05 Aug 2026
Aneesha Sherman,2171,https://stockanalysis.com/analysts/Aneesha-Sherman/,30 Jul 2026
Ellie Jiang,2172,https://stockanalysis.com/analysts/Ellie-Jiang/,25 Jun 2026
Sam Eiber,2178,https://stockanalysis.com/analysts/Sam-Eiber/,07 Aug 2026
Michael Nathanson,2179,https://stockanalysis.com/analysts/Michael-Nathanson/,29 Jul 2026
Kalei Akamine,2183,https://stockanalysis.com/analysts/Kalei-Akamine/,27 Apr 2026
Danielle Antalffy,2185,https://stockanalysis.com/analysts/Danielle-Antalffy/,07 Aug 2026
David Grossman,2186,https://stockanalysis.com/analysts/David-Grossman/,07 Aug 2026
Jordan Lyonnais,2187,https://stockanalysis.com/analysts/Jordan-Lyonnais/,07 May 2026
Andrea Alfonso,2188,https://stockanalysis.com/analysts/Andrea-Alfonso/,07 Aug 2026
Paul Johnson,2189,https://stockanalysis.com/analysts/Paul-Johnson/,07 Aug 2026
Arthur Truslove,2190,https://stockanalysis.com/analysts/Arthur-Truslove/,07 Aug 2026
Joshua Dennerlein,2195,https://stockanalysis.com/analysts/Joshua-Dennerlein/,04 Aug 2025
Hassan Ahmed,2196,https://stockanalysis.com/analysts/Hassan-Ahmed/,05 Aug 2026
Marie Ferguson,2203,https://stockanalysis.com/analysts/Marie-Ferguson/,06 Aug 2026
Rodolfo Angele,2206,https://stockanalysis.com/analysts/Rodolfo-Angele/,06 Aug 2026
George Choi,2207,https://stockanalysis.com/analysts/George-Choi/,30 Jul 2026
Joshua Tilton,2216,https://stockanalysis.com/analysts/Joshua-Tilton/,09 Jun 2026
Matthew Erdner,2220,https://stockanalysis.com/analysts/Matthew-Erdner/,06 Aug 2026
Steven Pizzella,2226,https://stockanalysis.com/analysts/Steven-Pizzella/,06 Aug 2026
Justin Kleber,2227,https://stockanalysis.com/analysts/Justin-Kleber/,31 Jul 2026
William Plovanic,2235,https://stockanalysis.com/analysts/William-Plovanic/,07 Aug 2026
Joseph Yanchunis,2236,https://stockanalysis.com/analysts/Joseph-Yanchunis/,07 Aug 2026
Patrick Creuset,2237,https://stockanalysis.com/analysts/Patrick-Creuset/,07 Aug 2026
Luisa Hector,2238,https://stockanalysis.com/analysts/Luisa-Hector/,05 Aug 2026
Melissa Wedel,2239,https://stockanalysis.com/analysts/Melissa-Wedel/,24 Jul 2026
Clark Wright,2241,https://stockanalysis.com/analysts/Clark-Wright/,07 Aug 2026
Simeon Siegel,2242,https://stockanalysis.com/analysts/Simeon-Siegel/,30 Jun 2026
John Newman,2243,https://stockanalysis.com/analysts/John-Newman/,07 Aug 2026
Pradeep Ramani,2245,https://stockanalysis.com/analysts/Pradeep-Ramani/,02 Feb 2026
Andrea Newkirk,2246,https://stockanalysis.com/analysts/Andrea-Newkirk/,11 Feb 2026
Chris McNally,2247,https://stockanalysis.com/analysts/Chris-McNally/,04 Aug 2026
Catharine Trebnick,2250,https://stockanalysis.com/analysts/Catharine-Trebnick/,07 Aug 2026
Pooran Sharma,2253,https://stockanalysis.com/analysts/Pooran-Sharma/,28 Jul 2026
James Kammert,2255,https://stockanalysis.com/analysts/James-Kammert/,06 Aug 2026
Ryan Levine,2257,https://stockanalysis.com/analysts/Ryan-Levine/,05 Aug 2026
Dana Telsey,2262,https://stockanalysis.com/analysts/Dana-Telsey/,07 Aug 2026
Asthika Goonewardene,2263,https://stockanalysis.com/analysts/Asthika-Goonewardene/,22 Jun 2026
Anthony Paolone,2272,https://stockanalysis.com/analysts/Anthony-Paolone/,04 Aug 2026
Bill Sutherland,2274,https://stockanalysis.com/analysts/Bill-Sutherland/,07 Aug 2026
Thibault Boutherin,2279,https://stockanalysis.com/analysts/Thibault-Boutherin/,25 Jun 2026
Jim Sanderson,2285,https://stockanalysis.com/analysts/Jim-Sanderson/,15 Jun 2026
Priya Sachdeva,2292,https://stockanalysis.com/analysts/Priya-Sachdeva/,28 Jul 2026
Caleb Stein,2293,https://stockanalysis.com/analysts/Caleb-Stein/,30 Jul 2026
Andrew Didora,2296,https://stockanalysis.com/analysts/Andrew-Didora/,06 Aug 2026
Andrew DeGasperi,2298,https://stockanalysis.com/analysts/Andrew-DeGasperi/,13 Jul 2026
Dae Lee,2299,https://stockanalysis.com/analysts/Dae-Lee/,04 Aug 2026
William Appicelli,2304,https://stockanalysis.com/analysts/William-Appicelli/,28 Jul 2026
Ken Hoexter,2307,https://stockanalysis.com/analysts/Ken-Hoexter/,04 Aug 2026
Jeff Lick,2308,https://stockanalysis.com/analysts/Jeff-Lick/,03 Aug 2026
Hector Maya,2309,https://stockanalysis.com/analysts/Hector-Maya/,09 Jul 2026
Alejandro Demichelis,2314,https://stockanalysis.com/analysts/Alejandro-Demichelis/,18 Jun 2026
Jason Weaver,2315,https://stockanalysis.com/analysts/Jason-Weaver/,06 Aug 2026
Lorraine Hutchinson,2317,https://stockanalysis.com/analysts/Lorraine-Hutchinson/,29 Jul 2026
Dominick Gabriele,2318,https://stockanalysis.com/analysts/Dominick-Gabriele/,15 Jul 2026
Sebastian Sandler,2320,https://stockanalysis.com/analysts/Sebastian-Sandler/,30 Jul 2026
Wesley Brooks,2322,https://stockanalysis.com/analysts/Wesley-Brooks/,07 May 2026
Samantha Semenkow,2324,https://stockanalysis.com/analysts/Samantha-Semenkow/,06 Aug 2026
Timothy Chiodo,2325,https://stockanalysis.com/analysts/Timothy-Chiodo/,07 Aug 2026
Daniel Grosslight,2326,https://stockanalysis.com/analysts/Daniel-Grosslight/,07 Aug 2026
Eliana Merle,2327,https://stockanalysis.com/analysts/Eliana-Merle/,07 Aug 2026
Alexander Goldfarb,2333,https://stockanalysis.com/analysts/Alexander-Goldfarb/,06 Aug 2026
Patrick Cunningham,2342,https://stockanalysis.com/analysts/Patrick-Cunningham/,07 Aug 2026
Linda Huang,2344,https://stockanalysis.com/analysts/Linda-Huang/,30 Jul 2026
Luke Junk,2346,https://stockanalysis.com/analysts/Luke-Junk/,06 Aug 2026
Paul Knight,2347,https://stockanalysis.com/analysts/Paul-Knight/,06 Aug 2026
Matthew Heimermann,2352,https://stockanalysis.com/analysts/Matthew-Heimermann/,04 Aug 2026
Kim Fustier,2353,https://stockanalysis.com/analysts/Kim-Fustier/,03 Aug 2026
Omar Sheikh,2356,https://stockanalysis.com/analysts/Omar-Sheikh/,10 Mar 2026
James Condulis,2358,https://stockanalysis.com/analysts/James-Condulis/,07 Aug 2026
Edward Tenthoff,2362,https://stockanalysis.com/analysts/Edward-Tenthoff/,07 Aug 2026
Michael Petusky,2372,https://stockanalysis.com/analysts/Michael-Petusky/,07 Aug 2026
Keay Nakae,2380,https://stockanalysis.com/analysts/Keay-Nakae/,06 Aug 2026
Bryan Burgmeier,2383,https://stockanalysis.com/analysts/Bryan-Burgmeier/,30 Jul 2026
Guilherme Mendes,2386,https://stockanalysis.com/analysts/Guilherme-Mendes/,15 Jun 2026
Barry Jonas,2388,https://stockanalysis.com/analysts/Barry-Jonas/,07 Aug 2026
Brian Wilczynski,2389,https://stockanalysis.com/analysts/Brian-Wilczynski/,30 Jul 2026
Nicholas Thillman,2390,https://stockanalysis.com/analysts/Nicholas-Thillman/,06 Aug 2026
Robert Fishman,2392,https://stockanalysis.com/analysts/Robert-Fishman/,30 Jul 2026
Vincent Andrews,2393,https://stockanalysis.com/analysts/Vincent-Andrews/,07 Aug 2026
Steve Sakwa,2395,https://stockanalysis.com/analysts/Steve-Sakwa/,07 Aug 2026
Christopher Raymond,2396,https://stockanalysis.com/analysts/Christopher-Raymond/,07 Aug 2026
Alicia Yap,2397,https://stockanalysis.com/analysts/Alicia-Yap/,29 Jul 2026
Craig Mailman,2404,https://stockanalysis.com/analysts/Craig-Mailman/,05 Mar 2026
Robin Zhu,2405,https://stockanalysis.com/analysts/Robin-Zhu/,04 Aug 2026
Matthew Biegler,2424,https://stockanalysis.com/analysts/Matthew-Biegler/,06 Aug 2026
David Roman,2430,https://stockanalysis.com/analysts/David-Roman/,15 Jul 2026
Sharon Zackfia,2432,https://stockanalysis.com/analysts/Sharon-Zackfia/,07 Aug 2026
Daniel Clark,2434,https://stockanalysis.com/analysts/Daniel-Clark/,24 Feb 2026
Will Kirkness,2437,https://stockanalysis.com/analysts/Will-Kirkness/,29 Jun 2026
Jeffrey Stevenson,2441,https://stockanalysis.com/analysts/Jeffrey-Stevenson/,28 Apr 2026
Brett Rabatin,2442,https://stockanalysis.com/analysts/Brett-Rabatin/,05 Aug 2026
Ranjan Sharma,2447,https://stockanalysis.com/analysts/Ranjan-Sharma/,04 Aug 2026
Detlef Winckelmann,2455,https://stockanalysis.com/analysts/Detlef-Winckelmann/,06 Aug 2026
Jakob Bluestone,2456,https://stockanalysis.com/analysts/Jakob-Bluestone/,02 Feb 2026
Laurent Vasilescu,2468,https://stockanalysis.com/analysts/Laurent-Vasilescu/,22 Jul 2026
Shaun Kelley,2471,https://stockanalysis.com/analysts/Shaun-Kelley/,07 Aug 2026
Michael Sarcone,2472,https://stockanalysis.com/analysts/Michael-Sarcone/,31 Jul 2026
Michael Legg,2473,https://stockanalysis.com/analysts/Michael-Legg/,03 Mar 2026
Yuri Fernandes,2479,https://stockanalysis.com/analysts/Yuri-Fernandes/,07 Aug 2026
Joanne Wuensch,2492,https://stockanalysis.com/analysts/Joanne-Wuensch/,07 Aug 2026
Benjamin Soff,2493,https://stockanalysis.com/analysts/Benjamin-Soff/,03 Aug 2026
Blaine Heck,2499,https://stockanalysis.com/analysts/Blaine-Heck/,21 Jul 2026
Wyatt Swanson,2500,https://stockanalysis.com/analysts/Wyatt-Swanson/,06 Aug 2026
David Lantz,2501,https://stockanalysis.com/analysts/David-Lantz/,06 Aug 2026
Daniel Jester,2502,https://stockanalysis.com/analysts/Daniel-Jester/,07 Aug 2026
Ernesto Gabilondo,2505,https://stockanalysis.com/analysts/Ernesto-Gabilondo/,03 Aug 2026
Arjun Bhatia,2507,https://stockanalysis.com/analysts/Arjun-Bhatia/,07 Aug 2026
Austin Bohlig,2508,https://stockanalysis.com/analysts/Austin-Bohlig/,07 Aug 2026
Michael Cyprys,2515,https://stockanalysis.com/analysts/Michael-Cyprys/,07 Aug 2026
Piyush Avasthy,2519,https://stockanalysis.com/analysts/Piyush-Avasthy/,07 Aug 2026
Gena Wang,2526,https://stockanalysis.com/analysts/Gena-Wang/,28 May 2026
Upal Rana,2528,https://stockanalysis.com/analysts/Upal-Rana/,06 Aug 2026
Aaron Kimson,2531,https://stockanalysis.com/analysts/Aaron-Kimson/,07 Aug 2026
Zhihan Ma,2532,https://stockanalysis.com/analysts/Zhihan-Ma/,06 Aug 2026
Dan Levy,2533,https://stockanalysis.com/analysts/Dan-Levy/,07 Aug 2026
Keith Stanley,2536,https://stockanalysis.com/analysts/Keith-Stanley/,03 Aug 2026
Vitaly Umansky,2537,https://stockanalysis.com/analysts/Vitaly-Umansky/,07 Jun 2026
Nicholas Joseph,2540,https://stockanalysis.com/analysts/Nicholas-Joseph/,07 Aug 2026
David Begleiter,2542,https://stockanalysis.com/analysts/David-Begleiter/,06 Aug 2026
Peter Galbo,2544,https://stockanalysis.com/analysts/Peter-Galbo/,07 Aug 2026
Rayna Kumar,2545,https://stockanalysis.com/analysts/Rayna-Kumar/,07 Aug 2026
Richard Vosser,2546,https://stockanalysis.com/analysts/Richard-Vosser/,06 Aug 2026
Alex Yao,2547,https://stockanalysis.com/analysts/Alex-Yao/,04 Aug 2026
Michael Cho,2557,https://stockanalysis.com/analysts/Michael-Cho/,04 Aug 2026
Adam Frisch,2559,https://stockanalysis.com/analysts/Adam-Frisch/,06 Aug 2026
Justin Zelin,2561,https://stockanalysis.com/analysts/Justin-Zelin/,02 Feb 2026
James Shin,2565,https://stockanalysis.com/analysts/James-Shin/,07 May 2026
Daniel Mckenzie,2574,https://stockanalysis.com/analysts/Daniel-Mckenzie/,21 Jun 2026
Jonathan Keypour,2575,https://stockanalysis.com/analysts/Jonathan-Keypour/,05 Aug 2026
Ty Collin,2584,https://stockanalysis.com/analysts/Ty-Collin/,05 Aug 2026
Michael Goldie,2588,https://stockanalysis.com/analysts/Michael-Goldie/,04 Aug 2026
Benjamin Burnett,2590,https://stockanalysis.com/analysts/Benjamin-Burnett/,07 Aug 2026
Mike Hickey,2595,https://stockanalysis.com/analysts/Mike-Hickey/,07 Aug 2026
Robert Labick,2599,https://stockanalysis.com/analysts/Robert-Labick/,10 Dec 2025
Scott Buck,2605,https://stockanalysis.com/analysts/Scott-Buck/,31 Mar 2026
Jackson Ader,2611,https://stockanalysis.com/analysts/Jackson-Ader/,07 Aug 2026
Roger Song,2613,https://stockanalysis.com/analysts/Roger-Song/,31 Jul 2026
Praneeth Satish,2617,https://stockanalysis.com/analysts/Praneeth-Satish/,06 Aug 2026
James Gordon,2618,https://stockanalysis.com/analysts/James-Gordon/,11 Mar 2026
Glenn Chin,2619,https://stockanalysis.com/analysts/Glenn-Chin/,02 Aug 2026
Ike Boruchow,2621,https://stockanalysis.com/analysts/Ike-Boruchow/,07 Aug 2026
Chris Muller,2623,https://stockanalysis.com/analysts/Chris-Muller/,05 Aug 2026
Aravinda Galappatthige,2625,https://stockanalysis.com/analysts/Aravinda-Galappatthige/,07 Aug 2026
Rodrigo Alcantara,2626,https://stockanalysis.com/analysts/Rodrigo-Alcantara/,06 Aug 2026
Betty Jiang,2630,https://stockanalysis.com/analysts/Betty-Jiang/,07 Aug 2026
Karl Shepard,2631,https://stockanalysis.com/analysts/Karl-Shepard/,30 Jul 2026
William Pickering,2636,https://stockanalysis.com/analysts/William-Pickering/,13 May 2026
Julien Blouin,2640,https://stockanalysis.com/analysts/Julien-Blouin/,05 Aug 2026
Matthew Hershenhorn,2643,https://stockanalysis.com/analysts/Matthew-Hershenhorn/,05 Aug 2026
Keegan Cox,2647,https://stockanalysis.com/analysts/Keegan-Cox/,07 Aug 2026
Michael Ulz,2648,https://stockanalysis.com/analysts/Michael-Ulz/,07 Aug 2026
Natalya Davies,2656,https://stockanalysis.com/analysts/Natalya-Davies/,17 Apr 2026
Ed Vyvyan,2657,https://stockanalysis.com/analysts/Ed-Vyvyan/,27 Feb 2026
Lilyanna Yang,2661,https://stockanalysis.com/analysts/Lilyanna-Yang/,26 May 2026
Amy Li,2664,https://stockanalysis.com/analysts/Amy-Li/,11 May 2026
Arun Viswanathan,2668,https://stockanalysis.com/analysts/Arun-Viswanathan/,06 Aug 2026
Richard Sunderland,2672,https://stockanalysis.com/analysts/Richard-Sunderland/,07 Aug 2026
Helena Wang,2677,https://stockanalysis.com/analysts/Helena-Wang/,03 Aug 2026
Vikram Malhotra,2679,https://stockanalysis.com/analysts/Vikram-Malhotra/,05 Aug 2026
Andrew Spinola,2683,https://stockanalysis.com/analysts/Andrew-Spinola/,06 Aug 2026
Martijn Rats,2687,https://stockanalysis.com/analysts/Martijn-Rats/,10 Jul 2026
Patrick Baumann,2690,https://stockanalysis.com/analysts/Patrick-Baumann/,18 May 2026
Kendall Toscano,2711,https://stockanalysis.com/analysts/Kendall-Toscano/,07 Aug 2026
Gregg Orrill,2723,https://stockanalysis.com/analysts/Gregg-Orrill/,06 Jul 2026
Peter McGoldrick,2725,https://stockanalysis.com/analysts/Peter-McGoldrick/,07 Aug 2026
Trevor Romeo,2726,https://stockanalysis.com/analysts/Trevor-Romeo/,07 Aug 2026
Brooke Roach,2735,https://stockanalysis.com/analysts/Brooke-Roach/,07 Aug 2026
Gaurav Mehta,2736,https://stockanalysis.com/analysts/Gaurav-Mehta/,06 Aug 2026
Emily Field,2737,https://stockanalysis.com/analysts/Emily-Field/,05 Aug 2026
Avinatan Jaroslawicz,2738,https://stockanalysis.com/analysts/Avinatan-Jaroslawicz/,31 Jul 2026
Jeffrey Meuler,2745,https://stockanalysis.com/analysts/Jeffrey-Meuler/,05 Aug 2026
Nicholas Amicucci,2748,https://stockanalysis.com/analysts/Nicholas-Amicucci/,07 Aug 2026
Peyton Dorne,2751,https://stockanalysis.com/analysts/Peyton-Dorne/,06 Aug 2026
Wei Fang,2753,https://stockanalysis.com/analysts/Wei-Fang/,05 Aug 2026
David Bellinger,2754,https://stockanalysis.com/analysts/David-Bellinger/,28 Jul 2026
Joanna Gajuk,2757,https://stockanalysis.com/analysts/Joanna-Gajuk/,07 Aug 2026
Manav Patnaik,2758,https://stockanalysis.com/analysts/Manav-Patnaik/,07 Aug 2026
Ken Worthington,2760,https://stockanalysis.com/analysts/Ken-Worthington/,06 Aug 2026
Mark Palmer,2768,https://stockanalysis.com/analysts/Mark-Palmer/,06 Aug 2026
Eric Boyes,2777,https://stockanalysis.com/analysts/Eric-Boyes/,07 Aug 2026
Randal Konik,2784,https://stockanalysis.com/analysts/Randal-Konik/,06 Aug 2026
Greg McGinniss,2789,https://stockanalysis.com/analysts/Greg-McGinniss/,07 Aug 2026
Timothy Zhao,2792,https://stockanalysis.com/analysts/Timothy-Zhao/,05 Aug 2026
Eli Jossen,2793,https://stockanalysis.com/analysts/Eli-Jossen/,22 Jul 2026
Tina Hou,2799,https://stockanalysis.com/analysts/Tina-Hou/,03 Aug 2026
Ilya Zubkov,2810,https://stockanalysis.com/analysts/Ilya-Zubkov/,05 Aug 2026
Firoz Valliji,2824,https://stockanalysis.com/analysts/Firoz-Valliji/,06 Aug 2026
Alec Brondolo,2826,https://stockanalysis.com/analysts/Alec-Brondolo/,07 Aug 2026
Cooper Clark,2832,https://stockanalysis.com/analysts/Cooper-Clark/,24 Jun 2026
Michael Gaugler,2833,https://stockanalysis.com/analysts/Michael-Gaugler/,24 Nov 2025
Ryland Conrad,2847,https://stockanalysis.com/analysts/Ryland-Conrad/,07 Aug 2026
Bart Dziarski,2851,https://stockanalysis.com/analysts/Bart-Dziarski/,07 Aug 2026
Bradley Sills,2852,https://stockanalysis.com/analysts/Bradley-Sills/,12 Mar 2026
Filippo Falorni,2854,https://stockanalysis.com/analysts/Filippo-Falorni/,06 Aug 2026
Nik Modi,2856,https://stockanalysis.com/analysts/Nik-Modi/,07 Aug 2026
John Kim,2859,https://stockanalysis.com/analysts/John-Kim/,05 Aug 2026
Emily Ericksen,2863,https://stockanalysis.com/analysts/Emily-Ericksen/,20 Feb 2026
Nathan Feather,2865,https://stockanalysis.com/analysts/Nathan-Feather/,07 Aug 2026
Laura Sutcliffe,2868,https://stockanalysis.com/analysts/Laura-Sutcliffe/,06 Aug 2026
Jared Levine,2869,https://stockanalysis.com/analysts/Jared-Levine/,06 Aug 2026
Susan Maklari,2870,https://stockanalysis.com/analysts/Susan-Maklari/,06 Aug 2026
Eunice Lee,2872,https://stockanalysis.com/analysts/Eunice-Lee/,13 Jul 2026
Laurence Alexander,2876,https://stockanalysis.com/analysts/Laurence-Alexander/,03 Aug 2026
Narumi Nakagiri,2884,https://stockanalysis.com/analysts/Narumi-Nakagiri/,14 May 2026
Paul Rossington,2888,https://stockanalysis.com/analysts/Paul-Rossington/,02 Jun 2026
Alfonso Salazar,2893,https://stockanalysis.com/analysts/Alfonso-Salazar/,07 Aug 2026
Andrew Lazar,2894,https://stockanalysis.com/analysts/Andrew-Lazar/,06 Aug 2026
Terry Ma,2900,https://stockanalysis.com/analysts/Terry-Ma/,07 Aug 2026
Maheep Mandloi,2904,https://stockanalysis.com/analysts/Maheep-Mandloi/,06 Aug 2026
Zachary Fadem,2909,https://stockanalysis.com/analysts/Zachary-Fadem/,06 Aug 2026
David Saxon,2911,https://stockanalysis.com/analysts/David-Saxon/,07 Aug 2026
Michael Montani,2916,https://stockanalysis.com/analysts/Michael-Montani/,30 Jul 2026
Surinder Thind,2917,https://stockanalysis.com/analysts/Surinder-Thind/,03 Aug 2026
Samir Khanal,2921,https://stockanalysis.com/analysts/Samir-Khanal/,03 Aug 2026
Tasso Vasconcellos,2928,https://stockanalysis.com/analysts/Tasso-Vasconcellos/,27 May 2026
Eddie Kim,2932,https://stockanalysis.com/analysts/Eddie-Kim/,07 Aug 2026
Anna Lizzul,2936,https://stockanalysis.com/analysts/Anna-Lizzul/,06 Aug 2026
Anthony Elian,2942,https://stockanalysis.com/analysts/Anthony-Elian/,04 Aug 2026
James Sidoti,2943,https://stockanalysis.com/analysts/James-Sidoti/,06 May 2026
Farzin Haque,2946,https://stockanalysis.com/analysts/Farzin-Haque/,29 Mar 2026
Andrew Marok,2953,https://stockanalysis.com/analysts/Andrew-Marok/,07 Aug 2026
Ricardo Alves,2956,https://stockanalysis.com/analysts/Ricardo-Alves/,25 May 2026
Stephen Glagola,2959,https://stockanalysis.com/analysts/Stephen-Glagola/,07 Aug 2026
Samad Samana,2961,https://stockanalysis.com/analysts/Samad-Samana/,06 Aug 2026
Andre Salles,2963,https://stockanalysis.com/analysts/Andre-Salles/,01 May 2026
Mikhail Goberman,2966,https://stockanalysis.com/analysts/Mikhail-Goberman/,29 Jul 2026
Angel Castillo,2969,https://stockanalysis.com/analysts/Angel-Castillo/,06 Aug 2026
Ashish Sabadra,2982,https://stockanalysis.com/analysts/Ashish-Sabadra/,06 Aug 2026
Derrick Wood,2984,https://stockanalysis.com/analysts/Derrick-Wood/,07 Aug 2026
Ross MacDonald,2988,https://stockanalysis.com/analysts/Ross-MacDonald/,05 Aug 2026
Ryan Gravett,2989,https://stockanalysis.com/analysts/Ryan-Gravett/,07 Aug 2026
Lucas Ferreira,2990,https://stockanalysis.com/analysts/Lucas-Ferreira/,28 Jul 2026
Vikram Kesavabhotla,2994,https://stockanalysis.com/analysts/Vikram-Kesavabhotla/,07 Aug 2026
Christine Cho,2998,https://stockanalysis.com/analysts/Christine-Cho/,14 May 2026
Lizzie Dove,3004,https://stockanalysis.com/analysts/Lizzie-Dove/,07 Aug 2026
John Davis,3005,https://stockanalysis.com/analysts/John-Davis/,31 Jul 2026
Kelly Crago,3010,https://stockanalysis.com/analysts/Kelly-Crago/,12 May 2026
Ravi Shanker,3012,https://stockanalysis.com/analysts/Ravi-Shanker/,06 Aug 2026
Steven Zaccone,3019,https://stockanalysis.com/analysts/Steven-Zaccone/,03 Aug 2026
Brandon Folkes,3020,https://stockanalysis.com/analysts/Brandon-Folkes/,07 Aug 2026
Lu Li,3027,https://stockanalysis.com/analysts/Lu-Li/,07 May 2026
Taylor Manley,3029,https://stockanalysis.com/analysts/Taylor-Manley/,06 Aug 2026
Dina Ramadane,3030,https://stockanalysis.com/analysts/Dina-Ramadane/,07 Jul 2026
Samantha Hoh,3032,https://stockanalysis.com/analysts/Samantha-Hoh/,22 Apr 2026
Carly Davenport,3042,https://stockanalysis.com/analysts/Carly-Davenport/,06 Aug 2026
Vik Chopra,3044,https://stockanalysis.com/analysts/Vik-Chopra/,07 Aug 2026
Pujarini Ghosh,3061,https://stockanalysis.com/analysts/Pujarini-Ghosh/,14 Jul 2026
Matt Koranda,3062,https://stockanalysis.com/analysts/Matt-Koranda/,07 Aug 2026
Ashley Wallace,3064,https://stockanalysis.com/analysts/Ashley-Wallace/,22 May 2026
Matthew Swanson,3069,https://stockanalysis.com/analysts/Matthew-Swanson/,07 Aug 2026
Andrew Andersen,3073,https://stockanalysis.com/analysts/Andrew-Andersen/,31 Jul 2026
Mikhail Paramonov,3077,https://stockanalysis.com/analysts/Mikhail-Paramonov/,07 Aug 2026
Phani Kanumuri,3084,https://stockanalysis.com/analysts/Phani-Kanumuri/,27 Apr 2026
Max Gumport,3097,https://stockanalysis.com/analysts/Max-Gumport/,09 Apr 2026
James Friedman,3101,https://stockanalysis.com/analysts/James-Friedman/,07 Aug 2026
Jamie Clark,3105,https://stockanalysis.com/analysts/Jamie-Clark/,17 Feb 2026
Leo Carrington,3109,https://stockanalysis.com/analysts/Leo-Carrington/,06 Aug 2026
Trevor Allinson,3114,https://stockanalysis.com/analysts/Trevor-Allinson/,29 Jul 2026
John Zamparo,3115,https://stockanalysis.com/analysts/John-Zamparo/,07 Aug 2026
Jason Helfstein,3119,https://stockanalysis.com/analysts/Jason-Helfstein/,07 Aug 2026
Marvin Fong,3120,https://stockanalysis.com/analysts/Marvin-Fong/,07 Aug 2026
James Kirby,3133,https://stockanalysis.com/analysts/James-Kirby/,06 Aug 2026
Emma Schwartz,3134,https://stockanalysis.com/analysts/Emma-Schwartz/,08 Aug 2026
Abhishek Shukla,3140,https://stockanalysis.com/analysts/Abhishek-Shukla/,14 Jul 2026
John Choi,3143,https://stockanalysis.com/analysts/John-Choi/,24 Jun 2026
Neal Burk,3146,https://stockanalysis.com/analysts/Neal-Burk/,03 Aug 2026
Nafeesa Gupta,3149,https://stockanalysis.com/analysts/Nafeesa-Gupta/,06 Aug 2026
Chris Luyckx,3152,https://stockanalysis.com/analysts/Chris-Luyckx/,23 Apr 2026
Bob Huang,3153,https://stockanalysis.com/analysts/Bob-Huang/,05 Aug 2026
Steven Shemesh,3157,https://stockanalysis.com/analysts/Steven-Shemesh/,07 Aug 2026
Austin Wang,3158,https://stockanalysis.com/analysts/Austin-Wang/,07 Aug 2026
Ben Haynor,3160,https://stockanalysis.com/analysts/Ben-Haynor/,07 Aug 2026
Scott Fletcher,3161,https://stockanalysis.com/analysts/Scott-Fletcher/,31 Jul 2026
Atul Maheswari,3166,https://stockanalysis.com/analysts/Atul-Maheswari/,05 Aug 2026
Winnie Dong,3168,https://stockanalysis.com/analysts/Winnie-Dong/,27 Apr 2026
Dennis Geiger,3170,https://stockanalysis.com/analysts/Dennis-Geiger/,07 Aug 2026
Hong Zhang,3185,https://stockanalysis.com/analysts/Hong-Zhang/,29 Jun 2026
Leonardo Olmos,3188,https://stockanalysis.com/analysts/Leonardo-Olmos/,06 Aug 2026
Toni Kaplan,3213,https://stockanalysis.com/analysts/Toni-Kaplan/,07 Aug 2026
Gary Nachman,3214,https://stockanalysis.com/analysts/Gary-Nachman/,06 Aug 2026
Duksan Jang,3216,https://stockanalysis.com/analysts/Duksan-Jang/,07 Aug 2026
Julien Roch,3221,https://stockanalysis.com/analysts/Julien-Roch/,07 Aug 2026
Olivia Brayer,3230,https://stockanalysis.com/analysts/Olivia-Brayer/,06 Aug 2026
Daria Nasledysheva,3237,https://stockanalysis.com/analysts/Daria-Nasledysheva/,24 Jul 2026
Rock Hoffman,3244,https://stockanalysis.com/analysts/Rock-Hoffman/,02 Apr 2026
Louis Raffetto,3247,https://stockanalysis.com/analysts/Louis-Raffetto/,29 Jan 2026
Bhavin Shah,3251,https://stockanalysis.com/analysts/Bhavin-Shah/,06 Aug 2026
Nitin Bansal,3252,https://stockanalysis.com/analysts/Nitin-Bansal/,07 Aug 2026
Griffin Bryan,3255,https://stockanalysis.com/analysts/Griffin-Bryan/,06 Jul 2026
Kemp Dolliver,3258,https://stockanalysis.com/analysts/Kemp-Dolliver/,28 Jul 2026
Vijay Jayant,3261,https://stockanalysis.com/analysts/Vijay-Jayant/,12 Nov 2024
Alexander Perry,3262,https://stockanalysis.com/analysts/Alexander-Perry/,05 Aug 2026
Faham Baig,3272,https://stockanalysis.com/analysts/Faham-Baig/,03 Aug 2026
Eric Hagen,3274,https://stockanalysis.com/analysts/Eric-Hagen/,30 Apr 2026
Steve Byrne,3281,https://stockanalysis.com/analysts/Steve-Byrne/,08 Jan 2026
Harry Bartlett,3292,https://stockanalysis.com/analysts/Harry-Bartlett/,28 Jan 2026
Niall Alexander,3299,https://stockanalysis.com/analysts/Niall-Alexander/,22 Jun 2026
Judy Zhang,3318,https://stockanalysis.com/analysts/Judy-Zhang/,03 Jun 2026
Paul Jeng,3320,https://stockanalysis.com/analysts/Paul-Jeng/,06 Aug 2026
Vince Valentini,3323,https://stockanalysis.com/analysts/Vince-Valentini/,07 Aug 2026
Alex Kania,3327,https://stockanalysis.com/analysts/Alex-Kania/,07 Aug 2026
Martin Jungfleisch,3339,https://stockanalysis.com/analysts/Martin-Jungfleisch/,09 Jul 2026
Scott Wurtzel,3343,https://stockanalysis.com/analysts/Scott-Wurtzel/,03 Aug 2026
Seth Bergey,3371,https://stockanalysis.com/analysts/Seth-Bergey/,03 Aug 2026
Spencer Hanus,3372,https://stockanalysis.com/analysts/Spencer-Hanus/,29 Jul 2026
Seyon Park,3380,https://stockanalysis.com/analysts/Seyon-Park/,05 Aug 2026
Ryan Langston,3390,https://stockanalysis.com/analysts/Ryan-Langston/,07 Aug 2026
Justin Bowers,3411,https://stockanalysis.com/analysts/Justin-Bowers/,06 Aug 2026
Alexander Hess,3414,https://stockanalysis.com/analysts/Alexander-Hess/,04 Aug 2026
Warren Ackerman,3416,https://stockanalysis.com/analysts/Warren-Ackerman/,07 Aug 2026
Kevin Fischbeck,3420,https://stockanalysis.com/analysts/Kevin-Fischbeck/,07 Aug 2026
Michael Ng,3446,https://stockanalysis.com/analysts/Michael-Ng/,07 Aug 2026
Adam Hotchkiss,3462,https://stockanalysis.com/analysts/Adam-Hotchkiss/,31 Jul 2026
Joseph Giordano,3480,https://stockanalysis.com/analysts/Joseph-Giordano/,21 Jul 2026
Filipe Nielsen,3484,https://stockanalysis.com/analysts/Filipe-Nielsen/,17 Mar 2026
Alberto Valerio,3497,https://stockanalysis.com/analysts/Alberto-Valerio/,05 Aug 2026
John Stansel,3500,https://stockanalysis.com/analysts/John-Stansel/,06 Aug 2026
Carlos Peyrelongue,3505,https://stockanalysis.com/analysts/Carlos-Peyrelongue/,24 Jul 2026
Parker Snure,3519,https://stockanalysis.com/analysts/Parker-Snure/,07 Aug 2026
Steven Valiquette,3523,https://stockanalysis.com/analysts/Steven-Valiquette/,06 Aug 2026
Hoang Nguyen,3526,https://stockanalysis.com/analysts/Hoang-Nguyen/,07 Aug 2026
Edward Lewis,3531,https://stockanalysis.com/analysts/Edward-Lewis/,16 Jun 2026
Ami Probandt,3543,https://stockanalysis.com/analysts/Ami-Probandt/,14 May 2026
Trevor Williams,3557,https://stockanalysis.com/analysts/Trevor-Williams/,09 Feb 2026
Anne Samuel,3558,https://stockanalysis.com/analysts/Anne-Samuel/,06 Feb 2026
Cory Carpenter,3562,https://stockanalysis.com/analysts/Cory-Carpenter/,22 Jun 2026
Ella Smith,3587,https://stockanalysis.com/analysts/Ella-Smith/,05 Aug 2026
Matthew Coad,3609,https://stockanalysis.com/analysts/Matthew-Coad/,07 Aug 2026
Charlie Lederer,3611,https://stockanalysis.com/analysts/Charlie-Lederer/,29 Jul 2026
Tomohiko Sano,3620,https://stockanalysis.com/analysts/Tomohiko-Sano/,07 Aug 2026
Robert Moskow,3621,https://stockanalysis.com/analysts/Robert-Moskow/,07 Aug 2026
Dushyant Ailani,3622,https://stockanalysis.com/analysts/Dushyant-Ailani/,10 Jun 2026
Arpine Kocharyan,3626,https://stockanalysis.com/analysts/Arpine-Kocharyan/,05 Aug 2026
Noah Hungness,3627,https://stockanalysis.com/analysts/Noah-Hungness/,27 Apr 2026
Jordan Bender,3629,https://stockanalysis.com/analysts/Jordan-Bender/,07 Aug 2026
Anojja Shah,3632,https://stockanalysis.com/analysts/Anojja-Shah/,06 Aug 2026
Matthew Cost,3636,https://stockanalysis.com/analysts/Matthew-Cost/,07 Aug 2026
David Mak,3640,https://stockanalysis.com/analysts/David-Mak/,29 Jun 2026
Simon Clinch,3649,https://stockanalysis.com/analysts/Simon-Clinch/,11 Jun 2026
Michael Fairbanks,3664,https://stockanalysis.com/analysts/Michael-Fairbanks/,03 Aug 2026
Ryan Brinkman,3667,https://stockanalysis.com/analysts/Ryan-Brinkman/,14 Jul 2026
Matt Roberts,3670,https://stockanalysis.com/analysts/Matt-Roberts/,22 Jul 2026
Aidan Kelly,3672,https://stockanalysis.com/analysts/Aidan-Kelly/,06 Aug 2026
Thiago Bortoluci,3678,https://stockanalysis.com/analysts/Thiago-Bortoluci/,29 May 2026
Adam Kramer,3683,https://stockanalysis.com/analysts/Adam-Kramer/,27 Jul 2026
Yi Chen,3684,https://stockanalysis.com/analysts/Yi-Chen/,07 Aug 2026
Sara Senatore,3692,https://stockanalysis.com/analysts/Sara-Senatore/,06 Aug 2026
Nathan Stein,3694,https://stockanalysis.com/analysts/Nathan-Stein/,19 Dec 2025
Frank Takkinen,3699,https://stockanalysis.com/analysts/Frank-Takkinen/,07 Aug 2026
Gustavo Schroden,3703,https://stockanalysis.com/analysts/Gustavo-Schroden/,12 Jun 2026
Martin Malloy,3704,https://stockanalysis.com/analysts/Martin-Malloy/,05 Jan 2026
Richard Hightower,3713,https://stockanalysis.com/analysts/Richard-Hightower/,22 Jul 2026
Chris Quintero,3716,https://stockanalysis.com/analysts/Chris-Quintero/,05 Aug 2026
Romain Gourvil,3723,https://stockanalysis.com/analysts/Romain-Gourvil/,29 Jul 2026
Derek Soderberg,3724,https://stockanalysis.com/analysts/Derek-Soderberg/,06 Aug 2026
Chad Messer,3730,https://stockanalysis.com/analysts/Chad-Messer/,21 Jul 2026
Edward DeArias,3733,https://stockanalysis.com/analysts/Edward-DeArias/,06 Aug 2026
Chad Larkin,3745,https://stockanalysis.com/analysts/Chad-Larkin/,07 Aug 2026
Alexandria Hammond,3751,https://stockanalysis.com/analysts/Alexandria-Hammond/,21 May 2026
Andrea Pistacchi,3762,https://stockanalysis.com/analysts/Andrea-Pistacchi/,06 Aug 2026
Daniela Haigian,3763,https://stockanalysis.com/analysts/Daniela-Haigian/,07 Aug 2026
Thomas Yeh,3773,https://stockanalysis.com/analysts/Thomas-Yeh/,07 May 2026
Andrew Schmitt,3778,https://stockanalysis.com/analysts/Andrew-Schmitt/,07 Aug 2026
Jamie Rollo,3786,https://stockanalysis.com/analysts/Jamie-Rollo/,05 Aug 2026
Renata Cabral,3791,https://stockanalysis.com/analysts/Renata-Cabral/,31 Jul 2026
Yiwen Zhang,3795,https://stockanalysis.com/analysts/Yiwen-Zhang/,06 May 2026
Rick Wise,3796,https://stockanalysis.com/analysts/Rick-Wise/,07 Aug 2026
Roanna Ruiz,3798,https://stockanalysis.com/analysts/Roanna-Ruiz/,07 Aug 2026
Martin Englert,3807,https://stockanalysis.com/analysts/Martin-Englert/,28 Apr 2026
Laurent Yoon,3814,https://stockanalysis.com/analysts/Laurent-Yoon/,05 Aug 2026
Frank Louthan,3825,https://stockanalysis.com/analysts/Frank-Louthan/,28 May 2026
Nadine Sarwat,3833,https://stockanalysis.com/analysts/Nadine-Sarwat/,03 Aug 2026
Javier Escalante,3837,https://stockanalysis.com/analysts/Javier-Escalante/,06 Aug 2026
Stan Berenshteyn,3844,https://stockanalysis.com/analysts/Stan-Berenshteyn/,06 Aug 2026
Rashad Kawan,3851,https://stockanalysis.com/analysts/Rashad-Kawan/,24 Apr 2026
Ryan Tunis,3857,https://stockanalysis.com/analysts/Ryan-Tunis/,06 Aug 2026
Sergio Segura,3862,https://stockanalysis.com/analysts/Sergio-Segura/,07 Aug 2026
Brett Fishbin,3867,https://stockanalysis.com/analysts/Brett-Fishbin/,07 Aug 2026
Chasen Bender,3869,https://stockanalysis.com/analysts/Chasen-Bender/,07 Aug 2026
Kenneth Fong,3871,https://stockanalysis.com/analysts/Kenneth-Fong/,18 Mar 2026
Clarke Jeffries,3874,https://stockanalysis.com/analysts/Clarke-Jeffries/,05 Aug 2026
Kostas Biliouris,3876,https://stockanalysis.com/analysts/Kostas-Biliouris/,06 Aug 2026
Lucy Yu,3877,https://stockanalysis.com/analysts/Lucy-Yu/,23 Apr 2026
Ben Klieve,3885,https://stockanalysis.com/analysts/Ben-Klieve/,06 Aug 2026
Lincoln Kong,3891,https://stockanalysis.com/analysts/Lincoln-Kong/,04 Aug 2026
Michael Toomey,3900,https://stockanalysis.com/analysts/Michael-Toomey/,16 Jul 2026
Caitlin Burrows,3922,https://stockanalysis.com/analysts/Caitlin-Burrows/,06 Aug 2026
Jorge Kuri,3926,https://stockanalysis.com/analysts/Jorge-Kuri/,26 Jun 2026
Neha Agarwala,3929,https://stockanalysis.com/analysts/Neha-Agarwala/,04 Mar 2026
Fulvio Cazzol,3932,https://stockanalysis.com/analysts/Fulvio-Cazzol/,05 Aug 2026
Michael Mueller,3938,https://stockanalysis.com/analysts/Michael-Mueller/,04 Aug 2026
Luca Issi,3947,https://stockanalysis.com/analysts/Luca-Issi/,07 Aug 2026
Mayank Tandon,3950,https://stockanalysis.com/analysts/Mayank-Tandon/,07 Aug 2026
Matthew Lofting,3953,https://stockanalysis.com/analysts/Matthew-Lofting/,04 Aug 2026
Graham Doyle,3961,https://stockanalysis.com/analysts/Graham-Doyle/,06 Aug 2026
Daniel Moore,3982,https://stockanalysis.com/analysts/Daniel-Moore/,27 May 2026
Peter Christiansen,3994,https://stockanalysis.com/analysts/Peter-Christiansen/,05 Aug 2026
Kaumil Gajrawala,4009,https://stockanalysis.com/analysts/Kaumil-Gajrawala/,07 Aug 2026
Megan Alexander,4012,https://stockanalysis.com/analysts/Megan-Alexander/,24 Jun 2026
Michael Nedelcovych,4013,https://stockanalysis.com/analysts/Michael-Nedelcovych/,13 Jul 2026
Alexander Sklar,4014,https://stockanalysis.com/analysts/Alexander-Sklar/,07 Aug 2026
Gregory Williams,4024,https://stockanalysis.com/analysts/Gregory-Williams/,07 Aug 2026
Carlos Laboy,4032,https://stockanalysis.com/analysts/Carlos-Laboy/,28 Jul 2026
Julian Radlinger,4036,https://stockanalysis.com/analysts/Julian-Radlinger/,23 Jul 2026
Michael DiFiore,4042,https://stockanalysis.com/analysts/Michael-DiFiore/,07 May 2026
Siti Panigrahi,4045,https://stockanalysis.com/analysts/Siti-Panigrahi/,06 Aug 2026
Jack Lin,4055,https://stockanalysis.com/analysts/Jack-Lin/,28 May 2026
Kevin Dede,4056,https://stockanalysis.com/analysts/Kevin-Dede/,09 Apr 2026
Stephanie Piazzola,4058,https://stockanalysis.com/analysts/Stephanie-Piazzola/,05 Aug 2026
Fan Tso,4060,https://stockanalysis.com/analysts/Fan-Tso/,26 May 2026
Craig Kennison,4062,https://stockanalysis.com/analysts/Craig-Kennison/,06 Aug 2026
Mario Pierry,4063,https://stockanalysis.com/analysts/Mario-Pierry/,06 Aug 2026
Alex Bond,4066,https://stockanalysis.com/analysts/Alex-Bond/,05 Aug 2026
Matthew Johnson,4069,https://stockanalysis.com/analysts/Matthew-Johnson/,30 Jul 2026
Luke Morison,4073,https://stockanalysis.com/analysts/Luke-Morison/,07 Aug 2026
Matheus Enfeldt,4074,https://stockanalysis.com/analysts/Matheus-Enfeldt/,07 Aug 2026
David Chiaverini,4077,https://stockanalysis.com/analysts/David-Chiaverini/,03 Aug 2026
Estelle Weingrod,4079,https://stockanalysis.com/analysts/Estelle-Weingrod/,29 Jul 2026
Robert Oliver,4080,https://stockanalysis.com/analysts/Robert-Oliver/,07 Aug 2026
Ryan Kenny,4081,https://stockanalysis.com/analysts/Ryan-Kenny/,07 Aug 2026
Brendan Lynch,4083,https://stockanalysis.com/analysts/Brendan-Lynch/,07 Aug 2026
Peter Grom,4085,https://stockanalysis.com/analysts/Peter-Grom/,07 Aug 2026
Nathan Treybeck,4101,https://stockanalysis.com/analysts/Nathan-Treybeck/,07 Aug 2026
Eric Serotta,4103,https://stockanalysis.com/analysts/Eric-Serotta/,07 Aug 2026
Lee Hambright,4104,https://stockanalysis.com/analysts/Lee-Hambright/,06 Aug 2026
Cameron McVeigh,4107,https://stockanalysis.com/analysts/Cameron-McVeigh/,07 Aug 2026
Andrew Cooper,4110,https://stockanalysis.com/analysts/Andrew-Cooper/,07 Aug 2026
Michael Okunewitch,4112,https://stockanalysis.com/analysts/Michael-Okunewitch/,07 Aug 2026
Brian Holland,4118,https://stockanalysis.com/analysts/Brian-Holland/,07 Aug 2026
Michael Turrin,4119,https://stockanalysis.com/analysts/Michael-Turrin/,07 Aug 2026
Akshay Gupta,4122,https://stockanalysis.com/analysts/Akshay-Gupta/,13 Apr 2026
Thomas Palmer,4137,https://stockanalysis.com/analysts/Thomas-Palmer/,06 Aug 2026
Ned Baramov,4140,https://stockanalysis.com/analysts/Ned-Baramov/,05 Aug 2026
Mason Carrico,4144,https://stockanalysis.com/analysts/Mason-Carrico/,04 Aug 2026
Thomas Wendler,4149,https://stockanalysis.com/analysts/Thomas-Wendler/,30 Jul 2026
Salvator Tiano,4151,https://stockanalysis.com/analysts/Salvator-Tiano/,21 Apr 2026
Tito Labarta,4161,https://stockanalysis.com/analysts/Tito-Labarta/,06 Aug 2026
Brian Harbour,4165,https://stockanalysis.com/analysts/Brian-Harbour/,07 Aug 2026
Alton Stump,4166,https://stockanalysis.com/analysts/Alton-Stump/,04 Jun 2026
Greg Parrish,4170,https://stockanalysis.com/analysts/Greg-Parrish/,06 Aug 2026
Andrew Harte,4171,https://stockanalysis.com/analysts/Andrew-Harte/,07 Aug 2026
Ekaterina Knyazkova,4172,https://stockanalysis.com/analysts/Ekaterina-Knyazkova/,12 Jun 2026
Michael Ha,4176,https://stockanalysis.com/analysts/Michael-Ha/,07 Aug 2026
Mani Foroohar,4181,https://stockanalysis.com/analysts/Mani-Foroohar/,04 Jun 2026
Batya Levi,4183,https://stockanalysis.com/analysts/Batya-Levi/,04 Aug 2026
Jessica Tassan,4184,https://stockanalysis.com/analysts/Jessica-Tassan/,07 Aug 2026
Nate Svensson,4192,https://stockanalysis.com/analysts/Nate-Svensson/,06 Aug 2026
Craig Moffett,4198,https://stockanalysis.com/analysts/Craig-Moffett/,08 Apr 2026
Paul Kearney,4199,https://stockanalysis.com/analysts/Paul-Kearney/,04 Nov 2025
Andrew Polkowitz,4203,https://stockanalysis.com/analysts/Andrew-Polkowitz/,01 May 2026
Patrick Wood,4210,https://stockanalysis.com/analysts/Patrick-Wood/,07 Aug 2026
Tom White,4211,https://stockanalysis.com/analysts/Tom-White/,07 Aug 2026
Kyle Peterson,4212,https://stockanalysis.com/analysts/Kyle-Peterson/,07 Aug 2026
Christian Carlino,4219,https://stockanalysis.com/analysts/Christian-Carlino/,12 Nov 2025
Kevin Krishnaratne,4222,https://stockanalysis.com/analysts/Kevin-Krishnaratne/,07 Aug 2026
Sean McGowan,4235,https://stockanalysis.com/analysts/Sean-McGowan/,07 Aug 2026
Jason Stewart,4237,https://stockanalysis.com/analysts/Jason-Stewart/,17 Jul 2026
Matt Ma,4252,https://stockanalysis.com/analysts/Matt-Ma/,13 May 2026
Danilo Gargiulo,4254,https://stockanalysis.com/analysts/Danilo-Gargiulo/,05 Aug 2026
Todd Brooks,4256,https://stockanalysis.com/analysts/Todd-Brooks/,07 Aug 2026
Brendan Sproules,4261,https://stockanalysis.com/analysts/Brendan-Sproules/,03 Jul 2026
Noah Zatzkin,4270,https://stockanalysis.com/analysts/Noah-Zatzkin/,07 Aug 2026
Ameet Thakkar,4277,https://stockanalysis.com/analysts/Ameet-Thakkar/,07 Aug 2026
Trevor Young,4278,https://stockanalysis.com/analysts/Trevor-Young/,11 Jun 2026
Lucky Schreiner,4281,https://stockanalysis.com/analysts/Lucky-Schreiner/,07 Aug 2026
Nick Lai,4284,https://stockanalysis.com/analysts/Nick-Lai/,14 Jul 2026
Wahid Amin,4287,https://stockanalysis.com/analysts/Wahid-Amin/,05 Aug 2026
Boobalan Pachaiyappan,4291,https://stockanalysis.com/analysts/Boobalan-Pachaiyappan/,05 Aug 2026
Samuel Nielsen,4303,https://stockanalysis.com/analysts/Samuel-Nielsen/,04 Aug 2026
Anthony Trainor,4306,https://stockanalysis.com/analysts/Anthony-Trainor/,06 Aug 2026
Michael Sison,4311,https://stockanalysis.com/analysts/Michael-Sison/,03 Aug 2026
Gerald Pascarelli,4314,https://stockanalysis.com/analysts/Gerald-Pascarelli/,07 Aug 2026
Zachary Silverberg,4315,https://stockanalysis.com/analysts/Zachary-Silverberg/,30 Jul 2026
Anthony Valentini,4316,https://stockanalysis.com/analysts/Anthony-Valentini/,14 Jul 2026
Sean Milligan,4326,https://stockanalysis.com/analysts/Sean-Milligan/,07 Aug 2026
James West,4328,https://stockanalysis.com/analysts/James-West/,16 Jun 2026
Casey Ryan,4331,https://stockanalysis.com/analysts/Casey-Ryan/,08 Jan 2026
Anna Glaessgen,4334,https://stockanalysis.com/analysts/Anna-Glaessgen/,07 Aug 2026
Nik Cremo,4335,https://stockanalysis.com/analysts/Nik-Cremo/,07 Aug 2026
Greg Konrad,4340,https://stockanalysis.com/analysts/Greg-Konrad/,17 May 2026
Charles Nabhan,4341,https://stockanalysis.com/analysts/Charles-Nabhan/,08 May 2026
Ed Engel,4342,https://stockanalysis.com/analysts/Ed-Engel/,02 Aug 2026
Jack Matten,4343,https://stockanalysis.com/analysts/Jack-Matten/,04 Aug 2026
Marco Limite,4346,https://stockanalysis.com/analysts/Marco-Limite/,06 Aug 2026
Vasundhara Govil,4347,https://stockanalysis.com/analysts/Vasundhara-Govil/,07 Aug 2026
Jason Bednar,4354,https://stockanalysis.com/analysts/Jason-Bednar/,07 Aug 2026
Neal Dingmann,4357,https://stockanalysis.com/analysts/Neal-Dingmann/,07 Aug 2026
Ashley Owens,4359,https://stockanalysis.com/analysts/Ashley-Owens/,07 Aug 2026
George Kurosawa,4360,https://stockanalysis.com/analysts/George-Kurosawa/,29 Jul 2026
Robert Farnam,4370,https://stockanalysis.com/analysts/Robert-Farnam/,25 Mar 2026
Jason Tilchen,4373,https://stockanalysis.com/analysts/Jason-Tilchen/,06 Aug 2026
Jeff Chung,4384,https://stockanalysis.com/analysts/Jeff-Chung/,31 Jul 2026
Matthew Hurwit,4388,https://stockanalysis.com/analysts/Matthew-Hurwit/,25 Mar 2026
Carl Byrnes,4393,https://stockanalysis.com/analysts/Carl-Byrnes/,24 Apr 2026
Tracy Benguigui,4403,https://stockanalysis.com/analysts/Tracy-Benguigui/,03 Aug 2026
Andrea Tan,4405,https://stockanalysis.com/analysts/Andrea-Tan/,05 Feb 2026
Ryan Meyers,4407,https://stockanalysis.com/analysts/Ryan-Meyers/,07 Aug 2026
Richard Kramer,4410,https://stockanalysis.com/analysts/Richard-Kramer/,30 Jun 2026
David Turkaly,4411,https://stockanalysis.com/analysts/David-Turkaly/,03 Aug 2026
Stephen Sheldon,4412,https://stockanalysis.com/analysts/Stephen-Sheldon/,07 Aug 2026
Leo Chiang,4417,https://stockanalysis.com/analysts/Leo-Chiang/,28 Jul 2026
Bryan Bergin,4419,https://stockanalysis.com/analysts/Bryan-Bergin/,07 Aug 2026
Ben Shelley,4423,https://stockanalysis.com/analysts/Ben-Shelley/,06 Aug 2026
Bill Kerr,4425,https://stockanalysis.com/analysts/Bill-Kerr/,11 Dec 2025
Gordon Johnson,4427,https://stockanalysis.com/analysts/Gordon-Johnson/,04 Aug 2026
Taylor McGinnis,4429,https://stockanalysis.com/analysts/Taylor-McGinnis/,07 Aug 2026
Madeline Brooks,4432,https://stockanalysis.com/analysts/Madeline-Brooks/,27 Feb 2026
Scott Berg,4438,https://stockanalysis.com/analysts/Scott-Berg/,07 Aug 2026
Elizabeth Porter,4440,https://stockanalysis.com/analysts/Elizabeth-Porter/,07 Aug 2026
Joseph Civello,4441,https://stockanalysis.com/analysts/Joseph-Civello/,04 Aug 2026
Cheng Li,4443,https://stockanalysis.com/analysts/Cheng-Li/,27 Feb 2026
Benjamin Mayhew,4444,https://stockanalysis.com/analysts/Benjamin-Mayhew/,07 Aug 2026
Will Nance,4448,https://stockanalysis.com/analysts/Will-Nance/,07 Aug 2026
Chris Pierce,4449,https://stockanalysis.com/analysts/Chris-Pierce/,07 Aug 2026
Kumaraguru Raja,4451,https://stockanalysis.com/analysts/Kumaraguru-Raja/,27 Jul 2026
Mickey Legg,4452,https://stockanalysis.com/analysts/Mickey-Legg/,31 Jul 2026
Bryan Smilek,4456,https://stockanalysis.com/analysts/Bryan-Smilek/,07 Aug 2026
Jeffrey Adelson,4457,https://stockanalysis.com/analysts/Jeffrey-Adelson/,07 Aug 2026
Rishi Jaluria,4462,https://stockanalysis.com/analysts/Rishi-Jaluria/,07 Aug 2026
Kai Klose,4465,https://stockanalysis.com/analysts/Kai-Klose/,05 Aug 2026
Li Watsek,4466,https://stockanalysis.com/analysts/Li-Watsek/,06 Aug 2026
James Quigley,4468,https://stockanalysis.com/analysts/James-Quigley/,06 Aug 2026
Rahul Krotthapalli,4469,https://stockanalysis.com/analysts/Rahul-Krotthapalli/,07 Aug 2026
Michael Funk,4476,https://stockanalysis.com/analysts/Michael-Funk/,07 Aug 2026
Brandon Vazquez,4478,https://stockanalysis.com/analysts/Brandon-Vazquez/,08 Aug 2026
Jim Salera,4480,https://stockanalysis.com/analysts/Jim-Salera/,07 Aug 2026
Nora Min,4483,https://stockanalysis.com/analysts/Nora-Min/,31 Jul 2026
Michael Pachter,4486,https://stockanalysis.com/analysts/Michael-Pachter/,06 Aug 2026
Tim Rezvan,4497,https://stockanalysis.com/analysts/Tim-Rezvan/,31 Jul 2026
Matthew VanVliet,4505,https://stockanalysis.com/analysts/Matthew-VanVliet/,08 Aug 2026
Jake Roberge,4507,https://stockanalysis.com/analysts/Jake-Roberge/,18 Mar 2026
Jeffrey Stantial,4508,https://stockanalysis.com/analysts/Jeffrey-Stantial/,07 Aug 2026
Tim Hsiao,4509,https://stockanalysis.com/analysts/Tim-Hsiao/,22 Jul 2026
Corinne Blanchard,4510,https://stockanalysis.com/analysts/Corinne-Blanchard/,06 Aug 2026
David Adlington,4511,https://stockanalysis.com/analysts/David-Adlington/,06 Aug 2026
Isabella Simonato,4513,https://stockanalysis.com/analysts/Isabella-Simonato/,16 Jun 2026
David Larsen,4514,https://stockanalysis.com/analysts/David-Larsen/,07 Aug 2026
Aaron Grey,4515,https://stockanalysis.com/analysts/Aaron-Grey/,07 Aug 2026
Priyanka Grover,4519,https://stockanalysis.com/analysts/Priyanka-Grover/,03 Aug 2026
Seth Sigman,4521,https://stockanalysis.com/analysts/Seth-Sigman/,07 Aug 2026
Scott Schoenhaus,4524,https://stockanalysis.com/analysts/Scott-Schoenhaus/,07 Aug 2026
Colin Langan,4526,https://stockanalysis.com/analysts/Colin-Langan/,07 Aug 2026
Terry Tillman,4527,https://stockanalysis.com/analysts/Terry-Tillman/,07 Aug 2026
Marc Torrente,4532,https://stockanalysis.com/analysts/Marc-Torrente/,06 Aug 2026
Shilan Modi,4533,https://stockanalysis.com/analysts/Shilan-Modi/,14 Apr 2026
Jailendra Singh,4536,https://stockanalysis.com/analysts/Jailendra-Singh/,07 Aug 2026
Anna Andreeva,4537,https://stockanalysis.com/analysts/Anna-Andreeva/,07 Aug 2026
Logan Reich,4538,https://stockanalysis.com/analysts/Logan-Reich/,07 Aug 2026
William Grippin,4542,https://stockanalysis.com/analysts/William-Grippin/,07 Aug 2026
Yun Zhong,4545,https://stockanalysis.com/analysts/Yun-Zhong/,07 Aug 2026
Alexia Dogani,4546,https://stockanalysis.com/analysts/Alexia-Dogani/,05 Aug 2026
Tom Curran,4549,https://stockanalysis.com/analysts/Tom-Curran/,08 Jan 2026
Curtis Nagle,4554,https://stockanalysis.com/analysts/Curtis-Nagle/,06 Aug 2026
Brian Skorney,4556,https://stockanalysis.com/analysts/Brian-Skorney/,07 Aug 2026
Michael Albanese,4564,https://stockanalysis.com/analysts/Michael-Albanese/,06 Aug 2026
Constantine Davides,4566,https://stockanalysis.com/analysts/Constantine-Davides/,29 Jul 2026
Ryan Tomasello,4567,https://stockanalysis.com/analysts/Ryan-Tomasello/,07 Aug 2026
Daniel Perlin,4570,https://stockanalysis.com/analysts/Daniel-Perlin/,06 Aug 2026
Naz Rahman,4571,https://stockanalysis.com/analysts/Naz-Rahman/,07 Aug 2026
Caroline Palomeque,4573,https://stockanalysis.com/analysts/Caroline-Palomeque/,16 Jun 2026
Sean Kennedy,4574,https://stockanalysis.com/analysts/Sean-Kennedy/,09 Aug 2026
Sara Nik,4575,https://stockanalysis.com/analysts/Sara-Nik/,31 Jul 2026
Fedor Shabalin,4576,https://stockanalysis.com/analysts/Fedor-Shabalin/,16 Jul 2026
Puneet Jain,4582,https://stockanalysis.com/analysts/Puneet-Jain/,06 Aug 2026
Young Li,4583,https://stockanalysis.com/analysts/Young-Li/,07 Jul 2026
Jason Kupferberg,4584,https://stockanalysis.com/analysts/Jason-Kupferberg/,07 Aug 2026
Daina Graybosch,4585,https://stockanalysis.com/analysts/Daina-Graybosch/,03 Aug 2026
Bill Kirk,4587,https://stockanalysis.com/analysts/Bill-Kirk/,07 Aug 2026
Bruce Jackson,4588,https://stockanalysis.com/analysts/Bruce-Jackson/,06 Aug 2026
Piral Dadhania,4589,https://stockanalysis.com/analysts/Piral-Dadhania/,03 Aug 2026
David Hynes,4596,https://stockanalysis.com/analysts/David-Hynes/,07 Aug 2026
Sarang Vora,4600,https://stockanalysis.com/analysts/Sarang-Vora/,07 Aug 2026
Joseph Spak,4601,https://stockanalysis.com/analysts/Joseph-Spak/,07 Aug 2026
Matthew Keller,4604,https://stockanalysis.com/analysts/Matthew-Keller/,07 Aug 2026
Marie Thibault,4607,https://stockanalysis.com/analysts/Marie-Thibault/,07 Aug 2026
Vikram Bagri,4608,https://stockanalysis.com/analysts/Vikram-Bagri/,07 Aug 2026
Kyle Bauser,4609,https://stockanalysis.com/analysts/Kyle-Bauser/,17 Apr 2026
Reni Benjamin,4610,https://stockanalysis.com/analysts/Reni-Benjamin/,07 Aug 2026
Jason Kolbert,4611,https://stockanalysis.com/analysts/Jason-Kolbert/,13 May 2026
Christopher Souther,4612,https://stockanalysis.com/analysts/Christopher-Souther/,07 Aug 2026
Ryan MacDonald,4615,https://stockanalysis.com/analysts/Ryan-MacDonald/,07 Aug 2026
Jack Allen,4616,https://stockanalysis.com/analysts/Jack-Allen/,30 Jun 2026
James Molloy,4618,https://stockanalysis.com/analysts/James-Molloy/,07 Aug 2026
Itay Michaeli,4621,https://stockanalysis.com/analysts/Itay-Michaeli/,07 Aug 2026
Eric Wold,4622,https://stockanalysis.com/analysts/Eric-Wold/,15 Jul 2026
Jason McCarthy,4623,https://stockanalysis.com/analysts/Jason-McCarthy/,06 Aug 2026
Allen Klee,4624,https://stockanalysis.com/analysts/Allen-Klee/,07 Aug 2026
Edward Woo,4625,https://stockanalysis.com/analysts/Edward-Woo/,10 Jun 2026
James McIlree,4626,https://stockanalysis.com/analysts/James-McIlree/,07 Aug 2026
Lucas Ward,4628,https://stockanalysis.com/analysts/Lucas-Ward/,04 Jun 2026
Anthony Vendetti,4630,https://stockanalysis.com/analysts/Anthony-Vendetti/,07 Aug 2026
Agnieszka Pustula,9968,https://stockanalysis.com/analysts/Agnieszka-Pustula/,Not found
Aidan Hall,9968,https://stockanalysis.com/analysts/Aidan-Hall/,Not found
Zixiao Yang,9968,https://stockanalysis.com/analysts/Zixiao-Yang/,Not found
Air Ma,9968,https://stockanalysis.com/analysts/Air-Ma/,Not found
Aaron Kessler,9968,https://stockanalysis.com/analysts/Aaron-Kessler/,Not found
del Valle,9968,https://stockanalysis.com/analysts/del-Valle/,Not found
Joseph Grabowski,9968,https://stockanalysis.com/analysts/Joseph-Grabowski/,Not found
Joseph Feldman,9968,https://stockanalysis.com/analysts/Joseph-Feldman/,Not found
Jorg Friedemann,9968,https://stockanalysis.com/analysts/Jorg-Friedemann/,Not found
Jordan Boretz,9968,https://stockanalysis.com/analysts/Jordan-Boretz/,Not found
Jonathan Siegmann,9968,https://stockanalysis.com/analysts/Jonathan-Siegmann/,Not found
Jonathan Reeder,9968,https://stockanalysis.com/analysts/Jonathan-Reeder/,Not found
Jonathan Lee,9968,https://stockanalysis.com/analysts/Jonathan-Lee/,Not found
Vladimir Bystricky,9968,https://stockanalysis.com/analysts/Vladimir-Bystricky/,Not found
Vivien Azer,9968,https://stockanalysis.com/analysts/Vivien-Azer/,Not found
Derik De,9968,https://stockanalysis.com/analysts/Derik-De/,Not found
Noah Herman,9968,https://stockanalysis.com/analysts/Noah-Herman/,Not found
Nitin Kumar,9968,https://stockanalysis.com/analysts/Nitin-Kumar/,Not found
Nigel Dally,9968,https://stockanalysis.com/analysts/Nigel-Dally/,Not found
Zijie Yang,9968,https://stockanalysis.com/analysts/Zijie-Yang/,Not found
Zhijing Liu,9968,https://stockanalysis.com/analysts/Zhijing-Liu/,Not found
Zachary Warring,9968,https://stockanalysis.com/analysts/Zachary-Warring/,Not found
Abhi Agarwal,9968,https://stockanalysis.com/analysts/Abhi-Agarwal/,Not found
Alex Nowark,9968,https://stockanalysis.com/analysts/Alex-Nowark/,Not found
Alex Haissl,9968,https://stockanalysis.com/analysts/Alex-Haissl/,Not found
Alex Goldfarb,9968,https://stockanalysis.com/analysts/Alex-Goldfarb/,Not found
Yi Fu,9968,https://stockanalysis.com/analysts/Yi-Fu/,Not found
Yessica Sanchez,9968,https://stockanalysis.com/analysts/Yessica-Sanchez/,Not found
Adam Samuelson,9968,https://stockanalysis.com/analysts/Adam-Samuelson/,Not found
Peter Lawson,9968,https://stockanalysis.com/analysts/Peter-Lawson/,Not found
Mike Cyprys,9968,https://stockanalysis.com/analysts/Mike-Cyprys/,Not found
Mike Burton,9968,https://stockanalysis.com/analysts/Mike-Burton/,Not found
Mike Albanese,9968,https://stockanalysis.com/analysts/Mike-Albanese/,Not found
Eddie Leung,9968,https://stockanalysis.com/analysts/Eddie-Leung/,Not found
Ed Yang,9968,https://stockanalysis.com/analysts/Ed-Yang/,Not found
Mitch Germain,9968,https://stockanalysis.com/analysts/Mitch-Germain/,Not found
Ming Hsun,9968,https://stockanalysis.com/analysts/Ming-Hsun/,Not found
David Hicks,9968,https://stockanalysis.com/analysts/David-Hicks/,Not found
David Bouchey,9968,https://stockanalysis.com/analysts/David-Bouchey/,Not found
David Belinger,9968,https://stockanalysis.com/analysts/David-Belinger/,Not found
Darren Leung,9968,https://stockanalysis.com/analysts/Darren-Leung/,Not found
Pete Skibitski,9968,https://stockanalysis.com/analysts/Pete-Skibitski/,Not found
Perez Mora,9968,https://stockanalysis.com/analysts/Perez-Mora/,Not found
Paul Zimbardo,9968,https://stockanalysis.com/analysts/Paul-Zimbardo/,Not found
Philip Gibbs,9968,https://stockanalysis.com/analysts/Philip-Gibbs/,Not found
Elizabeth Suzuki,9968,https://stockanalysis.com/analysts/Elizabeth-Suzuki/,Not found
Elizabeth Garcia,9968,https://stockanalysis.com/analysts/Elizabeth-Garcia/,Not found
Elizabeth Anderson,9968,https://stockanalysis.com/analysts/Elizabeth-Anderson/,Not found
Mike Lavery,9968,https://stockanalysis.com/analysts/Mike-Lavery/,Not found
Mike Harris,9968,https://stockanalysis.com/analysts/Mike-Harris/,Not found
Mike Grondahl,9968,https://stockanalysis.com/analysts/Mike-Grondahl/,Not found
Mike Genovese,9968,https://stockanalysis.com/analysts/Mike-Genovese/,Not found
Mike Dahl,9968,https://stockanalysis.com/analysts/Mike-Dahl/,Not found
Paul Obrecht,9968,https://stockanalysis.com/analysts/Paul-Obrecht/,Not found
Paul McTaggart,9968,https://stockanalysis.com/analysts/Paul-McTaggart/,Not found
Daniel Roeska,9968,https://stockanalysis.com/analysts/Daniel-Roeska/,Not found
Daniel Markowitz,9968,https://stockanalysis.com/analysts/Daniel-Markowitz/,Not found
Daniel Kutz,9968,https://stockanalysis.com/analysts/Daniel-Kutz/,Not found
Peter Osterland,9968,https://stockanalysis.com/analysts/Peter-Osterland/,Not found
Eric Des,9968,https://stockanalysis.com/analysts/Eric-Des/,Not found
Eric Beaumont,9968,https://stockanalysis.com/analysts/Eric-Beaumont/,Not found
Michelle Fang,9968,https://stockanalysis.com/analysts/Michelle-Fang/,Not found
Micheal Bellisario,9968,https://stockanalysis.com/analysts/Micheal-Bellisario/,Not found
Michael Weinstein,9968,https://stockanalysis.com/analysts/Michael-Weinstein/,Not found
Michael Walkley,9968,https://stockanalysis.com/analysts/Michael-Walkley/,Not found
Michael Tyndall,9968,https://stockanalysis.com/analysts/Michael-Tyndall/,Not found
Peter Costa,9968,https://stockanalysis.com/analysts/Peter-Costa/,Not found
Daniel Hibshman,9968,https://stockanalysis.com/analysts/Daniel-Hibshman/,Not found
Daniel Ford,9968,https://stockanalysis.com/analysts/Daniel-Ford/,Not found
Daniel Chen,9968,https://stockanalysis.com/analysts/Daniel-Chen/,Not found
Daniel Chan,9968,https://stockanalysis.com/analysts/Daniel-Chan/,Not found
Dane Leone,9968,https://stockanalysis.com/analysts/Dane-Leone/,Not found
Dan Silverstein,9968,https://stockanalysis.com/analysts/Dan-Silverstein/,Not found
Pinjalim Bora,9968,https://stockanalysis.com/analysts/Pinjalim-Bora/,Not found
Philipp Häßler,9968,empty,Not found
Paul Steep,9968,https://stockanalysis.com/analysts/Paul-Steep/,Not found
Mike Scialla,9968,https://stockanalysis.com/analysts/Mike-Scialla/,Not found
Mike Polark,9968,https://stockanalysis.com/analysts/Mike-Polark/,Not found
Mike Morris,9968,https://stockanalysis.com/analysts/Mike-Morris/,Not found
Mike Matson,9968,https://stockanalysis.com/analysts/Mike-Matson/,Not found
Duane Pfenningwerth,9968,https://stockanalysis.com/analysts/Duane-Pfenningwerth/,Not found
Drew Ranieri,9968,https://stockanalysis.com/analysts/Drew-Ranieri/,Not found
Drew Chamberlain,9968,https://stockanalysis.com/analysts/Drew-Chamberlain/,Not found
Douglas Irwin,9968,https://stockanalysis.com/analysts/Douglas-Irwin/,Not found
Nathan Janes,9968,https://stockanalysis.com/analysts/Nathan-Janes/,Not found
David Leiker,9968,https://stockanalysis.com/analysts/David-Leiker/,Not found
David Lebowitz,9968,https://stockanalysis.com/analysts/David-Lebowitz/,Not found
David Lebovitz,9968,https://stockanalysis.com/analysts/David-Lebovitz/,Not found
David Kang,9968,https://stockanalysis.com/analysts/David-Kang/,Not found
Paul Diamond,9968,https://stockanalysis.com/analysts/Paul-Diamond/,Not found
Paul Coster,9968,https://stockanalysis.com/analysts/Paul-Coster/,Not found
Ralph Profiti,9968,https://stockanalysis.com/analysts/Ralph-Profiti/,Not found
Rajat Gupta,9968,https://stockanalysis.com/analysts/Rajat-Gupta/,Not found
Raj Sharma,9968,https://stockanalysis.com/analysts/Raj-Sharma/,Not found
Raj Kumar,9968,https://stockanalysis.com/analysts/Raj-Kumar/,Not found
Raghuram Selvaraju,9968,https://stockanalysis.com/analysts/Raghuram-Selvaraju/,Not found
Rachel Vatnsdal,9968,https://stockanalysis.com/analysts/Rachel-Vatnsdal/,Not found
Q3 Marketplace,9968,https://stockanalysis.com/analysts/Q3-Marketplace/,Not found
Philip Cusick,9968,https://stockanalysis.com/analysts/Philip-Cusick/,Not found
Pérez Mora,9968,empty,Not found
Prashant Rao,9968,https://stockanalysis.com/analysts/Prashant-Rao/,Not found
Dan Ives,9968,https://stockanalysis.com/analysts/Dan-Ives/,Not found
Dan Brennan,9968,https://stockanalysis.com/analysts/Dan-Brennan/,Not found
Eric Schmidt,9968,https://stockanalysis.com/analysts/Eric-Schmidt/,Not found
Reif Ehrlich,9968,https://stockanalysis.com/analysts/Reif-Ehrlich/,Not found
Esther Rajavelu,9968,https://stockanalysis.com/analysts/Esther-Rajavelu/,Not found
Esme Pau,9968,https://stockanalysis.com/analysts/Esme-Pau/,Not found
Erwan Rambourg,9968,https://stockanalysis.com/analysts/Erwan-Rambourg/,Not found
Erin Wilson,9968,https://stockanalysis.com/analysts/Erin-Wilson/,Not found
Michael Schmitz,9968,https://stockanalysis.com/analysts/Michael-Schmitz/,Not found
Michael Phillips,9968,https://stockanalysis.com/analysts/Michael-Phillips/,Not found
Michael Perito,9968,https://stockanalysis.com/analysts/Michael-Perito/,Not found
Dailey Fairbanks,9968,https://stockanalysis.com/analysts/Dailey-Fairbanks/,Not found
Dae Gon,9968,https://stockanalysis.com/analysts/Dae-Gon/,Not found
Da Wei,9968,https://stockanalysis.com/analysts/Da-Wei/,Not found
Curtis Shauger,9968,https://stockanalysis.com/analysts/Curtis-Shauger/,Not found
Curt Woodworth,9968,https://stockanalysis.com/analysts/Curt-Woodworth/,Not found
Richard Hill,9968,https://stockanalysis.com/analysts/Richard-Hill/,Not found
Richard Eastman,9968,https://stockanalysis.com/analysts/Richard-Eastman/,Not found
Federico Merendi,9968,https://stockanalysis.com/analysts/Federico-Merendi/,Not found
Farooq Hamed,9968,https://stockanalysis.com/analysts/Farooq-Hamed/,Not found
Evan David,9968,https://stockanalysis.com/analysts/Evan-David/,Not found
Eva Fortea,9968,https://stockanalysis.com/analysts/Eva-Fortea/,Not found
Michael Minchak,9968,https://stockanalysis.com/analysts/Michael-Minchak/,Not found
Michael McGovern,9968,https://stockanalysis.com/analysts/Michael-McGovern/,Not found
Michael Kaye,9968,https://stockanalysis.com/analysts/Michael-Kaye/,Not found
Michael Jalonen,9968,https://stockanalysis.com/analysts/Michael-Jalonen/,Not found
Eun Yang,9968,https://stockanalysis.com/analysts/Eun-Yang/,Not found
Q3 EPS,9968,https://stockanalysis.com/analysts/Q3-EPS/,Not found
Cristopher Kennedy,9968,https://stockanalysis.com/analysts/Cristopher-Kennedy/,Not found
Cristina Fernández,9968,empty,Not found
Ricardo Rezende,9968,https://stockanalysis.com/analysts/Ricardo-Rezende/,Not found
Ricky Goldwasser,9968,https://stockanalysis.com/analysts/Ricky-Goldwasser/,Not found
Francisco Suarez,9968,https://stockanalysis.com/analysts/Francisco-Suarez/,Not found
Floris Van,9968,https://stockanalysis.com/analysts/Floris-Van/,Not found
Fernando Abdalla,9968,https://stockanalysis.com/analysts/Fernando-Abdalla/,Not found
Felicia Hendrix,9968,https://stockanalysis.com/analysts/Felicia-Hendrix/,Not found
Michael Harrison,9968,https://stockanalysis.com/analysts/Michael-Harrison/,Not found
Corinne Jenkins,9968,https://stockanalysis.com/analysts/Corinne-Jenkins/,Not found
Conor McNamara,9968,https://stockanalysis.com/analysts/Conor-McNamara/,Not found
Conor Fitzgerald,9968,https://stockanalysis.com/analysts/Conor-Fitzgerald/,Not found
Connor Siversky,9968,https://stockanalysis.com/analysts/Connor-Siversky/,Not found
Connor Lynagh,9968,https://stockanalysis.com/analysts/Connor-Lynagh/,Not found
Connor Chamberlain,9968,https://stockanalysis.com/analysts/Connor-Chamberlain/,Not found
Colleen Kusy,9968,https://stockanalysis.com/analysts/Colleen-Kusy/,Not found
Richard Law,9968,https://stockanalysis.com/analysts/Richard-Law/,Not found
Christopher Merwin,9968,https://stockanalysis.com/analysts/Christopher-Merwin/,Not found
Christopher Mandeville,9968,https://stockanalysis.com/analysts/Christopher-Mandeville/,Not found
Christopher LeFemina,9968,https://stockanalysis.com/analysts/Christopher-LeFemina/,Not found
Christopher LaFemina,9968,https://stockanalysis.com/analysts/Christopher-LaFemina/,Not found
Robert Cox,9968,https://stockanalysis.com/analysts/Robert-Cox/,Not found
Robert Bek,9968,https://stockanalysis.com/analysts/Robert-Bek/,Not found
Rich Hilliker,9968,https://stockanalysis.com/analysts/Rich-Hilliker/,Not found
Rich Hightower,9968,https://stockanalysis.com/analysts/Rich-Hightower/,Not found
Colin Isaac,9968,https://stockanalysis.com/analysts/Colin-Isaac/,Not found
Colin Bristow,9968,https://stockanalysis.com/analysts/Colin-Bristow/,Not found
Cody Ross,9968,https://stockanalysis.com/analysts/Cody-Ross/,Not found
Cleveland Rueckert,9968,https://stockanalysis.com/analysts/Cleveland-Rueckert/,Not found
Chuck Grom,9968,https://stockanalysis.com/analysts/Chuck-Grom/,Not found
Christyne McGarvey,9968,https://stockanalysis.com/analysts/Christyne-McGarvey/,Not found
Rob Dickerson,9968,https://stockanalysis.com/analysts/Rob-Dickerson/,Not found
Rob Brown,9968,https://stockanalysis.com/analysts/Rob-Brown/,Not found
Christopher Graja,9968,https://stockanalysis.com/analysts/Christopher-Graja/,Not found
Christopher Dendrinos,9968,https://stockanalysis.com/analysts/Christopher-Dendrinos/,Not found
Christopher Danely,9968,https://stockanalysis.com/analysts/Christopher-Danely/,Not found
Chris Zhang,9968,https://stockanalysis.com/analysts/Chris-Zhang/,Not found
Chris Snyder,9968,https://stockanalysis.com/analysts/Chris-Snyder/,Not found
Chris Senyek,9968,https://stockanalysis.com/analysts/Chris-Senyek/,Not found
Robert Napoli,9968,https://stockanalysis.com/analysts/Robert-Napoli/,Not found
Robert Mosca,9968,https://stockanalysis.com/analysts/Robert-Mosca/,Not found
Rick Paterson,9968,https://stockanalysis.com/analysts/Rick-Paterson/,Not found
Richard Repetto,9968,https://stockanalysis.com/analysts/Richard-Repetto/,Not found
Richard Radbourne,9968,https://stockanalysis.com/analysts/Richard-Radbourne/,Not found
Christopher Schoell,9968,https://stockanalysis.com/analysts/Christopher-Schoell/,Not found
Christopher Parkinson,9968,https://stockanalysis.com/analysts/Christopher-Parkinson/,Not found
Christopher Moore,9968,https://stockanalysis.com/analysts/Christopher-Moore/,Not found
Robyn Karnauskas,9968,https://stockanalysis.com/analysts/Robyn-Karnauskas/,Not found
Robin Farley,9968,https://stockanalysis.com/analysts/Robin-Farley/,Not found
Chris Robertson,9968,https://stockanalysis.com/analysts/Chris-Robertson/,Not found
Chris Raymond,9968,https://stockanalysis.com/analysts/Chris-Raymond/,Not found
Medhi Hosseini,9968,https://stockanalysis.com/analysts/Medhi-Hosseini/,Not found
Max Hopkins,9968,https://stockanalysis.com/analysts/Max-Hopkins/,Not found
Michael Carrier,9968,https://stockanalysis.com/analysts/Michael-Carrier/,Not found
Michael Albanses,9968,https://stockanalysis.com/analysts/Michael-Albanses/,Not found
Meyer Sheilds,9968,https://stockanalysis.com/analysts/Meyer-Sheilds/,Not found
Gabriel Moreen,9968,https://stockanalysis.com/analysts/Gabriel-Moreen/,Not found
Gabe Hajde,9968,https://stockanalysis.com/analysts/Gabe-Hajde/,Not found
Fu Lee,9968,https://stockanalysis.com/analysts/Fu-Lee/,Not found
Frank Lee,9968,https://stockanalysis.com/analysts/Frank-Lee/,Not found
Rob Wertheimer,9968,https://stockanalysis.com/analysts/Rob-Wertheimer/,Not found
Rob Oliver,9968,https://stockanalysis.com/analysts/Rob-Oliver/,Not found
Charles Zhou,9968,https://stockanalysis.com/analysts/Charles-Zhou/,Not found
Roy Buchanan,9968,https://stockanalysis.com/analysts/Roy-Buchanan/,Not found
Ross Smotrich,9968,https://stockanalysis.com/analysts/Ross-Smotrich/,Not found
Ross Osborn,9968,https://stockanalysis.com/analysts/Ross-Osborn/,Not found
Matthew Krueger,9968,https://stockanalysis.com/analysts/Matthew-Krueger/,Not found
George Wang,9968,https://stockanalysis.com/analysts/George-Wang/,Not found
George Galliers,9968,https://stockanalysis.com/analysts/George-Galliers/,Not found
George Farmer,9968,https://stockanalysis.com/analysts/George-Farmer/,Not found
George Bose,9968,https://stockanalysis.com/analysts/George-Bose/,Not found
Geoff Lowery,9968,https://stockanalysis.com/analysts/Geoff-Lowery/,Not found
Melanie Nunez,9968,https://stockanalysis.com/analysts/Melanie-Nunez/,Not found
Robert Mason,9968,https://stockanalysis.com/analysts/Robert-Mason/,Not found
Ronald J,9968,https://stockanalysis.com/analysts/Ronald-J/,Not found
Rohin Patel,9968,https://stockanalysis.com/analysts/Rohin-Patel/,Not found
Roger Read,9968,https://stockanalysis.com/analysts/Roger-Read/,Not found
Catherine Ramsey,9968,https://stockanalysis.com/analysts/Catherine-Ramsey/,Not found
Ryan Krieger,9968,https://stockanalysis.com/analysts/Ryan-Krieger/,Not found
Greg Lewis,9968,https://stockanalysis.com/analysts/Greg-Lewis/,Not found
Greg Harrison,9968,https://stockanalysis.com/analysts/Greg-Harrison/,Not found
Glenn Mattson,9968,https://stockanalysis.com/analysts/Glenn-Mattson/,Not found
Matthew Summerville,9968,https://stockanalysis.com/analysts/Matthew-Summerville/,Not found
Matthew Stanton,9968,https://stockanalysis.com/analysts/Matthew-Stanton/,Not found
Matthew Sheerin,9968,https://stockanalysis.com/analysts/Matthew-Sheerin/,Not found
Matthew Murphy,9968,https://stockanalysis.com/analysts/Matthew-Murphy/,Not found
Matthew McKellar,9968,https://stockanalysis.com/analysts/Matthew-McKellar/,Not found
Matthew McClintock,9968,https://stockanalysis.com/analysts/Matthew-McClintock/,Not found
Chris Merwin,9968,https://stockanalysis.com/analysts/Chris-Merwin/,Not found
Chris Mcgratty,9968,https://stockanalysis.com/analysts/Chris-Mcgratty/,Not found
Chris Kuntarich,9968,https://stockanalysis.com/analysts/Chris-Kuntarich/,Not found
Chris Carey,9968,https://stockanalysis.com/analysts/Chris-Carey/,Not found
Chi Fong,9968,https://stockanalysis.com/analysts/Chi-Fong/,Not found
Gregory Fraser,9968,https://stockanalysis.com/analysts/Gregory-Fraser/,Not found
Greg Pardy,9968,https://stockanalysis.com/analysts/Greg-Pardy/,Not found
Greg Miller,9968,https://stockanalysis.com/analysts/Greg-Miller/,Not found
Matthew Hewitt,9968,https://stockanalysis.com/analysts/Matthew-Hewitt/,Not found
Matthew Herrmann,9968,https://stockanalysis.com/analysts/Matthew-Herrmann/,Not found
Matthew Harrison,9968,https://stockanalysis.com/analysts/Matthew-Harrison/,Not found
Matthew Gillmor,9968,https://stockanalysis.com/analysts/Matthew-Gillmor/,Not found
Ross Muken,9968,https://stockanalysis.com/analysts/Ross-Muken/,Not found
Ross Gilardi,9968,https://stockanalysis.com/analysts/Ross-Gilardi/,Not found
Ronald Jewsikow,9968,https://stockanalysis.com/analysts/Ronald-Jewsikow/,Not found
Charles Duncan,9968,https://stockanalysis.com/analysts/Charles-Duncan/,Not found
Chad Bennett,9968,https://stockanalysis.com/analysts/Chad-Bennett/,Not found
Cerena Chen,9968,https://stockanalysis.com/analysts/Cerena-Chen/,Not found
Cecilia Furlong,9968,https://stockanalysis.com/analysts/Cecilia-Furlong/,Not found
Catherine Schulte,9968,https://stockanalysis.com/analysts/Catherine-Schulte/,Not found
Paul Chung,9968,https://stockanalysis.com/analysts/Paul-Chung/,Not found
Paul Cheng,9968,https://stockanalysis.com/analysts/Paul-Cheng/,Not found
Paul Adams,9968,https://stockanalysis.com/analysts/Paul-Adams/,Not found
Patty Kanada,9968,https://stockanalysis.com/analysts/Patty-Kanada/,Not found
Patrick Tyler,9968,https://stockanalysis.com/analysts/Patrick-Tyler/,Not found
Patrick R. Trucchio,9968,https://stockanalysis.com/analysts/Patrick-R.-Trucchio/,Not found
Omar Nokta,9968,https://stockanalysis.com/analysts/Omar-Nokta/,Not found
Ole Slorer,9968,https://stockanalysis.com/analysts/Ole-Slorer/,Not found
Patrick Donnelly,9968,https://stockanalysis.com/analysts/Patrick-Donnelly/,Not found
Parker Lane,9968,https://stockanalysis.com/analysts/Parker-Lane/,Not found
Papa Sylla,9968,https://stockanalysis.com/analysts/Papa-Sylla/,Not found
Pablo Zuanic,9968,https://stockanalysis.com/analysts/Pablo-Zuanic/,Not found
David MacDonald,9968,https://stockanalysis.com/analysts/David-MacDonald/,Not found
David Lewis,9968,https://stockanalysis.com/analysts/David-Lewis/,Not found
Nichola Holowko,9968,https://stockanalysis.com/analysts/Nichola-Holowko/,Not found
Harold Goetsch,9968,https://stockanalysis.com/analysts/Harold-Goetsch/,Not found
Harmen Puri,9968,https://stockanalysis.com/analysts/Harmen-Puri/,Not found
Hans Mosesmann,9968,https://stockanalysis.com/analysts/Hans-Mosesmann/,Not found
Hamza Fodderwala,9968,https://stockanalysis.com/analysts/Hamza-Fodderwala/,Not found
Matt Venezia,9968,https://stockanalysis.com/analysts/Matt-Venezia/,Not found
Matt OBrien,9968,https://stockanalysis.com/analysts/Matt-OBrien/,Not found
Matt Niknam,9968,https://stockanalysis.com/analysts/Matt-Niknam/,Not found
Matt McGinley,9968,https://stockanalysis.com/analysts/Matt-McGinley/,Not found
Griffin Boss,9968,https://stockanalysis.com/analysts/Griffin-Boss/,Not found
Ryan Griffin,9968,https://stockanalysis.com/analysts/Ryan-Griffin/,Not found
Ryan Cooke,9968,https://stockanalysis.com/analysts/Ryan-Cooke/,Not found
Russell Quelch,9968,https://stockanalysis.com/analysts/Russell-Quelch/,Not found
Ryan McKeveny,9968,https://stockanalysis.com/analysts/Ryan-McKeveny/,Not found
Ryan Lynch,9968,https://stockanalysis.com/analysts/Ryan-Lynch/,Not found
Sanjeev Rana,9968,https://stockanalysis.com/analysts/Sanjeev-Rana/,Not found
Samuel Eisner,9968,https://stockanalysis.com/analysts/Samuel-Eisner/,Not found
Bryan Adams,9968,https://stockanalysis.com/analysts/Bryan-Adams/,Not found
Hartaj Singh,9968,https://stockanalysis.com/analysts/Hartaj-Singh/,Not found
Market Perform,9968,https://stockanalysis.com/analysts/Market-Perform/,Not found
Mark Purcell,9968,https://stockanalysis.com/analysts/Mark-Purcell/,Not found
Matt Howlett,9968,https://stockanalysis.com/analysts/Matt-Howlett/,Not found
Matt Farrell,9968,https://stockanalysis.com/analysts/Matt-Farrell/,Not found
Matt Breese,9968,https://stockanalysis.com/analysts/Matt-Breese/,Not found
Harry Read,9968,https://stockanalysis.com/analysts/Harry-Read/,Not found
Carly Kenselaar,9968,https://stockanalysis.com/analysts/Carly-Kenselaar/,Not found
Carlos De,9968,https://stockanalysis.com/analysts/Carlos-De/,Not found
Camille Bonnel,9968,https://stockanalysis.com/analysts/Camille-Bonnel/,Not found
Cameron Mansson,9968,https://stockanalysis.com/analysts/Cameron-Mansson/,Not found
Sabrina Abrams,9968,https://stockanalysis.com/analysts/Sabrina-Abrams/,Not found
Scott Marks,9968,https://stockanalysis.com/analysts/Scott-Marks/,Not found
JESALYN Wong,9968,https://stockanalysis.com/analysts/JESALYN-Wong/,Not found
Ian Moore,9968,https://stockanalysis.com/analysts/Ian-Moore/,Not found
Ian Macpherson,9968,https://stockanalysis.com/analysts/Ian-Macpherson/,Not found
Holly Stewart,9968,https://stockanalysis.com/analysts/Holly-Stewart/,Not found
Himanshu Gupta,9968,https://stockanalysis.com/analysts/Himanshu-Gupta/,Not found
Henry Meyer,9968,https://stockanalysis.com/analysts/Henry-Meyer/,Not found
Helfey Hannah,9968,https://stockanalysis.com/analysts/Helfey-Hannah/,Not found
Heather Balsky,9968,https://stockanalysis.com/analysts/Heather-Balsky/,Not found
C J,9968,https://stockanalysis.com/analysts/C-J/,Not found
Burrows Szczupak,9968,https://stockanalysis.com/analysts/Burrows-Szczupak/,Not found
Bryce Rowe,9968,https://stockanalysis.com/analysts/Bryce-Rowe/,Not found
Bryan Spillane,9968,https://stockanalysis.com/analysts/Bryan-Spillane/,Not found
Bryan Maher,9968,https://stockanalysis.com/analysts/Bryan-Maher/,Not found
James Callahan,9968,https://stockanalysis.com/analysts/James-Callahan/,Not found
Jacob Smith,9968,https://stockanalysis.com/analysts/Jacob-Smith/,Not found
Jack Vander,9968,https://stockanalysis.com/analysts/Jack-Vander/,Not found
Jack Cummins,9968,https://stockanalysis.com/analysts/Jack-Cummins/,Not found
Bruce Chan,9968,https://stockanalysis.com/analysts/Bruce-Chan/,Not found
Brock Vandervliet,9968,https://stockanalysis.com/analysts/Brock-Vandervliet/,Not found
Brian Lee,9968,https://stockanalysis.com/analysts/Brian-Lee/,Not found
Brian Flores,9968,https://stockanalysis.com/analysts/Brian-Flores/,Not found
Brian Fitzgerald,9968,https://stockanalysis.com/analysts/Brian-Fitzgerald/,Not found
Brian Butler,9968,https://stockanalysis.com/analysts/Brian-Butler/,Not found
Brian Brungardt,9968,https://stockanalysis.com/analysts/Brian-Brungardt/,Not found
Brett Simpson,9968,https://stockanalysis.com/analysts/Brett-Simpson/,Not found
Bradley Berning,9968,https://stockanalysis.com/analysts/Bradley-Berning/,Not found
Brad Sills,9968,https://stockanalysis.com/analysts/Brad-Sills/,Not found
Shane Brett,9968,https://stockanalysis.com/analysts/Shane-Brett/,Not found
Shagun Singh,9968,https://stockanalysis.com/analysts/Shagun-Singh/,Not found
Seth Gilbert,9968,https://stockanalysis.com/analysts/Seth-Gilbert/,Not found
Scott Fidel,9968,https://stockanalysis.com/analysts/Scott-Fidel/,Not found
Scott Ciccarelli,9968,https://stockanalysis.com/analysts/Scott-Ciccarelli/,Not found
Brett Feldman,9968,https://stockanalysis.com/analysts/Brett-Feldman/,Not found
Brent Navon,9968,https://stockanalysis.com/analysts/Brent-Navon/,Not found
Brent Dilts,9968,https://stockanalysis.com/analysts/Brent-Dilts/,Not found
Brent Bracelin,9968,https://stockanalysis.com/analysts/Brent-Bracelin/,Not found
Sean Meakim,9968,https://stockanalysis.com/analysts/Sean-Meakim/,Not found
Sean Lee,9968,https://stockanalysis.com/analysts/Sean-Lee/,Not found
MarK Shutley,9968,https://stockanalysis.com/analysts/MarK-Shutley/,Not found
James Heaney,9968,https://stockanalysis.com/analysts/James-Heaney/,Not found
James Goss,9968,https://stockanalysis.com/analysts/James-Goss/,Not found
James Fotheringham,9968,https://stockanalysis.com/analysts/James-Fotheringham/,Not found
Mario Lu,9968,https://stockanalysis.com/analysts/Mario-Lu/,Not found
Mariana Taddeo,9968,https://stockanalysis.com/analysts/Mariana-Taddeo/,Not found
Mariana Perez,9968,https://stockanalysis.com/analysts/Mariana-Perez/,Not found
Maria Thibault,9968,https://stockanalysis.com/analysts/Maria-Thibault/,Not found
Marcus Cole,9968,https://stockanalysis.com/analysts/Marcus-Cole/,Not found
Sean King,9968,https://stockanalysis.com/analysts/Sean-King/,Not found
Brandon King,9968,https://stockanalysis.com/analysts/Brandon-King/,Not found
Brady Gailey,9968,https://stockanalysis.com/analysts/Brady-Gailey/,Not found
Simon Flannery,9968,https://stockanalysis.com/analysts/Simon-Flannery/,Not found
Bin Kim,9968,https://stockanalysis.com/analysts/Bin-Kim/,Not found
James Sheehan,9968,https://stockanalysis.com/analysts/James-Sheehan/,Not found
Madhu Kumar,9968,https://stockanalysis.com/analysts/Madhu-Kumar/,Not found
Luke Lemoine,9968,https://stockanalysis.com/analysts/Luke-Lemoine/,Not found
Luiz Carvalho,9968,https://stockanalysis.com/analysts/Luiz-Carvalho/,Not found
Sean Wieland,9968,https://stockanalysis.com/analysts/Sean-Wieland/,Not found
Brad Capuzzi,9968,https://stockanalysis.com/analysts/Brad-Capuzzi/,Not found
Brad Canino,9968,https://stockanalysis.com/analysts/Brad-Canino/,Not found
Boris Van,9968,https://stockanalysis.com/analysts/Boris-Van/,Not found
Boonie Herzog,9968,https://stockanalysis.com/analysts/Boonie-Herzog/,Not found
Bobby Zolper,9968,https://stockanalysis.com/analysts/Bobby-Zolper/,Not found
Bob Jian,9968,https://stockanalysis.com/analysts/Bob-Jian/,Not found
Bob Drbul,9968,https://stockanalysis.com/analysts/Bob-Drbul/,Not found
Sidney Ho,9968,https://stockanalysis.com/analysts/Sidney-Ho/,Not found
Shneur Gershuni,9968,https://stockanalysis.com/analysts/Shneur-Gershuni/,Not found
Neil Kalton,9968,https://stockanalysis.com/analysts/Neil-Kalton/,Not found
Neel Kumar,9968,https://stockanalysis.com/analysts/Neel-Kumar/,Not found
Nathan Rice,9968,https://stockanalysis.com/analysts/Nathan-Rice/,Not found
Doug Harter,9968,https://stockanalysis.com/analysts/Doug-Harter/,Not found
Dori Kesten,9968,https://stockanalysis.com/analysts/Dori-Kesten/,Not found
Nicole Miller,9968,https://stockanalysis.com/analysts/Nicole-Miller/,Not found
Nicole Germino,9968,https://stockanalysis.com/analysts/Nicole-Germino/,Not found
Nick Pope,9968,https://stockanalysis.com/analysts/Nick-Pope/,Not found
Deborah Ciervo,9968,https://stockanalysis.com/analysts/Deborah-Ciervo/,Not found
De Bruin,9968,https://stockanalysis.com/analysts/De-Bruin/,Not found
David Togut,9968,https://stockanalysis.com/analysts/David-Togut/,Not found
David Strauss,9968,https://stockanalysis.com/analysts/David-Strauss/,Not found
David Smith,9968,https://stockanalysis.com/analysts/David-Smith/,Not found
David Seigerman,9968,https://stockanalysis.com/analysts/David-Seigerman/,Not found
David Rodgers,9968,https://stockanalysis.com/analysts/David-Rodgers/,Not found
Lucas Pipes,9968,https://stockanalysis.com/analysts/Lucas-Pipes/,Not found
Louthan IV,9968,https://stockanalysis.com/analysts/Louthan-IV/,Not found
Louise Singlehurst,9968,https://stockanalysis.com/analysts/Louise-Singlehurst/,Not found
Jared Dinges,9968,https://stockanalysis.com/analysts/Jared-Dinges/,Not found
Janice Quek,9968,https://stockanalysis.com/analysts/Janice-Quek/,Not found
Janco Venter,9968,https://stockanalysis.com/analysts/Janco-Venter/,Not found
Shiwen Li,9968,https://stockanalysis.com/analysts/Shiwen-Li/,Not found
Sheila McGrath,9968,https://stockanalysis.com/analysts/Sheila-McGrath/,Not found
Spiro Dounis,9968,https://stockanalysis.com/analysts/Spiro-Dounis/,Not found
Soumit Roy,9968,https://stockanalysis.com/analysts/Soumit-Roy/,Not found
Sorabh Daga,9968,https://stockanalysis.com/analysts/Sorabh-Daga/,Not found
Soe Naing,9968,https://stockanalysis.com/analysts/Soe-Naing/,Not found
Smedes Rose,9968,https://stockanalysis.com/analysts/Smedes-Rose/,Not found
Jason English,9968,https://stockanalysis.com/analysts/Jason-English/,Not found
Jason Bouvier,9968,https://stockanalysis.com/analysts/Jason-Bouvier/,Not found
Lisa Clive,9968,https://stockanalysis.com/analysts/Lisa-Clive/,Not found
Lili Nsongo,9968,https://stockanalysis.com/analysts/Lili-Nsongo/,Not found
Liisa Bayko,9968,https://stockanalysis.com/analysts/Liisa-Bayko/,Not found
Bill Maughan,9968,https://stockanalysis.com/analysts/Bill-Maughan/,Not found
Bill Katz,9968,https://stockanalysis.com/analysts/Bill-Katz/,Not found
Bill Chappell,9968,https://stockanalysis.com/analysts/Bill-Chappell/,Not found
Biju Perincheril,9968,https://stockanalysis.com/analysts/Biju-Perincheril/,Not found
Bhumi Kanabar,9968,https://stockanalysis.com/analysts/Bhumi-Kanabar/,Not found
Stephanie Grambling,9968,https://stockanalysis.com/analysts/Stephanie-Grambling/,Not found
Stephanie Davis,9968,https://stockanalysis.com/analysts/Stephanie-Davis/,Not found
Stanley Elliott,9968,https://stockanalysis.com/analysts/Stanley-Elliott/,Not found
Stan Zlotsky,9968,https://stockanalysis.com/analysts/Stan-Zlotsky/,Not found
Srini Pajjuir,9968,https://stockanalysis.com/analysts/Srini-Pajjuir/,Not found
Steve Silver,9968,https://stockanalysis.com/analysts/Steve-Silver/,Not found
Steve Seedhouse,9968,https://stockanalysis.com/analysts/Steve-Seedhouse/,Not found
Steve Powers,9968,https://stockanalysis.com/analysts/Steve-Powers/,Not found
Steve Koenig,9968,https://stockanalysis.com/analysts/Steve-Koenig/,Not found
Steve Brozak,9968,https://stockanalysis.com/analysts/Steve-Brozak/,Not found
Betty Jing,9968,https://stockanalysis.com/analysts/Betty-Jing/,Not found
Betsy Graseck,9968,https://stockanalysis.com/analysts/Betsy-Graseck/,Not found
Bert Subin,9968,https://stockanalysis.com/analysts/Bert-Subin/,Not found
Benjamin Miller,9968,https://stockanalysis.com/analysts/Benjamin-Miller/,Not found
Benjamin Haynor,9968,https://stockanalysis.com/analysts/Benjamin-Haynor/,Not found
Benjamin Gerlinger,9968,https://stockanalysis.com/analysts/Benjamin-Gerlinger/,Not found
Benjamin Black,9968,https://stockanalysis.com/analysts/Benjamin-Black/,Not found
Ben Miller,9968,https://stockanalysis.com/analysts/Ben-Miller/,Not found
Ben Chaiken,9968,https://stockanalysis.com/analysts/Ben-Chaiken/,Not found
Jason Haas,9968,https://stockanalysis.com/analysts/Jason-Haas/,Not found
Jason Gursky,9968,https://stockanalysis.com/analysts/Jason-Gursky/,Not found
Steven Frankel,9968,https://stockanalysis.com/analysts/Steven-Frankel/,Not found
Steven Enders,9968,https://stockanalysis.com/analysts/Steven-Enders/,Not found
Steven Cahill,9968,https://stockanalysis.com/analysts/Steven-Cahill/,Not found
Ashwin Shirvaikar,9968,https://stockanalysis.com/analysts/Ashwin-Shirvaikar/,Not found
Jason Wittes,9968,https://stockanalysis.com/analysts/Jason-Wittes/,Not found
Jason Mills,9968,https://stockanalysis.com/analysts/Jason-Mills/,Not found
Lee Krowl,9968,https://stockanalysis.com/analysts/Lee-Krowl/,Not found
Leandro Bastos,9968,https://stockanalysis.com/analysts/Leandro-Bastos/,Not found
Lawrence Biegelsen,9968,https://stockanalysis.com/analysts/Lawrence-Biegelsen/,Not found
Stephen Trent,9968,https://stockanalysis.com/analysts/Stephen-Trent/,Not found
Steven Alexoloulos,9968,https://stockanalysis.com/analysts/Steven-Alexoloulos/,Not found
Steve Wieczynski,9968,https://stockanalysis.com/analysts/Steve-Wieczynski/,Not found
Steve Valiquette,9968,https://stockanalysis.com/analysts/Steve-Valiquette/,Not found
Korinne Wolfmeyer,9968,https://stockanalysis.com/analysts/Korinne-Wolfmeyer/,Not found
Jeff Hickey,9968,https://stockanalysis.com/analysts/Jeff-Hickey/,Not found
Jeff Garro,9968,https://stockanalysis.com/analysts/Jeff-Garro/,Not found
Jeff Cohen,9968,https://stockanalysis.com/analysts/Jeff-Cohen/,Not found
Jeff Adelson,9968,https://stockanalysis.com/analysts/Jeff-Adelson/,Not found
Jean Ann,9968,https://stockanalysis.com/analysts/Jean-Ann/,Not found
Lauren Schenk,9968,https://stockanalysis.com/analysts/Lauren-Schenk/,Not found
Larry Solow,9968,https://stockanalysis.com/analysts/Larry-Solow/,Not found
Landon Park,9968,https://stockanalysis.com/analysts/Landon-Park/,Not found
Kyle Voigt,9968,https://stockanalysis.com/analysts/Kyle-Voigt/,Not found
Kyle Mikson,9968,https://stockanalysis.com/analysts/Kyle-Mikson/,Not found
Javier Martinez,9968,https://stockanalysis.com/analysts/Javier-Martinez/,Not found
Austin Dietz,9968,https://stockanalysis.com/analysts/Austin-Dietz/,Not found
Ati Modak,9968,https://stockanalysis.com/analysts/Ati-Modak/,Not found
Steven Sheeckutz,9968,https://stockanalysis.com/analysts/Steven-Sheeckutz/,Not found
Steven Madden,9968,https://stockanalysis.com/analysts/Steven-Madden/,Not found
Jeffrey Bernstein,9968,https://stockanalysis.com/analysts/Jeffrey-Bernstein/,Not found
Jeffery Harte,9968,https://stockanalysis.com/analysts/Jeffery-Harte/,Not found
Jefferson Harralson,9968,https://stockanalysis.com/analysts/Jefferson-Harralson/,Not found
Jefferey Hammond,9968,https://stockanalysis.com/analysts/Jefferey-Hammond/,Not found
Jeff Van,9968,https://stockanalysis.com/analysts/Jeff-Van/,Not found
Jeff Kessler,9968,https://stockanalysis.com/analysts/Jeff-Kessler/,Not found
Kosta Tasoulis,9968,https://stockanalysis.com/analysts/Kosta-Tasoulis/,Not found
Ashley Helgans,9968,https://stockanalysis.com/analysts/Ashley-Helgans/,Not found
Arthur Lai,9968,https://stockanalysis.com/analysts/Arthur-Lai/,Not found
Arthur He,9968,https://stockanalysis.com/analysts/Arthur-He/,Not found
Arnon Shirazi,9968,https://stockanalysis.com/analysts/Arnon-Shirazi/,Not found
Susy Tibaldi,9968,https://stockanalysis.com/analysts/Susy-Tibaldi/,Not found
Sung Ji,9968,https://stockanalysis.com/analysts/Sung-Ji/,Not found
Suji Desilva,9968,https://stockanalysis.com/analysts/Suji-Desilva/,Not found
Strong Buy,9968,https://stockanalysis.com/analysts/Strong-Buy/,Not found
Andy Terrell,9968,https://stockanalysis.com/analysts/Andy-Terrell/,Not found
Andy Marok,9968,https://stockanalysis.com/analysts/Andy-Marok/,Not found
André Uggedal,9968,empty,Not found
Andrew Wong,9968,https://stockanalysis.com/analysts/Andrew-Wong/,Not found
Andrew Uerkwitz,9968,https://stockanalysis.com/analysts/Andrew-Uerkwitz/,Not found
Thomas Catherwood,9968,https://stockanalysis.com/analysts/Thomas-Catherwood/,Not found
Thomas Burlton,9968,https://stockanalysis.com/analysts/Thomas-Burlton/,Not found
Anthony Powell,9968,https://stockanalysis.com/analysts/Anthony-Powell/,Not found
Anthony Linton,9968,https://stockanalysis.com/analysts/Anthony-Linton/,Not found
Tejas Savant,9968,https://stockanalysis.com/analysts/Tejas-Savant/,Not found
Taz Koujalgi,9968,https://stockanalysis.com/analysts/Taz-Koujalgi/,Not found
Taylor Morrison,9968,https://stockanalysis.com/analysts/Taylor-Morrison/,Not found
Tao Qiu,9968,https://stockanalysis.com/analysts/Tao-Qiu/,Not found
Jeffrey Lick,9968,https://stockanalysis.com/analysts/Jeffrey-Lick/,Not found
Jeffrey Hung,9968,https://stockanalysis.com/analysts/Jeffrey-Hung/,Not found
Tim Chiodo,9968,https://stockanalysis.com/analysts/Tim-Chiodo/,Not found
Kenneth Shiu,9968,https://stockanalysis.com/analysts/Kenneth-Shiu/,Not found
Jesse Sobelson,9968,https://stockanalysis.com/analysts/Jesse-Sobelson/,Not found
Jennifer Swanson,9968,https://stockanalysis.com/analysts/Jennifer-Swanson/,Not found
Jennifer Demba,9968,https://stockanalysis.com/analysts/Jennifer-Demba/,Not found
Jeffrey Zekaukas,9968,https://stockanalysis.com/analysts/Jeffrey-Zekaukas/,Not found
Jeffrey Rulis,9968,https://stockanalysis.com/analysts/Jeffrey-Rulis/,Not found
Jeffrey Reive,9968,https://stockanalysis.com/analysts/Jeffrey-Reive/,Not found
Jeffrey Osborne,9968,https://stockanalysis.com/analysts/Jeffrey-Osborne/,Not found
Kimberly Greenberger,9968,https://stockanalysis.com/analysts/Kimberly-Greenberger/,Not found
Kieran De,9968,https://stockanalysis.com/analysts/Kieran-De/,Not found
Ki Bin,9968,https://stockanalysis.com/analysts/Ki-Bin/,Not found
Kevin Liu,9968,https://stockanalysis.com/analysts/Kevin-Liu/,Not found
Anne Meisner,9968,https://stockanalysis.com/analysts/Anne-Meisner/,Not found
Andy Yu,9968,https://stockanalysis.com/analysts/Andy-Yu/,Not found
Joao Pedro,9968,https://stockanalysis.com/analysts/Joao-Pedro/,Not found
Jin Yoon,9968,https://stockanalysis.com/analysts/Jin-Yoon/,Not found
Jimmy Yoon,9968,https://stockanalysis.com/analysts/Jimmy-Yoon/,Not found
Jim Duffy,9968,https://stockanalysis.com/analysts/Jim-Duffy/,Not found
Jessica Reif,9968,https://stockanalysis.com/analysts/Jessica-Reif/,Not found
Jessica Ehrlich,9968,https://stockanalysis.com/analysts/Jessica-Ehrlich/,Not found
Kevin Fitzsimmons,9968,https://stockanalysis.com/analysts/Kevin-Fitzsimmons/,Not found
Kevin Barker,9968,https://stockanalysis.com/analysts/Kevin-Barker/,Not found
Kenneth Worthington,9968,https://stockanalysis.com/analysts/Kenneth-Worthington/,Not found
Terence Malone,9968,https://stockanalysis.com/analysts/Terence-Malone/,Not found
Andrew Schmidt,9968,https://stockanalysis.com/analysts/Andrew-Schmidt/,Not found
Andrew Rosivach,9968,https://stockanalysis.com/analysts/Andrew-Rosivach/,Not found
Andrew Mok,9968,https://stockanalysis.com/analysts/Andrew-Mok/,Not found
Andrew Madrid,9968,https://stockanalysis.com/analysts/Andrew-Madrid/,Not found
Tim Perz,9968,https://stockanalysis.com/analysts/Tim-Perz/,Not found
Joe Vruwink,9968,https://stockanalysis.com/analysts/Joe-Vruwink/,Not found
Joe Reagor,9968,https://stockanalysis.com/analysts/Joe-Reagor/,Not found
Joe Quatrochi,9968,https://stockanalysis.com/analysts/Joe-Quatrochi/,Not found
Joe Meares,9968,https://stockanalysis.com/analysts/Joe-Meares/,Not found
Joe Goodwin,9968,https://stockanalysis.com/analysts/Joe-Goodwin/,Not found
Joe Giordano,9968,https://stockanalysis.com/analysts/Joe-Giordano/,Not found
Ken Wong,9968,https://stockanalysis.com/analysts/Ken-Wong/,Not found
Ken Newman,9968,https://stockanalysis.com/analysts/Ken-Newman/,Not found
Ken Herbert,9968,https://stockanalysis.com/analysts/Ken-Herbert/,Not found
Ken Goldman,9968,https://stockanalysis.com/analysts/Ken-Goldman/,Not found
Kelly Shi,9968,https://stockanalysis.com/analysts/Kelly-Shi/,Not found
Andrew Jones,9968,https://stockanalysis.com/analysts/Andrew-Jones/,Not found
Andrew Carter,9968,https://stockanalysis.com/analysts/Andrew-Carter/,Not found
Andrew Bowler,9968,https://stockanalysis.com/analysts/Andrew-Bowler/,Not found
Andrew Baum,9968,https://stockanalysis.com/analysts/Andrew-Baum/,Not found
Timothy Switzer,9968,https://stockanalysis.com/analysts/Timothy-Switzer/,Not found
Keegan Carl,9968,https://stockanalysis.com/analysts/Keegan-Carl/,Not found
Katie Fleischer,9968,https://stockanalysis.com/analysts/Katie-Fleischer/,Not found
Katherine Griffin,9968,https://stockanalysis.com/analysts/Katherine-Griffin/,Not found
Joel Lederman,9968,https://stockanalysis.com/analysts/Joel-Lederman/,Not found
Joel Fishbein,9968,https://stockanalysis.com/analysts/Joel-Fishbein/,Not found
Joel Beatty,9968,https://stockanalysis.com/analysts/Joel-Beatty/,Not found
Tim Thein,9968,https://stockanalysis.com/analysts/Tim-Thein/,Not found
Andres Maldonado,9968,https://stockanalysis.com/analysts/Andres-Maldonado/,Not found
Andreas Sheppard,9968,https://stockanalysis.com/analysts/Andreas-Sheppard/,Not found
Andrea Teixeira,9968,https://stockanalysis.com/analysts/Andrea-Teixeira/,Not found
Andre Uggedal,9968,https://stockanalysis.com/analysts/Andre-Uggedal/,Not found
Tommy McJoynt,9968,https://stockanalysis.com/analysts/Tommy-McJoynt/,Not found
Tom Stephan,9968,https://stockanalysis.com/analysts/Tom-Stephan/,Not found
Tom O Malley,9968,https://stockanalysis.com/analysts/Tom-O-Malley/,Not found
Tom McGovern,9968,https://stockanalysis.com/analysts/Tom-McGovern/,Not found
Tom Hayes,9968,https://stockanalysis.com/analysts/Tom-Hayes/,Not found
Van Sinderen,9968,https://stockanalysis.com/analysts/Van-Sinderen/,Not found
Tyler Brown,9968,https://stockanalysis.com/analysts/Tyler-Brown/,Not found
Tsin Huang,9968,https://stockanalysis.com/analysts/Tsin-Huang/,Not found
Alice Xiao,9968,https://stockanalysis.com/analysts/Alice-Xiao/,Not found
Ali Faghri,9968,https://stockanalysis.com/analysts/Ali-Faghri/,Not found
Tom Fitzgerald,9968,https://stockanalysis.com/analysts/Tom-Fitzgerald/,Not found
Todd Weller,9968,https://stockanalysis.com/analysts/Todd-Weller/,Not found
Trevor Walsh,9968,https://stockanalysis.com/analysts/Trevor-Walsh/,Not found
Toshiya Hari,9968,https://stockanalysis.com/analysts/Toshiya-Hari/,Not found
Tony DiMatteo,9968,https://stockanalysis.com/analysts/Tony-DiMatteo/,Not found
Toni Sacconaghi,9968,https://stockanalysis.com/analysts/Toni-Sacconaghi/,Not found
John Glass,9968,https://stockanalysis.com/analysts/John-Glass/,Not found
John Gibson,9968,https://stockanalysis.com/analysts/John-Gibson/,Not found
John Egbert,9968,https://stockanalysis.com/analysts/John-Egbert/,Not found
John Edelman,9968,https://stockanalysis.com/analysts/John-Edelman/,Not found
Vilas Abraham,9968,https://stockanalysis.com/analysts/Vilas-Abraham/,Not found
Vikram Purohit,9968,https://stockanalysis.com/analysts/Vikram-Purohit/,Not found
Vikram Malhorta,9968,https://stockanalysis.com/analysts/Vikram-Malhorta/,Not found
Juan Sanabria,9968,https://stockanalysis.com/analysts/Juan-Sanabria/,Not found
John Rogers,9968,https://stockanalysis.com/analysts/John-Rogers/,Not found
John Roberts,9968,https://stockanalysis.com/analysts/John-Roberts/,Not found
John Nadel,9968,https://stockanalysis.com/analysts/John-Nadel/,Not found
John Murphy,9968,https://stockanalysis.com/analysts/John-Murphy/,Not found
John McDonald,9968,https://stockanalysis.com/analysts/John-McDonald/,Not found
Kartik Mehta,9968,https://stockanalysis.com/analysts/Kartik-Mehta/,Not found
Karol Chmiel,9968,https://stockanalysis.com/analysts/Karol-Chmiel/,Not found
Kaio Prato,9968,https://stockanalysis.com/analysts/Kaio-Prato/,Not found
Amanda Sweitzer,9968,https://stockanalysis.com/analysts/Amanda-Sweitzer/,Not found
Ally Yseen,9968,https://stockanalysis.com/analysts/Ally-Yseen/,Not found
Jonathan Hughes,9968,https://stockanalysis.com/analysts/Jonathan-Hughes/,Not found
Jonathan Brandt,9968,https://stockanalysis.com/analysts/Jonathan-Brandt/,Not found
Jonathan Bock,9968,https://stockanalysis.com/analysts/Jonathan-Bock/,Not found
Joshua Jennings,9968,https://stockanalysis.com/analysts/Joshua-Jennings/,Not found
Josh Schimmer,9968,https://stockanalysis.com/analysts/Josh-Schimmer/,Not found
Jon Young,9968,https://stockanalysis.com/analysts/Jon-Young/,Not found
John Young,9968,https://stockanalysis.com/analysts/John-Young/,Not found
John Wilkin,9968,https://stockanalysis.com/analysts/John-Wilkin/,Not found
John Te,9968,https://stockanalysis.com/analysts/John-Te/,Not found
John Sourbeer,9968,https://stockanalysis.com/analysts/John-Sourbeer/,Not found
John Rowan,9968,https://stockanalysis.com/analysts/John-Rowan/,Not found
Alexia Howard,9968,https://stockanalysis.com/analysts/Alexia-Howard/,Not found
Alexandra Steiger,9968,https://stockanalysis.com/analysts/Alexandra-Steiger/,Not found
Alexander Waters,9968,https://stockanalysis.com/analysts/Alexander-Waters/,Not found
Vincent Ciantic,9968,https://stockanalysis.com/analysts/Vincent-Ciantic/,Not found
Vitor Tomita,9968,https://stockanalysis.com/analysts/Vitor-Tomita/,Not found
Vincent Sinisi,9968,https://stockanalysis.com/analysts/Vincent-Sinisi/,Not found
William Kirk,9968,https://stockanalysis.com/analysts/William-Kirk/,Not found
William Jellison,9968,https://stockanalysis.com/analysts/William-Jellison/,Not found
William Crow,9968,https://stockanalysis.com/analysts/William-Crow/,Not found
Weston Bloomer,9968,https://stockanalysis.com/analysts/Weston-Bloomer/,Not found
Alex Potter,9968,https://stockanalysis.com/analysts/Alex-Potter/,Not found
Alex Perry,9968,https://stockanalysis.com/analysts/Alex-Perry/,Not found
Alexander Platt,9968,https://stockanalysis.com/analysts/Alexander-Platt/,Not found
Alex Thompson,9968,https://stockanalysis.com/analysts/Alex-Thompson/,Not found
Alex Straton,9968,https://stockanalysis.com/analysts/Alex-Straton/,Not found
Alex Stranahan,9968,https://stockanalysis.com/analysts/Alex-Stranahan/,Not found
Wesley Golladay,9968,https://stockanalysis.com/analysts/Wesley-Golladay/,Not found
Weng Chen,9968,https://stockanalysis.com/analysts/Weng-Chen/,Not found
Wei Xiong,9968,https://stockanalysis.com/analysts/Wei-Xiong/,Not found
David Motemeden,9968,https://stockanalysis.com/analysts/David-Motemeden/,Not found
Don Carducci,9968,https://stockanalysis.com/analysts/Don-Carducci/,Not found
Domingos Falavina,9968,https://stockanalysis.com/analysts/Domingos-Falavina/,Not found
Divya Goyal,9968,https://stockanalysis.com/analysts/Divya-Goyal/,Not found
Dimple Gosai,9968,https://stockanalysis.com/analysts/Dimple-Gosai/,Not found
Dimple Gosa,9968,https://stockanalysis.com/analysts/Dimple-Gosa/,Not found
Dillon Cumming,9968,https://stockanalysis.com/analysts/Dillon-Cumming/,Not found
Nick Joseph,9968,https://stockanalysis.com/analysts/Nick-Joseph/,Not found
Nick Housden,9968,https://stockanalysis.com/analysts/Nick-Housden/,Not found
Nick Del,9968,https://stockanalysis.com/analysts/Nick-Del/,Not found
Nick Abbott,9968,https://stockanalysis.com/analysts/Nick-Abbott/,Not found
Nicholas Watts,9968,https://stockanalysis.com/analysts/Nicholas-Watts/,Not found
Nicholas Thomas,9968,https://stockanalysis.com/analysts/Nicholas-Thomas/,Not found
Nicholas Jones,9968,https://stockanalysis.com/analysts/Nicholas-Jones/,Not found
Diego Aragao,9968,https://stockanalysis.com/analysts/Diego-Aragao/,Not found
Destiny Hance,9968,https://stockanalysis.com/analysts/Destiny-Hance/,Not found
lvan Tuerkcan,9968,https://stockanalysis.com/analysts/lvan-Tuerkcan/,Not found
Xavier Bouvignies,9968,https://stockanalysis.com/analysts/Xavier-Bouvignies/,Not found
de Angele,9968,https://stockanalysis.com/analysts/de-Angele/,Not found
Woody Lay,9968,https://stockanalysis.com/analysts/Woody-Lay/,Not found
