Analyst name,Ranking,URL,Last update
Asiya Merchant,2,https://stockanalysis.com/analysts/Asiya-Merchant/,04 Sep 2026
Timothy Arcuri,5,https://stockanalysis.com/analysts/Timothy-Arcuri/,04 Sep 2026
Justin Jenkins,6,https://stockanalysis.com/analysts/Justin-Jenkins/,11 Aug 2026
Atif Malik,7,https://stockanalysis.com/analysts/Atif-Malik/,04 Sep 2026
Samik Chatterjee,8,https://stockanalysis.com/analysts/Samik-Chatterjee/,02 Sep 2026
Michael Siperco,9,https://stockanalysis.com/analysts/Michael-Siperco/,10 Dec 2025
William Stein,10,https://stockanalysis.com/analysts/William-Stein/,04 Sep 2026
Aaron Rakers,11,https://stockanalysis.com/analysts/Aaron-Rakers/,03 Sep 2026
Harsh Kumar,12,https://stockanalysis.com/analysts/Harsh-Kumar/,03 Sep 2026
Vijay Rakesh,13,https://stockanalysis.com/analysts/Vijay-Rakesh/,03 Sep 2026
Matt Bryson,14,https://stockanalysis.com/analysts/Matt-Bryson/,03 Sep 2026
Chris Hallam,16,https://stockanalysis.com/analysts/Chris-Hallam/,01 Sep 2026
Theresa Chen,17,https://stockanalysis.com/analysts/Theresa-Chen/,03 Sep 2026
Ebrahim Poonawala,18,https://stockanalysis.com/analysts/Ebrahim-Poonawala/,31 Aug 2026
Josh Wolfson,19,https://stockanalysis.com/analysts/Josh-Wolfson/,17 Aug 2026
Dan Payne,20,https://stockanalysis.com/analysts/Dan-Payne/,07 Aug 2026
Amit Daryanani,23,https://stockanalysis.com/analysts/Amit-Daryanani/,03 Sep 2026
Rick Schafer,24,https://stockanalysis.com/analysts/Rick-Schafer/,28 Aug 2026
Harlan Sur,25,https://stockanalysis.com/analysts/Harlan-Sur/,03 Sep 2026
Krish Sankar,26,https://stockanalysis.com/analysts/Krish-Sankar/,02 Sep 2026
Josh Sullivan,27,https://stockanalysis.com/analysts/Josh-Sullivan/,15 Jul 2026
Ruben Roy,28,https://stockanalysis.com/analysts/Ruben-Roy/,04 Sep 2026
Richard Shannon,29,https://stockanalysis.com/analysts/Richard-Shannon/,03 Sep 2026
John Freeman,30,https://stockanalysis.com/analysts/John-Freeman/,02 Sep 2026
Mark Lipacis,31,https://stockanalysis.com/analysts/Mark-Lipacis/,03 Sep 2026
Brian MacArthur,32,https://stockanalysis.com/analysts/Brian-MacArthur/,26 Aug 2026
Jim Kelleher,33,https://stockanalysis.com/analysts/Jim-Kelleher/,04 Sep 2026
Heiko Ihle,34,https://stockanalysis.com/analysts/Heiko-Ihle/,04 Sep 2026
Wamsi Mohan,35,https://stockanalysis.com/analysts/Wamsi-Mohan/,04 Sep 2026
Quinn Bolton,36,https://stockanalysis.com/analysts/Quinn-Bolton/,04 Sep 2026
Patrick Trucchio,38,https://stockanalysis.com/analysts/Patrick-Trucchio/,02 Sep 2026
Mark Miller,39,https://stockanalysis.com/analysts/Mark-Miller/,15 Jan 2026
Ritu Baral,40,https://stockanalysis.com/analysts/Ritu-Baral/,31 Aug 2026
Jeremy Hoy,43,https://stockanalysis.com/analysts/Jeremy-Hoy/,11 Aug 2026
Gary Tenner,45,https://stockanalysis.com/analysts/Gary-Tenner/,31 Aug 2026
Eric Winmill,47,https://stockanalysis.com/analysts/Eric-Winmill/,03 Sep 2026
Cody Acree,53,https://stockanalysis.com/analysts/Cody-Acree/,28 Aug 2026
Carey Macrury,54,https://stockanalysis.com/analysts/Carey-Macrury/,26 Aug 2026
Devin Ryan,55,https://stockanalysis.com/analysts/Devin-Ryan/,11 Aug 2026
Brent Thielman,56,https://stockanalysis.com/analysts/Brent-Thielman/,31 Aug 2026
Blayne Curtis,58,https://stockanalysis.com/analysts/Blayne-Curtis/,02 Sep 2026
David Risinger,59,https://stockanalysis.com/analysts/David-Risinger/,18 Aug 2026
Christopher Rolland,62,https://stockanalysis.com/analysts/Christopher-Rolland/,04 Sep 2026
Thomas Smith,63,https://stockanalysis.com/analysts/Thomas-Smith/,04 Aug 2026
Sam Slutsky,64,https://stockanalysis.com/analysts/Sam-Slutsky/,05 Sep 2026
Julian Harrison,65,https://stockanalysis.com/analysts/Julian-Harrison/,03 Sep 2026
Mark Newman,67,https://stockanalysis.com/analysts/Mark-Newman/,04 Sep 2026
Patrick Moley,70,https://stockanalysis.com/analysts/Patrick-Moley/,02 Sep 2026
Kian Abouhossein,72,https://stockanalysis.com/analysts/Kian-Abouhossein/,18 Aug 2026
Faisal Khurshid,74,https://stockanalysis.com/analysts/Faisal-Khurshid/,03 Sep 2026
Mark Hughes,76,https://stockanalysis.com/analysts/Mark-Hughes/,02 Sep 2026
Mike Mayo,77,https://stockanalysis.com/analysts/Mike-Mayo/,19 Aug 2026
Leo Mariani,78,https://stockanalysis.com/analysts/Leo-Mariani/,03 Sep 2026
Jason Seidl,79,https://stockanalysis.com/analysts/Jason-Seidl/,07 Aug 2026
Keith Mackey,80,https://stockanalysis.com/analysts/Keith-Mackey/,02 Sep 2026
Mike Colonnese,82,https://stockanalysis.com/analysts/Mike-Colonnese/,04 Sep 2026
Etzer Darout,83,https://stockanalysis.com/analysts/Etzer-Darout/,03 Sep 2026
John Todaro,84,https://stockanalysis.com/analysts/John-Todaro/,28 Aug 2026
Myles Minter,85,https://stockanalysis.com/analysts/Myles-Minter/,04 Sep 2026
Joon Lee,86,https://stockanalysis.com/analysts/Joon-Lee/,17 Mar 2026
Christian Schwab,87,https://stockanalysis.com/analysts/Christian-Schwab/,28 Aug 2026
Kevin Cassidy,88,https://stockanalysis.com/analysts/Kevin-Cassidy/,04 Sep 2026
Ami Fadia,89,https://stockanalysis.com/analysts/Ami-Fadia/,31 Aug 2026
Tim Savageaux,90,https://stockanalysis.com/analysts/Tim-Savageaux/,04 Sep 2026
Andres Coello,92,https://stockanalysis.com/analysts/Andres-Coello/,07 Aug 2026
Bill Papanastasiou,94,https://stockanalysis.com/analysts/Bill-Papanastasiou/,11 Aug 2026
Srini Pajjuri,95,https://stockanalysis.com/analysts/Srini-Pajjuri/,03 Sep 2026
Phil Hardie,96,https://stockanalysis.com/analysts/Phil-Hardie/,07 Aug 2026
Shrenik Kothari,97,https://stockanalysis.com/analysts/Shrenik-Kothari/,03 Sep 2026
Paul Newsome,98,https://stockanalysis.com/analysts/Paul-Newsome/,01 Sep 2026
Sanjay Sakhrani,99,https://stockanalysis.com/analysts/Sanjay-Sakhrani/,28 Aug 2026
Ross Seymore,100,https://stockanalysis.com/analysts/Ross-Seymore/,29 Jun 2026
Gerard Cassidy,101,https://stockanalysis.com/analysts/Gerard-Cassidy/,01 Sep 2026
Manav Gupta,102,https://stockanalysis.com/analysts/Manav-Gupta/,03 Sep 2026
Daniel Fannon,103,https://stockanalysis.com/analysts/Daniel-Fannon/,31 Aug 2026
Moshe Orenbuch,105,https://stockanalysis.com/analysts/Moshe-Orenbuch/,04 Sep 2026
Gautam Khanna,106,https://stockanalysis.com/analysts/Gautam-Khanna/,01 Sep 2026
Brian Chin,107,https://stockanalysis.com/analysts/Brian-Chin/,14 Aug 2026
Michael Ciarmoli,110,https://stockanalysis.com/analysts/Michael-Ciarmoli/,20 Aug 2026
Chris Caso,111,https://stockanalysis.com/analysts/Chris-Caso/,04 Aug 2026
Mehdi Hosseini,112,https://stockanalysis.com/analysts/Mehdi-Hosseini/,03 Sep 2026
Simon Leopold,113,https://stockanalysis.com/analysts/Simon-Leopold/,03 Sep 2026
Chase Knickerbocker,114,https://stockanalysis.com/analysts/Chase-Knickerbocker/,02 Sep 2026
Tristan Gerra,115,https://stockanalysis.com/analysts/Tristan-Gerra/,26 Aug 2026
David Konrad,116,https://stockanalysis.com/analysts/David-Konrad/,31 Aug 2026
Bose George,119,https://stockanalysis.com/analysts/Bose-George/,17 Aug 2026
Alexander Blostein,120,https://stockanalysis.com/analysts/Alexander-Blostein/,27 Aug 2026
Meyer Shields,121,https://stockanalysis.com/analysts/Meyer-Shields/,01 Sep 2026
Jamie Cook,123,https://stockanalysis.com/analysts/Jamie-Cook/,31 Aug 2026
Patrick Brown,124,https://stockanalysis.com/analysts/Patrick-Brown/,20 Aug 2026
Walter Spracklin,125,https://stockanalysis.com/analysts/Walter-Spracklin/,11 Aug 2026
Charles Minervino,127,https://stockanalysis.com/analysts/Charles-Minervino/,27 Aug 2026
Stacy Rasgon,128,https://stockanalysis.com/analysts/Stacy-Rasgon/,03 Sep 2026
Seamus Fernandez,129,https://stockanalysis.com/analysts/Seamus-Fernandez/,31 Aug 2026
Craig Stanley,130,https://stockanalysis.com/analysts/Craig-Stanley/,07 Aug 2026
Andrew Kaplowitz,131,https://stockanalysis.com/analysts/Andrew-Kaplowitz/,12 Aug 2026
Dave Kang,132,https://stockanalysis.com/analysts/Dave-Kang/,04 Sep 2026
Jonathan Ruykhaver,133,https://stockanalysis.com/analysts/Jonathan-Ruykhaver/,02 Sep 2026
Brian Quast,134,https://stockanalysis.com/analysts/Brian-Quast/,19 Aug 2026
John Vinh,135,https://stockanalysis.com/analysts/John-Vinh/,04 Sep 2026
Yaron Werber,136,https://stockanalysis.com/analysts/Yaron-Werber/,04 Sep 2026
Michael Schmidt,137,https://stockanalysis.com/analysts/Michael-Schmidt/,01 Sep 2026
Gregory Lewis,139,https://stockanalysis.com/analysts/Gregory-Lewis/,02 Sep 2026
Robert Brown,140,https://stockanalysis.com/analysts/Robert-Brown/,03 Sep 2026
Craig Ellis,141,https://stockanalysis.com/analysts/Craig-Ellis/,04 Sep 2026
Damon Delmonte,146,https://stockanalysis.com/analysts/Damon-Delmonte/,04 Sep 2026
Ariel Rosa,147,https://stockanalysis.com/analysts/Ariel-Rosa/,27 Aug 2026
Debanjana Chatterjee,149,https://stockanalysis.com/analysts/Debanjana-Chatterjee/,02 Sep 2026
Jason Goldberg,150,https://stockanalysis.com/analysts/Jason-Goldberg/,10 Aug 2026
Elvira Scotto,151,https://stockanalysis.com/analysts/Elvira-Scotto/,01 Sep 2026
Jonathan Chappell,152,https://stockanalysis.com/analysts/Jonathan-Chappell/,31 Aug 2026
Steve Barger,154,https://stockanalysis.com/analysts/Steve-Barger/,04 Sep 2026
Justin Post,155,https://stockanalysis.com/analysts/Justin-Post/,04 Sep 2026
Srikripa Devarakonda,156,https://stockanalysis.com/analysts/Srikripa-Devarakonda/,02 Sep 2026
Sam Crittenden,157,https://stockanalysis.com/analysts/Sam-Crittenden/,17 Aug 2026
Joseph Moore,159,https://stockanalysis.com/analysts/Joseph-Moore/,04 Sep 2026
James Ricchiuti,160,https://stockanalysis.com/analysts/James-Ricchiuti/,24 Aug 2026
David Williams,161,https://stockanalysis.com/analysts/David-Williams/,14 Aug 2026
Tore Svanberg,162,https://stockanalysis.com/analysts/Tore-Svanberg/,04 Sep 2026
Edward Nash,163,https://stockanalysis.com/analysts/Edward-Nash/,01 Sep 2026
Joseph Schwartz,164,https://stockanalysis.com/analysts/Joseph-Schwartz/,27 Jul 2026
Yasmeen Rahimi,166,https://stockanalysis.com/analysts/Yasmeen-Rahimi/,03 Sep 2026
Alex Platt,167,https://stockanalysis.com/analysts/Alex-Platt/,18 May 2026
Wood Lay,169,https://stockanalysis.com/analysts/Wood-Lay/,04 Sep 2026
Keith Horowitz,170,https://stockanalysis.com/analysts/Keith-Horowitz/,08 May 2026
Sam Margolin,172,https://stockanalysis.com/analysts/Sam-Margolin/,04 Sep 2026
Brian Brophy,174,https://stockanalysis.com/analysts/Brian-Brophy/,04 Sep 2026
Andrew Percoco,176,https://stockanalysis.com/analysts/Andrew-Percoco/,02 Sep 2026
Chris Kotowski,177,https://stockanalysis.com/analysts/Chris-Kotowski/,27 Aug 2026
Scott Hanold,178,https://stockanalysis.com/analysts/Scott-Hanold/,03 Sep 2026
Stephen Volkmann,180,https://stockanalysis.com/analysts/Stephen-Volkmann/,03 Sep 2026
Leonid Timashev,181,https://stockanalysis.com/analysts/Leonid-Timashev/,01 Sep 2026
Joshua Buchalter,182,https://stockanalysis.com/analysts/Joshua-Buchalter/,03 Sep 2026
Jason Gerberry,183,https://stockanalysis.com/analysts/Jason-Gerberry/,02 Sep 2026
Rob Owens,184,https://stockanalysis.com/analysts/Rob-Owens/,04 Sep 2026
Cosmos Chiu,185,https://stockanalysis.com/analysts/Cosmos-Chiu/,26 Aug 2026
Nehal Chokshi,187,https://stockanalysis.com/analysts/Nehal-Chokshi/,03 Sep 2026
Douglas Tsao,188,https://stockanalysis.com/analysts/Douglas-Tsao/,02 Sep 2026
Yatin Suneja,189,https://stockanalysis.com/analysts/Yatin-Suneja/,03 Sep 2026
Andrew Fein,190,https://stockanalysis.com/analysts/Andrew-Fein/,24 Aug 2026
Joseph Pantginis,191,https://stockanalysis.com/analysts/Joseph-Pantginis/,03 Sep 2026
George Sutton,192,https://stockanalysis.com/analysts/George-Sutton/,03 Sep 2026
Colin Rusch,193,https://stockanalysis.com/analysts/Colin-Rusch/,25 Aug 2026
Martin Fan,194,https://stockanalysis.com/analysts/Martin-Fan/,03 Sep 2026
Brett Huff,197,https://stockanalysis.com/analysts/Brett-Huff/,03 Sep 2026
Subbu Nambi,199,https://stockanalysis.com/analysts/Subbu-Nambi/,20 Aug 2026
Christopher McGratty,200,https://stockanalysis.com/analysts/Christopher-McGratty/,26 Aug 2026
Rudy Li,201,https://stockanalysis.com/analysts/Rudy-Li/,26 Aug 2026
Charles Zhu,204,https://stockanalysis.com/analysts/Charles-Zhu/,02 Sep 2026
Doug Schenkel,208,https://stockanalysis.com/analysts/Doug-Schenkel/,10 Dec 2025
Nathan Jones,209,https://stockanalysis.com/analysts/Nathan-Jones/,02 Sep 2026
Peter Arment,211,https://stockanalysis.com/analysts/Peter-Arment/,03 Sep 2026
Alexander Paris,213,https://stockanalysis.com/analysts/Alexander-Paris/,28 Aug 2026
Mark Delaney,214,https://stockanalysis.com/analysts/Mark-Delaney/,04 Sep 2026
Cory Kasimov,216,https://stockanalysis.com/analysts/Cory-Kasimov/,31 Aug 2026
Orest Wowkodaw,217,https://stockanalysis.com/analysts/Orest-Wowkodaw/,28 Aug 2026
Graig Suvannavejh,220,https://stockanalysis.com/analysts/Graig-Suvannavejh/,04 Sep 2026
Andrew Coombs,224,https://stockanalysis.com/analysts/Andrew-Coombs/,04 Aug 2026
Kelsey Goodwin,226,https://stockanalysis.com/analysts/Kelsey-Goodwin/,27 Aug 2026
Christopher Allen,227,https://stockanalysis.com/analysts/Christopher-Allen/,03 Sep 2026
Erik Rasmussen,231,https://stockanalysis.com/analysts/Erik-Rasmussen/,27 Aug 2026
Michael Lasser,235,https://stockanalysis.com/analysts/Michael-Lasser/,04 Sep 2026
Fadi Chamoun,237,https://stockanalysis.com/analysts/Fadi-Chamoun/,04 Sep 2026
Andrew Obin,238,https://stockanalysis.com/analysts/Andrew-Obin/,03 Sep 2026
Scott Gruber,239,https://stockanalysis.com/analysts/Scott-Gruber/,04 Sep 2026
Allison Bratzel,240,https://stockanalysis.com/analysts/Allison-Bratzel/,01 Sep 2026
Brian Bedell,241,https://stockanalysis.com/analysts/Brian-Bedell/,04 Sep 2026
Lloyd Byrne,242,https://stockanalysis.com/analysts/Lloyd-Byrne/,03 Sep 2026
Vivek Arya,243,https://stockanalysis.com/analysts/Vivek-Arya/,04 Sep 2026
Jay Olson,245,https://stockanalysis.com/analysts/Jay-Olson/,01 Sep 2026
Robert Burns,246,https://stockanalysis.com/analysts/Robert-Burns/,04 Sep 2026
Brian Meredith,250,https://stockanalysis.com/analysts/Brian-Meredith/,31 Aug 2026
Daniel Major,251,https://stockanalysis.com/analysts/Daniel-Major/,28 Aug 2026
Stephen Tusa,257,https://stockanalysis.com/analysts/Stephen-Tusa/,11 Jun 2026
Noah Kaye,260,https://stockanalysis.com/analysts/Noah-Kaye/,14 Aug 2026
Christopher Glynn,261,https://stockanalysis.com/analysts/Christopher-Glynn/,31 Aug 2026
John DiFucci,262,https://stockanalysis.com/analysts/John-DiFucci/,04 Sep 2026
Andrew Mikitchook,264,https://stockanalysis.com/analysts/Andrew-Mikitchook/,01 Sep 2026
Ronald Epstein,265,https://stockanalysis.com/analysts/Ronald-Epstein/,02 Sep 2026
Ovais Habib,266,https://stockanalysis.com/analysts/Ovais-Habib/,01 Sep 2026
Jonathan Wolleben,270,https://stockanalysis.com/analysts/Jonathan-Wolleben/,31 Aug 2026
Trevor Allred,273,https://stockanalysis.com/analysts/Trevor-Allred/,05 Aug 2026
Stephen Biggar,280,https://stockanalysis.com/analysts/Stephen-Biggar/,11 Aug 2026
Levi Spry,284,https://stockanalysis.com/analysts/Levi-Spry/,04 Sep 2026
Michael Blum,286,https://stockanalysis.com/analysts/Michael-Blum/,13 Aug 2026
Fatima Boolani,287,https://stockanalysis.com/analysts/Fatima-Boolani/,04 Sep 2026
Ross Sandler,289,https://stockanalysis.com/analysts/Ross-Sandler/,12 Aug 2026
Brandon Couillard,291,https://stockanalysis.com/analysts/Brandon-Couillard/,14 Aug 2026
Kevin Steinke,292,https://stockanalysis.com/analysts/Kevin-Steinke/,27 Aug 2026
Craig Hutchison,293,https://stockanalysis.com/analysts/Craig-Hutchison/,17 Aug 2026
Derek Archila,294,https://stockanalysis.com/analysts/Derek-Archila/,02 Sep 2026
Rami Katkhuda,295,https://stockanalysis.com/analysts/Rami-Katkhuda/,03 Sep 2026
Charles Shi,296,https://stockanalysis.com/analysts/Charles-Shi/,27 Aug 2026
Gus Richard,297,https://stockanalysis.com/analysts/Gus-Richard/,04 Sep 2026
Melissa Fairbanks,298,https://stockanalysis.com/analysts/Melissa-Fairbanks/,07 Aug 2026
David Feaster,299,https://stockanalysis.com/analysts/David-Feaster/,31 Aug 2026
Raj Ray,300,https://stockanalysis.com/analysts/Raj-Ray/,30 Aug 2026
David Manthey,301,https://stockanalysis.com/analysts/David-Manthey/,11 Aug 2026
Anita Soni,302,https://stockanalysis.com/analysts/Anita-Soni/,17 Aug 2026
Peter Benedict,304,https://stockanalysis.com/analysts/Peter-Benedict/,03 Sep 2026
John Eade,305,https://stockanalysis.com/analysts/John-Eade/,02 Sep 2026
Erin Wright,306,https://stockanalysis.com/analysts/Erin-Wright/,25 Aug 2026
Mark Devries,307,https://stockanalysis.com/analysts/Mark-Devries/,20 Aug 2026
Mark DeVries,307,https://stockanalysis.com/analysts/Mark-DeVries/,20 Aug 2026
Bryan Blair,309,https://stockanalysis.com/analysts/Bryan-Blair/,21 Aug 2026
Naved Khan,311,https://stockanalysis.com/analysts/Naved-Khan/,02 Sep 2026
Tim Long,313,https://stockanalysis.com/analysts/Tim-Long/,04 Sep 2026
Gregory Renza,314,https://stockanalysis.com/analysts/Gregory-Renza/,03 Sep 2026
Mike Crawford,315,https://stockanalysis.com/analysts/Mike-Crawford/,13 Aug 2026
Ananda Baruah,317,https://stockanalysis.com/analysts/Ananda-Baruah/,19 Aug 2026
David Nierengarten,318,https://stockanalysis.com/analysts/David-Nierengarten/,03 Sep 2026
Michael Grondahl,319,https://stockanalysis.com/analysts/Michael-Grondahl/,03 Sep 2026
Joseph Stringer,320,https://stockanalysis.com/analysts/Joseph-Stringer/,04 Sep 2026
Chris Dendrinos,321,https://stockanalysis.com/analysts/Chris-Dendrinos/,03 Sep 2026
Edward Yang,324,https://stockanalysis.com/analysts/Edward-Yang/,07 Aug 2026
Melissa Weathers,325,https://stockanalysis.com/analysts/Melissa-Weathers/,14 Aug 2026
Robert Dodd,327,https://stockanalysis.com/analysts/Robert-Dodd/,09 Jul 2026
Jason Zemansky,330,https://stockanalysis.com/analysts/Jason-Zemansky/,31 Aug 2026
Thomas Diffely,334,https://stockanalysis.com/analysts/Thomas-Diffely/,11 Dec 2025
Julian Mitchell,335,https://stockanalysis.com/analysts/Julian-Mitchell/,12 Jun 2026
Vamil Divan,336,https://stockanalysis.com/analysts/Vamil-Divan/,24 Aug 2026
Alex Zukin,337,https://stockanalysis.com/analysts/Alex-Zukin/,26 Aug 2026
Lawson Winder,338,https://stockanalysis.com/analysts/Lawson-Winder/,04 Sep 2026
Jacob Stephan,339,https://stockanalysis.com/analysts/Jacob-Stephan/,20 Aug 2026
William Power,340,https://stockanalysis.com/analysts/William-Power/,04 Sep 2026
Marc Goodman,341,https://stockanalysis.com/analysts/Marc-Goodman/,13 Jul 2026
Chip Moore,342,https://stockanalysis.com/analysts/Chip-Moore/,14 Aug 2026
Anupam Rama,343,https://stockanalysis.com/analysts/Anupam-Rama/,03 Sep 2026
Andrew Berens,344,https://stockanalysis.com/analysts/Andrew-Berens/,07 Aug 2026
Jaeson Schmidt,345,https://stockanalysis.com/analysts/Jaeson-Schmidt/,02 Sep 2026
Sebastien Naji,347,https://stockanalysis.com/analysts/Sebastien-Naji/,04 Sep 2026
Nathan Race,351,https://stockanalysis.com/analysts/Nathan-Race/,04 Sep 2026
George Notter,352,https://stockanalysis.com/analysts/George-Notter/,12 Aug 2026
Corey Tarlowe,353,https://stockanalysis.com/analysts/Corey-Tarlowe/,04 Sep 2026
Matthew Carletti,354,https://stockanalysis.com/analysts/Matthew-Carletti/,07 Aug 2026
Mark Kelley,355,https://stockanalysis.com/analysts/Mark-Kelley/,16 Jun 2026
Jon Arfstrom,357,https://stockanalysis.com/analysts/Jon-Arfstrom/,26 Aug 2026
Ryan Todd,358,https://stockanalysis.com/analysts/Ryan-Todd/,23 Jul 2026
Patrick Jones,360,https://stockanalysis.com/analysts/Patrick-Jones/,17 Aug 2026
Geoff Meacham,362,https://stockanalysis.com/analysts/Geoff-Meacham/,04 Sep 2026
Shaul Eyal,363,https://stockanalysis.com/analysts/Shaul-Eyal/,04 Sep 2026
Daniel Ives,364,https://stockanalysis.com/analysts/Daniel-Ives/,30 Jun 2026
Erik Woodring,365,https://stockanalysis.com/analysts/Erik-Woodring/,03 Sep 2026
Brian Nagel,367,https://stockanalysis.com/analysts/Brian-Nagel/,26 Aug 2026
Joseph Thome,370,https://stockanalysis.com/analysts/Joseph-Thome/,03 Sep 2026
Swayampakula Ramakanth,372,https://stockanalysis.com/analysts/Swayampakula-Ramakanth/,01 Sep 2026
Ryan Koontz,373,https://stockanalysis.com/analysts/Ryan-Koontz/,04 Sep 2026
Katja Jancic,375,https://stockanalysis.com/analysts/Katja-Jancic/,07 Aug 2026
Catherine Mealor,378,https://stockanalysis.com/analysts/Catherine-Mealor/,06 Aug 2026
Brett Linzey,380,https://stockanalysis.com/analysts/Brett-Linzey/,25 Aug 2026
Andrew Wittmann,383,https://stockanalysis.com/analysts/Andrew-Wittmann/,27 Aug 2026
Andrew Tsai,384,https://stockanalysis.com/analysts/Andrew-Tsai/,31 Aug 2026
Randy Binner,385,https://stockanalysis.com/analysts/Randy-Binner/,03 Sep 2026
Bobby Brooks,387,https://stockanalysis.com/analysts/Bobby-Brooks/,03 Sep 2026
Craig Siegenthaler,388,https://stockanalysis.com/analysts/Craig-Siegenthaler/,14 Aug 2026
Deepak Mathivanan,390,https://stockanalysis.com/analysts/Deepak-Mathivanan/,24 Aug 2026
Brendan Smith,391,https://stockanalysis.com/analysts/Brendan-Smith/,17 Aug 2026
Mike Cikos,393,https://stockanalysis.com/analysts/Mike-Cikos/,04 Sep 2026
Tara Bancroft,395,https://stockanalysis.com/analysts/Tara-Bancroft/,02 Sep 2026
Ed Arce,397,https://stockanalysis.com/analysts/Ed-Arce/,30 Apr 2026
Tanya Jakusconek,401,https://stockanalysis.com/analysts/Tanya-Jakusconek/,26 Aug 2026
Jason Gabelman,402,https://stockanalysis.com/analysts/Jason-Gabelman/,12 Aug 2026
David Karnovsky,403,https://stockanalysis.com/analysts/David-Karnovsky/,21 Aug 2026
Arren Cyganovich,404,https://stockanalysis.com/analysts/Arren-Cyganovich/,12 Aug 2026
Seth Seifman,405,https://stockanalysis.com/analysts/Seth-Seifman/,04 Sep 2026
Gregory Peters,406,https://stockanalysis.com/analysts/Gregory-Peters/,24 Aug 2026
Josh Silverstein,407,https://stockanalysis.com/analysts/Josh-Silverstein/,31 Aug 2026
Neil Mehta,410,https://stockanalysis.com/analysts/Neil-Mehta/,03 Sep 2026
Benjamin Budish,411,https://stockanalysis.com/analysts/Benjamin-Budish/,02 Sep 2026
Karl Keirstead,412,https://stockanalysis.com/analysts/Karl-Keirstead/,04 Sep 2026
Brian Gesuale,413,https://stockanalysis.com/analysts/Brian-Gesuale/,29 Jul 2026
James Lee,415,https://stockanalysis.com/analysts/James-Lee/,27 Feb 2026
Nick Giles,417,https://stockanalysis.com/analysts/Nick-Giles/,02 Sep 2026
Erik Suppiger,418,https://stockanalysis.com/analysts/Erik-Suppiger/,04 Sep 2026
Chris LaFemina,419,https://stockanalysis.com/analysts/Chris-LaFemina/,31 Aug 2026
Alex Rygiel,420,https://stockanalysis.com/analysts/Alex-Rygiel/,27 Aug 2026
Mircea Dobre,421,https://stockanalysis.com/analysts/Mircea-Dobre/,31 Aug 2026
David Scharf,422,https://stockanalysis.com/analysts/David-Scharf/,11 Aug 2026
Greg Palm,423,https://stockanalysis.com/analysts/Greg-Palm/,14 Aug 2026
Jason Butler,424,https://stockanalysis.com/analysts/Jason-Butler/,18 Aug 2026
Jeff Rulis,430,https://stockanalysis.com/analysts/Jeff-Rulis/,03 Sep 2026
Kyle Menges,431,https://stockanalysis.com/analysts/Kyle-Menges/,24 Aug 2026
Myles Allsop,432,https://stockanalysis.com/analysts/Myles-Allsop/,14 Aug 2026
Andrew Brackmann,433,https://stockanalysis.com/analysts/Andrew-Brackmann/,02 Jul 2026
Yaron Kinar,435,https://stockanalysis.com/analysts/Yaron-Kinar/,01 Sep 2026
Stephen Scouten,437,https://stockanalysis.com/analysts/Stephen-Scouten/,04 Sep 2026
Alexander Hacking,438,https://stockanalysis.com/analysts/Alexander-Hacking/,04 Sep 2026
Sean Laaman,442,https://stockanalysis.com/analysts/Sean-Laaman/,01 Sep 2026
Kenneth Lee,444,https://stockanalysis.com/analysts/Kenneth-Lee/,20 Aug 2026
Daniela Costa,445,https://stockanalysis.com/analysts/Daniela-Costa/,03 Sep 2026
Stephanie Moore,446,https://stockanalysis.com/analysts/Stephanie-Moore/,24 Aug 2026
John Hecht,447,https://stockanalysis.com/analysts/John-Hecht/,18 Aug 2026
Mark Mahaney,448,https://stockanalysis.com/analysts/Mark-Mahaney/,31 Aug 2026
Sami Corwin,449,https://stockanalysis.com/analysts/Sami-Corwin/,05 Sep 2026
Annabel Samimy,450,https://stockanalysis.com/analysts/Annabel-Samimy/,14 Aug 2026
Trung Huynh,453,https://stockanalysis.com/analysts/Trung-Huynh/,01 Sep 2026
Nathan Martin,454,https://stockanalysis.com/analysts/Nathan-Martin/,06 Aug 2026
Eric Heath,456,https://stockanalysis.com/analysts/Eric-Heath/,04 Sep 2026
Jeet Mukherjee,457,https://stockanalysis.com/analysts/Jeet-Mukherjee/,02 Sep 2026
Scott Deuschle,458,https://stockanalysis.com/analysts/Scott-Deuschle/,02 Sep 2026
Tim Huff,459,https://stockanalysis.com/analysts/Tim-Huff/,02 Sep 2026
Edward Kelly,462,https://stockanalysis.com/analysts/Edward-Kelly/,03 Sep 2026
Joseph Quatrochi,464,https://stockanalysis.com/analysts/Joseph-Quatrochi/,03 Sep 2026
Bobby Griffin,466,https://stockanalysis.com/analysts/Bobby-Griffin/,03 Sep 2026
David Arcaro,467,https://stockanalysis.com/analysts/David-Arcaro/,02 Sep 2026
Hamir Patel,471,https://stockanalysis.com/analysts/Hamir-Patel/,03 Sep 2026
David Koning,474,https://stockanalysis.com/analysts/David-Koning/,07 Aug 2026
Gary Mobley,475,https://stockanalysis.com/analysts/Gary-Mobley/,27 Aug 2026
Andrew Nowinski,476,https://stockanalysis.com/analysts/Andrew-Nowinski/,02 Apr 2026
Liam Burke,477,https://stockanalysis.com/analysts/Liam-Burke/,31 Aug 2026
Jake Sekelsky,479,https://stockanalysis.com/analysts/Jake-Sekelsky/,21 Aug 2026
Kristen Kluska,480,https://stockanalysis.com/analysts/Kristen-Kluska/,03 Sep 2026
Richard Ramsden,482,https://stockanalysis.com/analysts/Richard-Ramsden/,16 Jul 2026
Ryan Krueger,483,https://stockanalysis.com/analysts/Ryan-Krueger/,03 Sep 2026
John Mackay,484,https://stockanalysis.com/analysts/John-Mackay/,02 Sep 2026
Richard Shane,490,https://stockanalysis.com/analysts/Richard-Shane/,20 Aug 2026
Gregg Moskowitz,492,https://stockanalysis.com/analysts/Gregg-Moskowitz/,04 Sep 2026
Ryan MacWilliams,493,https://stockanalysis.com/analysts/Ryan-MacWilliams/,03 Sep 2026
Ryan Macwilliams,493,https://stockanalysis.com/analysts/Ryan-Macwilliams/,03 Sep 2026
Keith Weiss,494,https://stockanalysis.com/analysts/Keith-Weiss/,01 Jun 2026
Rupesh Parikh,495,https://stockanalysis.com/analysts/Rupesh-Parikh/,25 Aug 2026
Saket Kalia,496,https://stockanalysis.com/analysts/Saket-Kalia/,04 Sep 2026
Christian Wetherbee,497,https://stockanalysis.com/analysts/Christian-Wetherbee/,04 Sep 2026
Hal Goetsch,498,https://stockanalysis.com/analysts/Hal-Goetsch/,03 Sep 2026
Gautam Chhugani,499,https://stockanalysis.com/analysts/Gautam-Chhugani/,03 Sep 2026
Jason Bazinet,500,https://stockanalysis.com/analysts/Jason-Bazinet/,04 Sep 2026
Brian Abrahams,501,https://stockanalysis.com/analysts/Brian-Abrahams/,03 Sep 2026
Hamed Khorsand,504,https://stockanalysis.com/analysts/Hamed-Khorsand/,01 Sep 2026
Brett Knoblauch,505,https://stockanalysis.com/analysts/Brett-Knoblauch/,27 Aug 2026
Justin Walsh,506,https://stockanalysis.com/analysts/Justin-Walsh/,02 Sep 2026
Lee Horowitz,510,https://stockanalysis.com/analysts/Lee-Horowitz/,13 Mar 2026
Miller Jump,512,https://stockanalysis.com/analysts/Miller-Jump/,04 Sep 2026
Robert Hope,514,https://stockanalysis.com/analysts/Robert-Hope/,04 Sep 2026
Scott Siefers,515,https://stockanalysis.com/analysts/Scott-Siefers/,14 May 2026
Brad Zelnick,516,https://stockanalysis.com/analysts/Brad-Zelnick/,04 Sep 2026
Jay McCanless,519,https://stockanalysis.com/analysts/Jay-McCanless/,21 Aug 2026
James Thalacker,520,https://stockanalysis.com/analysts/James-Thalacker/,03 Sep 2026
Jeffrey Hammond,524,https://stockanalysis.com/analysts/Jeffrey-Hammond/,02 Sep 2026
Rob Sanderson,526,https://stockanalysis.com/analysts/Rob-Sanderson/,15 Jun 2026
Robert Young,528,https://stockanalysis.com/analysts/Robert-Young/,15 May 2026
Ted Jackson,529,https://stockanalysis.com/analysts/Ted-Jackson/,04 Sep 2026
Paul Matteis,530,https://stockanalysis.com/analysts/Paul-Matteis/,31 Aug 2026
Debjit Chattopadhyay,532,https://stockanalysis.com/analysts/Debjit-Chattopadhyay/,18 Aug 2026
Justin Crowley,533,https://stockanalysis.com/analysts/Justin-Crowley/,19 Aug 2026
Joseph Gallo,536,https://stockanalysis.com/analysts/Joseph-Gallo/,03 Sep 2026
Joseph Dickerson,537,https://stockanalysis.com/analysts/Joseph-Dickerson/,31 Aug 2026
Anthony Chukumba,538,https://stockanalysis.com/analysts/Anthony-Chukumba/,25 Aug 2026
Adam Borg,540,https://stockanalysis.com/analysts/Adam-Borg/,04 Sep 2026
Derek Podhaizer,542,https://stockanalysis.com/analysts/Derek-Podhaizer/,27 Aug 2026
Michael Doumet,543,https://stockanalysis.com/analysts/Michael-Doumet/,23 Feb 2026
Brennan Hawken,544,https://stockanalysis.com/analysts/Brennan-Hawken/,06 Aug 2026
Andre Madrid,547,https://stockanalysis.com/analysts/Andre-Madrid/,03 Sep 2026
Nicole Deblase,548,https://stockanalysis.com/analysts/Nicole-Deblase/,06 Aug 2026
Anthony Pettinari,549,https://stockanalysis.com/analysts/Anthony-Pettinari/,24 Aug 2026
Josh Beck,551,https://stockanalysis.com/analysts/Josh-Beck/,17 Aug 2026
Steven Lichtman,552,https://stockanalysis.com/analysts/Steven-Lichtman/,02 Sep 2026
Laura Chico,553,https://stockanalysis.com/analysts/Laura-Chico/,03 Sep 2026
Chris Brendler,555,https://stockanalysis.com/analysts/Chris-Brendler/,04 Sep 2026
Yigal Nochomovitz,556,https://stockanalysis.com/analysts/Yigal-Nochomovitz/,04 Sep 2026
Whitney Ijem,557,https://stockanalysis.com/analysts/Whitney-Ijem/,04 Sep 2026
Maria Ripps,558,https://stockanalysis.com/analysts/Maria-Ripps/,13 Aug 2026
Conor Fitzpatrick,559,https://stockanalysis.com/analysts/Conor-Fitzpatrick/,01 Sep 2026
Fahad Tariq,563,https://stockanalysis.com/analysts/Fahad-Tariq/,21 Aug 2026
Harry Fong,564,https://stockanalysis.com/analysts/Harry-Fong/,01 Sep 2026
Mark Moerdler,565,https://stockanalysis.com/analysts/Mark-Moerdler/,03 Sep 2026
Devin Dodge,567,https://stockanalysis.com/analysts/Devin-Dodge/,17 Aug 2026
Matthew Clark,568,https://stockanalysis.com/analysts/Matthew-Clark/,02 Sep 2026
Jade Rahmani,570,https://stockanalysis.com/analysts/Jade-Rahmani/,28 Aug 2026
Joseph Bonner,572,https://stockanalysis.com/analysts/Joseph-Bonner/,04 Sep 2026
Mohit Bansal,574,https://stockanalysis.com/analysts/Mohit-Bansal/,04 Sep 2026
Myles Walton,575,https://stockanalysis.com/analysts/Myles-Walton/,26 Aug 2026
Douglas Harter,576,https://stockanalysis.com/analysts/Douglas-Harter/,01 Sep 2026
Andrew Jeffrey,577,https://stockanalysis.com/analysts/Andrew-Jeffrey/,28 Aug 2026
Akash Tewari,578,https://stockanalysis.com/analysts/Akash-Tewari/,03 Sep 2026
Richard Baldry,579,https://stockanalysis.com/analysts/Richard-Baldry/,27 Aug 2026
David Westenberg,580,https://stockanalysis.com/analysts/David-Westenberg/,01 Sep 2026
Gary Prestopino,583,https://stockanalysis.com/analysts/Gary-Prestopino/,04 Sep 2026
Brandon Bingham,584,https://stockanalysis.com/analysts/Brandon-Bingham/,01 Sep 2026
Patrick Kenny,590,https://stockanalysis.com/analysts/Patrick-Kenny/,15 Jun 2026
Peter Weed,591,https://stockanalysis.com/analysts/Peter-Weed/,04 Sep 2026
Steven Chubak,597,https://stockanalysis.com/analysts/Steven-Chubak/,12 Aug 2026
Philip Ng,600,https://stockanalysis.com/analysts/Philip-Ng/,03 Sep 2026
Sheila Kahyaoglu,601,https://stockanalysis.com/analysts/Sheila-Kahyaoglu/,03 Sep 2026
Danielle Brill,602,https://stockanalysis.com/analysts/Danielle-Brill/,04 Sep 2026
Colin Canfield,604,https://stockanalysis.com/analysts/Colin-Canfield/,10 Aug 2026
Lance Vitanza,605,https://stockanalysis.com/analysts/Lance-Vitanza/,03 Sep 2026
Jed Dorsheimer,606,https://stockanalysis.com/analysts/Jed-Dorsheimer/,05 Sep 2026
Joseph Vafi,607,https://stockanalysis.com/analysts/Joseph-Vafi/,28 Aug 2026
Manuel Navas,617,https://stockanalysis.com/analysts/Manuel-Navas/,26 Aug 2026
John Massocca,618,https://stockanalysis.com/analysts/John-Massocca/,22 Jul 2026
Stephen Bersey,619,https://stockanalysis.com/analysts/Stephen-Bersey/,10 Aug 2026
Pierre Ferragu,621,https://stockanalysis.com/analysts/Pierre-Ferragu/,30 Jul 2026
Daniel Tamayo,622,https://stockanalysis.com/analysts/Daniel-Tamayo/,27 Aug 2026
Paul Golding,624,https://stockanalysis.com/analysts/Paul-Golding/,04 Aug 2026
Brian Pitz,626,https://stockanalysis.com/analysts/Brian-Pitz/,03 Sep 2026
Michael Rollins,627,https://stockanalysis.com/analysts/Michael-Rollins/,04 Sep 2026
Evan Seigerman,629,https://stockanalysis.com/analysts/Evan-Seigerman/,04 Sep 2026
Mitch Kummetz,630,https://stockanalysis.com/analysts/Mitch-Kummetz/,20 Jul 2026
Gray Powell,631,https://stockanalysis.com/analysts/Gray-Powell/,04 Sep 2026
Max Michaelis,632,https://stockanalysis.com/analysts/Max-Michaelis/,02 Sep 2026
Maxwell Skor,639,https://stockanalysis.com/analysts/Maxwell-Skor/,03 Sep 2026
Ryan Deschner,641,https://stockanalysis.com/analysts/Ryan-Deschner/,13 Aug 2026
Suneet Kamath,642,https://stockanalysis.com/analysts/Suneet-Kamath/,13 Jul 2026
Donald Fandetti,644,https://stockanalysis.com/analysts/Donald-Fandetti/,26 Aug 2026
John Barnidge,645,https://stockanalysis.com/analysts/John-Barnidge/,06 Mar 2026
Dan Leonard,648,https://stockanalysis.com/analysts/Dan-Leonard/,01 Sep 2026
Stephen Kim,649,https://stockanalysis.com/analysts/Stephen-Kim/,19 Aug 2026
David Lebowitz,651,https://stockanalysis.com/analysts/David-Lebowitz/,04 Sep 2026
Bradley Thomas,653,https://stockanalysis.com/analysts/Bradley-Thomas/,03 Sep 2026
Deane Dray,654,https://stockanalysis.com/analysts/Deane-Dray/,18 Aug 2026
Vincent Colicchio,655,https://stockanalysis.com/analysts/Vincent-Colicchio/,21 Aug 2026
Ittai Kidron,656,https://stockanalysis.com/analysts/Ittai-Kidron/,04 Sep 2026
Andrew Boone,658,https://stockanalysis.com/analysts/Andrew-Boone/,11 Aug 2026
Jonathan Komp,659,https://stockanalysis.com/analysts/Jonathan-Komp/,04 Sep 2026
Clark Lampen,660,https://stockanalysis.com/analysts/Clark-Lampen/,31 Aug 2026
Sam Burwell,664,https://stockanalysis.com/analysts/Sam-Burwell/,04 Sep 2026
David George,665,https://stockanalysis.com/analysts/David-George/,17 Aug 2026
Mihir Bhatia,666,https://stockanalysis.com/analysts/Mihir-Bhatia/,01 Sep 2026
David Joyce,668,https://stockanalysis.com/analysts/David-Joyce/,07 Aug 2026
Allen Lutz,669,https://stockanalysis.com/analysts/Allen-Lutz/,02 Sep 2026
David Hoang,671,https://stockanalysis.com/analysts/David-Hoang/,28 Aug 2026
Laura Prendergast,674,https://stockanalysis.com/analysts/Laura-Prendergast/,27 Aug 2026
Joe Ritchie,676,https://stockanalysis.com/analysts/Joe-Ritchie/,24 Aug 2026
John Ransom,678,https://stockanalysis.com/analysts/John-Ransom/,31 Jul 2026
Michael Wiederhorn,681,https://stockanalysis.com/analysts/Michael-Wiederhorn/,19 Aug 2026
Aaron Bilkoski,682,https://stockanalysis.com/analysts/Aaron-Bilkoski/,03 Sep 2026
Steve Moss,683,https://stockanalysis.com/analysts/Steve-Moss/,03 Sep 2026
Sandeep Deshpande,684,https://stockanalysis.com/analysts/Sandeep-Deshpande/,19 Aug 2026
Rohit Kulkarni,685,https://stockanalysis.com/analysts/Rohit-Kulkarni/,03 Sep 2026
Dean Wilkinson,692,https://stockanalysis.com/analysts/Dean-Wilkinson/,14 Aug 2026
Angie Storozynski,694,https://stockanalysis.com/analysts/Angie-Storozynski/,16 Aug 2026
Alex Kramm,696,https://stockanalysis.com/analysts/Alex-Kramm/,04 Sep 2026
Bascome Majors,697,https://stockanalysis.com/analysts/Bascome-Majors/,06 Aug 2026
Devin McDermott,700,https://stockanalysis.com/analysts/Devin-McDermott/,20 Aug 2026
Cameron Doerksen,701,https://stockanalysis.com/analysts/Cameron-Doerksen/,03 Sep 2026
Blair Abernethy,702,https://stockanalysis.com/analysts/Blair-Abernethy/,03 Sep 2026
Bryan Kraft,704,https://stockanalysis.com/analysts/Bryan-Kraft/,02 Sep 2026
Omar Dessouky,708,https://stockanalysis.com/analysts/Omar-Dessouky/,31 Aug 2026
Gil Blum,709,https://stockanalysis.com/analysts/Gil-Blum/,02 Sep 2026
Asad Haider,712,https://stockanalysis.com/analysts/Asad-Haider/,04 Sep 2026
Ben Gerlinger,715,https://stockanalysis.com/analysts/Ben-Gerlinger/,28 Aug 2026
Mark Shmulik,716,https://stockanalysis.com/analysts/Mark-Shmulik/,01 Sep 2026
Daniel Imbro,718,https://stockanalysis.com/analysts/Daniel-Imbro/,16 Jan 2026
John Ivankoe,722,https://stockanalysis.com/analysts/John-Ivankoe/,27 Aug 2026
Arun Jayaram,723,https://stockanalysis.com/analysts/Arun-Jayaram/,17 Aug 2026
Michael Leshock,725,https://stockanalysis.com/analysts/Michael-Leshock/,28 Aug 2026
Gabriela Borges,726,https://stockanalysis.com/analysts/Gabriela-Borges/,03 Sep 2026
Serge Belanger,730,https://stockanalysis.com/analysts/Serge-Belanger/,28 Aug 2026
Ryan Pfingst,732,https://stockanalysis.com/analysts/Ryan-Pfingst/,04 Sep 2026
Durgesh Chopra,740,https://stockanalysis.com/analysts/Durgesh-Chopra/,07 Aug 2026
Nick Doyle,741,https://stockanalysis.com/analysts/Nick-Doyle/,10 Nov 2025
Darko Mihelic,743,https://stockanalysis.com/analysts/Darko-Mihelic/,28 Aug 2026
Peter Saleh,745,https://stockanalysis.com/analysts/Peter-Saleh/,24 Aug 2026
Terence Flynn,746,https://stockanalysis.com/analysts/Terence-Flynn/,02 Sep 2026
David Windley,748,https://stockanalysis.com/analysts/David-Windley/,03 Aug 2026
Drew Crum,751,https://stockanalysis.com/analysts/Drew-Crum/,01 Sep 2026
Laura Martin,752,https://stockanalysis.com/analysts/Laura-Martin/,03 Sep 2026
Daley Li,753,https://stockanalysis.com/analysts/Daley-Li/,19 Aug 2026
Fawne Jiang,756,https://stockanalysis.com/analysts/Fawne-Jiang/,26 Aug 2026
Stephen Willey,757,https://stockanalysis.com/analysts/Stephen-Willey/,17 Aug 2026
Sumant Kulkarni,758,https://stockanalysis.com/analysts/Sumant-Kulkarni/,03 Sep 2026
Silvan Tuerkcan,761,https://stockanalysis.com/analysts/Silvan-Tuerkcan/,10 Aug 2026
Mark Jarvi,766,https://stockanalysis.com/analysts/Mark-Jarvi/,17 Aug 2026
Matt Larew,768,https://stockanalysis.com/analysts/Matt-Larew/,01 Sep 2026
Christopher Kuhn,769,https://stockanalysis.com/analysts/Christopher-Kuhn/,16 Jul 2026
Garik Shmois,771,https://stockanalysis.com/analysts/Garik-Shmois/,01 Sep 2026
Jonathan Atkin,773,https://stockanalysis.com/analysts/Jonathan-Atkin/,02 Sep 2026
Brad Heffern,778,https://stockanalysis.com/analysts/Brad-Heffern/,07 Aug 2026
Anthony Stoss,779,https://stockanalysis.com/analysts/Anthony-Stoss/,04 Sep 2026
Alexander Potter,780,https://stockanalysis.com/analysts/Alexander-Potter/,01 Sep 2026
Yanan Zhu,781,https://stockanalysis.com/analysts/Yanan-Zhu/,03 Sep 2026
Chris Graja,783,https://stockanalysis.com/analysts/Chris-Graja/,04 Sep 2026
Jack Meehan,784,https://stockanalysis.com/analysts/Jack-Meehan/,26 Mar 2026
Lucas Servera,785,https://stockanalysis.com/analysts/Lucas-Servera/,04 Sep 2026
Mark Fitzgibbon,787,https://stockanalysis.com/analysts/Mark-Fitzgibbon/,27 Feb 2026
Christopher Carril,789,https://stockanalysis.com/analysts/Christopher-Carril/,27 Aug 2026
Liam Fitzpatrick,790,https://stockanalysis.com/analysts/Liam-Fitzpatrick/,19 Aug 2026
Kristine Liwag,793,https://stockanalysis.com/analysts/Kristine-Liwag/,02 Sep 2026
Doug Anmuth,794,https://stockanalysis.com/analysts/Doug-Anmuth/,01 Sep 2026
Adam Seiden,795,https://stockanalysis.com/analysts/Adam-Seiden/,21 Aug 2026
Shyam Patil,796,https://stockanalysis.com/analysts/Shyam-Patil/,02 Sep 2026
Jake Bartlett,797,https://stockanalysis.com/analysts/Jake-Bartlett/,18 Mar 2026
Brian Morrison,798,https://stockanalysis.com/analysts/Brian-Morrison/,04 Sep 2026
Sohrab Movahedi,806,https://stockanalysis.com/analysts/Sohrab-Movahedi/,01 Jun 2026
John Heinbockel,808,https://stockanalysis.com/analysts/John-Heinbockel/,03 Sep 2026
Darrin Peller,809,https://stockanalysis.com/analysts/Darrin-Peller/,25 Aug 2026
David Tarantino,810,https://stockanalysis.com/analysts/David-Tarantino/,23 Jul 2026
Brian Essex,812,https://stockanalysis.com/analysts/Brian-Essex/,04 Sep 2026
Doug Leggate,814,https://stockanalysis.com/analysts/Doug-Leggate/,03 Aug 2026
Michael Morris,815,https://stockanalysis.com/analysts/Michael-Morris/,25 Aug 2026
Eddie Hickman,819,https://stockanalysis.com/analysts/Eddie-Hickman/,14 Aug 2026
Peter Peng,820,https://stockanalysis.com/analysts/Peter-Peng/,08 May 2026
Sean McLoughlin,821,https://stockanalysis.com/analysts/Sean-McLoughlin/,08 May 2026
Casey Alexander,822,https://stockanalysis.com/analysts/Casey-Alexander/,10 Mar 2026
Dave Rochester,823,https://stockanalysis.com/analysts/Dave-Rochester/,19 Aug 2026
Owen Lau,825,https://stockanalysis.com/analysts/Owen-Lau/,02 Sep 2026
Robert Catellier,826,https://stockanalysis.com/analysts/Robert-Catellier/,04 Sep 2026
Nicholas Campanella,829,https://stockanalysis.com/analysts/Nicholas-Campanella/,03 Sep 2026
Jayson Bedford,831,https://stockanalysis.com/analysts/Jayson-Bedford/,02 Sep 2026
Gokul Hariharan,832,https://stockanalysis.com/analysts/Gokul-Hariharan/,16 Aug 2026
Alexander Duval,833,https://stockanalysis.com/analysts/Alexander-Duval/,25 Aug 2026
Salveen Richter,834,https://stockanalysis.com/analysts/Salveen-Richter/,04 Sep 2026
Scott Devitt,835,https://stockanalysis.com/analysts/Scott-Devitt/,03 Sep 2026
Adam Vogel,837,https://stockanalysis.com/analysts/Adam-Vogel/,12 Aug 2026
Ryan Nash,841,https://stockanalysis.com/analysts/Ryan-Nash/,10 Aug 2026
Ben Reitzes,844,https://stockanalysis.com/analysts/Ben-Reitzes/,02 Sep 2026
Ann Hynes,847,https://stockanalysis.com/analysts/Ann-Hynes/,11 Aug 2026
Rudy Kessinger,849,https://stockanalysis.com/analysts/Rudy-Kessinger/,04 Sep 2026
James Fish,850,https://stockanalysis.com/analysts/James-Fish/,04 Sep 2026
Adam Maeder,851,https://stockanalysis.com/analysts/Adam-Maeder/,02 Sep 2026
Benjamin Swinburne,852,https://stockanalysis.com/analysts/Benjamin-Swinburne/,16 Mar 2026
Shweta Khajuria,854,https://stockanalysis.com/analysts/Shweta-Khajuria/,03 Aug 2026
Nicolai Kempf,857,https://stockanalysis.com/analysts/Nicolai-Kempf/,03 Sep 2026
Chris Dankert,858,https://stockanalysis.com/analysts/Chris-Dankert/,03 Sep 2026
Marcio Farid,860,https://stockanalysis.com/analysts/Marcio-Farid/,31 Aug 2026
Kenneth Zener,861,https://stockanalysis.com/analysts/Kenneth-Zener/,06 Apr 2026
Alex Scott,863,https://stockanalysis.com/analysts/Alex-Scott/,21 Aug 2026
Doug Creutz,864,https://stockanalysis.com/analysts/Doug-Creutz/,28 Aug 2026
Joel Jackson,865,https://stockanalysis.com/analysts/Joel-Jackson/,21 Aug 2026
Timothy Horan,867,https://stockanalysis.com/analysts/Timothy-Horan/,02 Sep 2026
Tal Liani,868,https://stockanalysis.com/analysts/Tal-Liani/,04 Sep 2026
Koji Ikeda,869,https://stockanalysis.com/analysts/Koji-Ikeda/,04 Sep 2026
Jeff Jones,873,https://stockanalysis.com/analysts/Jeff-Jones/,02 Sep 2026
Catherine Novack,874,https://stockanalysis.com/analysts/Catherine-Novack/,31 Jul 2026
Kevin Heal,876,https://stockanalysis.com/analysts/Kevin-Heal/,03 Sep 2026
Andy Chen,877,https://stockanalysis.com/analysts/Andy-Chen/,04 Aug 2026
Tessa Romero,880,https://stockanalysis.com/analysts/Tessa-Romero/,20 Aug 2026
Kingsley Crane,881,https://stockanalysis.com/analysts/Kingsley-Crane/,04 Sep 2026
Dan Dolev,882,https://stockanalysis.com/analysts/Dan-Dolev/,03 Sep 2026
Phillip Jungwirth,883,https://stockanalysis.com/analysts/Phillip-Jungwirth/,03 Sep 2026
Philippe Houchois,884,https://stockanalysis.com/analysts/Philippe-Houchois/,04 Sep 2026
Mark Argento,885,https://stockanalysis.com/analysts/Mark-Argento/,07 Aug 2026
Craig Irwin,887,https://stockanalysis.com/analysts/Craig-Irwin/,04 Sep 2026
Lisa Lewandowski,889,https://stockanalysis.com/analysts/Lisa-Lewandowski/,24 Aug 2026
Louis Miscioscia,890,https://stockanalysis.com/analysts/Louis-Miscioscia/,12 May 2026
Michael Brown,891,https://stockanalysis.com/analysts/Michael-Brown/,02 Sep 2026
Glenn Schorr,893,https://stockanalysis.com/analysts/Glenn-Schorr/,10 Aug 2026
Cherilyn Radbourne,894,https://stockanalysis.com/analysts/Cherilyn-Radbourne/,14 Aug 2026
Jonathan Petersen,895,https://stockanalysis.com/analysts/Jonathan-Petersen/,25 Aug 2026
Yun Kim,896,https://stockanalysis.com/analysts/Yun-Kim/,04 Aug 2026
Mark Murphy,897,https://stockanalysis.com/analysts/Mark-Murphy/,03 Sep 2026
Michael Halloran,900,https://stockanalysis.com/analysts/Michael-Halloran/,21 Aug 2026
Jeff Martin,901,https://stockanalysis.com/analysts/Jeff-Martin/,21 Aug 2026
John Kernan,902,https://stockanalysis.com/analysts/John-Kernan/,04 Dec 2025
Mitchell Kapoor,903,https://stockanalysis.com/analysts/Mitchell-Kapoor/,04 Sep 2026
Oliver Wintermantel,905,https://stockanalysis.com/analysts/Oliver-Wintermantel/,03 Sep 2026
Mario Saric,908,https://stockanalysis.com/analysts/Mario-Saric/,11 Aug 2026
Alicia Reese,909,https://stockanalysis.com/analysts/Alicia-Reese/,12 Aug 2026
Mohammed Khallouf,910,https://stockanalysis.com/analysts/Mohammed-Khallouf/,10 Aug 2026
Edison Lee,916,https://stockanalysis.com/analysts/Edison-Lee/,02 Sep 2026
Katherine Lei,918,https://stockanalysis.com/analysts/Katherine-Lei/,02 Sep 2026
Lauren Silberman,919,https://stockanalysis.com/analysts/Lauren-Silberman/,01 Sep 2026
Michael Carroll,921,https://stockanalysis.com/analysts/Michael-Carroll/,24 Aug 2026
Elyse Greenspan,922,https://stockanalysis.com/analysts/Elyse-Greenspan/,01 Sep 2026
Simon Yarmak,923,https://stockanalysis.com/analysts/Simon-Yarmak/,19 Aug 2026
Christopher Horvers,924,https://stockanalysis.com/analysts/Christopher-Horvers/,02 Sep 2026
John Staszak,925,https://stockanalysis.com/analysts/John-Staszak/,04 Sep 2026
Peter Heckmann,926,https://stockanalysis.com/analysts/Peter-Heckmann/,03 Sep 2026
Youssef Squali,927,https://stockanalysis.com/analysts/Youssef-Squali/,04 Sep 2026
Zach Cummins,929,https://stockanalysis.com/analysts/Zach-Cummins/,14 Aug 2026
Martin Yang,930,https://stockanalysis.com/analysts/Martin-Yang/,04 Sep 2026
Scott Searle,931,https://stockanalysis.com/analysts/Scott-Searle/,31 Aug 2026
David Toung,936,https://stockanalysis.com/analysts/David-Toung/,20 Aug 2026
Brian Bittner,939,https://stockanalysis.com/analysts/Brian-Bittner/,24 Aug 2026
Tycho Peterson,941,https://stockanalysis.com/analysts/Tycho-Peterson/,02 Sep 2026
Justin Clare,942,https://stockanalysis.com/analysts/Justin-Clare/,28 Aug 2026
Steven Wieczynski,943,https://stockanalysis.com/analysts/Steven-Wieczynski/,04 Sep 2026
Kelly Bania,946,https://stockanalysis.com/analysts/Kelly-Bania/,31 Aug 2026
Vivek Juneja,948,https://stockanalysis.com/analysts/Vivek-Juneja/,04 Aug 2026
Ananda Ghosh,949,https://stockanalysis.com/analysts/Ananda-Ghosh/,25 Aug 2026
Brian Cheng,951,https://stockanalysis.com/analysts/Brian-Cheng/,04 Sep 2026
Robert Driscoll,956,https://stockanalysis.com/analysts/Robert-Driscoll/,27 Aug 2026
Steven Seedhouse,957,https://stockanalysis.com/analysts/Steven-Seedhouse/,21 Aug 2026
Matthew Galinko,959,https://stockanalysis.com/analysts/Matthew-Galinko/,28 Aug 2026
David Paige,962,https://stockanalysis.com/analysts/David-Paige/,11 Aug 2026
Omotayo Okusanya,966,https://stockanalysis.com/analysts/Omotayo-Okusanya/,27 Aug 2026
Eric Coldwell,969,https://stockanalysis.com/analysts/Eric-Coldwell/,11 Aug 2026
Steven Cahall,970,https://stockanalysis.com/analysts/Steven-Cahall/,31 Aug 2026
Paul Treiber,971,https://stockanalysis.com/analysts/Paul-Treiber/,04 Sep 2026
Anthony Petrone,972,https://stockanalysis.com/analysts/Anthony-Petrone/,02 Sep 2026
Colin Sebastian,973,https://stockanalysis.com/analysts/Colin-Sebastian/,02 Sep 2026
Jeremy Hamblin,975,https://stockanalysis.com/analysts/Jeremy-Hamblin/,03 Sep 2026
Joseph Catanzaro,977,https://stockanalysis.com/analysts/Joseph-Catanzaro/,13 Aug 2026
Howard Ma,981,https://stockanalysis.com/analysts/Howard-Ma/,02 Sep 2026
Jay Huang,983,https://stockanalysis.com/analysts/Jay-Huang/,20 Jul 2026
Craig Hettenbach,987,https://stockanalysis.com/analysts/Craig-Hettenbach/,03 Sep 2026
Victoria McCulloch,988,https://stockanalysis.com/analysts/Victoria-McCulloch/,03 Sep 2026
Jeff Cantwell,989,https://stockanalysis.com/analysts/Jeff-Cantwell/,17 Aug 2026
Raimo Lenschow,992,https://stockanalysis.com/analysts/Raimo-Lenschow/,04 Sep 2026
David Anderson,993,https://stockanalysis.com/analysts/David-Anderson/,03 Sep 2026
Joseph Osha,994,https://stockanalysis.com/analysts/Joseph-Osha/,02 Sep 2026
Richard Close,995,https://stockanalysis.com/analysts/Richard-Close/,03 Sep 2026
Thomas Shrader,996,https://stockanalysis.com/analysts/Thomas-Shrader/,04 Sep 2026
Darren Aftahi,997,https://stockanalysis.com/analysts/Darren-Aftahi/,11 Aug 2026
David Vernon,1001,https://stockanalysis.com/analysts/David-Vernon/,03 Sep 2026
Alexander Pearce,1003,https://stockanalysis.com/analysts/Alexander-Pearce/,22 Jul 2026
Joshua Shanker,1004,https://stockanalysis.com/analysts/Joshua-Shanker/,03 Sep 2026
Mark Lear,1007,https://stockanalysis.com/analysts/Mark-Lear/,10 Apr 2026
Ivan Feinseth,1008,https://stockanalysis.com/analysts/Ivan-Feinseth/,03 Sep 2026
John Blackledge,1009,https://stockanalysis.com/analysts/John-Blackledge/,27 Aug 2026
Bernie McTernan,1010,https://stockanalysis.com/analysts/Bernie-McTernan/,26 Aug 2026
Eric Martinuzzi,1011,https://stockanalysis.com/analysts/Eric-Martinuzzi/,27 Aug 2026
Josh Nichols,1012,https://stockanalysis.com/analysts/Josh-Nichols/,28 Aug 2026
Alexandra Yates,1013,https://stockanalysis.com/analysts/Alexandra-Yates/,21 Aug 2026
Richard Anderson,1015,https://stockanalysis.com/analysts/Richard-Anderson/,27 Aug 2026
RJ Milligan,1017,https://stockanalysis.com/analysts/RJ-Milligan/,28 Jul 2026
Peter Levine,1019,https://stockanalysis.com/analysts/Peter-Levine/,31 Aug 2026
Matthew Bouley,1020,https://stockanalysis.com/analysts/Matthew-Bouley/,02 Sep 2026
Patrick Sholl,1021,https://stockanalysis.com/analysts/Patrick-Sholl/,13 Aug 2026
Scott Schneeberger,1022,https://stockanalysis.com/analysts/Scott-Schneeberger/,26 Aug 2026
Michael Rose,1023,https://stockanalysis.com/analysts/Michael-Rose/,23 Jul 2026
Gil Luria,1024,https://stockanalysis.com/analysts/Gil-Luria/,04 Sep 2026
Bennett Moore,1026,https://stockanalysis.com/analysts/Bennett-Moore/,14 Aug 2026
Gregory Miller,1030,https://stockanalysis.com/analysts/Gregory-Miller/,01 Sep 2026
Ronald Kamdem,1035,https://stockanalysis.com/analysts/Ronald-Kamdem/,02 Sep 2026
Dara Mohsenian,1037,https://stockanalysis.com/analysts/Dara-Mohsenian/,04 Sep 2026
Lisa Gill,1039,https://stockanalysis.com/analysts/Lisa-Gill/,26 Aug 2026
Martin Auster,1042,https://stockanalysis.com/analysts/Martin-Auster/,25 Aug 2026
Brad Reback,1043,https://stockanalysis.com/analysts/Brad-Reback/,04 Sep 2026
Bradley Canino,1044,https://stockanalysis.com/analysts/Bradley-Canino/,31 Aug 2026
Subash Chandra,1045,https://stockanalysis.com/analysts/Subash-Chandra/,11 Aug 2026
Kirk Materne,1051,https://stockanalysis.com/analysts/Kirk-Materne/,04 Sep 2026
Rafe Jadrosich,1052,https://stockanalysis.com/analysts/Rafe-Jadrosich/,03 Sep 2026
Joseph Stauff,1053,https://stockanalysis.com/analysts/Joseph-Stauff/,20 Aug 2026
Matthew Hedberg,1054,https://stockanalysis.com/analysts/Matthew-Hedberg/,04 Sep 2026
Ian Zaffino,1055,https://stockanalysis.com/analysts/Ian-Zaffino/,03 Sep 2026
Luke Sergott,1056,https://stockanalysis.com/analysts/Luke-Sergott/,03 Sep 2026
Robert Stallard,1061,https://stockanalysis.com/analysts/Robert-Stallard/,01 Jul 2026
Michael Zaremski,1062,https://stockanalysis.com/analysts/Michael-Zaremski/,01 Sep 2026
Andrew Sherman,1063,https://stockanalysis.com/analysts/Andrew-Sherman/,28 Aug 2026
Zach Parham,1064,https://stockanalysis.com/analysts/Zach-Parham/,06 May 2026
Duffy Fischer,1066,https://stockanalysis.com/analysts/Duffy-Fischer/,31 Aug 2026
Christopher Snyder,1067,https://stockanalysis.com/analysts/Christopher-Snyder/,04 Sep 2026
George Hill,1068,https://stockanalysis.com/analysts/George-Hill/,31 Aug 2026
Keith Bachman,1069,https://stockanalysis.com/analysts/Keith-Bachman/,04 Sep 2026
Stephen Ju,1070,https://stockanalysis.com/analysts/Stephen-Ju/,27 Aug 2026
Christopher Marinac,1073,https://stockanalysis.com/analysts/Christopher-Marinac/,12 Jun 2026
Erika Najarian,1075,https://stockanalysis.com/analysts/Erika-Najarian/,05 Aug 2026
Michael Diana,1076,https://stockanalysis.com/analysts/Michael-Diana/,27 Aug 2026
Kevin Chiang,1078,https://stockanalysis.com/analysts/Kevin-Chiang/,04 Sep 2026
Eric Sheridan,1080,https://stockanalysis.com/analysts/Eric-Sheridan/,31 Aug 2026
Jeff Johnson,1081,https://stockanalysis.com/analysts/Jeff-Johnson/,07 Aug 2026
Mark Zgutowicz,1082,https://stockanalysis.com/analysts/Mark-Zgutowicz/,27 Aug 2026
Alex Markgraff,1083,https://stockanalysis.com/analysts/Alex-Markgraff/,04 Sep 2026
Yuan Zhi,1084,https://stockanalysis.com/analysts/Yuan-Zhi/,04 Sep 2026
Derick Ma,1090,https://stockanalysis.com/analysts/Derick-Ma/,24 Jul 2026
Ashwani Verma,1091,https://stockanalysis.com/analysts/Ashwani-Verma/,04 Sep 2026
Peter Winter,1092,https://stockanalysis.com/analysts/Peter-Winter/,03 Sep 2026
Tami Zakaria,1096,https://stockanalysis.com/analysts/Tami-Zakaria/,02 Sep 2026
Patrick Scholes,1099,https://stockanalysis.com/analysts/Patrick-Scholes/,03 Sep 2026
Thomas Flaten,1100,https://stockanalysis.com/analysts/Thomas-Flaten/,28 Aug 2026
Sean McCutcheon,1101,https://stockanalysis.com/analysts/Sean-McCutcheon/,01 Sep 2026
Jon Tower,1110,https://stockanalysis.com/analysts/Jon-Tower/,01 Sep 2026
Curry Baker,1112,https://stockanalysis.com/analysts/Curry-Baker/,02 Sep 2026
Greg Gibas,1114,https://stockanalysis.com/analysts/Greg-Gibas/,04 Sep 2026
Brian Kinstlinger,1115,https://stockanalysis.com/analysts/Brian-Kinstlinger/,03 Sep 2026
Brian Mullan,1118,https://stockanalysis.com/analysts/Brian-Mullan/,24 Aug 2026
Tazeen Ahmad,1120,https://stockanalysis.com/analysts/Tazeen-Ahmad/,03 Sep 2026
Barton Crockett,1123,https://stockanalysis.com/analysts/Barton-Crockett/,04 Sep 2026
Thomas Wadewitz,1125,https://stockanalysis.com/analysts/Thomas-Wadewitz/,07 Aug 2026
Andy Barish,1126,https://stockanalysis.com/analysts/Andy-Barish/,24 Aug 2026
Tiago Fauth,1127,https://stockanalysis.com/analysts/Tiago-Fauth/,17 Aug 2026
Matthew Caufield,1128,https://stockanalysis.com/analysts/Matthew-Caufield/,02 Sep 2026
Timothy Coffey,1129,https://stockanalysis.com/analysts/Timothy-Coffey/,30 Jul 2026
Ingo Wermann,1133,https://stockanalysis.com/analysts/Ingo-Wermann/,27 Aug 2026
Crispin Love,1136,https://stockanalysis.com/analysts/Crispin-Love/,11 Aug 2026
Kannan Venkateshwar,1139,https://stockanalysis.com/analysts/Kannan-Venkateshwar/,07 Aug 2026
Matthew Prisco,1140,https://stockanalysis.com/analysts/Matthew-Prisco/,17 Aug 2026
Joseph Altobello,1141,https://stockanalysis.com/analysts/Joseph-Altobello/,07 Aug 2026
Biren Amin,1142,https://stockanalysis.com/analysts/Biren-Amin/,31 Aug 2026
Guy Hardwick,1146,https://stockanalysis.com/analysts/Guy-Hardwick/,21 Aug 2026
David Dai,1149,https://stockanalysis.com/analysts/David-Dai/,21 Aug 2026
Bill Selesky,1150,https://stockanalysis.com/analysts/Bill-Selesky/,19 Aug 2026
Corinne Johnson,1151,https://stockanalysis.com/analysts/Corinne-Johnson/,16 Jul 2026
Trey Grooms,1152,https://stockanalysis.com/analysts/Trey-Grooms/,07 Aug 2026
Michael Baker,1153,https://stockanalysis.com/analysts/Michael-Baker/,03 Sep 2026
Daniel Cardenas,1155,https://stockanalysis.com/analysts/Daniel-Cardenas/,17 Aug 2026
Stephen Laszczyk,1162,https://stockanalysis.com/analysts/Stephen-Laszczyk/,04 Sep 2026
Ralph Schackart,1163,https://stockanalysis.com/analysts/Ralph-Schackart/,04 Sep 2026
Brandon Oglenski,1165,https://stockanalysis.com/analysts/Brandon-Oglenski/,07 Aug 2026
Edward Tenthoff,1168,https://stockanalysis.com/analysts/Edward-Tenthoff/,01 Sep 2026
Kalpit Patel,1169,https://stockanalysis.com/analysts/Kalpit-Patel/,24 Aug 2026
Brian Foran,1171,https://stockanalysis.com/analysts/Brian-Foran/,04 Aug 2026
Terry McEvoy,1177,https://stockanalysis.com/analysts/Terry-McEvoy/,10 Aug 2026
Pito Chickering,1178,https://stockanalysis.com/analysts/Pito-Chickering/,03 Sep 2026
Paul Choi,1179,https://stockanalysis.com/analysts/Paul-Choi/,01 Sep 2026
Matthew Taylor,1180,https://stockanalysis.com/analysts/Matthew-Taylor/,02 Sep 2026
Reuben Garner,1181,https://stockanalysis.com/analysts/Reuben-Garner/,17 Aug 2026
Eric Joseph,1182,https://stockanalysis.com/analysts/Eric-Joseph/,31 Aug 2026
Maury Raycroft,1184,https://stockanalysis.com/analysts/Maury-Raycroft/,03 Sep 2026
Michael Feniger,1194,https://stockanalysis.com/analysts/Michael-Feniger/,01 Sep 2026
Michael Elias,1196,https://stockanalysis.com/analysts/Michael-Elias/,14 Aug 2026
Thomas Chong,1197,https://stockanalysis.com/analysts/Thomas-Chong/,01 Sep 2026
Joshua Chan,1206,https://stockanalysis.com/analysts/Joshua-Chan/,26 Aug 2026
Paul Lejuez,1208,https://stockanalysis.com/analysts/Paul-Lejuez/,04 Sep 2026
Steven Forbes,1209,https://stockanalysis.com/analysts/Steven-Forbes/,27 Aug 2026
Andreas Argyrides,1211,https://stockanalysis.com/analysts/Andreas-Argyrides/,19 Aug 2026
Tim Anderson,1216,https://stockanalysis.com/analysts/Tim-Anderson/,18 Dec 2025
Adam Berlin,1220,https://stockanalysis.com/analysts/Adam-Berlin/,02 Sep 2026
Jessica Fye,1221,https://stockanalysis.com/analysts/Jessica-Fye/,01 Sep 2026
Alan Gould,1222,https://stockanalysis.com/analysts/Alan-Gould/,04 Jun 2026
Eric Luebchow,1223,https://stockanalysis.com/analysts/Eric-Luebchow/,01 Sep 2026
Jonathan Ho,1224,https://stockanalysis.com/analysts/Jonathan-Ho/,04 Sep 2026
Troy Jensen,1225,https://stockanalysis.com/analysts/Troy-Jensen/,11 Aug 2026
Todd Coupland,1226,https://stockanalysis.com/analysts/Todd-Coupland/,02 Sep 2026
Michael Swartz,1227,https://stockanalysis.com/analysts/Michael-Swartz/,21 Apr 2026
Rowland Mayor,1230,https://stockanalysis.com/analysts/Rowland-Mayor/,14 Aug 2026
Jeff Schmitt,1234,https://stockanalysis.com/analysts/Jeff-Schmitt/,04 Sep 2026
Andrew Steinerman,1235,https://stockanalysis.com/analysts/Andrew-Steinerman/,17 Aug 2026
Rajesh Kumar,1236,https://stockanalysis.com/analysts/Rajesh-Kumar/,13 Jul 2026
Bret Jordan,1237,https://stockanalysis.com/analysts/Bret-Jordan/,13 Aug 2026
Manan Gosalia,1238,https://stockanalysis.com/analysts/Manan-Gosalia/,05 Aug 2026
Eugene Hsiao,1239,https://stockanalysis.com/analysts/Eugene-Hsiao/,25 Aug 2026
William Janela,1240,https://stockanalysis.com/analysts/William-Janela/,10 Aug 2026
Sabahat Khan,1241,https://stockanalysis.com/analysts/Sabahat-Khan/,04 Sep 2026
Suraj Kalia,1244,https://stockanalysis.com/analysts/Suraj-Kalia/,24 Aug 2026
David Bishop,1249,https://stockanalysis.com/analysts/David-Bishop/,27 Jul 2026
Christopher Nolan,1252,https://stockanalysis.com/analysts/Christopher-Nolan/,07 Aug 2026
Bryan Keane,1254,https://stockanalysis.com/analysts/Bryan-Keane/,28 Aug 2026
Chris Schott,1255,https://stockanalysis.com/analysts/Chris-Schott/,02 Sep 2026
Tavy Rosner,1256,https://stockanalysis.com/analysts/Tavy-Rosner/,18 Mar 2026
Amit Mehrotra,1258,https://stockanalysis.com/analysts/Amit-Mehrotra/,17 Aug 2026
Mark Smith,1260,https://stockanalysis.com/analysts/Mark-Smith/,04 Sep 2026
Sudan Loganathan,1264,https://stockanalysis.com/analysts/Sudan-Loganathan/,04 Jun 2026
Timur Braziler,1266,https://stockanalysis.com/analysts/Timur-Braziler/,10 Aug 2026
Nelson Ng,1268,https://stockanalysis.com/analysts/Nelson-Ng/,31 Aug 2026
Tobey Sommer,1269,https://stockanalysis.com/analysts/Tobey-Sommer/,03 Sep 2026
David Deckelbaum,1270,https://stockanalysis.com/analysts/David-Deckelbaum/,26 Mar 2026
David Long,1271,https://stockanalysis.com/analysts/David-Long/,01 Jul 2026
Mark Carden,1273,https://stockanalysis.com/analysts/Mark-Carden/,03 Sep 2026
Alexander Slagle,1274,https://stockanalysis.com/analysts/Alexander-Slagle/,14 May 2026
David Vogt,1281,https://stockanalysis.com/analysts/David-Vogt/,04 Sep 2026
John Hodulik,1284,https://stockanalysis.com/analysts/John-Hodulik/,17 Aug 2026
Aleksey Yefremov,1288,https://stockanalysis.com/analysts/Aleksey-Yefremov/,04 Mar 2026
Tate Sullivan,1290,https://stockanalysis.com/analysts/Tate-Sullivan/,04 Sep 2026
Bruno Amorim,1297,https://stockanalysis.com/analysts/Bruno-Amorim/,26 Aug 2026
Ben Hendrix,1301,https://stockanalysis.com/analysts/Ben-Hendrix/,02 Sep 2026
Michael Linenberg,1302,https://stockanalysis.com/analysts/Michael-Linenberg/,31 Jul 2026
Brian Tanquilut,1303,https://stockanalysis.com/analysts/Brian-Tanquilut/,03 Sep 2026
Mike Kratky,1304,https://stockanalysis.com/analysts/Mike-Kratky/,06 Aug 2026
Kelly Motta,1307,https://stockanalysis.com/analysts/Kelly-Motta/,03 Aug 2026
Richard Garchitorena,1308,https://stockanalysis.com/analysts/Richard-Garchitorena/,24 Aug 2026
David Motemaden,1309,https://stockanalysis.com/analysts/David-Motemaden/,02 Sep 2026
Jimmy Bhullar,1312,https://stockanalysis.com/analysts/Jimmy-Bhullar/,20 Apr 2026
Kristen Owen,1318,https://stockanalysis.com/analysts/Kristen-Owen/,21 Aug 2026
David Stanton,1319,https://stockanalysis.com/analysts/David-Stanton/,01 Sep 2026
Robbie Marcus,1320,https://stockanalysis.com/analysts/Robbie-Marcus/,04 Sep 2026
Justin Kim,1321,https://stockanalysis.com/analysts/Justin-Kim/,08 Jun 2026
Hanwen Chang,1325,https://stockanalysis.com/analysts/Hanwen-Chang/,02 Sep 2026
Andrei Stadnik,1327,https://stockanalysis.com/analysts/Andrei-Stadnik/,31 Aug 2026
Scott Group,1330,https://stockanalysis.com/analysts/Scott-Group/,11 Aug 2026
John Royall,1331,https://stockanalysis.com/analysts/John-Royall/,03 Sep 2026
Thomas Blakey,1332,https://stockanalysis.com/analysts/Thomas-Blakey/,03 Sep 2026
Mauricio Serna,1333,https://stockanalysis.com/analysts/Mauricio-Serna/,04 Sep 2026
Daniel Arias,1334,https://stockanalysis.com/analysts/Daniel-Arias/,30 Aug 2026
Mark Massaro,1335,https://stockanalysis.com/analysts/Mark-Massaro/,04 Sep 2026
Connor Murphy,1336,https://stockanalysis.com/analysts/Connor-Murphy/,28 Aug 2026
Todd Thomas,1340,https://stockanalysis.com/analysts/Todd-Thomas/,18 Aug 2026
Chris Parkinson,1341,https://stockanalysis.com/analysts/Chris-Parkinson/,10 Aug 2026
Stephanie Price,1342,https://stockanalysis.com/analysts/Stephanie-Price/,14 Aug 2026
Brian Nowak,1343,https://stockanalysis.com/analysts/Brian-Nowak/,25 Aug 2026
Jeffrey Silber,1346,https://stockanalysis.com/analysts/Jeffrey-Silber/,31 Aug 2026
Stephen Byrd,1347,https://stockanalysis.com/analysts/Stephen-Byrd/,13 Aug 2026
James Yaro,1358,https://stockanalysis.com/analysts/James-Yaro/,01 Sep 2026
Lance Wilkes,1359,https://stockanalysis.com/analysts/Lance-Wilkes/,04 Sep 2026
Meta Marshall,1362,https://stockanalysis.com/analysts/Meta-Marshall/,04 Sep 2026
Douglas Harned,1364,https://stockanalysis.com/analysts/Douglas-Harned/,31 Aug 2026
Kurt Yinger,1365,https://stockanalysis.com/analysts/Kurt-Yinger/,01 Sep 2026
Brandt Montour,1366,https://stockanalysis.com/analysts/Brandt-Montour/,31 Aug 2026
Vikram Gandhi,1367,https://stockanalysis.com/analysts/Vikram-Gandhi/,20 Jul 2026
Justin Lake,1369,https://stockanalysis.com/analysts/Justin-Lake/,05 May 2026
Chad Dillard,1371,https://stockanalysis.com/analysts/Chad-Dillard/,03 Sep 2026
John Babcock,1372,https://stockanalysis.com/analysts/John-Babcock/,26 Aug 2026
Greg Melich,1373,https://stockanalysis.com/analysts/Greg-Melich/,03 Sep 2026
Bonnie Herzog,1374,https://stockanalysis.com/analysts/Bonnie-Herzog/,02 Sep 2026
Jonathan Goldman,1376,https://stockanalysis.com/analysts/Jonathan-Goldman/,04 Sep 2026
Ghansham Panjabi,1386,https://stockanalysis.com/analysts/Ghansham-Panjabi/,13 Aug 2026
Robert Stein,1387,https://stockanalysis.com/analysts/Robert-Stein/,20 Aug 2026
Richard Newitter,1390,https://stockanalysis.com/analysts/Richard-Newitter/,02 Sep 2026
Robert Wasserman,1392,https://stockanalysis.com/analysts/Robert-Wasserman/,10 Aug 2026
Chiara Battistini,1397,https://stockanalysis.com/analysts/Chiara-Battistini/,03 Sep 2026
Kyle Joseph,1399,https://stockanalysis.com/analysts/Kyle-Joseph/,11 Aug 2026
Ketan Mamtora,1400,https://stockanalysis.com/analysts/Ketan-Mamtora/,17 Aug 2026
Luke Hannan,1405,https://stockanalysis.com/analysts/Luke-Hannan/,06 Aug 2026
Michael Latimore,1406,https://stockanalysis.com/analysts/Michael-Latimore/,04 Sep 2026
Kristina Ruggeri,1412,https://stockanalysis.com/analysts/Kristina-Ruggeri/,31 Aug 2026
Amos Fletcher,1413,https://stockanalysis.com/analysts/Amos-Fletcher/,03 Sep 2026
Alexei Gogolev,1414,https://stockanalysis.com/analysts/Alexei-Gogolev/,04 Sep 2026
Patrick Colville,1416,https://stockanalysis.com/analysts/Patrick-Colville/,04 Sep 2026
Gerry Sweeney,1418,https://stockanalysis.com/analysts/Gerry-Sweeney/,07 Aug 2026
Rick Patel,1419,https://stockanalysis.com/analysts/Rick-Patel/,04 Sep 2026
Michael Ryskin,1428,https://stockanalysis.com/analysts/Michael-Ryskin/,31 Aug 2026
Robert Kad,1429,https://stockanalysis.com/analysts/Robert-Kad/,26 Aug 2026
Duane Pfennigwerth,1430,https://stockanalysis.com/analysts/Duane-Pfennigwerth/,19 Aug 2026
Daryl Young,1432,https://stockanalysis.com/analysts/Daryl-Young/,03 Sep 2026
Pete Stavropoulos,1433,https://stockanalysis.com/analysts/Pete-Stavropoulos/,24 Aug 2026
Prakhar Agrawal,1434,https://stockanalysis.com/analysts/Prakhar-Agrawal/,17 Jul 2026
Michael Kupinski,1435,https://stockanalysis.com/analysts/Michael-Kupinski/,04 Sep 2026
Adam Klauber,1444,https://stockanalysis.com/analysts/Adam-Klauber/,26 Aug 2026
Buck Horne,1447,https://stockanalysis.com/analysts/Buck-Horne/,10 Jul 2026
Carter Gould,1448,https://stockanalysis.com/analysts/Carter-Gould/,18 Aug 2026
Brian Peterson,1449,https://stockanalysis.com/analysts/Brian-Peterson/,27 Aug 2026
Brian Schwartz,1451,https://stockanalysis.com/analysts/Brian-Schwartz/,04 Sep 2026
Adithya Metuku,1459,https://stockanalysis.com/analysts/Adithya-Metuku/,27 Jul 2026
Michael Rehaut,1460,https://stockanalysis.com/analysts/Michael-Rehaut/,16 Jun 2026
Sean Steuart,1461,https://stockanalysis.com/analysts/Sean-Steuart/,20 Aug 2026
Steven Delaney,1462,https://stockanalysis.com/analysts/Steven-Delaney/,18 Aug 2026
Emily Bodnar,1463,https://stockanalysis.com/analysts/Emily-Bodnar/,03 Sep 2026
Daniel Osley,1464,https://stockanalysis.com/analysts/Daniel-Osley/,05 Aug 2026
Harshita Rawat,1468,https://stockanalysis.com/analysts/Harshita-Rawat/,31 Aug 2026
Kevin Fisk,1470,https://stockanalysis.com/analysts/Kevin-Fisk/,27 Aug 2026
Damian Karas,1471,https://stockanalysis.com/analysts/Damian-Karas/,05 Aug 2026
Barry Sine,1472,https://stockanalysis.com/analysts/Barry-Sine/,04 Aug 2026
Reginald Smith,1473,https://stockanalysis.com/analysts/Reginald-Smith/,28 Aug 2026
Sanjit Singh,1474,https://stockanalysis.com/analysts/Sanjit-Singh/,04 Sep 2026
Mathieu Robilliard,1475,https://stockanalysis.com/analysts/Mathieu-Robilliard/,03 Sep 2026
Jordan Alliger,1477,https://stockanalysis.com/analysts/Jordan-Alliger/,03 Sep 2026
Matt Phipps,1479,https://stockanalysis.com/analysts/Matt-Phipps/,03 Sep 2026
Justin Patterson,1480,https://stockanalysis.com/analysts/Justin-Patterson/,02 Sep 2026
Paul Fremont,1483,https://stockanalysis.com/analysts/Paul-Fremont/,17 Aug 2026
Daniel Stauder,1486,https://stockanalysis.com/analysts/Daniel-Stauder/,27 Aug 2026
John Colantuoni,1487,https://stockanalysis.com/analysts/John-Colantuoni/,03 Sep 2026
Shlomo Rosenbaum,1488,https://stockanalysis.com/analysts/Shlomo-Rosenbaum/,03 Sep 2026
Vijay Kumar,1489,https://stockanalysis.com/analysts/Vijay-Kumar/,27 Aug 2026
Nigel Coe,1490,https://stockanalysis.com/analysts/Nigel-Coe/,21 Jul 2026
Christopher Stathoulopoulos,1491,https://stockanalysis.com/analysts/Christopher-Stathoulopoulos/,18 Aug 2026
Philip Shen,1493,https://stockanalysis.com/analysts/Philip-Shen/,01 Sep 2026
Leland Gershell,1494,https://stockanalysis.com/analysts/Leland-Gershell/,02 Sep 2026
Steven Etoch,1496,https://stockanalysis.com/analysts/Steven-Etoch/,27 Jul 2026
Janet Lee,1499,https://stockanalysis.com/analysts/Janet-Lee/,02 Sep 2026
Kevin Grundy,1502,https://stockanalysis.com/analysts/Kevin-Grundy/,08 Jul 2026
Charles Rhyee,1504,https://stockanalysis.com/analysts/Charles-Rhyee/,27 Aug 2026
Emma Xu,1505,https://stockanalysis.com/analysts/Emma-Xu/,21 Aug 2026
Tom Narayan,1506,https://stockanalysis.com/analysts/Tom-Narayan/,04 Sep 2026
Dennis Ip,1507,https://stockanalysis.com/analysts/Dennis-Ip/,22 May 2026
Mark Altschwager,1508,https://stockanalysis.com/analysts/Mark-Altschwager/,04 Sep 2026
Anne Ling,1509,https://stockanalysis.com/analysts/Anne-Ling/,01 Sep 2026
Brian Martin,1512,https://stockanalysis.com/analysts/Brian-Martin/,07 Aug 2026
Thomas Gallagher,1514,https://stockanalysis.com/analysts/Thomas-Gallagher/,20 Aug 2026
Peter Supino,1517,https://stockanalysis.com/analysts/Peter-Supino/,02 Sep 2026
Marcelo Santos,1518,https://stockanalysis.com/analysts/Marcelo-Santos/,04 Sep 2026
Steven Fisher,1519,https://stockanalysis.com/analysts/Steven-Fisher/,28 Aug 2026
Kash Rangan,1520,https://stockanalysis.com/analysts/Kash-Rangan/,02 Feb 2026
Jon Windham,1521,https://stockanalysis.com/analysts/Jon-Windham/,04 Sep 2026
Brian Ossenbeck,1522,https://stockanalysis.com/analysts/Brian-Ossenbeck/,04 Sep 2026
Uy Ear,1524,https://stockanalysis.com/analysts/Uy-Ear/,04 Sep 2026
Ross Sparenblek,1527,https://stockanalysis.com/analysts/Ross-Sparenblek/,01 Sep 2026
Steven Alexopoulos,1530,https://stockanalysis.com/analysts/Steven-Alexopoulos/,27 Jul 2026
Roger Boyd,1531,https://stockanalysis.com/analysts/Roger-Boyd/,04 Sep 2026
Bill Peterson,1535,https://stockanalysis.com/analysts/Bill-Peterson/,10 Aug 2026
Savanthi Syth,1536,https://stockanalysis.com/analysts/Savanthi-Syth/,24 Aug 2026
Marc Bianchi,1537,https://stockanalysis.com/analysts/Marc-Bianchi/,25 Aug 2026
Peter Keith,1538,https://stockanalysis.com/analysts/Peter-Keith/,04 Sep 2026
David Katz,1539,https://stockanalysis.com/analysts/David-Katz/,04 Sep 2026
Robert Jamieson,1541,https://stockanalysis.com/analysts/Robert-Jamieson/,27 May 2026
Matthew Martino,1542,https://stockanalysis.com/analysts/Matthew-Martino/,04 Sep 2026
Jeffrey Spector,1545,https://stockanalysis.com/analysts/Jeffrey-Spector/,24 Aug 2026
Adam Tindle,1547,https://stockanalysis.com/analysts/Adam-Tindle/,03 Sep 2026
Thomas Champion,1548,https://stockanalysis.com/analysts/Thomas-Champion/,03 Sep 2026
Noah Poponak,1549,https://stockanalysis.com/analysts/Noah-Poponak/,02 Sep 2026
Michael Shlisky,1550,https://stockanalysis.com/analysts/Michael-Shlisky/,04 Sep 2026
Rustam Kanga,1553,https://stockanalysis.com/analysts/Rustam-Kanga/,04 Aug 2026
Andrew Terrell,1554,https://stockanalysis.com/analysts/Andrew-Terrell/,31 Aug 2026
Ross Fowler,1555,https://stockanalysis.com/analysts/Ross-Fowler/,04 Sep 2026
Brian Vaccaro,1560,https://stockanalysis.com/analysts/Brian-Vaccaro/,24 Aug 2026
Mayank Mamtani,1562,https://stockanalysis.com/analysts/Mayank-Mamtani/,04 Sep 2026
Sathish Kasinathan,1565,https://stockanalysis.com/analysts/Sathish-Kasinathan/,20 Aug 2026
Kallum Titchmarsh,1569,https://stockanalysis.com/analysts/Kallum-Titchmarsh/,03 Sep 2026
Polo Tang,1570,https://stockanalysis.com/analysts/Polo-Tang/,13 Aug 2026
Joe Laetsch,1571,https://stockanalysis.com/analysts/Joe-Laetsch/,20 Aug 2026
Michael Cherny,1573,https://stockanalysis.com/analysts/Michael-Cherny/,11 Aug 2026
Adam Jonas,1576,https://stockanalysis.com/analysts/Adam-Jonas/,01 Sep 2026
Daniel Kurnos,1577,https://stockanalysis.com/analysts/Daniel-Kurnos/,10 Aug 2026
Dan Bergstrom,1580,https://stockanalysis.com/analysts/Dan-Bergstrom/,30 Jul 2026
Lauren Lieberman,1585,https://stockanalysis.com/analysts/Lauren-Lieberman/,04 Sep 2026
Benjamin Theurer,1586,https://stockanalysis.com/analysts/Benjamin-Theurer/,04 Sep 2026
Jake Fuller,1587,https://stockanalysis.com/analysts/Jake-Fuller/,04 Sep 2026
William Plovanic,1589,https://stockanalysis.com/analysts/William-Plovanic/,27 Aug 2026
Clark Wright,1591,https://stockanalysis.com/analysts/Clark-Wright/,04 Sep 2026
Joe Feldman,1594,https://stockanalysis.com/analysts/Joe-Feldman/,04 Sep 2026
Andrew Charles,1596,https://stockanalysis.com/analysts/Andrew-Charles/,26 Aug 2026
Biraj Borkhataria,1605,https://stockanalysis.com/analysts/Biraj-Borkhataria/,04 Sep 2026
Thomas Stephan,1608,https://stockanalysis.com/analysts/Thomas-Stephan/,04 Sep 2026
Arjun Bhatia,1609,https://stockanalysis.com/analysts/Arjun-Bhatia/,04 Sep 2026
Jonathan Chang,1611,https://stockanalysis.com/analysts/Jonathan-Chang/,13 Jul 2026
Russell Gunther,1614,https://stockanalysis.com/analysts/Russell-Gunther/,21 Aug 2026
Casey Woodring,1616,https://stockanalysis.com/analysts/Casey-Woodring/,27 Aug 2026
David Palmer,1620,https://stockanalysis.com/analysts/David-Palmer/,31 Aug 2026
Brent Thill,1622,https://stockanalysis.com/analysts/Brent-Thill/,03 Sep 2026
Ronald Josey,1623,https://stockanalysis.com/analysts/Ronald-Josey/,01 Sep 2026
Jonathan Matuszewski,1624,https://stockanalysis.com/analysts/Jonathan-Matuszewski/,03 Sep 2026
Thiago Batista,1628,https://stockanalysis.com/analysts/Thiago-Batista/,20 Aug 2026
Pablo Singzon,1631,https://stockanalysis.com/analysts/Pablo-Singzon/,25 Aug 2026
Laurie Havener,1632,https://stockanalysis.com/analysts/Laurie-Havener/,29 Jul 2026
Merrill Ross,1633,https://stockanalysis.com/analysts/Merrill-Ross/,13 May 2026
Jasper Hellweg,1634,https://stockanalysis.com/analysts/Jasper-Hellweg/,03 Sep 2026
Emmanuel Papadakis,1636,https://stockanalysis.com/analysts/Emmanuel-Papadakis/,02 Sep 2026
Mark Schappel,1637,https://stockanalysis.com/analysts/Mark-Schappel/,18 Aug 2026
Robert Ohmes,1638,https://stockanalysis.com/analysts/Robert-Ohmes/,03 Sep 2026
Ben Isaacson,1639,https://stockanalysis.com/analysts/Ben-Isaacson/,02 Sep 2026
Daniil Gataulin,1641,https://stockanalysis.com/analysts/Daniil-Gataulin/,25 Jun 2026
Richard Choe,1646,https://stockanalysis.com/analysts/Richard-Choe/,02 Sep 2026
Anthony Codling,1647,https://stockanalysis.com/analysts/Anthony-Codling/,03 Sep 2026
Steve Fleishman,1649,https://stockanalysis.com/analysts/Steve-Fleishman/,11 Aug 2026
Brad Erickson,1650,https://stockanalysis.com/analysts/Brad-Erickson/,20 Aug 2026
Mathew Blackman,1652,https://stockanalysis.com/analysts/Mathew-Blackman/,06 Aug 2026
Dennis Ding,1657,https://stockanalysis.com/analysts/Dennis-Ding/,03 Sep 2026
Jason Bandel,1658,https://stockanalysis.com/analysts/Jason-Bandel/,07 Aug 2026
Gaurav Jain,1661,https://stockanalysis.com/analysts/Gaurav-Jain/,11 Aug 2026
Simon Coles,1662,https://stockanalysis.com/analysts/Simon-Coles/,21 Aug 2026
Alex Terentiew,1663,https://stockanalysis.com/analysts/Alex-Terentiew/,08 Jun 2026
Jed Kelly,1666,https://stockanalysis.com/analysts/Jed-Kelly/,03 Sep 2026
Michael Morton,1670,https://stockanalysis.com/analysts/Michael-Morton/,10 Jun 2026
Sebastiano Petti,1675,https://stockanalysis.com/analysts/Sebastiano-Petti/,02 Sep 2026
Alex Irving,1676,https://stockanalysis.com/analysts/Alex-Irving/,03 Sep 2026
Sam Darkatsh,1677,https://stockanalysis.com/analysts/Sam-Darkatsh/,19 Aug 2026
Sangita Jain,1679,https://stockanalysis.com/analysts/Sangita-Jain/,27 Aug 2026
Patrick Walravens,1680,https://stockanalysis.com/analysts/Patrick-Walravens/,03 Sep 2026
Charles Meade,1685,https://stockanalysis.com/analysts/Charles-Meade/,17 Aug 2026
Kevin Caliendo,1686,https://stockanalysis.com/analysts/Kevin-Caliendo/,03 Sep 2026
Ari Klein,1688,https://stockanalysis.com/analysts/Ari-Klein/,01 Sep 2026
Anthony Hau,1697,https://stockanalysis.com/analysts/Anthony-Hau/,28 Jul 2026
James Rollyson,1700,https://stockanalysis.com/analysts/James-Rollyson/,06 Aug 2026
Ben Mohr,1706,https://stockanalysis.com/analysts/Ben-Mohr/,14 Aug 2026
Karen Holthouse,1708,https://stockanalysis.com/analysts/Karen-Holthouse/,13 Aug 2026
Sam Eiber,1710,https://stockanalysis.com/analysts/Sam-Eiber/,01 Sep 2026
Anthony Bonadio,1712,https://stockanalysis.com/analysts/Anthony-Bonadio/,04 Sep 2026
Kalei Akamine,1713,https://stockanalysis.com/analysts/Kalei-Akamine/,27 Apr 2026
Andrew Weisel,1719,https://stockanalysis.com/analysts/Andrew-Weisel/,10 Aug 2026
Scott Davis,1720,https://stockanalysis.com/analysts/Scott-Davis/,27 Jan 2026
Barry Oxford,1721,https://stockanalysis.com/analysts/Barry-Oxford/,18 Aug 2026
John Baumgartner,1722,https://stockanalysis.com/analysts/John-Baumgartner/,20 May 2026
Kelsey Chia,1726,https://stockanalysis.com/analysts/Kelsey-Chia/,27 Aug 2026
Jonathan Block,1727,https://stockanalysis.com/analysts/Jonathan-Block/,20 Aug 2026
Allen Gong,1728,https://stockanalysis.com/analysts/Allen-Gong/,10 Aug 2026
Ben Kallo,1729,https://stockanalysis.com/analysts/Ben-Kallo/,18 Aug 2026
Venugopal Garre,1734,https://stockanalysis.com/analysts/Venugopal-Garre/,24 Aug 2026
James Faucette,1735,https://stockanalysis.com/analysts/James-Faucette/,03 Sep 2026
Stephen Grambling,1737,https://stockanalysis.com/analysts/Stephen-Grambling/,02 Sep 2026
Ruplu Bhattacharya,1738,https://stockanalysis.com/analysts/Ruplu-Bhattacharya/,27 Aug 2026
Christopher Nardone,1740,https://stockanalysis.com/analysts/Christopher-Nardone/,03 Sep 2026
John Dunn,1747,https://stockanalysis.com/analysts/John-Dunn/,10 Aug 2026
Stephen Powers,1748,https://stockanalysis.com/analysts/Stephen-Powers/,27 Aug 2026
Gavin Parsons,1750,https://stockanalysis.com/analysts/Gavin-Parsons/,01 Sep 2026
Matt Olney,1751,https://stockanalysis.com/analysts/Matt-Olney/,06 Aug 2026
Adrian Huerta,1752,https://stockanalysis.com/analysts/Adrian-Huerta/,02 Sep 2026
Michael Binetti,1753,https://stockanalysis.com/analysts/Michael-Binetti/,02 Sep 2026
James Hardiman,1754,https://stockanalysis.com/analysts/James-Hardiman/,02 Sep 2026
Jon Hickman,1755,https://stockanalysis.com/analysts/Jon-Hickman/,19 Aug 2026
Jared Shaw,1762,https://stockanalysis.com/analysts/Jared-Shaw/,26 Aug 2026
Tyler Radke,1765,https://stockanalysis.com/analysts/Tyler-Radke/,04 Sep 2026
Matthew Boss,1767,https://stockanalysis.com/analysts/Matthew-Boss/,04 Sep 2026
Radi Sultan,1769,https://stockanalysis.com/analysts/Radi-Sultan/,04 Sep 2026
Matthew Harrigan,1775,https://stockanalysis.com/analysts/Matthew-Harrigan/,06 Aug 2026
Michael Bellisario,1776,https://stockanalysis.com/analysts/Michael-Bellisario/,24 Aug 2026
Robert Stevenson,1778,https://stockanalysis.com/analysts/Robert-Stevenson/,13 Jan 2026
Christopher Liu,1787,https://stockanalysis.com/analysts/Christopher-Liu/,05 Aug 2026
Namita Samtani,1793,https://stockanalysis.com/analysts/Namita-Samtani/,04 Sep 2026
Kevin Mcveigh,1794,https://stockanalysis.com/analysts/Kevin-Mcveigh/,01 Sep 2026
Kevin McVeigh,1794,https://stockanalysis.com/analysts/Kevin-McVeigh/,01 Sep 2026
John McNulty,1796,https://stockanalysis.com/analysts/John-McNulty/,02 Sep 2026
Tommy Moll,1804,https://stockanalysis.com/analysts/Tommy-Moll/,18 Aug 2026
Larry Biegelsen,1806,https://stockanalysis.com/analysts/Larry-Biegelsen/,02 Sep 2026
Douglas Miehm,1807,https://stockanalysis.com/analysts/Douglas-Miehm/,12 Aug 2026
Stacy Ku,1808,https://stockanalysis.com/analysts/Stacy-Ku/,20 Aug 2026
Jeff Grampp,1810,https://stockanalysis.com/analysts/Jeff-Grampp/,04 Sep 2026
Richa Harnain,1812,https://stockanalysis.com/analysts/Richa-Harnain/,24 Jul 2026
Simeon Gutman,1817,https://stockanalysis.com/analysts/Simeon-Gutman/,03 Sep 2026
Timothy Hoff,1818,https://stockanalysis.com/analysts/Timothy-Hoff/,28 Aug 2026
Robert Drbul,1819,https://stockanalysis.com/analysts/Robert-Drbul/,03 Sep 2026
Jack Slevin,1822,https://stockanalysis.com/analysts/Jack-Slevin/,19 Aug 2026
Michael Ward,1824,https://stockanalysis.com/analysts/Michael-Ward/,24 Aug 2026
Nikhil Devnani,1825,https://stockanalysis.com/analysts/Nikhil-Devnani/,03 Sep 2026
Alec Stranahan,1827,https://stockanalysis.com/analysts/Alec-Stranahan/,27 Aug 2026
Daniel Politzer,1828,https://stockanalysis.com/analysts/Daniel-Politzer/,12 Aug 2026
Caitlin Cronin,1829,https://stockanalysis.com/analysts/Caitlin-Cronin/,02 Sep 2026
Francois Brisebois,1831,https://stockanalysis.com/analysts/Francois-Brisebois/,02 Sep 2026
Simon Toyne,1832,https://stockanalysis.com/analysts/Simon-Toyne/,31 Mar 2026
Axel Herlinghaus,1838,https://stockanalysis.com/analysts/Axel-Herlinghaus/,13 Aug 2026
Drew McReynolds,1840,https://stockanalysis.com/analysts/Drew-McReynolds/,04 Sep 2026
Rodolfo Angele,1841,https://stockanalysis.com/analysts/Rodolfo-Angele/,04 Sep 2026
Chris Woronka,1843,https://stockanalysis.com/analysts/Chris-Woronka/,14 Aug 2026
Sophie Karp,1852,https://stockanalysis.com/analysts/Sophie-Karp/,03 Sep 2026
Joshua Reilly,1855,https://stockanalysis.com/analysts/Joshua-Reilly/,02 Sep 2026
Wilma Burdis,1859,https://stockanalysis.com/analysts/Wilma-Burdis/,02 Sep 2026
Jonathan Brandt,1862,https://stockanalysis.com/analysts/Jonathan-Brandt/,20 Aug 2026
Piyush Choudhary,1864,https://stockanalysis.com/analysts/Piyush-Choudhary/,16 Jan 2026
Vijit Jain,1865,https://stockanalysis.com/analysts/Vijit-Jain/,19 May 2026
Eric Gonzalez,1866,https://stockanalysis.com/analysts/Eric-Gonzalez/,27 Aug 2026
David Rescott,1867,https://stockanalysis.com/analysts/David-Rescott/,02 Sep 2026
Jason Celino,1868,https://stockanalysis.com/analysts/Jason-Celino/,04 Sep 2026
Michael Lavery,1869,https://stockanalysis.com/analysts/Michael-Lavery/,24 Aug 2026
Brandon Folkes,1871,https://stockanalysis.com/analysts/Brandon-Folkes/,04 Sep 2026
Puneet Souda,1872,https://stockanalysis.com/analysts/Puneet-Souda/,07 Aug 2026
Nicholas Holowko,1875,https://stockanalysis.com/analysts/Nicholas-Holowko/,01 Sep 2026
Mitchel Penn,1876,https://stockanalysis.com/analysts/Mitchel-Penn/,20 Aug 2026
Vincent Caintic,1882,https://stockanalysis.com/analysts/Vincent-Caintic/,27 Aug 2026
Andrea Alfonso,1887,https://stockanalysis.com/analysts/Andrea-Alfonso/,07 Aug 2026
Matthew DeYoe,1892,https://stockanalysis.com/analysts/Matthew-DeYoe/,02 Sep 2026
Saree Boroditsky,1894,https://stockanalysis.com/analysts/Saree-Boroditsky/,09 Feb 2026
Matt Miksic,1896,https://stockanalysis.com/analysts/Matt-Miksic/,28 May 2026
Olivia Tong,1897,https://stockanalysis.com/analysts/Olivia-Tong/,27 Aug 2026
Maher Yaghi,1901,https://stockanalysis.com/analysts/Maher-Yaghi/,11 Aug 2026
Chad Beynon,1905,https://stockanalysis.com/analysts/Chad-Beynon/,21 Aug 2026
David Grossman,1910,https://stockanalysis.com/analysts/David-Grossman/,03 Sep 2026
Tom Forte,1912,https://stockanalysis.com/analysts/Tom-Forte/,04 Sep 2026
Anderson Schock,1919,https://stockanalysis.com/analysts/Anderson-Schock/,10 Aug 2026
Brendan Nosal,1920,https://stockanalysis.com/analysts/Brendan-Nosal/,30 Jul 2026
Jasper Bibb,1921,https://stockanalysis.com/analysts/Jasper-Bibb/,04 Sep 2026
Owen Rickert,1923,https://stockanalysis.com/analysts/Owen-Rickert/,26 Aug 2026
Matthew Smith,1925,https://stockanalysis.com/analysts/Matthew-Smith/,13 May 2026
Bruno Montanari,1930,https://stockanalysis.com/analysts/Bruno-Montanari/,16 Jul 2026
Edlain Rodriguez,1931,https://stockanalysis.com/analysts/Edlain-Rodriguez/,04 Sep 2026
Peter Steyn,1932,https://stockanalysis.com/analysts/Peter-Steyn/,21 Aug 2026
Kerry Holford,1933,https://stockanalysis.com/analysts/Kerry-Holford/,17 Aug 2026
Jeffrey Zekauskas,1934,https://stockanalysis.com/analysts/Jeffrey-Zekauskas/,25 Aug 2026
Steve Hansen,1936,https://stockanalysis.com/analysts/Steve-Hansen/,24 Aug 2026
Nicholas Lorusso,1938,https://stockanalysis.com/analysts/Nicholas-Lorusso/,25 Aug 2026
Gregory Francfort,1940,https://stockanalysis.com/analysts/Gregory-Francfort/,24 Aug 2026
Stephen Baxter,1945,https://stockanalysis.com/analysts/Stephen-Baxter/,26 Aug 2026
Ygal Arounian,1947,https://stockanalysis.com/analysts/Ygal-Arounian/,03 Sep 2026
Benjamin Rossi,1950,https://stockanalysis.com/analysts/Benjamin-Rossi/,04 Sep 2026
Saul Martinez,1953,https://stockanalysis.com/analysts/Saul-Martinez/,20 Jul 2026
Brandon Nispel,1957,https://stockanalysis.com/analysts/Brandon-Nispel/,03 Sep 2026
Christine Dooley,1960,https://stockanalysis.com/analysts/Christine-Dooley/,31 Aug 2026
Adam Baumgarten,1961,https://stockanalysis.com/analysts/Adam-Baumgarten/,27 Feb 2026
Bhavesh Lodaya,1963,https://stockanalysis.com/analysts/Bhavesh-Lodaya/,07 Aug 2026
Asthika Goonewardene,1968,https://stockanalysis.com/analysts/Asthika-Goonewardene/,13 Aug 2026
Hector Maya,1970,https://stockanalysis.com/analysts/Hector-Maya/,27 Aug 2026
Austin Wurschmidt,1973,https://stockanalysis.com/analysts/Austin-Wurschmidt/,26 Aug 2026
Nicholas Yulico,1976,https://stockanalysis.com/analysts/Nicholas-Yulico/,02 Sep 2026
Ric Prentiss,1977,https://stockanalysis.com/analysts/Ric-Prentiss/,25 Aug 2026
Jeffrey Kiang,1990,https://stockanalysis.com/analysts/Jeffrey-Kiang/,25 Aug 2026
George Tong,1992,https://stockanalysis.com/analysts/George-Tong/,04 Sep 2026
Jason Cassorla,2003,https://stockanalysis.com/analysts/Jason-Cassorla/,07 Aug 2026
Taylor Conrad,2006,https://stockanalysis.com/analysts/Taylor-Conrad/,31 Aug 2026
Judah Frommer,2008,https://stockanalysis.com/analysts/Judah-Frommer/,03 Sep 2026
Betty Jiang,2010,https://stockanalysis.com/analysts/Betty-Jiang/,20 Aug 2026
Michael Gorman,2011,https://stockanalysis.com/analysts/Michael-Gorman/,28 Aug 2026
Kevin Garrigan,2012,https://stockanalysis.com/analysts/Kevin-Garrigan/,14 Aug 2026
Amit Dayal,2013,https://stockanalysis.com/analysts/Amit-Dayal/,02 Sep 2026
Robert Mollins,2015,https://stockanalysis.com/analysts/Robert-Mollins/,10 Jun 2026
Mark Strouse,2019,https://stockanalysis.com/analysts/Mark-Strouse/,17 Aug 2026
Joe Dickstein,2020,https://stockanalysis.com/analysts/Joe-Dickstein/,01 Jun 2026
Ken Gawrelski,2036,https://stockanalysis.com/analysts/Ken-Gawrelski/,03 Sep 2026
Omar Mejias,2040,https://stockanalysis.com/analysts/Omar-Mejias/,06 Aug 2026
Sergey Glinyanov,2042,https://stockanalysis.com/analysts/Sergey-Glinyanov/,04 Sep 2026
Timna Tanners,2044,https://stockanalysis.com/analysts/Timna-Tanners/,26 Aug 2026
Andrew Strelzik,2045,https://stockanalysis.com/analysts/Andrew-Strelzik/,04 Sep 2026
Danielle Antalffy,2046,https://stockanalysis.com/analysts/Danielle-Antalffy/,07 Aug 2026
Conor Cunningham,2053,https://stockanalysis.com/analysts/Conor-Cunningham/,07 Jul 2026
Jiong Shao,2059,https://stockanalysis.com/analysts/Jiong-Shao/,02 Sep 2026
Daniel Magder,2064,https://stockanalysis.com/analysts/Daniel-Magder/,16 Jul 2026
Jonathan Yong,2065,https://stockanalysis.com/analysts/Jonathan-Yong/,07 Aug 2026
Michael Roxland,2068,https://stockanalysis.com/analysts/Michael-Roxland/,31 Aug 2026
Whit Mayo,2070,https://stockanalysis.com/analysts/Whit-Mayo/,30 Jul 2026
Andres Cardona,2075,https://stockanalysis.com/analysts/Andres-Cardona/,13 Aug 2026
Richard Safran,2077,https://stockanalysis.com/analysts/Richard-Safran/,26 May 2026
Jairam Nathan,2088,https://stockanalysis.com/analysts/Jairam-Nathan/,29 Jun 2026
Matthew Condon,2089,https://stockanalysis.com/analysts/Matthew-Condon/,07 Aug 2026
Joshua Tilton,2092,https://stockanalysis.com/analysts/Joshua-Tilton/,09 Jun 2026
Paul Gong,2094,https://stockanalysis.com/analysts/Paul-Gong/,02 Sep 2026
Phillip Blee,2102,https://stockanalysis.com/analysts/Phillip-Blee/,03 Sep 2026
Andres Sheppard,2103,https://stockanalysis.com/analysts/Andres-Sheppard/,17 Aug 2026
Anja Soderstrom,2105,https://stockanalysis.com/analysts/Anja-Soderstrom/,31 Jul 2026
Simon Hales,2116,https://stockanalysis.com/analysts/Simon-Hales/,28 Aug 2026
Cristina Fernandez,2118,https://stockanalysis.com/analysts/Cristina-Fernandez/,02 Sep 2026
Michael Goldsmith,2124,https://stockanalysis.com/analysts/Michael-Goldsmith/,25 Aug 2026
Tom Nikic,2127,https://stockanalysis.com/analysts/Tom-Nikic/,04 Sep 2026
Janine Stichter,2129,https://stockanalysis.com/analysts/Janine-Stichter/,04 Sep 2026
Edison Yu,2130,https://stockanalysis.com/analysts/Edison-Yu/,02 Sep 2026
Thibault Boutherin,2135,https://stockanalysis.com/analysts/Thibault-Boutherin/,01 Sep 2026
Luisa Hector,2136,https://stockanalysis.com/analysts/Luisa-Hector/,02 Sep 2026
Chris McNally,2137,https://stockanalysis.com/analysts/Chris-McNally/,24 Aug 2026
Jenny Ping,2138,https://stockanalysis.com/analysts/Jenny-Ping/,04 Sep 2026
Mike Hickey,2140,https://stockanalysis.com/analysts/Mike-Hickey/,01 Sep 2026
Scott Stember,2142,https://stockanalysis.com/analysts/Scott-Stember/,21 Aug 2026
Michael Nathanson,2146,https://stockanalysis.com/analysts/Michael-Nathanson/,07 Aug 2026
Kevin Kopelman,2149,https://stockanalysis.com/analysts/Kevin-Kopelman/,07 Aug 2026
Aaron Hecht,2151,https://stockanalysis.com/analysts/Aaron-Hecht/,10 Aug 2026
Sachin Salgaonkar,2152,https://stockanalysis.com/analysts/Sachin-Salgaonkar/,03 Sep 2026
Joshua Dennerlein,2153,https://stockanalysis.com/analysts/Joshua-Dennerlein/,04 Aug 2025
George Kelly,2155,https://stockanalysis.com/analysts/George-Kelly/,04 Sep 2026
John Pancari,2160,https://stockanalysis.com/analysts/John-Pancari/,05 Aug 2026
David Roman,2162,https://stockanalysis.com/analysts/David-Roman/,15 Jul 2026
Tim Mulrooney,2163,https://stockanalysis.com/analysts/Tim-Mulrooney/,04 Sep 2026
George Choi,2168,https://stockanalysis.com/analysts/George-Choi/,25 Aug 2026
Caitlin Roberts,2174,https://stockanalysis.com/analysts/Caitlin-Roberts/,01 Sep 2026
Derek Hewett,2175,https://stockanalysis.com/analysts/Derek-Hewett/,24 Aug 2026
Jonna Kim,2177,https://stockanalysis.com/analysts/Jonna-Kim/,04 Sep 2026
Nat Schindler,2179,https://stockanalysis.com/analysts/Nat-Schindler/,13 Aug 2026
Matthew Biegler,2180,https://stockanalysis.com/analysts/Matthew-Biegler/,14 Aug 2026
Priya Sachdeva,2181,https://stockanalysis.com/analysts/Priya-Sachdeva/,28 Jul 2026
Brian McNamara,2187,https://stockanalysis.com/analysts/Brian-McNamara/,03 Sep 2026
Glen Santangelo,2188,https://stockanalysis.com/analysts/Glen-Santangelo/,03 Sep 2026
Bill Sutherland,2189,https://stockanalysis.com/analysts/Bill-Sutherland/,17 Aug 2026
Hassan Ahmed,2190,https://stockanalysis.com/analysts/Hassan-Ahmed/,02 Sep 2026
Joseph Cardoso,2194,https://stockanalysis.com/analysts/Joseph-Cardoso/,04 Sep 2026
Kyle Boucher,2199,https://stockanalysis.com/analysts/Kyle-Boucher/,11 Aug 2026
John Newman,2210,https://stockanalysis.com/analysts/John-Newman/,03 Sep 2026
Pooran Sharma,2211,https://stockanalysis.com/analysts/Pooran-Sharma/,28 Aug 2026
Pradeep Ramani,2212,https://stockanalysis.com/analysts/Pradeep-Ramani/,02 Feb 2026
Bryan Burgmeier,2213,https://stockanalysis.com/analysts/Bryan-Burgmeier/,30 Jul 2026
Melissa Wedel,2228,https://stockanalysis.com/analysts/Melissa-Wedel/,02 Sep 2026
Eliana Merle,2231,https://stockanalysis.com/analysts/Eliana-Merle/,04 Sep 2026
John Kilichowski,2236,https://stockanalysis.com/analysts/John-Kilichowski/,01 Sep 2026
Lee Simpson,2237,https://stockanalysis.com/analysts/Lee-Simpson/,19 Aug 2026
Timothy Chiodo,2238,https://stockanalysis.com/analysts/Timothy-Chiodo/,28 Aug 2026
Roger Song,2240,https://stockanalysis.com/analysts/Roger-Song/,17 Aug 2026
William Appicelli,2247,https://stockanalysis.com/analysts/William-Appicelli/,28 Jul 2026
Jason Weaver,2249,https://stockanalysis.com/analysts/Jason-Weaver/,24 Aug 2026
Jay Sole,2252,https://stockanalysis.com/analysts/Jay-Sole/,04 Sep 2026
Wesley Brooks,2254,https://stockanalysis.com/analysts/Wesley-Brooks/,07 May 2026
Mark Palmer,2262,https://stockanalysis.com/analysts/Mark-Palmer/,21 Aug 2026
Emma Schwartz,2263,https://stockanalysis.com/analysts/Emma-Schwartz/,10 Aug 2026
Dominick Gabriele,2269,https://stockanalysis.com/analysts/Dominick-Gabriele/,28 Aug 2026
Sameer Joshi,2270,https://stockanalysis.com/analysts/Sameer-Joshi/,01 Sep 2026
Caleb Stein,2273,https://stockanalysis.com/analysts/Caleb-Stein/,30 Jul 2026
Jordan Lyonnais,2281,https://stockanalysis.com/analysts/Jordan-Lyonnais/,07 May 2026
Kim Fustier,2283,https://stockanalysis.com/analysts/Kim-Fustier/,03 Aug 2026
James Kammert,2289,https://stockanalysis.com/analysts/James-Kammert/,17 Aug 2026
Paul Johnson,2292,https://stockanalysis.com/analysts/Paul-Johnson/,27 Aug 2026
Vincent Andrews,2293,https://stockanalysis.com/analysts/Vincent-Andrews/,17 Aug 2026
Justin Kleber,2298,https://stockanalysis.com/analysts/Justin-Kleber/,31 Jul 2026
Paul Knight,2299,https://stockanalysis.com/analysts/Paul-Knight/,04 Sep 2026
Dana Telsey,2300,https://stockanalysis.com/analysts/Dana-Telsey/,04 Sep 2026
Joseph Yanchunis,2302,https://stockanalysis.com/analysts/Joseph-Yanchunis/,03 Sep 2026
Jim Sanderson,2306,https://stockanalysis.com/analysts/Jim-Sanderson/,13 Aug 2026
Patrick Creuset,2308,https://stockanalysis.com/analysts/Patrick-Creuset/,10 Aug 2026
Andrew DeGasperi,2310,https://stockanalysis.com/analysts/Andrew-DeGasperi/,13 Jul 2026
Ellie Jiang,2311,https://stockanalysis.com/analysts/Ellie-Jiang/,25 Aug 2026
Omar Sheikh,2317,https://stockanalysis.com/analysts/Omar-Sheikh/,10 Mar 2026
Daniel Grosslight,2320,https://stockanalysis.com/analysts/Daniel-Grosslight/,12 Aug 2026
Anthony Paolone,2328,https://stockanalysis.com/analysts/Anthony-Paolone/,02 Sep 2026
Joshua Spector,2330,https://stockanalysis.com/analysts/Joshua-Spector/,31 Aug 2026
George Staphos,2332,https://stockanalysis.com/analysts/George-Staphos/,03 Sep 2026
William Pickering,2338,https://stockanalysis.com/analysts/William-Pickering/,11 Aug 2026
Alejandro Demichelis,2340,https://stockanalysis.com/analysts/Alejandro-Demichelis/,11 Aug 2026
Kate McShane,2341,https://stockanalysis.com/analysts/Kate-McShane/,04 Sep 2026
Michael Ulz,2346,https://stockanalysis.com/analysts/Michael-Ulz/,01 Sep 2026
Marie Ferguson,2353,https://stockanalysis.com/analysts/Marie-Ferguson/,31 Aug 2026
Samantha Semenkow,2354,https://stockanalysis.com/analysts/Samantha-Semenkow/,04 Sep 2026
Dae Lee,2358,https://stockanalysis.com/analysts/Dae-Lee/,11 Aug 2026
Laurent Vasilescu,2363,https://stockanalysis.com/analysts/Laurent-Vasilescu/,04 Sep 2026
Ken Hoexter,2365,https://stockanalysis.com/analysts/Ken-Hoexter/,04 Sep 2026
Joyce Ju,2367,https://stockanalysis.com/analysts/Joyce-Ju/,27 Aug 2026
Sebastian Sandler,2368,https://stockanalysis.com/analysts/Sebastian-Sandler/,30 Jul 2026
Ryan Merkel,2376,https://stockanalysis.com/analysts/Ryan-Merkel/,04 Sep 2026
Craig Mailman,2381,https://stockanalysis.com/analysts/Craig-Mailman/,05 Mar 2026
Rayna Kumar,2384,https://stockanalysis.com/analysts/Rayna-Kumar/,31 Aug 2026
Leah Jordan,2386,https://stockanalysis.com/analysts/Leah-Jordan/,03 Sep 2026
Arthur Truslove,2389,https://stockanalysis.com/analysts/Arthur-Truslove/,17 Aug 2026
Jeff Lick,2393,https://stockanalysis.com/analysts/Jeff-Lick/,11 Aug 2026
Gena Wang,2394,https://stockanalysis.com/analysts/Gena-Wang/,28 May 2026
Natalya Davies,2397,https://stockanalysis.com/analysts/Natalya-Davies/,02 Sep 2026
Yuri Fernandes,2399,https://stockanalysis.com/analysts/Yuri-Fernandes/,01 Sep 2026
Zachary Warring,2400,https://stockanalysis.com/analysts/Zachary-Warring/,04 Sep 2026
Daniel Jester,2401,https://stockanalysis.com/analysts/Daniel-Jester/,04 Sep 2026
Catharine Trebnick,2402,https://stockanalysis.com/analysts/Catharine-Trebnick/,04 Sep 2026
Oliver Chen,2403,https://stockanalysis.com/analysts/Oliver-Chen/,04 Sep 2026
Michael Petusky,2404,https://stockanalysis.com/analysts/Michael-Petusky/,03 Sep 2026
Jonathan Keypour,2409,https://stockanalysis.com/analysts/Jonathan-Keypour/,27 Aug 2026
Sam Reid,2412,https://stockanalysis.com/analysts/Sam-Reid/,24 Aug 2026
Brian Wilczynski,2414,https://stockanalysis.com/analysts/Brian-Wilczynski/,30 Jul 2026
Daniel Clark,2415,https://stockanalysis.com/analysts/Daniel-Clark/,24 Feb 2026
Aaron Kimson,2417,https://stockanalysis.com/analysts/Aaron-Kimson/,26 Aug 2026
Matthew Erdner,2419,https://stockanalysis.com/analysts/Matthew-Erdner/,25 Aug 2026
Michael Sarcone,2420,https://stockanalysis.com/analysts/Michael-Sarcone/,31 Jul 2026
Steven Pizzella,2426,https://stockanalysis.com/analysts/Steven-Pizzella/,13 Aug 2026
Yi Chen,2427,https://stockanalysis.com/analysts/Yi-Chen/,03 Sep 2026
Justin Zelin,2428,https://stockanalysis.com/analysts/Justin-Zelin/,02 Feb 2026
Adam Frisch,2440,https://stockanalysis.com/analysts/Adam-Frisch/,26 Aug 2026
Richard Clarke,2444,https://stockanalysis.com/analysts/Richard-Clarke/,28 Aug 2026
Simeon Siegel,2445,https://stockanalysis.com/analysts/Simeon-Siegel/,04 Sep 2026
Adam Bubes,2452,https://stockanalysis.com/analysts/Adam-Bubes/,03 Sep 2026
Robert Fishman,2453,https://stockanalysis.com/analysts/Robert-Fishman/,30 Jul 2026
Ryan Levine,2457,https://stockanalysis.com/analysts/Ryan-Levine/,09 Aug 2026
Ashish Sabadra,2458,https://stockanalysis.com/analysts/Ashish-Sabadra/,04 Sep 2026
Alexander Hess,2464,https://stockanalysis.com/analysts/Alexander-Hess/,12 Aug 2026
Keith Stanley,2466,https://stockanalysis.com/analysts/Keith-Stanley/,26 Aug 2026
Jeffrey Stevenson,2468,https://stockanalysis.com/analysts/Jeffrey-Stevenson/,28 Apr 2026
Jamie Baker,2474,https://stockanalysis.com/analysts/Jamie-Baker/,30 Jul 2026
Brett Rabatin,2475,https://stockanalysis.com/analysts/Brett-Rabatin/,31 Aug 2026
Lisa Walter,2478,https://stockanalysis.com/analysts/Lisa-Walter/,25 Aug 2026
James Condulis,2479,https://stockanalysis.com/analysts/James-Condulis/,31 Aug 2026
Guilherme Mendes,2492,https://stockanalysis.com/analysts/Guilherme-Mendes/,04 Sep 2026
Matthew Heimermann,2497,https://stockanalysis.com/analysts/Matthew-Heimermann/,31 Aug 2026
Nicholas Thillman,2498,https://stockanalysis.com/analysts/Nicholas-Thillman/,31 Aug 2026
Peyton Dorne,2506,https://stockanalysis.com/analysts/Peyton-Dorne/,10 Aug 2026
Michael Cyprys,2508,https://stockanalysis.com/analysts/Michael-Cyprys/,01 Sep 2026
Barry Jonas,2510,https://stockanalysis.com/analysts/Barry-Jonas/,19 Aug 2026
George Gianarikas,2512,https://stockanalysis.com/analysts/George-Gianarikas/,03 Sep 2026
Vitaly Umansky,2516,https://stockanalysis.com/analysts/Vitaly-Umansky/,07 Jun 2026
Michael Cho,2519,https://stockanalysis.com/analysts/Michael-Cho/,10 Aug 2026
Lilyanna Yang,2520,https://stockanalysis.com/analysts/Lilyanna-Yang/,26 May 2026
Filippo Falorni,2522,https://stockanalysis.com/analysts/Filippo-Falorni/,21 Aug 2026
Ranjan Sharma,2525,https://stockanalysis.com/analysts/Ranjan-Sharma/,17 Aug 2026
James Feldman,2526,https://stockanalysis.com/analysts/James-Feldman/,01 Sep 2026
Ken Worthington,2527,https://stockanalysis.com/analysts/Ken-Worthington/,02 Sep 2026
Steve Frankel,2528,https://stockanalysis.com/analysts/Steve-Frankel/,27 Aug 2026
Julien Blouin,2539,https://stockanalysis.com/analysts/Julien-Blouin/,03 Sep 2026
Glenn Chin,2543,https://stockanalysis.com/analysts/Glenn-Chin/,02 Aug 2026
Benjamin Soff,2544,https://stockanalysis.com/analysts/Benjamin-Soff/,18 Aug 2026
Adrienne Yih,2552,https://stockanalysis.com/analysts/Adrienne-Yih/,04 Sep 2026
Alfonso Salazar,2561,https://stockanalysis.com/analysts/Alfonso-Salazar/,27 Aug 2026
Will Kirkness,2565,https://stockanalysis.com/analysts/Will-Kirkness/,02 Sep 2026
Robert Labick,2569,https://stockanalysis.com/analysts/Robert-Labick/,10 Dec 2025
Tyler DiMatteo,2573,https://stockanalysis.com/analysts/Tyler-DiMatteo/,20 Aug 2026
Peter Galbo,2574,https://stockanalysis.com/analysts/Peter-Galbo/,04 Sep 2026
Michael Legg,2580,https://stockanalysis.com/analysts/Michael-Legg/,03 Mar 2026
Jeffrey Meuler,2585,https://stockanalysis.com/analysts/Jeffrey-Meuler/,28 Aug 2026
Alexander Goldfarb,2588,https://stockanalysis.com/analysts/Alexander-Goldfarb/,01 Sep 2026
Jared Levine,2596,https://stockanalysis.com/analysts/Jared-Levine/,27 Aug 2026
Eddie Kim,2611,https://stockanalysis.com/analysts/Eddie-Kim/,12 Aug 2026
Keay Nakae,2618,https://stockanalysis.com/analysts/Keay-Nakae/,04 Sep 2026
Patrick Baumann,2620,https://stockanalysis.com/analysts/Patrick-Baumann/,18 May 2026
Praneeth Satish,2622,https://stockanalysis.com/analysts/Praneeth-Satish/,02 Sep 2026
Martijn Rats,2623,https://stockanalysis.com/analysts/Martijn-Rats/,04 Sep 2026
Bradley Sills,2625,https://stockanalysis.com/analysts/Bradley-Sills/,12 Mar 2026
Emily Field,2629,https://stockanalysis.com/analysts/Emily-Field/,31 Aug 2026
Christopher Raymond,2630,https://stockanalysis.com/analysts/Christopher-Raymond/,03 Sep 2026
Chris Muller,2635,https://stockanalysis.com/analysts/Chris-Muller/,05 Aug 2026
Joanne Wuensch,2636,https://stockanalysis.com/analysts/Joanne-Wuensch/,02 Sep 2026
Rodrigo Alcantara,2639,https://stockanalysis.com/analysts/Rodrigo-Alcantara/,11 Aug 2026
James Gordon,2643,https://stockanalysis.com/analysts/James-Gordon/,27 Aug 2026
Jackson Ader,2645,https://stockanalysis.com/analysts/Jackson-Ader/,04 Sep 2026
Karl Shepard,2647,https://stockanalysis.com/analysts/Karl-Shepard/,30 Jul 2026
Detlef Winckelmann,2650,https://stockanalysis.com/analysts/Detlef-Winckelmann/,06 Aug 2026
Luke Junk,2653,https://stockanalysis.com/analysts/Luke-Junk/,20 Aug 2026
Upal Rana,2659,https://stockanalysis.com/analysts/Upal-Rana/,19 Aug 2026
Steve Sakwa,2661,https://stockanalysis.com/analysts/Steve-Sakwa/,19 Aug 2026
Shaun Kelley,2663,https://stockanalysis.com/analysts/Shaun-Kelley/,03 Sep 2026
Blaine Heck,2666,https://stockanalysis.com/analysts/Blaine-Heck/,01 Sep 2026
Ed Vyvyan,2672,https://stockanalysis.com/analysts/Ed-Vyvyan/,27 Feb 2026
Matthew Hershenhorn,2679,https://stockanalysis.com/analysts/Matthew-Hershenhorn/,05 Aug 2026
David Lantz,2687,https://stockanalysis.com/analysts/David-Lantz/,18 Aug 2026
Elizabeth Sun,2693,https://stockanalysis.com/analysts/Elizabeth-Sun/,10 Aug 2026
Ashley Wallace,2697,https://stockanalysis.com/analysts/Ashley-Wallace/,27 Aug 2026
Max Rakhlenko,2701,https://stockanalysis.com/analysts/Max-Rakhlenko/,02 Sep 2026
Nicholas Amicucci,2704,https://stockanalysis.com/analysts/Nicholas-Amicucci/,01 Sep 2026
Tasso Vasconcellos,2705,https://stockanalysis.com/analysts/Tasso-Vasconcellos/,27 Aug 2026
David Begleiter,2710,https://stockanalysis.com/analysts/David-Begleiter/,04 Sep 2026
Alicia Yap,2713,https://stockanalysis.com/analysts/Alicia-Yap/,31 Aug 2026
Aravinda Galappatthige,2720,https://stockanalysis.com/analysts/Aravinda-Galappatthige/,27 Aug 2026
Mikhail Goberman,2722,https://stockanalysis.com/analysts/Mikhail-Goberman/,11 Aug 2026
Laurence Alexander,2726,https://stockanalysis.com/analysts/Laurence-Alexander/,03 Sep 2026
Andrew Didora,2732,https://stockanalysis.com/analysts/Andrew-Didora/,01 Sep 2026
Patrick Cunningham,2733,https://stockanalysis.com/analysts/Patrick-Cunningham/,07 Aug 2026
Andrew Spinola,2737,https://stockanalysis.com/analysts/Andrew-Spinola/,19 Aug 2026
Helena Wang,2740,https://stockanalysis.com/analysts/Helena-Wang/,17 Aug 2026
Noah Hungness,2741,https://stockanalysis.com/analysts/Noah-Hungness/,27 Apr 2026
Fedor Shabalin,2742,https://stockanalysis.com/analysts/Fedor-Shabalin/,03 Sep 2026
Sharon Zackfia,2743,https://stockanalysis.com/analysts/Sharon-Zackfia/,04 Sep 2026
James Shin,2745,https://stockanalysis.com/analysts/James-Shin/,07 May 2026
Ernesto Gabilondo,2760,https://stockanalysis.com/analysts/Ernesto-Gabilondo/,27 Aug 2026
Narumi Nakagiri,2774,https://stockanalysis.com/analysts/Narumi-Nakagiri/,14 May 2026
Farzin Haque,2782,https://stockanalysis.com/analysts/Farzin-Haque/,29 Mar 2026
Toni Kaplan,2786,https://stockanalysis.com/analysts/Toni-Kaplan/,02 Sep 2026
Nicholas Joseph,2795,https://stockanalysis.com/analysts/Nicholas-Joseph/,17 Aug 2026
Vikram Malhotra,2800,https://stockanalysis.com/analysts/Vikram-Malhotra/,31 Aug 2026
Gregg Orrill,2803,https://stockanalysis.com/analysts/Gregg-Orrill/,03 Sep 2026
Nik Modi,2805,https://stockanalysis.com/analysts/Nik-Modi/,04 Sep 2026
Ross MacDonald,2810,https://stockanalysis.com/analysts/Ross-MacDonald/,03 Sep 2026
Ty Collin,2812,https://stockanalysis.com/analysts/Ty-Collin/,02 Sep 2026
Daniel Mckenzie,2813,https://stockanalysis.com/analysts/Daniel-Mckenzie/,17 Aug 2026
James Sidoti,2815,https://stockanalysis.com/analysts/James-Sidoti/,10 Aug 2026
Alex Yao,2816,https://stockanalysis.com/analysts/Alex-Yao/,30 Aug 2026
Terry Ma,2819,https://stockanalysis.com/analysts/Terry-Ma/,18 Aug 2026
Stephen Glagola,2822,https://stockanalysis.com/analysts/Stephen-Glagola/,02 Sep 2026
Michael Gaugler,2825,https://stockanalysis.com/analysts/Michael-Gaugler/,24 Nov 2025
Timothy Zhao,2829,https://stockanalysis.com/analysts/Timothy-Zhao/,01 Sep 2026
Avinatan Jaroslawicz,2831,https://stockanalysis.com/analysts/Avinatan-Jaroslawicz/,02 Sep 2026
Anna Lizzul,2852,https://stockanalysis.com/analysts/Anna-Lizzul/,01 Sep 2026
Samantha Hoh,2859,https://stockanalysis.com/analysts/Samantha-Hoh/,22 Apr 2026
Keegan Cox,2860,https://stockanalysis.com/analysts/Keegan-Cox/,27 Aug 2026
Richard Sunderland,2861,https://stockanalysis.com/analysts/Richard-Sunderland/,03 Sep 2026
Robin Zhu,2862,https://stockanalysis.com/analysts/Robin-Zhu/,04 Aug 2026
Lorraine Hutchinson,2865,https://stockanalysis.com/analysts/Lorraine-Hutchinson/,04 Sep 2026
Duksan Jang,2868,https://stockanalysis.com/analysts/Duksan-Jang/,07 Aug 2026
Ryland Conrad,2873,https://stockanalysis.com/analysts/Ryland-Conrad/,04 Sep 2026
Dina Ramadane,2875,https://stockanalysis.com/analysts/Dina-Ramadane/,27 Aug 2026
Joanna Gajuk,2879,https://stockanalysis.com/analysts/Joanna-Gajuk/,13 Aug 2026
Samad Samana,2886,https://stockanalysis.com/analysts/Samad-Samana/,30 Aug 2026
Paul Rossington,2892,https://stockanalysis.com/analysts/Paul-Rossington/,02 Jun 2026
Eunice Lee,2893,https://stockanalysis.com/analysts/Eunice-Lee/,02 Sep 2026
Frank Takkinen,2894,https://stockanalysis.com/analysts/Frank-Takkinen/,03 Sep 2026
Wyatt Swanson,2895,https://stockanalysis.com/analysts/Wyatt-Swanson/,02 Sep 2026
Alexander Perry,2899,https://stockanalysis.com/analysts/Alexander-Perry/,10 Aug 2026
Tina Hou,2907,https://stockanalysis.com/analysts/Tina-Hou/,04 Sep 2026
Mikhail Paramonov,2912,https://stockanalysis.com/analysts/Mikhail-Paramonov/,27 Aug 2026
Judy Zhang,2917,https://stockanalysis.com/analysts/Judy-Zhang/,01 Sep 2026
James Friedman,2918,https://stockanalysis.com/analysts/James-Friedman/,02 Sep 2026
Ryan Gravett,2928,https://stockanalysis.com/analysts/Ryan-Gravett/,07 Aug 2026
Louie DiPalma,2944,https://stockanalysis.com/analysts/Louie-DiPalma/,02 Sep 2026
John Davis,2952,https://stockanalysis.com/analysts/John-Davis/,31 Jul 2026
Surinder Thind,2953,https://stockanalysis.com/analysts/Surinder-Thind/,01 Sep 2026
David Saxon,2956,https://stockanalysis.com/analysts/David-Saxon/,13 Aug 2026
Firoz Valliji,2962,https://stockanalysis.com/analysts/Firoz-Valliji/,02 Sep 2026
Gary Nachman,2965,https://stockanalysis.com/analysts/Gary-Nachman/,04 Sep 2026
Greg McGinniss,2972,https://stockanalysis.com/analysts/Greg-McGinniss/,01 Sep 2026
Cooper Clark,2980,https://stockanalysis.com/analysts/Cooper-Clark/,01 Sep 2026
Gaurav Mehta,2985,https://stockanalysis.com/analysts/Gaurav-Mehta/,14 Aug 2026
Anthony Elian,2986,https://stockanalysis.com/analysts/Anthony-Elian/,20 Aug 2026
Randal Konik,2988,https://stockanalysis.com/analysts/Randal-Konik/,03 Sep 2026
David Bellinger,2992,https://stockanalysis.com/analysts/David-Bellinger/,04 Sep 2026
Max Gumport,2995,https://stockanalysis.com/analysts/Max-Gumport/,09 Apr 2026
Adam Hotchkiss,2996,https://stockanalysis.com/analysts/Adam-Hotchkiss/,31 Jul 2026
Kelly Crago,2999,https://stockanalysis.com/analysts/Kelly-Crago/,12 May 2026
Griffin Bryan,3003,https://stockanalysis.com/analysts/Griffin-Bryan/,28 Aug 2026
Andrea Newkirk,3004,https://stockanalysis.com/analysts/Andrea-Newkirk/,11 Feb 2026
Arun Viswanathan,3006,https://stockanalysis.com/analysts/Arun-Viswanathan/,03 Sep 2026
Nathan Feather,3014,https://stockanalysis.com/analysts/Nathan-Feather/,26 Aug 2026
Laura Sutcliffe,3019,https://stockanalysis.com/analysts/Laura-Sutcliffe/,31 Aug 2026
Luke Horton,3032,https://stockanalysis.com/analysts/Luke-Horton/,13 Aug 2026
Austin Moeller,3034,https://stockanalysis.com/analysts/Austin-Moeller/,01 Sep 2026
John Kim,3040,https://stockanalysis.com/analysts/John-Kim/,24 Aug 2026
Scott Buck,3045,https://stockanalysis.com/analysts/Scott-Buck/,31 Mar 2026
Abhishek Shukla,3056,https://stockanalysis.com/analysts/Abhishek-Shukla/,14 Aug 2026
Vikram Kesavabhotla,3064,https://stockanalysis.com/analysts/Vikram-Kesavabhotla/,07 Aug 2026
Bart Dziarski,3077,https://stockanalysis.com/analysts/Bart-Dziarski/,31 Aug 2026
Andre Salles,3082,https://stockanalysis.com/analysts/Andre-Salles/,01 May 2026
Chris Luyckx,3085,https://stockanalysis.com/analysts/Chris-Luyckx/,23 Apr 2026
Ricardo Alves,3091,https://stockanalysis.com/analysts/Ricardo-Alves/,19 Aug 2026
Luke Morison,3098,https://stockanalysis.com/analysts/Luke-Morison/,12 Aug 2026
Lu Li,3099,https://stockanalysis.com/analysts/Lu-Li/,07 May 2026
Joseph Giordano,3107,https://stockanalysis.com/analysts/Joseph-Giordano/,17 Aug 2026
Eric Boyes,3126,https://stockanalysis.com/analysts/Eric-Boyes/,07 Aug 2026
Lucas Ferreira,3128,https://stockanalysis.com/analysts/Lucas-Ferreira/,02 Sep 2026
Phani Kanumuri,3130,https://stockanalysis.com/analysts/Phani-Kanumuri/,14 Aug 2026
Maheep Mandloi,3137,https://stockanalysis.com/analysts/Maheep-Mandloi/,28 Aug 2026
Kostas Biliouris,3143,https://stockanalysis.com/analysts/Kostas-Biliouris/,03 Sep 2026
Jamie Clark,3155,https://stockanalysis.com/analysts/Jamie-Clark/,17 Feb 2026
Andrew Harte,3160,https://stockanalysis.com/analysts/Andrew-Harte/,27 Aug 2026
Winnie Dong,3164,https://stockanalysis.com/analysts/Winnie-Dong/,12 Aug 2026
Michael Montani,3166,https://stockanalysis.com/analysts/Michael-Montani/,03 Sep 2026
Christine Cho,3170,https://stockanalysis.com/analysts/Christine-Cho/,14 May 2026
Kevin Fischbeck,3193,https://stockanalysis.com/analysts/Kevin-Fischbeck/,10 Aug 2026
Susan Maklari,3196,https://stockanalysis.com/analysts/Susan-Maklari/,02 Sep 2026
John Choi,3197,https://stockanalysis.com/analysts/John-Choi/,24 Jun 2026
Scott Wurtzel,3205,https://stockanalysis.com/analysts/Scott-Wurtzel/,17 Aug 2026
Andrew Andersen,3211,https://stockanalysis.com/analysts/Andrew-Andersen/,03 Sep 2026
Rock Hoffman,3213,https://stockanalysis.com/analysts/Rock-Hoffman/,02 Apr 2026
Bob Huang,3240,https://stockanalysis.com/analysts/Bob-Huang/,03 Sep 2026
Vijay Jayant,3249,https://stockanalysis.com/analysts/Vijay-Jayant/,12 Nov 2024
Steve Byrne,3253,https://stockanalysis.com/analysts/Steve-Byrne/,08 Jan 2026
Marvin Fong,3255,https://stockanalysis.com/analysts/Marvin-Fong/,03 Sep 2026
Vince Valentini,3265,https://stockanalysis.com/analysts/Vince-Valentini/,25 Aug 2026
Scott Fletcher,3270,https://stockanalysis.com/analysts/Scott-Fletcher/,17 Aug 2026
Taylor Manley,3273,https://stockanalysis.com/analysts/Taylor-Manley/,07 Aug 2026
Rick Wise,3275,https://stockanalysis.com/analysts/Rick-Wise/,02 Sep 2026
Michael Ng,3279,https://stockanalysis.com/analysts/Michael-Ng/,20 Aug 2026
Pujarini Ghosh,3281,https://stockanalysis.com/analysts/Pujarini-Ghosh/,26 Aug 2026
Justin Bowers,3300,https://stockanalysis.com/analysts/Justin-Bowers/,10 Aug 2026
Paul Jeng,3304,https://stockanalysis.com/analysts/Paul-Jeng/,12 Aug 2026
Eric Hagen,3306,https://stockanalysis.com/analysts/Eric-Hagen/,30 Apr 2026
Dennis Geiger,3313,https://stockanalysis.com/analysts/Dennis-Geiger/,02 Sep 2026
Trevor Allinson,3315,https://stockanalysis.com/analysts/Trevor-Allinson/,24 Aug 2026
Harry Bartlett,3316,https://stockanalysis.com/analysts/Harry-Bartlett/,28 Jan 2026
Louis Raffetto,3317,https://stockanalysis.com/analysts/Louis-Raffetto/,29 Jan 2026
Steven Zaccone,3321,https://stockanalysis.com/analysts/Steven-Zaccone/,04 Sep 2026
Dushyant Ailani,3322,https://stockanalysis.com/analysts/Dushyant-Ailani/,10 Jun 2026
Matthew Coad,3325,https://stockanalysis.com/analysts/Matthew-Coad/,03 Sep 2026
Martin Jungfleisch,3330,https://stockanalysis.com/analysts/Martin-Jungfleisch/,09 Jul 2026
Robert Moskow,3341,https://stockanalysis.com/analysts/Robert-Moskow/,04 Sep 2026
Jason Helfstein,3342,https://stockanalysis.com/analysts/Jason-Helfstein/,17 Aug 2026
Steven Valiquette,3345,https://stockanalysis.com/analysts/Steven-Valiquette/,27 Aug 2026
Spencer Hanus,3353,https://stockanalysis.com/analysts/Spencer-Hanus/,29 Jul 2026
Julien Roch,3356,https://stockanalysis.com/analysts/Julien-Roch/,13 Aug 2026
John Stansel,3364,https://stockanalysis.com/analysts/John-Stansel/,20 Aug 2026
Kendall Toscano,3370,https://stockanalysis.com/analysts/Kendall-Toscano/,04 Sep 2026
Faham Baig,3371,https://stockanalysis.com/analysts/Faham-Baig/,02 Sep 2026
Trevor Williams,3377,https://stockanalysis.com/analysts/Trevor-Williams/,09 Feb 2026
Brooke Roach,3378,https://stockanalysis.com/analysts/Brooke-Roach/,04 Sep 2026
Vik Chopra,3385,https://stockanalysis.com/analysts/Vik-Chopra/,01 Sep 2026
Daniela Haigian,3393,https://stockanalysis.com/analysts/Daniela-Haigian/,03 Sep 2026
Matthew Swanson,3406,https://stockanalysis.com/analysts/Matthew-Swanson/,02 Sep 2026
Robert Oliver,3415,https://stockanalysis.com/analysts/Robert-Oliver/,04 Sep 2026
Ike Boruchow,3417,https://stockanalysis.com/analysts/Ike-Boruchow/,04 Sep 2026
Angel Castillo,3420,https://stockanalysis.com/analysts/Angel-Castillo/,04 Sep 2026
Julian Radlinger,3421,https://stockanalysis.com/analysts/Julian-Radlinger/,19 Aug 2026
Neal Dingmann,3463,https://stockanalysis.com/analysts/Neal-Dingmann/,03 Sep 2026
Nitin Bansal,3464,https://stockanalysis.com/analysts/Nitin-Bansal/,07 Aug 2026
John Zamparo,3469,https://stockanalysis.com/analysts/John-Zamparo/,03 Sep 2026
Anne Samuel,3489,https://stockanalysis.com/analysts/Anne-Samuel/,06 Feb 2026
Filipe Nielsen,3504,https://stockanalysis.com/analysts/Filipe-Nielsen/,17 Mar 2026
Warren Ackerman,3516,https://stockanalysis.com/analysts/Warren-Ackerman/,04 Sep 2026
Derrick Wood,3531,https://stockanalysis.com/analysts/Derrick-Wood/,04 Sep 2026
Seth Bergey,3556,https://stockanalysis.com/analysts/Seth-Bergey/,03 Aug 2026
Michael Nedelcovych,3577,https://stockanalysis.com/analysts/Michael-Nedelcovych/,13 Jul 2026
Gustavo Schroden,3580,https://stockanalysis.com/analysts/Gustavo-Schroden/,12 Jun 2026
Katie Fleischer,3589,https://stockanalysis.com/analysts/Katie-Fleischer/,07 Aug 2026
Leo Carrington,3621,https://stockanalysis.com/analysts/Leo-Carrington/,21 Aug 2026
Romain Gourvil,3622,https://stockanalysis.com/analysts/Romain-Gourvil/,29 Jul 2026
Roanna Ruiz,3627,https://stockanalysis.com/analysts/Roanna-Ruiz/,07 Aug 2026
Ryan Brinkman,3629,https://stockanalysis.com/analysts/Ryan-Brinkman/,04 Aug 2026
Edward Lewis,3631,https://stockanalysis.com/analysts/Edward-Lewis/,16 Jun 2026
Ella Smith,3636,https://stockanalysis.com/analysts/Ella-Smith/,26 Aug 2026
Bhavin Shah,3647,https://stockanalysis.com/analysts/Bhavin-Shah/,06 Aug 2026
Jorge Kuri,3652,https://stockanalysis.com/analysts/Jorge-Kuri/,18 Aug 2026
Steven Shemesh,3657,https://stockanalysis.com/analysts/Steven-Shemesh/,03 Sep 2026
Simon Clinch,3661,https://stockanalysis.com/analysts/Simon-Clinch/,21 Aug 2026
Nathan Stein,3667,https://stockanalysis.com/analysts/Nathan-Stein/,20 Aug 2026
Charlie Lederer,3678,https://stockanalysis.com/analysts/Charlie-Lederer/,28 Aug 2026
Renata Cabral,3689,https://stockanalysis.com/analysts/Renata-Cabral/,31 Jul 2026
Cory Carpenter,3690,https://stockanalysis.com/analysts/Cory-Carpenter/,24 Aug 2026
Ravi Shanker,3693,https://stockanalysis.com/analysts/Ravi-Shanker/,11 Aug 2026
Carly Davenport,3694,https://stockanalysis.com/analysts/Carly-Davenport/,03 Sep 2026
David Mak,3699,https://stockanalysis.com/analysts/David-Mak/,29 Jun 2026
Alex Kania,3706,https://stockanalysis.com/analysts/Alex-Kania/,07 Aug 2026
Alberto Valerio,3707,https://stockanalysis.com/analysts/Alberto-Valerio/,27 Aug 2026
Gregory Williams,3736,https://stockanalysis.com/analysts/Gregory-Williams/,07 Aug 2026
Matt Roberts,3737,https://stockanalysis.com/analysts/Matt-Roberts/,22 Jul 2026
Matt Koranda,3743,https://stockanalysis.com/analysts/Matt-Koranda/,04 Sep 2026
Andrew Schmitt,3748,https://stockanalysis.com/analysts/Andrew-Schmitt/,14 Aug 2026
Matthew Cost,3749,https://stockanalysis.com/analysts/Matthew-Cost/,28 Aug 2026
Hong Zhang,3750,https://stockanalysis.com/analysts/Hong-Zhang/,03 Sep 2026
Peter McGoldrick,3761,https://stockanalysis.com/analysts/Peter-McGoldrick/,04 Sep 2026
Thiago Bortoluci,3762,https://stockanalysis.com/analysts/Thiago-Bortoluci/,26 Aug 2026
Nafeesa Gupta,3770,https://stockanalysis.com/analysts/Nafeesa-Gupta/,02 Sep 2026
Nik Cremo,3774,https://stockanalysis.com/analysts/Nik-Cremo/,28 Aug 2026
Arpine Kocharyan,3784,https://stockanalysis.com/analysts/Arpine-Kocharyan/,04 Sep 2026
Matheus Enfeldt,3785,https://stockanalysis.com/analysts/Matheus-Enfeldt/,27 Aug 2026
Ryan Langston,3788,https://stockanalysis.com/analysts/Ryan-Langston/,27 Aug 2026
Michael Goldie,3789,https://stockanalysis.com/analysts/Michael-Goldie/,24 Aug 2026
Edward DeArias,3794,https://stockanalysis.com/analysts/Edward-DeArias/,10 Aug 2026
Michael Mueller,3795,https://stockanalysis.com/analysts/Michael-Mueller/,04 Sep 2026
Alec Brondolo,3797,https://stockanalysis.com/analysts/Alec-Brondolo/,01 Sep 2026
Brett Fishbin,3800,https://stockanalysis.com/analysts/Brett-Fishbin/,31 Aug 2026
Ami Probandt,3806,https://stockanalysis.com/analysts/Ami-Probandt/,13 Aug 2026
Yiwen Zhang,3816,https://stockanalysis.com/analysts/Yiwen-Zhang/,20 Aug 2026
Carlos Peyrelongue,3821,https://stockanalysis.com/analysts/Carlos-Peyrelongue/,17 Aug 2026
Lucy Yu,3823,https://stockanalysis.com/analysts/Lucy-Yu/,31 Aug 2026
Parker Snure,3824,https://stockanalysis.com/analysts/Parker-Snure/,07 Aug 2026
Rashad Kawan,3830,https://stockanalysis.com/analysts/Rashad-Kawan/,24 Apr 2026
Laurent Yoon,3839,https://stockanalysis.com/analysts/Laurent-Yoon/,31 Aug 2026
Martin Englert,3849,https://stockanalysis.com/analysts/Martin-Englert/,28 Apr 2026
Chad Messer,3851,https://stockanalysis.com/analysts/Chad-Messer/,21 Jul 2026
Alex Bond,3858,https://stockanalysis.com/analysts/Alex-Bond/,10 Aug 2026
Aneesha Sherman,3860,https://stockanalysis.com/analysts/Aneesha-Sherman/,04 Sep 2026
Chad Larkin,3861,https://stockanalysis.com/analysts/Chad-Larkin/,07 Aug 2026
Sara Senatore,3867,https://stockanalysis.com/analysts/Sara-Senatore/,01 Sep 2026
Anojja Shah,3873,https://stockanalysis.com/analysts/Anojja-Shah/,13 Aug 2026
Jack Lin,3879,https://stockanalysis.com/analysts/Jack-Lin/,04 Sep 2026
Amy Li,3880,https://stockanalysis.com/analysts/Amy-Li/,11 May 2026
Estelle Weingrod,3884,https://stockanalysis.com/analysts/Estelle-Weingrod/,17 Aug 2026
Alexander Sklar,3885,https://stockanalysis.com/analysts/Alexander-Sklar/,24 Aug 2026
Chris Quintero,3886,https://stockanalysis.com/analysts/Chris-Quintero/,04 Sep 2026
Adam Kramer,3899,https://stockanalysis.com/analysts/Adam-Kramer/,25 Aug 2026
Stan Berenshteyn,3915,https://stockanalysis.com/analysts/Stan-Berenshteyn/,04 Sep 2026
Sergio Segura,3924,https://stockanalysis.com/analysts/Sergio-Segura/,10 Aug 2026
Richard Hightower,3927,https://stockanalysis.com/analysts/Richard-Hightower/,04 Sep 2026
Hoang Nguyen,3936,https://stockanalysis.com/analysts/Hoang-Nguyen/,10 Aug 2026
Olivia Brayer,3948,https://stockanalysis.com/analysts/Olivia-Brayer/,01 Sep 2026
Neha Agarwala,3955,https://stockanalysis.com/analysts/Neha-Agarwala/,04 Mar 2026
Fulvio Cazzol,3962,https://stockanalysis.com/analysts/Fulvio-Cazzol/,24 Aug 2026
Austin Wang,3975,https://stockanalysis.com/analysts/Austin-Wang/,07 Aug 2026
Michael Toomey,3977,https://stockanalysis.com/analysts/Michael-Toomey/,16 Jul 2026
Daniel Moore,3983,https://stockanalysis.com/analysts/Daniel-Moore/,27 May 2026
Zachary Fadem,3992,https://stockanalysis.com/analysts/Zachary-Fadem/,03 Sep 2026
Ryan Kenny,3995,https://stockanalysis.com/analysts/Ryan-Kenny/,07 Aug 2026
Kenneth Fong,4002,https://stockanalysis.com/analysts/Kenneth-Fong/,18 Mar 2026
Kyle Peterson,4007,https://stockanalysis.com/analysts/Kyle-Peterson/,28 Aug 2026
Chasen Bender,4024,https://stockanalysis.com/analysts/Chasen-Bender/,14 Aug 2026
Matthew Lofting,4029,https://stockanalysis.com/analysts/Matthew-Lofting/,04 Aug 2026
Graham Doyle,4030,https://stockanalysis.com/analysts/Graham-Doyle/,01 Sep 2026
Jamie Rollo,4031,https://stockanalysis.com/analysts/Jamie-Rollo/,04 Sep 2026
Peter Grom,4034,https://stockanalysis.com/analysts/Peter-Grom/,04 Sep 2026
Ryan Tunis,4036,https://stockanalysis.com/analysts/Ryan-Tunis/,01 Sep 2026
Andrea Pistacchi,4037,https://stockanalysis.com/analysts/Andrea-Pistacchi/,03 Sep 2026
Ben Klieve,4049,https://stockanalysis.com/analysts/Ben-Klieve/,25 Aug 2026
Kaumil Gajrawala,4054,https://stockanalysis.com/analysts/Kaumil-Gajrawala/,26 Aug 2026
Thomas Yeh,4057,https://stockanalysis.com/analysts/Thomas-Yeh/,07 May 2026
Luca Issi,4059,https://stockanalysis.com/analysts/Luca-Issi/,03 Sep 2026
Michael Okunewitch,4061,https://stockanalysis.com/analysts/Michael-Okunewitch/,27 Aug 2026
Michael DiFiore,4065,https://stockanalysis.com/analysts/Michael-DiFiore/,07 May 2026
Craig Kennison,4068,https://stockanalysis.com/analysts/Craig-Kennison/,24 Aug 2026
Kevin Dede,4070,https://stockanalysis.com/analysts/Kevin-Dede/,09 Apr 2026
Frank Louthan,4075,https://stockanalysis.com/analysts/Frank-Louthan/,25 Aug 2026
Wahid Amin,4079,https://stockanalysis.com/analysts/Wahid-Amin/,05 Aug 2026
Lucky Schreiner,4080,https://stockanalysis.com/analysts/Lucky-Schreiner/,04 Sep 2026
Batya Levi,4081,https://stockanalysis.com/analysts/Batya-Levi/,04 Aug 2026
Mario Pierry,4086,https://stockanalysis.com/analysts/Mario-Pierry/,25 Aug 2026
Austin Bohlig,4088,https://stockanalysis.com/analysts/Austin-Bohlig/,27 Aug 2026
Derek Soderberg,4091,https://stockanalysis.com/analysts/Derek-Soderberg/,14 Aug 2026
Nadine Sarwat,4092,https://stockanalysis.com/analysts/Nadine-Sarwat/,03 Aug 2026
Aidan Kelly,4094,https://stockanalysis.com/analysts/Aidan-Kelly/,02 Sep 2026
Eric Serotta,4096,https://stockanalysis.com/analysts/Eric-Serotta/,03 Sep 2026
Carlos Laboy,4097,https://stockanalysis.com/analysts/Carlos-Laboy/,28 Jul 2026
Ekaterina Knyazkova,4107,https://stockanalysis.com/analysts/Ekaterina-Knyazkova/,02 Sep 2026
Ned Baramov,4110,https://stockanalysis.com/analysts/Ned-Baramov/,07 Aug 2026
Patrick Wood,4114,https://stockanalysis.com/analysts/Patrick-Wood/,03 Sep 2026
Thomas Palmer,4116,https://stockanalysis.com/analysts/Thomas-Palmer/,04 Sep 2026
Lee Hambright,4122,https://stockanalysis.com/analysts/Lee-Hambright/,11 Aug 2026
Matthew Johnson,4123,https://stockanalysis.com/analysts/Matthew-Johnson/,30 Jul 2026
Brendan Lynch,4125,https://stockanalysis.com/analysts/Brendan-Lynch/,25 Aug 2026
Andrew Cooper,4135,https://stockanalysis.com/analysts/Andrew-Cooper/,03 Sep 2026
Nathan Treybeck,4136,https://stockanalysis.com/analysts/Nathan-Treybeck/,18 Aug 2026
Fan Tso,4138,https://stockanalysis.com/analysts/Fan-Tso/,19 Aug 2026
Caitlin Burrows,4141,https://stockanalysis.com/analysts/Caitlin-Burrows/,01 Sep 2026
David Chiaverini,4142,https://stockanalysis.com/analysts/David-Chiaverini/,03 Sep 2026
Lizzie Dove,4149,https://stockanalysis.com/analysts/Lizzie-Dove/,03 Sep 2026
Atul Maheswari,4154,https://stockanalysis.com/analysts/Atul-Maheswari/,05 Aug 2026
George Kurosawa,4162,https://stockanalysis.com/analysts/George-Kurosawa/,29 Jul 2026
Megan Alexander,4169,https://stockanalysis.com/analysts/Megan-Alexander/,24 Jun 2026
Mason Carrico,4172,https://stockanalysis.com/analysts/Mason-Carrico/,18 Aug 2026
Matt Ma,4174,https://stockanalysis.com/analysts/Matt-Ma/,01 Sep 2026
Clarke Jeffries,4178,https://stockanalysis.com/analysts/Clarke-Jeffries/,03 Sep 2026
Ameet Thakkar,4185,https://stockanalysis.com/analysts/Ameet-Thakkar/,28 Aug 2026
Michael Ha,4189,https://stockanalysis.com/analysts/Michael-Ha/,07 Aug 2026
Wei Xiong,4199,https://stockanalysis.com/analysts/Wei-Xiong/,12 Aug 2026
Jessica Tassan,4210,https://stockanalysis.com/analysts/Jessica-Tassan/,26 Aug 2026
Alton Stump,4219,https://stockanalysis.com/analysts/Alton-Stump/,10 Aug 2026
Charles Zhou,4222,https://stockanalysis.com/analysts/Charles-Zhou/,26 Aug 2026
Craig Moffett,4234,https://stockanalysis.com/analysts/Craig-Moffett/,08 Apr 2026
Siti Panigrahi,4236,https://stockanalysis.com/analysts/Siti-Panigrahi/,04 Sep 2026
Kevin Krishnaratne,4237,https://stockanalysis.com/analysts/Kevin-Krishnaratne/,03 Sep 2026
Scott Berg,4243,https://stockanalysis.com/analysts/Scott-Berg/,04 Sep 2026
Cameron McVeigh,4244,https://stockanalysis.com/analysts/Cameron-McVeigh/,28 Aug 2026
Stephanie Piazzola,4252,https://stockanalysis.com/analysts/Stephanie-Piazzola/,05 Aug 2026
Trevor Young,4253,https://stockanalysis.com/analysts/Trevor-Young/,11 Jun 2026
Tim Rezvan,4255,https://stockanalysis.com/analysts/Tim-Rezvan/,04 Sep 2026
Michael Turrin,4256,https://stockanalysis.com/analysts/Michael-Turrin/,04 Sep 2026
Michael Fairbanks,4258,https://stockanalysis.com/analysts/Michael-Fairbanks/,25 Aug 2026
Christian Carlino,4259,https://stockanalysis.com/analysts/Christian-Carlino/,12 Nov 2025
Jason Stewart,4262,https://stockanalysis.com/analysts/Jason-Stewart/,26 Aug 2026
Greg Parrish,4263,https://stockanalysis.com/analysts/Greg-Parrish/,12 Aug 2026
Salvator Tiano,4273,https://stockanalysis.com/analysts/Salvator-Tiano/,21 Apr 2026
Brendan Sproules,4277,https://stockanalysis.com/analysts/Brendan-Sproules/,03 Jul 2026
Thomas Wendler,4280,https://stockanalysis.com/analysts/Thomas-Wendler/,30 Jul 2026
Brian Holland,4292,https://stockanalysis.com/analysts/Brian-Holland/,04 Sep 2026
Danilo Gargiulo,4300,https://stockanalysis.com/analysts/Danilo-Gargiulo/,24 Aug 2026
Lincoln Kong,4316,https://stockanalysis.com/analysts/Lincoln-Kong/,24 Aug 2026
Ed Engel,4329,https://stockanalysis.com/analysts/Ed-Engel/,02 Aug 2026
Tom White,4336,https://stockanalysis.com/analysts/Tom-White/,31 Aug 2026
Charles Nabhan,4337,https://stockanalysis.com/analysts/Charles-Nabhan/,08 May 2026
Zachary Silverberg,4343,https://stockanalysis.com/analysts/Zachary-Silverberg/,21 Aug 2026
Nate Svensson,4354,https://stockanalysis.com/analysts/Nate-Svensson/,06 Aug 2026
James West,4355,https://stockanalysis.com/analysts/James-West/,16 Jun 2026
Jason Tilchen,4356,https://stockanalysis.com/analysts/Jason-Tilchen/,12 Aug 2026
Samuel Nielsen,4361,https://stockanalysis.com/analysts/Samuel-Nielsen/,04 Aug 2026
Todd Brooks,4372,https://stockanalysis.com/analysts/Todd-Brooks/,07 Aug 2026
Akshay Gupta,4374,https://stockanalysis.com/analysts/Akshay-Gupta/,13 Apr 2026
Bryan Bergin,4375,https://stockanalysis.com/analysts/Bryan-Bergin/,04 Sep 2026
Vasundhara Govil,4377,https://stockanalysis.com/analysts/Vasundhara-Govil/,20 Aug 2026
Noah Zatzkin,4379,https://stockanalysis.com/analysts/Noah-Zatzkin/,02 Sep 2026
Ben Shelley,4381,https://stockanalysis.com/analysts/Ben-Shelley/,06 Aug 2026
Li Watsek,4385,https://stockanalysis.com/analysts/Li-Watsek/,21 Aug 2026
Terry Tillman,4400,https://stockanalysis.com/analysts/Terry-Tillman/,04 Sep 2026
Brian Harbour,4401,https://stockanalysis.com/analysts/Brian-Harbour/,26 Aug 2026
Michael Sison,4402,https://stockanalysis.com/analysts/Michael-Sison/,07 Aug 2026
Tomohiko Sano,4404,https://stockanalysis.com/analysts/Tomohiko-Sano/,21 Aug 2026
Sean McGowan,4405,https://stockanalysis.com/analysts/Sean-McGowan/,18 Aug 2026
Casey Ryan,4407,https://stockanalysis.com/analysts/Casey-Ryan/,08 Jan 2026
Boobalan Pachaiyappan,4410,https://stockanalysis.com/analysts/Boobalan-Pachaiyappan/,04 Sep 2026
Nick Lai,4412,https://stockanalysis.com/analysts/Nick-Lai/,02 Sep 2026
Jack Matten,4413,https://stockanalysis.com/analysts/Jack-Matten/,12 Aug 2026
Taylor McGinnis,4420,https://stockanalysis.com/analysts/Taylor-McGinnis/,04 Sep 2026
Brandon Vazquez,4427,https://stockanalysis.com/analysts/Brandon-Vazquez/,04 Sep 2026
Jason Bednar,4435,https://stockanalysis.com/analysts/Jason-Bednar/,01 Sep 2026
Robert Farnam,4436,https://stockanalysis.com/analysts/Robert-Farnam/,25 Mar 2026
Gerald Pascarelli,4437,https://stockanalysis.com/analysts/Gerald-Pascarelli/,03 Sep 2026
Anthony Valentini,4447,https://stockanalysis.com/analysts/Anthony-Valentini/,14 Jul 2026
Matthew VanVliet,4448,https://stockanalysis.com/analysts/Matthew-VanVliet/,03 Sep 2026
Stephen Sheldon,4450,https://stockanalysis.com/analysts/Stephen-Sheldon/,27 Aug 2026
Aaron Grey,4452,https://stockanalysis.com/analysts/Aaron-Grey/,24 Aug 2026
Richard Kramer,4454,https://stockanalysis.com/analysts/Richard-Kramer/,30 Jun 2026
Anthony Trainor,4455,https://stockanalysis.com/analysts/Anthony-Trainor/,06 Aug 2026
Matthew Hurwit,4456,https://stockanalysis.com/analysts/Matthew-Hurwit/,25 Mar 2026
Tracy Benguigui,4468,https://stockanalysis.com/analysts/Tracy-Benguigui/,19 Aug 2026
Andrea Tan,4469,https://stockanalysis.com/analysts/Andrea-Tan/,05 Feb 2026
Carl Byrnes,4471,https://stockanalysis.com/analysts/Carl-Byrnes/,24 Apr 2026
Elizabeth Porter,4479,https://stockanalysis.com/analysts/Elizabeth-Porter/,04 Sep 2026
Rishi Jaluria,4487,https://stockanalysis.com/analysts/Rishi-Jaluria/,04 Sep 2026
Leo Chiang,4489,https://stockanalysis.com/analysts/Leo-Chiang/,28 Jul 2026
Rahul Krotthapalli,4492,https://stockanalysis.com/analysts/Rahul-Krotthapalli/,12 Aug 2026
Bryan Smilek,4493,https://stockanalysis.com/analysts/Bryan-Smilek/,02 Sep 2026
Bill Kerr,4499,https://stockanalysis.com/analysts/Bill-Kerr/,11 Dec 2025
Ryan Meyers,4506,https://stockanalysis.com/analysts/Ryan-Meyers/,04 Sep 2026
Jeff Chung,4507,https://stockanalysis.com/analysts/Jeff-Chung/,02 Sep 2026
Mickey Legg,4508,https://stockanalysis.com/analysts/Mickey-Legg/,31 Jul 2026
Madeline Brooks,4509,https://stockanalysis.com/analysts/Madeline-Brooks/,27 Feb 2026
Greg Konrad,4513,https://stockanalysis.com/analysts/Greg-Konrad/,17 May 2026
Jake Roberge,4514,https://stockanalysis.com/analysts/Jake-Roberge/,18 Mar 2026
Kumaraguru Raja,4515,https://stockanalysis.com/analysts/Kumaraguru-Raja/,27 Jul 2026
Priyanka Grover,4518,https://stockanalysis.com/analysts/Priyanka-Grover/,18 Aug 2026
Michael Pachter,4522,https://stockanalysis.com/analysts/Michael-Pachter/,12 Aug 2026
Jeffrey Adelson,4523,https://stockanalysis.com/analysts/Jeffrey-Adelson/,17 Aug 2026
Benjamin Mayhew,4526,https://stockanalysis.com/analysts/Benjamin-Mayhew/,07 Aug 2026
Cheng Li,4527,https://stockanalysis.com/analysts/Cheng-Li/,27 Feb 2026
Will Nance,4531,https://stockanalysis.com/analysts/Will-Nance/,04 Sep 2026
Mani Foroohar,4541,https://stockanalysis.com/analysts/Mani-Foroohar/,04 Jun 2026
James Quigley,4556,https://stockanalysis.com/analysts/James-Quigley/,06 Aug 2026
Matthew Keller,4559,https://stockanalysis.com/analysts/Matthew-Keller/,01 Sep 2026
Ashley Owens,4561,https://stockanalysis.com/analysts/Ashley-Owens/,04 Sep 2026
David Larsen,4565,https://stockanalysis.com/analysts/David-Larsen/,04 Sep 2026
Ryan Tomasello,4566,https://stockanalysis.com/analysts/Ryan-Tomasello/,26 Aug 2026
Jailendra Singh,4569,https://stockanalysis.com/analysts/Jailendra-Singh/,03 Sep 2026
Kai Klose,4570,https://stockanalysis.com/analysts/Kai-Klose/,27 Aug 2026
Jeffrey Stantial,4574,https://stockanalysis.com/analysts/Jeffrey-Stantial/,28 Aug 2026
Jim Salera,4575,https://stockanalysis.com/analysts/Jim-Salera/,28 Aug 2026
Logan Reich,4588,https://stockanalysis.com/analysts/Logan-Reich/,24 Aug 2026
David Adlington,4590,https://stockanalysis.com/analysts/David-Adlington/,01 Sep 2026
Chris Pierce,4592,https://stockanalysis.com/analysts/Chris-Pierce/,03 Sep 2026
Isabella Simonato,4599,https://stockanalysis.com/analysts/Isabella-Simonato/,19 Aug 2026
Shilan Modi,4600,https://stockanalysis.com/analysts/Shilan-Modi/,14 Apr 2026
Colin Langan,4604,https://stockanalysis.com/analysts/Colin-Langan/,04 Sep 2026
Scott Schoenhaus,4607,https://stockanalysis.com/analysts/Scott-Schoenhaus/,24 Aug 2026
Corinne Blanchard,4608,https://stockanalysis.com/analysts/Corinne-Blanchard/,26 Aug 2026
Marc Torrente,4609,https://stockanalysis.com/analysts/Marc-Torrente/,06 Aug 2026
Curtis Nagle,4612,https://stockanalysis.com/analysts/Curtis-Nagle/,02 Sep 2026
Daniel Perlin,4613,https://stockanalysis.com/analysts/Daniel-Perlin/,28 Aug 2026
Sean Milligan,4619,https://stockanalysis.com/analysts/Sean-Milligan/,02 Sep 2026
Sean Kennedy,4621,https://stockanalysis.com/analysts/Sean-Kennedy/,11 Aug 2026
Seth Sigman,4624,https://stockanalysis.com/analysts/Seth-Sigman/,04 Sep 2026
Tom Curran,4626,https://stockanalysis.com/analysts/Tom-Curran/,08 Jan 2026
William Grippin,4629,https://stockanalysis.com/analysts/William-Grippin/,02 Sep 2026
Tim Hsiao,4630,https://stockanalysis.com/analysts/Tim-Hsiao/,02 Sep 2026
David Hynes,4633,https://stockanalysis.com/analysts/David-Hynes/,04 Sep 2026
Naz Rahman,4634,https://stockanalysis.com/analysts/Naz-Rahman/,03 Sep 2026
Alexandria Hammond,4641,https://stockanalysis.com/analysts/Alexandria-Hammond/,25 Aug 2026
Anna Andreeva,4642,https://stockanalysis.com/analysts/Anna-Andreeva/,04 Sep 2026
Brian Skorney,4643,https://stockanalysis.com/analysts/Brian-Skorney/,03 Sep 2026
Joseph Civello,4648,https://stockanalysis.com/analysts/Joseph-Civello/,04 Sep 2026
Sara Nik,4649,https://stockanalysis.com/analysts/Sara-Nik/,28 Aug 2026
Bill Kirk,4650,https://stockanalysis.com/analysts/Bill-Kirk/,26 Aug 2026
Constantine Davides,4652,https://stockanalysis.com/analysts/Constantine-Davides/,29 Jul 2026
Caroline Palomeque,4654,https://stockanalysis.com/analysts/Caroline-Palomeque/,10 Aug 2026
Puneet Jain,4656,https://stockanalysis.com/analysts/Puneet-Jain/,26 Aug 2026
Alexia Dogani,4659,https://stockanalysis.com/analysts/Alexia-Dogani/,17 Aug 2026
Daina Graybosch,4660,https://stockanalysis.com/analysts/Daina-Graybosch/,11 Aug 2026
Bruce Jackson,4661,https://stockanalysis.com/analysts/Bruce-Jackson/,20 Aug 2026
Michael Albanese,4662,https://stockanalysis.com/analysts/Michael-Albanese/,19 Aug 2026
Young Li,4664,https://stockanalysis.com/analysts/Young-Li/,07 Jul 2026
Sarang Vora,4669,https://stockanalysis.com/analysts/Sarang-Vora/,21 Aug 2026
Joseph Spak,4671,https://stockanalysis.com/analysts/Joseph-Spak/,04 Sep 2026
Piral Dadhania,4673,https://stockanalysis.com/analysts/Piral-Dadhania/,24 Aug 2026
Marie Thibault,4679,https://stockanalysis.com/analysts/Marie-Thibault/,02 Sep 2026
Reni Benjamin,4680,https://stockanalysis.com/analysts/Reni-Benjamin/,07 Aug 2026
Jason Kolbert,4681,https://stockanalysis.com/analysts/Jason-Kolbert/,13 May 2026
Ryan MacDonald,4684,https://stockanalysis.com/analysts/Ryan-MacDonald/,03 Sep 2026
Vikram Bagri,4685,https://stockanalysis.com/analysts/Vikram-Bagri/,28 Aug 2026
Jason McCarthy,4686,https://stockanalysis.com/analysts/Jason-McCarthy/,04 Sep 2026
James Molloy,4688,https://stockanalysis.com/analysts/James-Molloy/,31 Aug 2026
Christopher Souther,4689,https://stockanalysis.com/analysts/Christopher-Souther/,03 Sep 2026
Kyle Bauser,4691,https://stockanalysis.com/analysts/Kyle-Bauser/,28 Aug 2026
Jack Allen,4693,https://stockanalysis.com/analysts/Jack-Allen/,03 Sep 2026
Itay Michaeli,4696,https://stockanalysis.com/analysts/Itay-Michaeli/,11 Aug 2026
Eric Wold,4697,https://stockanalysis.com/analysts/Eric-Wold/,15 Jul 2026
Edward Woo,4698,https://stockanalysis.com/analysts/Edward-Woo/,28 Aug 2026
Allen Klee,4699,https://stockanalysis.com/analysts/Allen-Klee/,04 Sep 2026
James McIlree,4702,https://stockanalysis.com/analysts/James-McIlree/,28 Aug 2026
Lucas Ward,4703,https://stockanalysis.com/analysts/Lucas-Ward/,04 Jun 2026
Vincent Sinisi,9961,https://stockanalysis.com/analysts/Vincent-Sinisi/,Not found
Vitor Tomita,9961,https://stockanalysis.com/analysts/Vitor-Tomita/,Not found
Vivien Azer,9961,https://stockanalysis.com/analysts/Vivien-Azer/,Not found
Vladimir Bystricky,9961,https://stockanalysis.com/analysts/Vladimir-Bystricky/,Not found
William Crow,9961,https://stockanalysis.com/analysts/William-Crow/,Not found
Wei Fang,9961,https://stockanalysis.com/analysts/Wei-Fang/,Not found
Weng Chen,9961,https://stockanalysis.com/analysts/Weng-Chen/,Not found
Wesley Golladay,9961,https://stockanalysis.com/analysts/Wesley-Golladay/,Not found
William Jellison,9961,https://stockanalysis.com/analysts/William-Jellison/,Not found
William Kirk,9961,https://stockanalysis.com/analysts/William-Kirk/,Not found
Weston Bloomer,9961,https://stockanalysis.com/analysts/Weston-Bloomer/,Not found
Van Sinderen,9961,https://stockanalysis.com/analysts/Van-Sinderen/,Not found
Tsin Huang,9961,https://stockanalysis.com/analysts/Tsin-Huang/,Not found
Tyler Batory,9961,https://stockanalysis.com/analysts/Tyler-Batory/,Not found
Tyler Brown,9961,https://stockanalysis.com/analysts/Tyler-Brown/,Not found
Abhi Agarwal,9961,https://stockanalysis.com/analysts/Abhi-Agarwal/,Not found
Jeffery Harte,9961,https://stockanalysis.com/analysts/Jeffery-Harte/,Not found
Jeffrey Bernstein,9961,https://stockanalysis.com/analysts/Jeffrey-Bernstein/,Not found
Jeffrey Hung,9961,https://stockanalysis.com/analysts/Jeffrey-Hung/,Not found
del Valle,9961,https://stockanalysis.com/analysts/del-Valle/,Not found
Aaron Kessler,9961,https://stockanalysis.com/analysts/Aaron-Kessler/,Not found
Agnieszka Pustula,9961,https://stockanalysis.com/analysts/Agnieszka-Pustula/,Not found
Aidan Hall,9961,https://stockanalysis.com/analysts/Aidan-Hall/,Not found
Air Ma,9961,https://stockanalysis.com/analysts/Air-Ma/,Not found
Adam Samuelson,9961,https://stockanalysis.com/analysts/Adam-Samuelson/,Not found
Yi Fu,9961,https://stockanalysis.com/analysts/Yi-Fu/,Not found
Woody Lay,9961,https://stockanalysis.com/analysts/Woody-Lay/,Not found
Xavier Bouvignies,9961,https://stockanalysis.com/analysts/Xavier-Bouvignies/,Not found
Nathan Janes,9961,https://stockanalysis.com/analysts/Nathan-Janes/,Not found
Ming Hsun,9961,https://stockanalysis.com/analysts/Ming-Hsun/,Not found
Mitch Germain,9961,https://stockanalysis.com/analysts/Mitch-Germain/,Not found
Mike Matson,9961,https://stockanalysis.com/analysts/Mike-Matson/,Not found
Mike Morris,9961,https://stockanalysis.com/analysts/Mike-Morris/,Not found
Dan Levy,9961,https://stockanalysis.com/analysts/Dan-Levy/,Not found
Dan Silverstein,9961,https://stockanalysis.com/analysts/Dan-Silverstein/,Not found
Dane Leone,9961,https://stockanalysis.com/analysts/Dane-Leone/,Not found
Daniel Markowitz,9961,https://stockanalysis.com/analysts/Daniel-Markowitz/,Not found
Daniel Chan,9961,https://stockanalysis.com/analysts/Daniel-Chan/,Not found
Daniel Chen,9961,https://stockanalysis.com/analysts/Daniel-Chen/,Not found
Daniel Ford,9961,https://stockanalysis.com/analysts/Daniel-Ford/,Not found
Daniel Hibshman,9961,https://stockanalysis.com/analysts/Daniel-Hibshman/,Not found
Michael Tyndall,9961,https://stockanalysis.com/analysts/Michael-Tyndall/,Not found
Daniel Roeska,9961,https://stockanalysis.com/analysts/Daniel-Roeska/,Not found
Daniel Kutz,9961,https://stockanalysis.com/analysts/Daniel-Kutz/,Not found
Nick Del,9961,https://stockanalysis.com/analysts/Nick-Del/,Not found
Nick Housden,9961,https://stockanalysis.com/analysts/Nick-Housden/,Not found
Nick Joseph,9961,https://stockanalysis.com/analysts/Nick-Joseph/,Not found
Nicholas Jones,9961,https://stockanalysis.com/analysts/Nicholas-Jones/,Not found
Cristina Fernández,9961,https://stockanalysis.com/analysts/Cristina-Fernández/,Not found
Cristopher Kennedy,9961,https://stockanalysis.com/analysts/Cristopher-Kennedy/,Not found
Nicholas Watts,9961,https://stockanalysis.com/analysts/Nicholas-Watts/,Not found
Nick Abbott,9961,https://stockanalysis.com/analysts/Nick-Abbott/,Not found
Curtis Shauger,9961,https://stockanalysis.com/analysts/Curtis-Shauger/,Not found
Da Wei,9961,https://stockanalysis.com/analysts/Da-Wei/,Not found
Dae Gon,9961,https://stockanalysis.com/analysts/Dae-Gon/,Not found
Dailey Fairbanks,9961,https://stockanalysis.com/analysts/Dailey-Fairbanks/,Not found
Mike Polark,9961,https://stockanalysis.com/analysts/Mike-Polark/,Not found
Mike Scialla,9961,https://stockanalysis.com/analysts/Mike-Scialla/,Not found
Dan Brennan,9961,https://stockanalysis.com/analysts/Dan-Brennan/,Not found
Dan Ives,9961,https://stockanalysis.com/analysts/Dan-Ives/,Not found
Curt Woodworth,9961,https://stockanalysis.com/analysts/Curt-Woodworth/,Not found
Nitin Kumar,9961,https://stockanalysis.com/analysts/Nitin-Kumar/,Not found
Noah Herman,9961,https://stockanalysis.com/analysts/Noah-Herman/,Not found
Nick Pope,9961,https://stockanalysis.com/analysts/Nick-Pope/,Not found
Nicole Germino,9961,https://stockanalysis.com/analysts/Nicole-Germino/,Not found
Nicole Miller,9961,https://stockanalysis.com/analysts/Nicole-Miller/,Not found
Nora Min,9961,https://stockanalysis.com/analysts/Nora-Min/,Not found
Ole Slorer,9961,https://stockanalysis.com/analysts/Ole-Slorer/,Not found
Neal Burk,9961,https://stockanalysis.com/analysts/Neal-Burk/,Not found
Omar Nokta,9961,https://stockanalysis.com/analysts/Omar-Nokta/,Not found
Nicholas Thomas,9961,https://stockanalysis.com/analysts/Nicholas-Thomas/,Not found
Neel Kumar,9961,https://stockanalysis.com/analysts/Neel-Kumar/,Not found
Neil Kalton,9961,https://stockanalysis.com/analysts/Neil-Kalton/,Not found
Niall Alexander,9961,https://stockanalysis.com/analysts/Niall-Alexander/,Not found
Nichola Holowko,9961,https://stockanalysis.com/analysts/Nichola-Holowko/,Not found
Nathan Rice,9961,https://stockanalysis.com/analysts/Nathan-Rice/,Not found
Michael Walkley,9961,https://stockanalysis.com/analysts/Michael-Walkley/,Not found
Michael Weinstein,9961,https://stockanalysis.com/analysts/Michael-Weinstein/,Not found
Micheal Bellisario,9961,https://stockanalysis.com/analysts/Micheal-Bellisario/,Not found
Michelle Fang,9961,https://stockanalysis.com/analysts/Michelle-Fang/,Not found
Michael Tupholme,9961,https://stockanalysis.com/analysts/Michael-Tupholme/,Not found
Mike Grondahl,9961,https://stockanalysis.com/analysts/Mike-Grondahl/,Not found
Mike Harris,9961,https://stockanalysis.com/analysts/Mike-Harris/,Not found
Mike Lavery,9961,https://stockanalysis.com/analysts/Mike-Lavery/,Not found
Mickey Schleien,9961,https://stockanalysis.com/analysts/Mickey-Schleien/,Not found
Mike Albanese,9961,https://stockanalysis.com/analysts/Mike-Albanese/,Not found
Mike Burton,9961,https://stockanalysis.com/analysts/Mike-Burton/,Not found
Michael Jalonen,9961,https://stockanalysis.com/analysts/Michael-Jalonen/,Not found
Michael Kaye,9961,https://stockanalysis.com/analysts/Michael-Kaye/,Not found
Mike Cyprys,9961,https://stockanalysis.com/analysts/Mike-Cyprys/,Not found
Mike Dahl,9961,https://stockanalysis.com/analysts/Mike-Dahl/,Not found
Mike Genovese,9961,https://stockanalysis.com/analysts/Mike-Genovese/,Not found
Michael Perito,9961,https://stockanalysis.com/analysts/Michael-Perito/,Not found
Michael Phillips,9961,https://stockanalysis.com/analysts/Michael-Phillips/,Not found
Michael Lewis,9961,https://stockanalysis.com/analysts/Michael-Lewis/,Not found
Michael McGovern,9961,https://stockanalysis.com/analysts/Michael-McGovern/,Not found
Michael Minchak,9961,https://stockanalysis.com/analysts/Michael-Minchak/,Not found
Paul Coster,9961,https://stockanalysis.com/analysts/Paul-Coster/,Not found
Paul Diamond,9961,https://stockanalysis.com/analysts/Paul-Diamond/,Not found
Patrick R. Trucchio,9961,https://stockanalysis.com/analysts/Patrick-R.-Trucchio/,Not found
Patrick Tyler,9961,https://stockanalysis.com/analysts/Patrick-Tyler/,Not found
Patty Kanada,9961,https://stockanalysis.com/analysts/Patty-Kanada/,Not found
Christyne McGarvey,9961,https://stockanalysis.com/analysts/Christyne-McGarvey/,Not found
Chuck Grom,9961,https://stockanalysis.com/analysts/Chuck-Grom/,Not found
Paul Adams,9961,https://stockanalysis.com/analysts/Paul-Adams/,Not found
Paul Cheng,9961,https://stockanalysis.com/analysts/Paul-Cheng/,Not found
Paul Chung,9961,https://stockanalysis.com/analysts/Paul-Chung/,Not found
Connor Lynagh,9961,https://stockanalysis.com/analysts/Connor-Lynagh/,Not found
Connor Siversky,9961,https://stockanalysis.com/analysts/Connor-Siversky/,Not found
Conor Fitzgerald,9961,https://stockanalysis.com/analysts/Conor-Fitzgerald/,Not found
Cleveland Rueckert,9961,https://stockanalysis.com/analysts/Cleveland-Rueckert/,Not found
Cody Ross,9961,https://stockanalysis.com/analysts/Cody-Ross/,Not found
Colin Bristow,9961,https://stockanalysis.com/analysts/Colin-Bristow/,Not found
Colin Isaac,9961,https://stockanalysis.com/analysts/Colin-Isaac/,Not found
Nigel Dally,9961,https://stockanalysis.com/analysts/Nigel-Dally/,Not found
Conor McNamara,9961,https://stockanalysis.com/analysts/Conor-McNamara/,Not found
Corinne Jenkins,9961,https://stockanalysis.com/analysts/Corinne-Jenkins/,Not found
Colleen Kusy,9961,https://stockanalysis.com/analysts/Colleen-Kusy/,Not found
Connor Chamberlain,9961,https://stockanalysis.com/analysts/Connor-Chamberlain/,Not found
Daria Nasledysheva,9961,https://stockanalysis.com/analysts/Daria-Nasledysheva/,Not found
Michael Schmitz,9961,https://stockanalysis.com/analysts/Michael-Schmitz/,Not found
David Bouchey,9961,https://stockanalysis.com/analysts/David-Bouchey/,Not found
Darren Leung,9961,https://stockanalysis.com/analysts/Darren-Leung/,Not found
David Amsellem,9961,https://stockanalysis.com/analysts/David-Amsellem/,Not found
Meyer Sheilds,9961,https://stockanalysis.com/analysts/Meyer-Sheilds/,Not found
Michael Albanses,9961,https://stockanalysis.com/analysts/Michael-Albanses/,Not found
David Hicks,9961,https://stockanalysis.com/analysts/David-Hicks/,Not found
David Belinger,9961,https://stockanalysis.com/analysts/David-Belinger/,Not found
Michael Harrison,9961,https://stockanalysis.com/analysts/Michael-Harrison/,Not found
Michael Funk,9961,https://stockanalysis.com/analysts/Michael-Funk/,Not found
Michael Carrier,9961,https://stockanalysis.com/analysts/Michael-Carrier/,Not found
Peter Lawson,9961,https://stockanalysis.com/analysts/Peter-Lawson/,Not found
Peter Osterland,9961,https://stockanalysis.com/analysts/Peter-Osterland/,Not found
Peter Christiansen,9961,https://stockanalysis.com/analysts/Peter-Christiansen/,Not found
Peter Costa,9961,https://stockanalysis.com/analysts/Peter-Costa/,Not found
Christopher Danely,9961,https://stockanalysis.com/analysts/Christopher-Danely/,Not found
Christopher Dendrinos,9961,https://stockanalysis.com/analysts/Christopher-Dendrinos/,Not found
Christopher Graja,9961,https://stockanalysis.com/analysts/Christopher-Graja/,Not found
Chris Senyek,9961,https://stockanalysis.com/analysts/Chris-Senyek/,Not found
Chris Snyder,9961,https://stockanalysis.com/analysts/Chris-Snyder/,Not found
Chris Zhang,9961,https://stockanalysis.com/analysts/Chris-Zhang/,Not found
Christopher Merwin,9961,https://stockanalysis.com/analysts/Christopher-Merwin/,Not found
Christopher Moore,9961,https://stockanalysis.com/analysts/Christopher-Moore/,Not found
Christopher Parkinson,9961,https://stockanalysis.com/analysts/Christopher-Parkinson/,Not found
Christopher Schoell,9961,https://stockanalysis.com/analysts/Christopher-Schoell/,Not found
Christopher LaFemina,9961,https://stockanalysis.com/analysts/Christopher-LaFemina/,Not found
Christopher LeFemina,9961,https://stockanalysis.com/analysts/Christopher-LeFemina/,Not found
Christopher Mandeville,9961,https://stockanalysis.com/analysts/Christopher-Mandeville/,Not found
Patrick Donnelly,9961,https://stockanalysis.com/analysts/Patrick-Donnelly/,Not found
Pablo Monsivais,9961,https://stockanalysis.com/analysts/Pablo-Monsivais/,Not found
Pablo Zuanic,9961,https://stockanalysis.com/analysts/Pablo-Zuanic/,Not found
Papa Sylla,9961,https://stockanalysis.com/analysts/Papa-Sylla/,Not found
Parker Lane,9961,https://stockanalysis.com/analysts/Parker-Lane/,Not found
David Kang,9961,https://stockanalysis.com/analysts/David-Kang/,Not found
David Smith,9961,https://stockanalysis.com/analysts/David-Smith/,Not found
David Strauss,9961,https://stockanalysis.com/analysts/David-Strauss/,Not found
David Motemeden,9961,https://stockanalysis.com/analysts/David-Motemeden/,Not found
David Raso,9961,https://stockanalysis.com/analysts/David-Raso/,Not found
David Lebovitz,9961,https://stockanalysis.com/analysts/David-Lebovitz/,Not found
David Leiker,9961,https://stockanalysis.com/analysts/David-Leiker/,Not found
David Lewis,9961,https://stockanalysis.com/analysts/David-Lewis/,Not found
David MacDonald,9961,https://stockanalysis.com/analysts/David-MacDonald/,Not found
Matthew McClintock,9961,https://stockanalysis.com/analysts/Matthew-McClintock/,Not found
Matthew McKellar,9961,https://stockanalysis.com/analysts/Matthew-McKellar/,Not found
Matthew Murphy,9961,https://stockanalysis.com/analysts/Matthew-Murphy/,Not found
David Rodgers,9961,https://stockanalysis.com/analysts/David-Rodgers/,Not found
David Seigerman,9961,https://stockanalysis.com/analysts/David-Seigerman/,Not found
Matthew Stanton,9961,https://stockanalysis.com/analysts/Matthew-Stanton/,Not found
Matthew Summerville,9961,https://stockanalysis.com/analysts/Matthew-Summerville/,Not found
Matthew Weston,9961,https://stockanalysis.com/analysts/Matthew-Weston/,Not found
Matthew Krueger,9961,https://stockanalysis.com/analysts/Matthew-Krueger/,Not found
Philipp Häßler,9961,https://stockanalysis.com/analysts/Philipp-Häßler/,Not found
Pinjalim Bora,9961,https://stockanalysis.com/analysts/Pinjalim-Bora/,Not found
Philip Cusick,9961,https://stockanalysis.com/analysts/Philip-Cusick/,Not found
Philip Gibbs,9961,https://stockanalysis.com/analysts/Philip-Gibbs/,Not found
Chris Mcgratty,9961,https://stockanalysis.com/analysts/Chris-Mcgratty/,Not found
Pérez Mora,9961,https://stockanalysis.com/analysts/Pérez-Mora/,Not found
Piyush Avasthy,9961,https://stockanalysis.com/analysts/Piyush-Avasthy/,Not found
Paul Kearney,9961,https://stockanalysis.com/analysts/Paul-Kearney/,Not found
Paul McTaggart,9961,https://stockanalysis.com/analysts/Paul-McTaggart/,Not found
Prashant Rao,9961,https://stockanalysis.com/analysts/Prashant-Rao/,Not found
Paul Obrecht,9961,https://stockanalysis.com/analysts/Paul-Obrecht/,Not found
Paul Steep,9961,https://stockanalysis.com/analysts/Paul-Steep/,Not found
Paul Zimbardo,9961,https://stockanalysis.com/analysts/Paul-Zimbardo/,Not found
Perez Mora,9961,https://stockanalysis.com/analysts/Perez-Mora/,Not found
Pete Skibitski,9961,https://stockanalysis.com/analysts/Pete-Skibitski/,Not found
Medhi Hosseini,9961,https://stockanalysis.com/analysts/Medhi-Hosseini/,Not found
Melanie Nunez,9961,https://stockanalysis.com/analysts/Melanie-Nunez/,Not found
Max Hopkins,9961,https://stockanalysis.com/analysts/Max-Hopkins/,Not found
Matthew Sheerin,9961,https://stockanalysis.com/analysts/Matthew-Sheerin/,Not found
De Bruin,9961,https://stockanalysis.com/analysts/De-Bruin/,Not found
Deborah Ciervo,9961,https://stockanalysis.com/analysts/Deborah-Ciervo/,Not found
David Togut,9961,https://stockanalysis.com/analysts/David-Togut/,Not found
David Turkaly,9961,https://stockanalysis.com/analysts/David-Turkaly/,Not found
Mayank Tandon,9961,https://stockanalysis.com/analysts/Mayank-Tandon/,Not found
Matt Niknam,9961,https://stockanalysis.com/analysts/Matt-Niknam/,Not found
Matt OBrien,9961,https://stockanalysis.com/analysts/Matt-OBrien/,Not found
Derik De,9961,https://stockanalysis.com/analysts/Derik-De/,Not found
Destiny Hance,9961,https://stockanalysis.com/analysts/Destiny-Hance/,Not found
Diego Aragao,9961,https://stockanalysis.com/analysts/Diego-Aragao/,Not found
Matthew Gillmor,9961,https://stockanalysis.com/analysts/Matthew-Gillmor/,Not found
Matt Summerville,9961,https://stockanalysis.com/analysts/Matt-Summerville/,Not found
Matt Venezia,9961,https://stockanalysis.com/analysts/Matt-Venezia/,Not found
Matt McGinley,9961,https://stockanalysis.com/analysts/Matt-McGinley/,Not found
Raj Kumar,9961,https://stockanalysis.com/analysts/Raj-Kumar/,Not found
Raj Sharma,9961,https://stockanalysis.com/analysts/Raj-Sharma/,Not found
Rajat Gupta,9961,https://stockanalysis.com/analysts/Rajat-Gupta/,Not found
Ralph Profiti,9961,https://stockanalysis.com/analysts/Ralph-Profiti/,Not found
Reif Ehrlich,9961,https://stockanalysis.com/analysts/Reif-Ehrlich/,Not found
Ricardo Rezende,9961,https://stockanalysis.com/analysts/Ricardo-Rezende/,Not found
Chi Fong,9961,https://stockanalysis.com/analysts/Chi-Fong/,Not found
Chris Baker,9961,https://stockanalysis.com/analysts/Chris-Baker/,Not found
Chris Carey,9961,https://stockanalysis.com/analysts/Chris-Carey/,Not found
Chris Merwin,9961,https://stockanalysis.com/analysts/Chris-Merwin/,Not found
Chris Raymond,9961,https://stockanalysis.com/analysts/Chris-Raymond/,Not found
Chris Robertson,9961,https://stockanalysis.com/analysts/Chris-Robertson/,Not found
Chris Kuntarich,9961,https://stockanalysis.com/analysts/Chris-Kuntarich/,Not found
Matthew Hewitt,9961,https://stockanalysis.com/analysts/Matthew-Hewitt/,Not found
Divya Goyal,9961,https://stockanalysis.com/analysts/Divya-Goyal/,Not found
Domingos Falavina,9961,https://stockanalysis.com/analysts/Domingos-Falavina/,Not found
Don Carducci,9961,https://stockanalysis.com/analysts/Don-Carducci/,Not found
Matthew Harrison,9961,https://stockanalysis.com/analysts/Matthew-Harrison/,Not found
Matthew Herrmann,9961,https://stockanalysis.com/analysts/Matthew-Herrmann/,Not found
Douglas Irwin,9961,https://stockanalysis.com/analysts/Douglas-Irwin/,Not found
Drew Chamberlain,9961,https://stockanalysis.com/analysts/Drew-Chamberlain/,Not found
Drew Ranieri,9961,https://stockanalysis.com/analysts/Drew-Ranieri/,Not found
Dori Kesten,9961,https://stockanalysis.com/analysts/Dori-Kesten/,Not found
Doug Harter,9961,https://stockanalysis.com/analysts/Doug-Harter/,Not found
Dillon Cumming,9961,https://stockanalysis.com/analysts/Dillon-Cumming/,Not found
Dimple Gosa,9961,https://stockanalysis.com/analysts/Dimple-Gosa/,Not found
Dimple Gosai,9961,https://stockanalysis.com/analysts/Dimple-Gosai/,Not found
Mark Weintraub,9961,https://stockanalysis.com/analysts/Mark-Weintraub/,Not found
Market Perform,9961,https://stockanalysis.com/analysts/Market-Perform/,Not found
Mark Purcell,9961,https://stockanalysis.com/analysts/Mark-Purcell/,Not found
Duane Pfenningwerth,9961,https://stockanalysis.com/analysts/Duane-Pfenningwerth/,Not found
Rick Paterson,9961,https://stockanalysis.com/analysts/Rick-Paterson/,Not found
Ricky Goldwasser,9961,https://stockanalysis.com/analysts/Ricky-Goldwasser/,Not found
Richard Radbourne,9961,https://stockanalysis.com/analysts/Richard-Radbourne/,Not found
Cameron Mansson,9961,https://stockanalysis.com/analysts/Cameron-Mansson/,Not found
Camille Bonnel,9961,https://stockanalysis.com/analysts/Camille-Bonnel/,Not found
Carlos De,9961,https://stockanalysis.com/analysts/Carlos-De/,Not found
Catherine Ramsey,9961,https://stockanalysis.com/analysts/Catherine-Ramsey/,Not found
Catherine Schulte,9961,https://stockanalysis.com/analysts/Catherine-Schulte/,Not found
Cecilia Furlong,9961,https://stockanalysis.com/analysts/Cecilia-Furlong/,Not found
Cerena Chen,9961,https://stockanalysis.com/analysts/Cerena-Chen/,Not found
Chad Bennett,9961,https://stockanalysis.com/analysts/Chad-Bennett/,Not found
Carly Kenselaar,9961,https://stockanalysis.com/analysts/Carly-Kenselaar/,Not found
Q3 EPS,9961,https://stockanalysis.com/analysts/Q3-EPS/,Not found
Q3 Marketplace,9961,https://stockanalysis.com/analysts/Q3-Marketplace/,Not found
Rachel Vatnsdal,9961,https://stockanalysis.com/analysts/Rachel-Vatnsdal/,Not found
Raghuram Selvaraju,9961,https://stockanalysis.com/analysts/Raghuram-Selvaraju/,Not found
Charles Duncan,9961,https://stockanalysis.com/analysts/Charles-Duncan/,Not found
Martin Malloy,9961,https://stockanalysis.com/analysts/Martin-Malloy/,Not found
Ed Yang,9961,https://stockanalysis.com/analysts/Ed-Yang/,Not found
Eddie Leung,9961,https://stockanalysis.com/analysts/Eddie-Leung/,Not found
Matt Breese,9961,https://stockanalysis.com/analysts/Matt-Breese/,Not found
Matt Farrell,9961,https://stockanalysis.com/analysts/Matt-Farrell/,Not found
Matt Howlett,9961,https://stockanalysis.com/analysts/Matt-Howlett/,Not found
Elizabeth Suzuki,9961,https://stockanalysis.com/analysts/Elizabeth-Suzuki/,Not found
Emily Ericksen,9961,https://stockanalysis.com/analysts/Emily-Ericksen/,Not found
Eli Jossen,9961,https://stockanalysis.com/analysts/Eli-Jossen/,Not found
Elizabeth Anderson,9961,https://stockanalysis.com/analysts/Elizabeth-Anderson/,Not found
Elizabeth Garcia,9961,https://stockanalysis.com/analysts/Elizabeth-Garcia/,Not found
Rob Brown,9961,https://stockanalysis.com/analysts/Rob-Brown/,Not found
Rob Dickerson,9961,https://stockanalysis.com/analysts/Rob-Dickerson/,Not found
Rob Oliver,9961,https://stockanalysis.com/analysts/Rob-Oliver/,Not found
Rob Wertheimer,9961,https://stockanalysis.com/analysts/Rob-Wertheimer/,Not found
Robert Bek,9961,https://stockanalysis.com/analysts/Robert-Bek/,Not found
Burrows Szczupak,9961,https://stockanalysis.com/analysts/Burrows-Szczupak/,Not found
C J,9961,https://stockanalysis.com/analysts/C-J/,Not found
Robert Ottenstein,9961,https://stockanalysis.com/analysts/Robert-Ottenstein/,Not found
Robert Mason,9961,https://stockanalysis.com/analysts/Robert-Mason/,Not found
Robert Mosca,9961,https://stockanalysis.com/analysts/Robert-Mosca/,Not found
Robert Cox,9961,https://stockanalysis.com/analysts/Robert-Cox/,Not found
Richard Law,9961,https://stockanalysis.com/analysts/Richard-Law/,Not found
Rich Hightower,9961,https://stockanalysis.com/analysts/Rich-Hightower/,Not found
Rich Hilliker,9961,https://stockanalysis.com/analysts/Rich-Hilliker/,Not found
Robert Napoli,9961,https://stockanalysis.com/analysts/Robert-Napoli/,Not found
Richard Repetto,9961,https://stockanalysis.com/analysts/Richard-Repetto/,Not found
Richard Vosser,9961,https://stockanalysis.com/analysts/Richard-Vosser/,Not found
Richard Eastman,9961,https://stockanalysis.com/analysts/Richard-Eastman/,Not found
Richard Hatch,9961,https://stockanalysis.com/analysts/Richard-Hatch/,Not found
Richard Hill,9961,https://stockanalysis.com/analysts/Richard-Hill/,Not found
Brian Fitzgerald,9961,https://stockanalysis.com/analysts/Brian-Fitzgerald/,Not found
Brian Flores,9961,https://stockanalysis.com/analysts/Brian-Flores/,Not found
Brett Simpson,9961,https://stockanalysis.com/analysts/Brett-Simpson/,Not found
Brian Brungardt,9961,https://stockanalysis.com/analysts/Brian-Brungardt/,Not found
Ross Smotrich,9961,https://stockanalysis.com/analysts/Ross-Smotrich/,Not found
Roy Buchanan,9961,https://stockanalysis.com/analysts/Roy-Buchanan/,Not found
Ronald Jewsikow,9961,https://stockanalysis.com/analysts/Ronald-Jewsikow/,Not found
Brock Vandervliet,9961,https://stockanalysis.com/analysts/Brock-Vandervliet/,Not found
Brian Lee,9961,https://stockanalysis.com/analysts/Brian-Lee/,Not found
Brian McKenna,9961,https://stockanalysis.com/analysts/Brian-McKenna/,Not found
Brian Butler,9961,https://stockanalysis.com/analysts/Brian-Butler/,Not found
Brian Drab,9961,https://stockanalysis.com/analysts/Brian-Drab/,Not found
Bruce Chan,9961,https://stockanalysis.com/analysts/Bruce-Chan/,Not found
Bryan Adams,9961,https://stockanalysis.com/analysts/Bryan-Adams/,Not found
Cameron Bean,9961,https://stockanalysis.com/analysts/Cameron-Bean/,Not found
Bryan Maher,9961,https://stockanalysis.com/analysts/Bryan-Maher/,Not found
Bryan Spillane,9961,https://stockanalysis.com/analysts/Bryan-Spillane/,Not found
Bryce Rowe,9961,https://stockanalysis.com/analysts/Bryce-Rowe/,Not found
Mario Lu,9961,https://stockanalysis.com/analysts/Mario-Lu/,Not found
MarK Shutley,9961,https://stockanalysis.com/analysts/MarK-Shutley/,Not found
Marco Limite,9961,https://stockanalysis.com/analysts/Marco-Limite/,Not found
Eric Des,9961,https://stockanalysis.com/analysts/Eric-Des/,Not found
Mark Cash,9961,https://stockanalysis.com/analysts/Mark-Cash/,Not found
Marcus Cole,9961,https://stockanalysis.com/analysts/Marcus-Cole/,Not found
Maria Thibault,9961,https://stockanalysis.com/analysts/Maria-Thibault/,Not found
Mariana Perez,9961,https://stockanalysis.com/analysts/Mariana-Perez/,Not found
Mariana Taddeo,9961,https://stockanalysis.com/analysts/Mariana-Taddeo/,Not found
Eun Yang,9961,https://stockanalysis.com/analysts/Eun-Yang/,Not found
Erin Wilson,9961,https://stockanalysis.com/analysts/Erin-Wilson/,Not found
Eric Handler,9961,https://stockanalysis.com/analysts/Eric-Handler/,Not found
Eric Schmidt,9961,https://stockanalysis.com/analysts/Eric-Schmidt/,Not found
Eric Beaumont,9961,https://stockanalysis.com/analysts/Eric-Beaumont/,Not found
Louise Singlehurst,9961,https://stockanalysis.com/analysts/Louise-Singlehurst/,Not found
Louthan IV,9961,https://stockanalysis.com/analysts/Louthan-IV/,Not found
Erwan Rambourg,9961,https://stockanalysis.com/analysts/Erwan-Rambourg/,Not found
Esme Pau,9961,https://stockanalysis.com/analysts/Esme-Pau/,Not found
Esther Rajavelu,9961,https://stockanalysis.com/analysts/Esther-Rajavelu/,Not found
Lucas Pipes,9961,https://stockanalysis.com/analysts/Lucas-Pipes/,Not found
Lloyd Walmsley,9961,https://stockanalysis.com/analysts/Lloyd-Walmsley/,Not found
Luiz Carvalho,9961,https://stockanalysis.com/analysts/Luiz-Carvalho/,Not found
Luke Lemoine,9961,https://stockanalysis.com/analysts/Luke-Lemoine/,Not found
Madhu Kumar,9961,https://stockanalysis.com/analysts/Madhu-Kumar/,Not found
Manav Patnaik,9961,https://stockanalysis.com/analysts/Manav-Patnaik/,Not found
Leonardo Olmos,9961,https://stockanalysis.com/analysts/Leonardo-Olmos/,Not found
Lawrence Biegelsen,9961,https://stockanalysis.com/analysts/Lawrence-Biegelsen/,Not found
Leandro Bastos,9961,https://stockanalysis.com/analysts/Leandro-Bastos/,Not found
Ryan Griffin,9961,https://stockanalysis.com/analysts/Ryan-Griffin/,Not found
Ryan Krieger,9961,https://stockanalysis.com/analysts/Ryan-Krieger/,Not found
Russell Quelch,9961,https://stockanalysis.com/analysts/Russell-Quelch/,Not found
Ryan Cooke,9961,https://stockanalysis.com/analysts/Ryan-Cooke/,Not found
Ryan Zimmerman,9961,https://stockanalysis.com/analysts/Ryan-Zimmerman/,Not found
Ryan Lynch,9961,https://stockanalysis.com/analysts/Ryan-Lynch/,Not found
Ryan McKeveny,9961,https://stockanalysis.com/analysts/Ryan-McKeveny/,Not found
Ronald J,9961,https://stockanalysis.com/analysts/Ronald-J/,Not found
Robin Farley,9961,https://stockanalysis.com/analysts/Robin-Farley/,Not found
Robyn Karnauskas,9961,https://stockanalysis.com/analysts/Robyn-Karnauskas/,Not found
Ross Gilardi,9961,https://stockanalysis.com/analysts/Ross-Gilardi/,Not found
Ross Muken,9961,https://stockanalysis.com/analysts/Ross-Muken/,Not found
Ross Osborn,9961,https://stockanalysis.com/analysts/Ross-Osborn/,Not found
Roger Read,9961,https://stockanalysis.com/analysts/Roger-Read/,Not found
Rohin Patel,9961,https://stockanalysis.com/analysts/Rohin-Patel/,Not found
Liisa Bayko,9961,https://stockanalysis.com/analysts/Liisa-Bayko/,Not found
Lili Nsongo,9961,https://stockanalysis.com/analysts/Lili-Nsongo/,Not found
Lee Krowl,9961,https://stockanalysis.com/analysts/Lee-Krowl/,Not found
Eva Fortea,9961,https://stockanalysis.com/analysts/Eva-Fortea/,Not found
Evan David,9961,https://stockanalysis.com/analysts/Evan-David/,Not found
Linda Huang,9961,https://stockanalysis.com/analysts/Linda-Huang/,Not found
Lisa Clive,9961,https://stockanalysis.com/analysts/Lisa-Clive/,Not found
Floris Van,9961,https://stockanalysis.com/analysts/Floris-Van/,Not found
Francisco Suarez,9961,https://stockanalysis.com/analysts/Francisco-Suarez/,Not found
Faiza Alwy,9961,https://stockanalysis.com/analysts/Faiza-Alwy/,Not found
Farooq Hamed,9961,https://stockanalysis.com/analysts/Farooq-Hamed/,Not found
Federico Merendi,9961,https://stockanalysis.com/analysts/Federico-Merendi/,Not found
Fu Lee,9961,https://stockanalysis.com/analysts/Fu-Lee/,Not found
Gabe Hajde,9961,https://stockanalysis.com/analysts/Gabe-Hajde/,Not found
Gabriel Moreen,9961,https://stockanalysis.com/analysts/Gabriel-Moreen/,Not found
Felicia Hendrix,9961,https://stockanalysis.com/analysts/Felicia-Hendrix/,Not found
Fernando Abdalla,9961,https://stockanalysis.com/analysts/Fernando-Abdalla/,Not found
Sabrina Abrams,9961,https://stockanalysis.com/analysts/Sabrina-Abrams/,Not found
Sarah James,9961,https://stockanalysis.com/analysts/Sarah-James/,Not found
Samir Khanal,9961,https://stockanalysis.com/analysts/Samir-Khanal/,Not found
Samuel Eisner,9961,https://stockanalysis.com/analysts/Samuel-Eisner/,Not found
Brady Gailey,9961,https://stockanalysis.com/analysts/Brady-Gailey/,Not found
Brandon King,9961,https://stockanalysis.com/analysts/Brandon-King/,Not found
Brad Sills,9961,https://stockanalysis.com/analysts/Brad-Sills/,Not found
Bradley Berning,9961,https://stockanalysis.com/analysts/Bradley-Berning/,Not found
Sanjeev Rana,9961,https://stockanalysis.com/analysts/Sanjeev-Rana/,Not found
Brent Navon,9961,https://stockanalysis.com/analysts/Brent-Navon/,Not found
Brett Feldman,9961,https://stockanalysis.com/analysts/Brett-Feldman/,Not found
Brent Bracelin,9961,https://stockanalysis.com/analysts/Brent-Bracelin/,Not found
Brent Dilts,9961,https://stockanalysis.com/analysts/Brent-Dilts/,Not found
Konark Gupta,9961,https://stockanalysis.com/analysts/Konark-Gupta/,Not found
Korinne Wolfmeyer,9961,https://stockanalysis.com/analysts/Korinne-Wolfmeyer/,Not found
Kosta Tasoulis,9961,https://stockanalysis.com/analysts/Kosta-Tasoulis/,Not found
Frank Lee,9961,https://stockanalysis.com/analysts/Frank-Lee/,Not found
Frederic Bastien,9961,https://stockanalysis.com/analysts/Frederic-Bastien/,Not found
Kyle Voigt,9961,https://stockanalysis.com/analysts/Kyle-Voigt/,Not found
Landon Park,9961,https://stockanalysis.com/analysts/Landon-Park/,Not found
Larry Solow,9961,https://stockanalysis.com/analysts/Larry-Solow/,Not found
Kunal Madhukar,9961,https://stockanalysis.com/analysts/Kunal-Madhukar/,Not found
Kenneth Shiu,9961,https://stockanalysis.com/analysts/Kenneth-Shiu/,Not found
Kenneth Worthington,9961,https://stockanalysis.com/analysts/Kenneth-Worthington/,Not found
Kevin Barker,9961,https://stockanalysis.com/analysts/Kevin-Barker/,Not found
Lauren Schenk,9961,https://stockanalysis.com/analysts/Lauren-Schenk/,Not found
Kyle Mikson,9961,https://stockanalysis.com/analysts/Kyle-Mikson/,Not found
Kevin Liu,9961,https://stockanalysis.com/analysts/Kevin-Liu/,Not found
Kevin Fitzsimmons,9961,https://stockanalysis.com/analysts/Kevin-Fitzsimmons/,Not found
Scott Fidel,9961,https://stockanalysis.com/analysts/Scott-Fidel/,Not found
Scott Graham,9961,https://stockanalysis.com/analysts/Scott-Graham/,Not found
Bill Katz,9961,https://stockanalysis.com/analysts/Bill-Katz/,Not found
Bill Maughan,9961,https://stockanalysis.com/analysts/Bill-Maughan/,Not found
Sean King,9961,https://stockanalysis.com/analysts/Sean-King/,Not found
Sean Lee,9961,https://stockanalysis.com/analysts/Sean-Lee/,Not found
Sean Meakim,9961,https://stockanalysis.com/analysts/Sean-Meakim/,Not found
Bobby Zolper,9961,https://stockanalysis.com/analysts/Bobby-Zolper/,Not found
Bin Kim,9961,https://stockanalysis.com/analysts/Bin-Kim/,Not found
Bhumi Kanabar,9961,https://stockanalysis.com/analysts/Bhumi-Kanabar/,Not found
Biju Perincheril,9961,https://stockanalysis.com/analysts/Biju-Perincheril/,Not found
Bill Chappell,9961,https://stockanalysis.com/analysts/Bill-Chappell/,Not found
Boonie Herzog,9961,https://stockanalysis.com/analysts/Boonie-Herzog/,Not found
Boris Van,9961,https://stockanalysis.com/analysts/Boris-Van/,Not found
Brad Canino,9961,https://stockanalysis.com/analysts/Brad-Canino/,Not found
Brad Capuzzi,9961,https://stockanalysis.com/analysts/Brad-Capuzzi/,Not found
Bob Drbul,9961,https://stockanalysis.com/analysts/Bob-Drbul/,Not found
Bob Jian,9961,https://stockanalysis.com/analysts/Bob-Jian/,Not found
George Bose,9961,https://stockanalysis.com/analysts/George-Bose/,Not found
Ki Bin,9961,https://stockanalysis.com/analysts/Ki-Bin/,Not found
Kieran De,9961,https://stockanalysis.com/analysts/Kieran-De/,Not found
Kimberly Greenberger,9961,https://stockanalysis.com/analysts/Kimberly-Greenberger/,Not found
George Farmer,9961,https://stockanalysis.com/analysts/George-Farmer/,Not found
George Galliers,9961,https://stockanalysis.com/analysts/George-Galliers/,Not found
Geoff Lowery,9961,https://stockanalysis.com/analysts/Geoff-Lowery/,Not found
Katherine Griffin,9961,https://stockanalysis.com/analysts/Katherine-Griffin/,Not found
Katie Lachapelle,9961,https://stockanalysis.com/analysts/Katie-Lachapelle/,Not found
George Wang,9961,https://stockanalysis.com/analysts/George-Wang/,Not found
Geulah Livshits,9961,https://stockanalysis.com/analysts/Geulah-Livshits/,Not found
Kelly Shi,9961,https://stockanalysis.com/analysts/Kelly-Shi/,Not found
Kemp Dolliver,9961,https://stockanalysis.com/analysts/Kemp-Dolliver/,Not found
Keegan Carl,9961,https://stockanalysis.com/analysts/Keegan-Carl/,Not found
Keith Hughes,9961,https://stockanalysis.com/analysts/Keith-Hughes/,Not found
Ben Haynor,9961,https://stockanalysis.com/analysts/Ben-Haynor/,Not found
Shneur Gershuni,9961,https://stockanalysis.com/analysts/Shneur-Gershuni/,Not found
Sidney Ho,9961,https://stockanalysis.com/analysts/Sidney-Ho/,Not found
Sheila McGrath,9961,https://stockanalysis.com/analysts/Sheila-McGrath/,Not found
Ben Miller,9961,https://stockanalysis.com/analysts/Ben-Miller/,Not found
Benjamin Black,9961,https://stockanalysis.com/analysts/Benjamin-Black/,Not found
Ben Chaiken,9961,https://stockanalysis.com/analysts/Ben-Chaiken/,Not found
Betty Jing,9961,https://stockanalysis.com/analysts/Betty-Jing/,Not found
Benjamin Burnett,9961,https://stockanalysis.com/analysts/Benjamin-Burnett/,Not found
Benjamin Gerlinger,9961,https://stockanalysis.com/analysts/Benjamin-Gerlinger/,Not found
Benjamin Haynor,9961,https://stockanalysis.com/analysts/Benjamin-Haynor/,Not found
Benjamin Miller,9961,https://stockanalysis.com/analysts/Benjamin-Miller/,Not found
Scott Marks,9961,https://stockanalysis.com/analysts/Scott-Marks/,Not found
Scot Ciccarelli,9961,https://stockanalysis.com/analysts/Scot-Ciccarelli/,Not found
Scott Ciccarelli,9961,https://stockanalysis.com/analysts/Scott-Ciccarelli/,Not found
Bert Subin,9961,https://stockanalysis.com/analysts/Bert-Subin/,Not found
Betsy Graseck,9961,https://stockanalysis.com/analysts/Betsy-Graseck/,Not found
Ken Goldman,9961,https://stockanalysis.com/analysts/Ken-Goldman/,Not found
Ken Herbert,9961,https://stockanalysis.com/analysts/Ken-Herbert/,Not found
Ken Newman,9961,https://stockanalysis.com/analysts/Ken-Newman/,Not found
Ken Wong,9961,https://stockanalysis.com/analysts/Ken-Wong/,Not found
Greg Lewis,9961,https://stockanalysis.com/analysts/Greg-Lewis/,Not found
Glenn Mattson,9961,https://stockanalysis.com/analysts/Glenn-Mattson/,Not found
Gordon Johnson,9961,https://stockanalysis.com/analysts/Gordon-Johnson/,Not found
Greg Miller,9961,https://stockanalysis.com/analysts/Greg-Miller/,Not found
Greg Pardy,9961,https://stockanalysis.com/analysts/Greg-Pardy/,Not found
Greg Harrison,9961,https://stockanalysis.com/analysts/Greg-Harrison/,Not found
Judith Elliott,9961,https://stockanalysis.com/analysts/Judith-Elliott/,Not found
Gregory Fraser,9961,https://stockanalysis.com/analysts/Gregory-Fraser/,Not found
Griffin Boss,9961,https://stockanalysis.com/analysts/Griffin-Boss/,Not found
Spiro Dounis,9961,https://stockanalysis.com/analysts/Spiro-Dounis/,Not found
Simon Flannery,9961,https://stockanalysis.com/analysts/Simon-Flannery/,Not found
Srini Pajjuir,9961,https://stockanalysis.com/analysts/Srini-Pajjuir/,Not found
Stan Zlotsky,9961,https://stockanalysis.com/analysts/Stan-Zlotsky/,Not found
Stanley Elliott,9961,https://stockanalysis.com/analysts/Stanley-Elliott/,Not found
Smedes Rose,9961,https://stockanalysis.com/analysts/Smedes-Rose/,Not found
Soe Naing,9961,https://stockanalysis.com/analysts/Soe-Naing/,Not found
Sorabh Daga,9961,https://stockanalysis.com/analysts/Sorabh-Daga/,Not found
Soumit Roy,9961,https://stockanalysis.com/analysts/Soumit-Roy/,Not found
Sean Wieland,9961,https://stockanalysis.com/analysts/Sean-Wieland/,Not found
Selman Akyol,9961,https://stockanalysis.com/analysts/Selman-Akyol/,Not found
Stephanie Davis,9961,https://stockanalysis.com/analysts/Stephanie-Davis/,Not found
Stephanie Grambling,9961,https://stockanalysis.com/analysts/Stephanie-Grambling/,Not found
Shiwen Li,9961,https://stockanalysis.com/analysts/Shiwen-Li/,Not found
Seth Gilbert,9961,https://stockanalysis.com/analysts/Seth-Gilbert/,Not found
Seyon Park,9961,https://stockanalysis.com/analysts/Seyon-Park/,Not found
Shagun Singh,9961,https://stockanalysis.com/analysts/Shagun-Singh/,Not found
Shane Brett,9961,https://stockanalysis.com/analysts/Shane-Brett/,Not found
Kaio Prato,9961,https://stockanalysis.com/analysts/Kaio-Prato/,Not found
Junaid Siddiqui,9961,https://stockanalysis.com/analysts/Junaid-Siddiqui/,Not found
Juan Sanabria,9961,https://stockanalysis.com/analysts/Juan-Sanabria/,Not found
Harry Read,9961,https://stockanalysis.com/analysts/Harry-Read/,Not found
Hamza Fodderwala,9961,https://stockanalysis.com/analysts/Hamza-Fodderwala/,Not found
Karol Chmiel,9961,https://stockanalysis.com/analysts/Karol-Chmiel/,Not found
Kartik Mehta,9961,https://stockanalysis.com/analysts/Kartik-Mehta/,Not found
Hartaj Singh,9961,https://stockanalysis.com/analysts/Hartaj-Singh/,Not found
Heather Balsky,9961,https://stockanalysis.com/analysts/Heather-Balsky/,Not found
Hans Mosesmann,9961,https://stockanalysis.com/analysts/Hans-Mosesmann/,Not found
Harmen Puri,9961,https://stockanalysis.com/analysts/Harmen-Puri/,Not found
Harold Goetsch,9961,https://stockanalysis.com/analysts/Harold-Goetsch/,Not found
Joseph Grabowski,9961,https://stockanalysis.com/analysts/Joseph-Grabowski/,Not found
Helfey Hannah,9961,https://stockanalysis.com/analysts/Helfey-Hannah/,Not found
Henry Meyer,9961,https://stockanalysis.com/analysts/Henry-Meyer/,Not found
Himanshu Gupta,9961,https://stockanalysis.com/analysts/Himanshu-Gupta/,Not found
Holly Stewart,9961,https://stockanalysis.com/analysts/Holly-Stewart/,Not found
Ian Macpherson,9961,https://stockanalysis.com/analysts/Ian-Macpherson/,Not found
Steve Wieczynski,9961,https://stockanalysis.com/analysts/Steve-Wieczynski/,Not found
Steven Alexoloulos,9961,https://stockanalysis.com/analysts/Steven-Alexoloulos/,Not found
Steve Brozak,9961,https://stockanalysis.com/analysts/Steve-Brozak/,Not found
Steve Koenig,9961,https://stockanalysis.com/analysts/Steve-Koenig/,Not found
Steve Powers,9961,https://stockanalysis.com/analysts/Steve-Powers/,Not found
Arthur He,9961,https://stockanalysis.com/analysts/Arthur-He/,Not found
Arthur Lai,9961,https://stockanalysis.com/analysts/Arthur-Lai/,Not found
Steve Seedhouse,9961,https://stockanalysis.com/analysts/Steve-Seedhouse/,Not found
Steve Silver,9961,https://stockanalysis.com/analysts/Steve-Silver/,Not found
Steve Valiquette,9961,https://stockanalysis.com/analysts/Steve-Valiquette/,Not found
Ashley Helgans,9961,https://stockanalysis.com/analysts/Ashley-Helgans/,Not found
Ashwin Shirvaikar,9961,https://stockanalysis.com/analysts/Ashwin-Shirvaikar/,Not found
Arnon Shirazi,9961,https://stockanalysis.com/analysts/Arnon-Shirazi/,Not found
Ati Modak,9961,https://stockanalysis.com/analysts/Ati-Modak/,Not found
Austin Dietz,9961,https://stockanalysis.com/analysts/Austin-Dietz/,Not found
Josh Baer,9961,https://stockanalysis.com/analysts/Josh-Baer/,Not found
Josh Schimmer,9961,https://stockanalysis.com/analysts/Josh-Schimmer/,Not found
Joseph Feldman,9961,https://stockanalysis.com/analysts/Joseph-Feldman/,Not found
Ian Moore,9961,https://stockanalysis.com/analysts/Ian-Moore/,Not found
Ilya Zubkov,9961,https://stockanalysis.com/analysts/Ilya-Zubkov/,Not found
Joshua Jennings,9961,https://stockanalysis.com/analysts/Joshua-Jennings/,Not found
Jacob Smith,9961,https://stockanalysis.com/analysts/Jacob-Smith/,Not found
JESALYN Wong,9961,https://stockanalysis.com/analysts/JESALYN-Wong/,Not found
Jack Cummins,9961,https://stockanalysis.com/analysts/Jack-Cummins/,Not found
Jonathan Reeder,9961,https://stockanalysis.com/analysts/Jonathan-Reeder/,Not found
Jonathan Bock,9961,https://stockanalysis.com/analysts/Jonathan-Bock/,Not found
Jakob Bluestone,9961,https://stockanalysis.com/analysts/Jakob-Bluestone/,Not found
James Callahan,9961,https://stockanalysis.com/analysts/James-Callahan/,Not found
Jack Vander,9961,https://stockanalysis.com/analysts/Jack-Vander/,Not found
Susan Anderson,9961,https://stockanalysis.com/analysts/Susan-Anderson/,Not found
Susy Tibaldi,9961,https://stockanalysis.com/analysts/Susy-Tibaldi/,Not found
Strong Buy,9961,https://stockanalysis.com/analysts/Strong-Buy/,Not found
Suji Desilva,9961,https://stockanalysis.com/analysts/Suji-Desilva/,Not found
Steven Madden,9961,https://stockanalysis.com/analysts/Steven-Madden/,Not found
Anna Glaessgen,9961,https://stockanalysis.com/analysts/Anna-Glaessgen/,Not found
Sung Ji,9961,https://stockanalysis.com/analysts/Sung-Ji/,Not found
Anthony Crowdell,9961,https://stockanalysis.com/analysts/Anthony-Crowdell/,Not found
Anthony Linton,9961,https://stockanalysis.com/analysts/Anthony-Linton/,Not found
Anthony Powell,9961,https://stockanalysis.com/analysts/Anthony-Powell/,Not found
Anne Meisner,9961,https://stockanalysis.com/analysts/Anne-Meisner/,Not found
Stephen Richardson,9961,https://stockanalysis.com/analysts/Stephen-Richardson/,Not found
Stephen Trent,9961,https://stockanalysis.com/analysts/Stephen-Trent/,Not found
Stephen Gengaro,9961,https://stockanalysis.com/analysts/Stephen-Gengaro/,Not found
Anthony Vendetti,9961,https://stockanalysis.com/analysts/Anthony-Vendetti/,Not found
Jonathan Siegmann,9961,https://stockanalysis.com/analysts/Jonathan-Siegmann/,Not found
Jordan Bender,9961,https://stockanalysis.com/analysts/Jordan-Bender/,Not found
Jordan Boretz,9961,https://stockanalysis.com/analysts/Jordan-Boretz/,Not found
Jonathan Hughes,9961,https://stockanalysis.com/analysts/Jonathan-Hughes/,Not found
Jonathan Lee,9961,https://stockanalysis.com/analysts/Jonathan-Lee/,Not found
James Goss,9961,https://stockanalysis.com/analysts/James-Goss/,Not found
James Heaney,9961,https://stockanalysis.com/analysts/James-Heaney/,Not found
Jorg Friedemann,9961,https://stockanalysis.com/analysts/Jorg-Friedemann/,Not found
James Kirby,9961,https://stockanalysis.com/analysts/James-Kirby/,Not found
James Fotheringham,9961,https://stockanalysis.com/analysts/James-Fotheringham/,Not found
Jared Dinges,9961,https://stockanalysis.com/analysts/Jared-Dinges/,Not found
James Schneider,9961,https://stockanalysis.com/analysts/James-Schneider/,Not found
James Sheehan,9961,https://stockanalysis.com/analysts/James-Sheehan/,Not found
Andrew Mok,9961,https://stockanalysis.com/analysts/Andrew-Mok/,Not found
Thomas Burlton,9961,https://stockanalysis.com/analysts/Thomas-Burlton/,Not found
Thomas Catherwood,9961,https://stockanalysis.com/analysts/Thomas-Catherwood/,Not found
Terence Malone,9961,https://stockanalysis.com/analysts/Terence-Malone/,Not found
Andrew Rosivach,9961,https://stockanalysis.com/analysts/Andrew-Rosivach/,Not found
Andrew Schmidt,9961,https://stockanalysis.com/analysts/Andrew-Schmidt/,Not found
Andrew Kligerman,9961,https://stockanalysis.com/analysts/Andrew-Kligerman/,Not found
Andrew Lazar,9961,https://stockanalysis.com/analysts/Andrew-Lazar/,Not found
Andrew Liesch,9961,https://stockanalysis.com/analysts/Andrew-Liesch/,Not found
Andrew Madrid,9961,https://stockanalysis.com/analysts/Andrew-Madrid/,Not found
Andrew Marok,9961,https://stockanalysis.com/analysts/Andrew-Marok/,Not found
Andy Marok,9961,https://stockanalysis.com/analysts/Andy-Marok/,Not found
Andy Terrell,9961,https://stockanalysis.com/analysts/Andy-Terrell/,Not found
Andy Yu,9961,https://stockanalysis.com/analysts/Andy-Yu/,Not found
Andrew Uerkwitz,9961,https://stockanalysis.com/analysts/Andrew-Uerkwitz/,Not found
Andrew Polkowitz,9961,https://stockanalysis.com/analysts/Andrew-Polkowitz/,Not found
Steven Sheeckutz,9961,https://stockanalysis.com/analysts/Steven-Sheeckutz/,Not found
Steven Cahill,9961,https://stockanalysis.com/analysts/Steven-Cahill/,Not found
Steven Enders,9961,https://stockanalysis.com/analysts/Steven-Enders/,Not found
Steven Frankel,9961,https://stockanalysis.com/analysts/Steven-Frankel/,Not found
Andrew Wong,9961,https://stockanalysis.com/analysts/Andrew-Wong/,Not found
André Uggedal,9961,https://stockanalysis.com/analysts/André-Uggedal/,Not found
John Lovallo,9961,https://stockanalysis.com/analysts/John-Lovallo/,Not found
John McDonald,9961,https://stockanalysis.com/analysts/John-McDonald/,Not found
Janco Venter,9961,https://stockanalysis.com/analysts/Janco-Venter/,Not found
Janice Quek,9961,https://stockanalysis.com/analysts/Janice-Quek/,Not found
John Te,9961,https://stockanalysis.com/analysts/John-Te/,Not found
John Murphy,9961,https://stockanalysis.com/analysts/John-Murphy/,Not found
John Nadel,9961,https://stockanalysis.com/analysts/John-Nadel/,Not found
John Roberts,9961,https://stockanalysis.com/analysts/John-Roberts/,Not found
John Rogers,9961,https://stockanalysis.com/analysts/John-Rogers/,Not found
Joe Quatrochi,9961,https://stockanalysis.com/analysts/Joe-Quatrochi/,Not found
Joe Reagor,9961,https://stockanalysis.com/analysts/Joe-Reagor/,Not found
John Wilkin,9961,https://stockanalysis.com/analysts/John-Wilkin/,24 Aug 2026
John Young,9961,https://stockanalysis.com/analysts/John-Young/,Not found
Jon Young,9961,https://stockanalysis.com/analysts/Jon-Young/,Not found
John Rowan,9961,https://stockanalysis.com/analysts/John-Rowan/,Not found
John Sourbeer,9961,https://stockanalysis.com/analysts/John-Sourbeer/,Not found
Joe Vruwink,9961,https://stockanalysis.com/analysts/Joe-Vruwink/,Not found
Joel Beatty,9961,https://stockanalysis.com/analysts/Joel-Beatty/,Not found
Joel Fishbein,9961,https://stockanalysis.com/analysts/Joel-Fishbein/,Not found
Joel Lederman,9961,https://stockanalysis.com/analysts/Joel-Lederman/,Not found
Joe Giordano,9961,https://stockanalysis.com/analysts/Joe-Giordano/,Not found
Joe Goodwin,9961,https://stockanalysis.com/analysts/Joe-Goodwin/,Not found
Joe Meares,9961,https://stockanalysis.com/analysts/Joe-Meares/,Not found
Andre Uggedal,9961,https://stockanalysis.com/analysts/Andre-Uggedal/,Not found
Timothy Switzer,9961,https://stockanalysis.com/analysts/Timothy-Switzer/,Not found
Timothy Wojs,9961,https://stockanalysis.com/analysts/Timothy-Wojs/,Not found
Andrew Carter,9961,https://stockanalysis.com/analysts/Andrew-Carter/,Not found
Andrea Teixeira,9961,https://stockanalysis.com/analysts/Andrea-Teixeira/,Not found
Andreas Sheppard,9961,https://stockanalysis.com/analysts/Andreas-Sheppard/,Not found
Andres Maldonado,9961,https://stockanalysis.com/analysts/Andres-Maldonado/,Not found
Andrew Jones,9961,https://stockanalysis.com/analysts/Andrew-Jones/,Not found
Andrew Baum,9961,https://stockanalysis.com/analysts/Andrew-Baum/,Not found
Andrew Bowler,9961,https://stockanalysis.com/analysts/Andrew-Bowler/,Not found
Taylor Morrison,9961,https://stockanalysis.com/analysts/Taylor-Morrison/,Not found
Taz Koujalgi,9961,https://stockanalysis.com/analysts/Taz-Koujalgi/,Not found
Tejas Savant,9961,https://stockanalysis.com/analysts/Tejas-Savant/,Not found
Tao Qiu,9961,https://stockanalysis.com/analysts/Tao-Qiu/,Not found
Jason Bouvier,9961,https://stockanalysis.com/analysts/Jason-Bouvier/,Not found
John Edelman,9961,https://stockanalysis.com/analysts/John-Edelman/,Not found
John Egbert,9961,https://stockanalysis.com/analysts/John-Egbert/,Not found
John Gibson,9961,https://stockanalysis.com/analysts/John-Gibson/,Not found
John Glass,9961,https://stockanalysis.com/analysts/John-Glass/,Not found
Jason English,9961,https://stockanalysis.com/analysts/Jason-English/,Not found
Jason Gursky,9961,https://stockanalysis.com/analysts/Jason-Gursky/,Not found
Jason Haas,9961,https://stockanalysis.com/analysts/Jason-Haas/,Not found
Javier Escalante,9961,https://stockanalysis.com/analysts/Javier-Escalante/,Not found
Javier Martinez,9961,https://stockanalysis.com/analysts/Javier-Martinez/,Not found
Jason Kupferberg,9961,https://stockanalysis.com/analysts/Jason-Kupferberg/,Not found
Jason Mills,9961,https://stockanalysis.com/analysts/Jason-Mills/,Not found
Jesse Sobelson,9961,https://stockanalysis.com/analysts/Jesse-Sobelson/,Not found
Jeffrey Osborne,9961,https://stockanalysis.com/analysts/Jeffrey-Osborne/,Not found
Jeffrey Reive,9961,https://stockanalysis.com/analysts/Jeffrey-Reive/,Not found
Jeffrey Rulis,9961,https://stockanalysis.com/analysts/Jeffrey-Rulis/,Not found
Jeffrey Zekaukas,9961,https://stockanalysis.com/analysts/Jeffrey-Zekaukas/,Not found
Jason Wittes,9961,https://stockanalysis.com/analysts/Jason-Wittes/,Not found
Tom O Malley,9961,https://stockanalysis.com/analysts/Tom-O-Malley/,Not found
Tom Stephan,9961,https://stockanalysis.com/analysts/Tom-Stephan/,Not found
Tommy McJoynt,9961,https://stockanalysis.com/analysts/Tommy-McJoynt/,Not found
Todd Weller,9961,https://stockanalysis.com/analysts/Todd-Weller/,Not found
Toni Sacconaghi,9961,https://stockanalysis.com/analysts/Toni-Sacconaghi/,Not found
Tony DiMatteo,9961,https://stockanalysis.com/analysts/Tony-DiMatteo/,Not found
Toshiya Hari,9961,https://stockanalysis.com/analysts/Toshiya-Hari/,Not found
Tom McGovern,9961,https://stockanalysis.com/analysts/Tom-McGovern/,Not found
Tim Perz,9961,https://stockanalysis.com/analysts/Tim-Perz/,Not found
Trevor Romeo,9961,https://stockanalysis.com/analysts/Trevor-Romeo/,Not found
Trevor Walsh,9961,https://stockanalysis.com/analysts/Trevor-Walsh/,Not found
Tito Labarta,9961,https://stockanalysis.com/analysts/Tito-Labarta/,Not found
Tim Thein,9961,https://stockanalysis.com/analysts/Tim-Thein/,Not found
Tim Chiodo,9961,https://stockanalysis.com/analysts/Tim-Chiodo/,Not found
Vincent Ciantic,9961,https://stockanalysis.com/analysts/Vincent-Ciantic/,Not found
Vikram Malhorta,9961,https://stockanalysis.com/analysts/Vikram-Malhorta/,Not found
Alexander Waters,9961,https://stockanalysis.com/analysts/Alexander-Waters/,Not found
Alexandra Steiger,9961,https://stockanalysis.com/analysts/Alexandra-Steiger/,Not found
Vikram Purohit,9961,https://stockanalysis.com/analysts/Vikram-Purohit/,Not found
Vilas Abraham,9961,https://stockanalysis.com/analysts/Vilas-Abraham/,Not found
Amanda Sweitzer,9961,https://stockanalysis.com/analysts/Amanda-Sweitzer/,Not found
Alexia Howard,9961,https://stockanalysis.com/analysts/Alexia-Howard/,Not found
Ali Faghri,9961,https://stockanalysis.com/analysts/Ali-Faghri/,Not found
Alice Xiao,9961,https://stockanalysis.com/analysts/Alice-Xiao/,Not found
Tom Fitzgerald,9961,https://stockanalysis.com/analysts/Tom-Fitzgerald/,Not found
Tom Hayes,9961,https://stockanalysis.com/analysts/Tom-Hayes/,Not found
Ally Yseen,9961,https://stockanalysis.com/analysts/Ally-Yseen/,Not found
Jim Duffy,9961,https://stockanalysis.com/analysts/Jim-Duffy/,Not found
Jennifer Demba,9961,https://stockanalysis.com/analysts/Jennifer-Demba/,Not found
Jennifer Swanson,9961,https://stockanalysis.com/analysts/Jennifer-Swanson/,Not found
Jeremy Tonet,9961,https://stockanalysis.com/analysts/Jeremy-Tonet/,Not found
Jin Yoon,9961,https://stockanalysis.com/analysts/Jin-Yoon/,Not found
Joao Pedro,9961,https://stockanalysis.com/analysts/Joao-Pedro/,Not found
Jessica Ehrlich,9961,https://stockanalysis.com/analysts/Jessica-Ehrlich/,Not found
Jessica Reif,9961,https://stockanalysis.com/analysts/Jessica-Reif/,Not found
Jeff Cohen,9961,https://stockanalysis.com/analysts/Jeff-Cohen/,Not found
Jeff Garro,9961,https://stockanalysis.com/analysts/Jeff-Garro/,Not found
Jeff Hickey,9961,https://stockanalysis.com/analysts/Jeff-Hickey/,Not found
Jean Ann,9961,https://stockanalysis.com/analysts/Jean-Ann/,Not found
Jeff Adelson,9961,https://stockanalysis.com/analysts/Jeff-Adelson/,Not found
Jimmy Shan,9961,https://stockanalysis.com/analysts/Jimmy-Shan/,Not found
Jimmy Yoon,9961,https://stockanalysis.com/analysts/Jimmy-Yoon/,Not found
Jeffrey Lick,9961,https://stockanalysis.com/analysts/Jeffrey-Lick/,Not found
Jeff Kessler,9961,https://stockanalysis.com/analysts/Jeff-Kessler/,Not found
Jeff Van,9961,https://stockanalysis.com/analysts/Jeff-Van/,Not found
Jefferey Hammond,9961,https://stockanalysis.com/analysts/Jefferey-Hammond/,Not found
Jefferson Harralson,9961,https://stockanalysis.com/analysts/Jefferson-Harralson/,Not found
Alexander Platt,9961,https://stockanalysis.com/analysts/Alexander-Platt/,Not found
Alex Stranahan,9961,https://stockanalysis.com/analysts/Alex-Stranahan/,Not found
Alex Straton,9961,https://stockanalysis.com/analysts/Alex-Straton/,Not found
Alex Thompson,9961,https://stockanalysis.com/analysts/Alex-Thompson/,Not found
Yessica Sanchez,9961,https://stockanalysis.com/analysts/Yessica-Sanchez/,Not found
Yun Zhong,9961,https://stockanalysis.com/analysts/Yun-Zhong/,Not found
Alex Nowark,9961,https://stockanalysis.com/analysts/Alex-Nowark/,Not found
Alex Perry,9961,https://stockanalysis.com/analysts/Alex-Perry/,Not found
Alex Potter,9961,https://stockanalysis.com/analysts/Alex-Potter/,Not found
de Angele,9961,https://stockanalysis.com/analysts/de-Angele/,Not found
Zixiao Yang,9961,https://stockanalysis.com/analysts/Zixiao-Yang/,Not found
Zijie Yang,9961,https://stockanalysis.com/analysts/Zijie-Yang/,Not found
Alex Goldfarb,9961,https://stockanalysis.com/analysts/Alex-Goldfarb/,Not found
Alex Haissl,9961,https://stockanalysis.com/analysts/Alex-Haissl/,Not found
lvan Tuerkcan,9961,https://stockanalysis.com/analysts/lvan-Tuerkcan/,Not found
Zhijing Liu,9961,https://stockanalysis.com/analysts/Zhijing-Liu/,Not found
Zhihan Ma,9961,https://stockanalysis.com/analysts/Zhihan-Ma/,Not found
